old_job_id,new_job_id,exp_id,latest_step_before_resume,latest_checkpoint_before_resume,pbs_path,train_run_dir,pbs_output_log,submitted_at,status,error
7176429.polaris-pbs-01.hsn.cm.polaris.alcf.anl.gov,7176489.polaris-pbs-01.hsn.cm.polaris.alcf.anl.gov,M1_S16_single_fullk_K1600_b512_s20k_seed1_to300k,-1,/eagle/lc-mpi/Zhiqing/polaris_ebm/runs_long_k_multinode_sweep/runs/M1_300k/S16/M1_S16_single_fullk_K1600_b512_s20k_seed1_to300k/checkpoints/ckpt_step14999.pt,/eagle/lc-mpi/Zhiqing/polaris_ebm/runs_long_k_multinode_sweep/pbs/M1_S16_single_fullk_K1600_b512_s20k_seed1_to300k.pbs,/eagle/lc-mpi/Zhiqing/polaris_ebm/runs_long_k_multinode_sweep/runs/M1_300k/S16/M1_S16_single_fullk_K1600_b512_s20k_seed1_to300k,/eagle/lc-mpi/Zhiqing/polaris_ebm/runs_long_k_multinode_sweep/logs/M1_S16_single_fullk_K1600_b512_s20k_seed1_to300k.pbs.out,2026-05-29T15:49:59Z,submitted,
7176384.polaris-pbs-01.hsn.cm.polaris.alcf.anl.gov,7176490.polaris-pbs-01.hsn.cm.polaris.alcf.anl.gov,M1_S16_single_fullk_K400_b512_s20k_seed1_to300k,-1,/eagle/lc-mpi/Zhiqing/polaris_ebm/runs_long_k_multinode_sweep/runs/M1_300k/S16/M1_S16_single_fullk_K400_b512_s20k_seed1_to300k/checkpoints/ckpt_step19999.pt,/eagle/lc-mpi/Zhiqing/polaris_ebm/runs_long_k_multinode_sweep/pbs/M1_S16_single_fullk_K400_b512_s20k_seed1_to300k.pbs,/eagle/lc-mpi/Zhiqing/polaris_ebm/runs_long_k_multinode_sweep/runs/M1_300k/S16/M1_S16_single_fullk_K400_b512_s20k_seed1_to300k,/eagle/lc-mpi/Zhiqing/polaris_ebm/runs_long_k_multinode_sweep/logs/M1_S16_single_fullk_K400_b512_s20k_seed1_to300k.pbs.out,2026-05-29T15:49:59Z,submitted,
7176385.polaris-pbs-01.hsn.cm.polaris.alcf.anl.gov,7176491.polaris-pbs-01.hsn.cm.polaris.alcf.anl.gov,M1_S16_single_fullk_K800_b512_s20k_seed1_to300k,-1,/eagle/lc-mpi/Zhiqing/polaris_ebm/runs_long_k_multinode_sweep/runs/M1_300k/S16/M1_S16_single_fullk_K800_b512_s20k_seed1_to300k/checkpoints/ckpt_step19999.pt,/eagle/lc-mpi/Zhiqing/polaris_ebm/runs_long_k_multinode_sweep/pbs/M1_S16_single_fullk_K800_b512_s20k_seed1_to300k.pbs,/eagle/lc-mpi/Zhiqing/polaris_ebm/runs_long_k_multinode_sweep/runs/M1_300k/S16/M1_S16_single_fullk_K800_b512_s20k_seed1_to300k,/eagle/lc-mpi/Zhiqing/polaris_ebm/runs_long_k_multinode_sweep/logs/M1_S16_single_fullk_K800_b512_s20k_seed1_to300k.pbs.out,2026-05-29T15:49:59Z,submitted,
7176435.polaris-pbs-01.hsn.cm.polaris.alcf.anl.gov,7176492.polaris-pbs-01.hsn.cm.polaris.alcf.anl.gov,M1_S32_single_fullk_K1600_b1024_s20k_seed1_to300k,-1,/eagle/lc-mpi/Zhiqing/polaris_ebm/runs_long_k_multinode_sweep/runs/M1_300k/S32/M1_S32_single_fullk_K1600_b1024_s20k_seed1_to300k/checkpoints/ckpt_step4999.pt,/eagle/lc-mpi/Zhiqing/polaris_ebm/runs_long_k_multinode_sweep/pbs/M1_S32_single_fullk_K1600_b1024_s20k_seed1_to300k.pbs,/eagle/lc-mpi/Zhiqing/polaris_ebm/runs_long_k_multinode_sweep/runs/M1_300k/S32/M1_S32_single_fullk_K1600_b1024_s20k_seed1_to300k,/eagle/lc-mpi/Zhiqing/polaris_ebm/runs_long_k_multinode_sweep/logs/M1_S32_single_fullk_K1600_b1024_s20k_seed1_to300k.pbs.out,2026-05-29T15:49:59Z,submitted,
7176389.polaris-pbs-01.hsn.cm.polaris.alcf.anl.gov,7176493.polaris-pbs-01.hsn.cm.polaris.alcf.anl.gov,M1_S32_single_fullk_K400_b1024_s20k_seed1_to300k,-1,/eagle/lc-mpi/Zhiqing/polaris_ebm/runs_long_k_multinode_sweep/runs/M1_300k/S32/M1_S32_single_fullk_K400_b1024_s20k_seed1_to300k/checkpoints/ckpt_step19999.pt,/eagle/lc-mpi/Zhiqing/polaris_ebm/runs_long_k_multinode_sweep/pbs/M1_S32_single_fullk_K400_b1024_s20k_seed1_to300k.pbs,/eagle/lc-mpi/Zhiqing/polaris_ebm/runs_long_k_multinode_sweep/runs/M1_300k/S32/M1_S32_single_fullk_K400_b1024_s20k_seed1_to300k,/eagle/lc-mpi/Zhiqing/polaris_ebm/runs_long_k_multinode_sweep/logs/M1_S32_single_fullk_K400_b1024_s20k_seed1_to300k.pbs.out,2026-05-29T15:49:59Z,submitted,
7176437.polaris-pbs-01.hsn.cm.polaris.alcf.anl.gov,7176494.polaris-pbs-01.hsn.cm.polaris.alcf.anl.gov,M1_S32_single_fullk_K800_b1024_s20k_seed1_to300k,-1,/eagle/lc-mpi/Zhiqing/polaris_ebm/runs_long_k_multinode_sweep/runs/M1_300k/S32/M1_S32_single_fullk_K800_b1024_s20k_seed1_to300k/checkpoints/ckpt_step14999.pt,/eagle/lc-mpi/Zhiqing/polaris_ebm/runs_long_k_multinode_sweep/pbs/M1_S32_single_fullk_K800_b1024_s20k_seed1_to300k.pbs,/eagle/lc-mpi/Zhiqing/polaris_ebm/runs_long_k_multinode_sweep/runs/M1_300k/S32/M1_S32_single_fullk_K800_b1024_s20k_seed1_to300k,/eagle/lc-mpi/Zhiqing/polaris_ebm/runs_long_k_multinode_sweep/logs/M1_S32_single_fullk_K800_b1024_s20k_seed1_to300k.pbs.out,2026-05-29T15:49:59Z,submitted,
7176422.polaris-pbs-01.hsn.cm.polaris.alcf.anl.gov,7176516.polaris-pbs-01.hsn.cm.polaris.alcf.anl.gov,M1_S16_ddp_fullk_K1600_b512_s20k_seed1_to300k,-1,,/eagle/lc-mpi/Zhiqing/polaris_ebm/runs_long_k_multinode_sweep/pbs/M1_S16_ddp_fullk_K1600_b512_s20k_seed1_to300k.pbs,/eagle/lc-mpi/Zhiqing/polaris_ebm/runs_long_k_multinode_sweep/runs/M1_300k/S16/M1_S16_ddp_fullk_K1600_b512_s20k_seed1_to300k,/eagle/lc-mpi/Zhiqing/polaris_ebm/runs_long_k_multinode_sweep/logs/M1_S16_ddp_fullk_K1600_b512_s20k_seed1_to300k.pbs.out,2026-05-29T16:20:03Z,submitted,
7176424.polaris-pbs-01.hsn.cm.polaris.alcf.anl.gov,7176517.polaris-pbs-01.hsn.cm.polaris.alcf.anl.gov,M1_S16_ddp_fullk_K400_b512_s20k_seed1_to300k,-1,/eagle/lc-mpi/Zhiqing/polaris_ebm/runs_long_k_multinode_sweep/runs/M1_300k/S16/M1_S16_ddp_fullk_K400_b512_s20k_seed1_to300k/checkpoints/ckpt_step4999.pt,/eagle/lc-mpi/Zhiqing/polaris_ebm/runs_long_k_multinode_sweep/pbs/M1_S16_ddp_fullk_K400_b512_s20k_seed1_to300k.pbs,/eagle/lc-mpi/Zhiqing/polaris_ebm/runs_long_k_multinode_sweep/runs/M1_300k/S16/M1_S16_ddp_fullk_K400_b512_s20k_seed1_to300k,/eagle/lc-mpi/Zhiqing/polaris_ebm/runs_long_k_multinode_sweep/logs/M1_S16_ddp_fullk_K400_b512_s20k_seed1_to300k.pbs.out,2026-05-29T16:20:03Z,submitted,
7176425.polaris-pbs-01.hsn.cm.polaris.alcf.anl.gov,7176518.polaris-pbs-01.hsn.cm.polaris.alcf.anl.gov,M1_S16_ddp_fullk_K800_b512_s20k_seed1_to300k,-1,,/eagle/lc-mpi/Zhiqing/polaris_ebm/runs_long_k_multinode_sweep/pbs/M1_S16_ddp_fullk_K800_b512_s20k_seed1_to300k.pbs,/eagle/lc-mpi/Zhiqing/polaris_ebm/runs_long_k_multinode_sweep/runs/M1_300k/S16/M1_S16_ddp_fullk_K800_b512_s20k_seed1_to300k,/eagle/lc-mpi/Zhiqing/polaris_ebm/runs_long_k_multinode_sweep/logs/M1_S16_ddp_fullk_K800_b512_s20k_seed1_to300k.pbs.out,2026-05-29T16:20:03Z,submitted,
7176426.polaris-pbs-01.hsn.cm.polaris.alcf.anl.gov,7176519.polaris-pbs-01.hsn.cm.polaris.alcf.anl.gov,M1_S16_pipe_P16_equal_K1600_b512_s20k_seed1_to300k,-1,,/eagle/lc-mpi/Zhiqing/polaris_ebm/runs_long_k_multinode_sweep/pbs/M1_S16_pipe_P16_equal_K1600_b512_s20k_seed1_to300k.pbs,/eagle/lc-mpi/Zhiqing/polaris_ebm/runs_long_k_multinode_sweep/runs/M1_300k/S16/M1_S16_pipe_P16_equal_K1600_b512_s20k_seed1_to300k,/eagle/lc-mpi/Zhiqing/polaris_ebm/runs_long_k_multinode_sweep/logs/M1_S16_pipe_P16_equal_K1600_b512_s20k_seed1_to300k.pbs.out,2026-05-29T16:20:03Z,submitted,
7176428.polaris-pbs-01.hsn.cm.polaris.alcf.anl.gov,7176520.polaris-pbs-01.hsn.cm.polaris.alcf.anl.gov,M1_S16_pipe_P16_equal_K400_b512_s20k_seed1_to300k,-1,/eagle/lc-mpi/Zhiqing/polaris_ebm/runs_long_k_multinode_sweep/runs/M1_300k/S16/M1_S16_pipe_P16_equal_K400_b512_s20k_seed1_to300k/checkpoints/ckpt_step4999.pt,/eagle/lc-mpi/Zhiqing/polaris_ebm/runs_long_k_multinode_sweep/pbs/M1_S16_pipe_P16_equal_K400_b512_s20k_seed1_to300k.pbs,/eagle/lc-mpi/Zhiqing/polaris_ebm/runs_long_k_multinode_sweep/runs/M1_300k/S16/M1_S16_pipe_P16_equal_K400_b512_s20k_seed1_to300k,/eagle/lc-mpi/Zhiqing/polaris_ebm/runs_long_k_multinode_sweep/logs/M1_S16_pipe_P16_equal_K400_b512_s20k_seed1_to300k.pbs.out,2026-05-29T16:20:03Z,submitted,
7176383.polaris-pbs-01.hsn.cm.polaris.alcf.anl.gov,7176521.polaris-pbs-01.hsn.cm.polaris.alcf.anl.gov,M1_S16_pipe_P16_equal_K800_b512_s20k_seed1_to300k,-1,/eagle/lc-mpi/Zhiqing/polaris_ebm/runs_long_k_multinode_sweep/runs/M1_300k/S16/M1_S16_pipe_P16_equal_K800_b512_s20k_seed1_to300k/checkpoints/ckpt_step19999.pt,/eagle/lc-mpi/Zhiqing/polaris_ebm/runs_long_k_multinode_sweep/pbs/M1_S16_pipe_P16_equal_K800_b512_s20k_seed1_to300k.pbs,/eagle/lc-mpi/Zhiqing/polaris_ebm/runs_long_k_multinode_sweep/runs/M1_300k/S16/M1_S16_pipe_P16_equal_K800_b512_s20k_seed1_to300k,/eagle/lc-mpi/Zhiqing/polaris_ebm/runs_long_k_multinode_sweep/logs/M1_S16_pipe_P16_equal_K800_b512_s20k_seed1_to300k.pbs.out,2026-05-29T16:20:03Z,submitted,
7176489.polaris-pbs-01.hsn.cm.polaris.alcf.anl.gov,7176522.polaris-pbs-01.hsn.cm.polaris.alcf.anl.gov,M1_S16_single_fullk_K1600_b512_s20k_seed1_to300k,-1,/eagle/lc-mpi/Zhiqing/polaris_ebm/runs_long_k_multinode_sweep/runs/M1_300k/S16/M1_S16_single_fullk_K1600_b512_s20k_seed1_to300k/checkpoints/ckpt_step14999.pt,/eagle/lc-mpi/Zhiqing/polaris_ebm/runs_long_k_multinode_sweep/pbs/M1_S16_single_fullk_K1600_b512_s20k_seed1_to300k.pbs,/eagle/lc-mpi/Zhiqing/polaris_ebm/runs_long_k_multinode_sweep/runs/M1_300k/S16/M1_S16_single_fullk_K1600_b512_s20k_seed1_to300k,/eagle/lc-mpi/Zhiqing/polaris_ebm/runs_long_k_multinode_sweep/logs/M1_S16_single_fullk_K1600_b512_s20k_seed1_to300k.pbs.out,2026-05-29T16:20:03Z,submitted,
7176490.polaris-pbs-01.hsn.cm.polaris.alcf.anl.gov,7176523.polaris-pbs-01.hsn.cm.polaris.alcf.anl.gov,M1_S16_single_fullk_K400_b512_s20k_seed1_to300k,-1,/eagle/lc-mpi/Zhiqing/polaris_ebm/runs_long_k_multinode_sweep/runs/M1_300k/S16/M1_S16_single_fullk_K400_b512_s20k_seed1_to300k/checkpoints/ckpt_step19999.pt,/eagle/lc-mpi/Zhiqing/polaris_ebm/runs_long_k_multinode_sweep/pbs/M1_S16_single_fullk_K400_b512_s20k_seed1_to300k.pbs,/eagle/lc-mpi/Zhiqing/polaris_ebm/runs_long_k_multinode_sweep/runs/M1_300k/S16/M1_S16_single_fullk_K400_b512_s20k_seed1_to300k,/eagle/lc-mpi/Zhiqing/polaris_ebm/runs_long_k_multinode_sweep/logs/M1_S16_single_fullk_K400_b512_s20k_seed1_to300k.pbs.out,2026-05-29T16:20:03Z,submitted,
7176491.polaris-pbs-01.hsn.cm.polaris.alcf.anl.gov,7176524.polaris-pbs-01.hsn.cm.polaris.alcf.anl.gov,M1_S16_single_fullk_K800_b512_s20k_seed1_to300k,-1,/eagle/lc-mpi/Zhiqing/polaris_ebm/runs_long_k_multinode_sweep/runs/M1_300k/S16/M1_S16_single_fullk_K800_b512_s20k_seed1_to300k/checkpoints/ckpt_step19999.pt,/eagle/lc-mpi/Zhiqing/polaris_ebm/runs_long_k_multinode_sweep/pbs/M1_S16_single_fullk_K800_b512_s20k_seed1_to300k.pbs,/eagle/lc-mpi/Zhiqing/polaris_ebm/runs_long_k_multinode_sweep/runs/M1_300k/S16/M1_S16_single_fullk_K800_b512_s20k_seed1_to300k,/eagle/lc-mpi/Zhiqing/polaris_ebm/runs_long_k_multinode_sweep/logs/M1_S16_single_fullk_K800_b512_s20k_seed1_to300k.pbs.out,2026-05-29T16:20:03Z,submitted,
7176492.polaris-pbs-01.hsn.cm.polaris.alcf.anl.gov,7176525.polaris-pbs-01.hsn.cm.polaris.alcf.anl.gov,M1_S32_single_fullk_K1600_b1024_s20k_seed1_to300k,-1,/eagle/lc-mpi/Zhiqing/polaris_ebm/runs_long_k_multinode_sweep/runs/M1_300k/S32/M1_S32_single_fullk_K1600_b1024_s20k_seed1_to300k/checkpoints/ckpt_step4999.pt,/eagle/lc-mpi/Zhiqing/polaris_ebm/runs_long_k_multinode_sweep/pbs/M1_S32_single_fullk_K1600_b1024_s20k_seed1_to300k.pbs,/eagle/lc-mpi/Zhiqing/polaris_ebm/runs_long_k_multinode_sweep/runs/M1_300k/S32/M1_S32_single_fullk_K1600_b1024_s20k_seed1_to300k,/eagle/lc-mpi/Zhiqing/polaris_ebm/runs_long_k_multinode_sweep/logs/M1_S32_single_fullk_K1600_b1024_s20k_seed1_to300k.pbs.out,2026-05-29T16:20:03Z,submitted,
7176493.polaris-pbs-01.hsn.cm.polaris.alcf.anl.gov,7176526.polaris-pbs-01.hsn.cm.polaris.alcf.anl.gov,M1_S32_single_fullk_K400_b1024_s20k_seed1_to300k,-1,/eagle/lc-mpi/Zhiqing/polaris_ebm/runs_long_k_multinode_sweep/runs/M1_300k/S32/M1_S32_single_fullk_K400_b1024_s20k_seed1_to300k/checkpoints/ckpt_step19999.pt,/eagle/lc-mpi/Zhiqing/polaris_ebm/runs_long_k_multinode_sweep/pbs/M1_S32_single_fullk_K400_b1024_s20k_seed1_to300k.pbs,/eagle/lc-mpi/Zhiqing/polaris_ebm/runs_long_k_multinode_sweep/runs/M1_300k/S32/M1_S32_single_fullk_K400_b1024_s20k_seed1_to300k,/eagle/lc-mpi/Zhiqing/polaris_ebm/runs_long_k_multinode_sweep/logs/M1_S32_single_fullk_K400_b1024_s20k_seed1_to300k.pbs.out,2026-05-29T16:20:03Z,submitted,
7176494.polaris-pbs-01.hsn.cm.polaris.alcf.anl.gov,7176527.polaris-pbs-01.hsn.cm.polaris.alcf.anl.gov,M1_S32_single_fullk_K800_b1024_s20k_seed1_to300k,-1,/eagle/lc-mpi/Zhiqing/polaris_ebm/runs_long_k_multinode_sweep/runs/M1_300k/S32/M1_S32_single_fullk_K800_b1024_s20k_seed1_to300k/checkpoints/ckpt_step14999.pt,/eagle/lc-mpi/Zhiqing/polaris_ebm/runs_long_k_multinode_sweep/pbs/M1_S32_single_fullk_K800_b1024_s20k_seed1_to300k.pbs,/eagle/lc-mpi/Zhiqing/polaris_ebm/runs_long_k_multinode_sweep/runs/M1_300k/S32/M1_S32_single_fullk_K800_b1024_s20k_seed1_to300k,/eagle/lc-mpi/Zhiqing/polaris_ebm/runs_long_k_multinode_sweep/logs/M1_S32_single_fullk_K800_b1024_s20k_seed1_to300k.pbs.out,2026-05-29T16:20:03Z,submitted,
7176516.polaris-pbs-01.hsn.cm.polaris.alcf.anl.gov,7176563.polaris-pbs-01.hsn.cm.polaris.alcf.anl.gov,M1_S16_ddp_fullk_K1600_b512_s20k_seed1_to300k,-1,,/eagle/lc-mpi/Zhiqing/polaris_ebm/runs_long_k_multinode_sweep/pbs/M1_S16_ddp_fullk_K1600_b512_s20k_seed1_to300k.pbs,/eagle/lc-mpi/Zhiqing/polaris_ebm/runs_long_k_multinode_sweep/runs/M1_300k/S16/M1_S16_ddp_fullk_K1600_b512_s20k_seed1_to300k,/eagle/lc-mpi/Zhiqing/polaris_ebm/runs_long_k_multinode_sweep/logs/M1_S16_ddp_fullk_K1600_b512_s20k_seed1_to300k.pbs.out,2026-05-29T16:50:07Z,submitted,
7176517.polaris-pbs-01.hsn.cm.polaris.alcf.anl.gov,7176564.polaris-pbs-01.hsn.cm.polaris.alcf.anl.gov,M1_S16_ddp_fullk_K400_b512_s20k_seed1_to300k,-1,/eagle/lc-mpi/Zhiqing/polaris_ebm/runs_long_k_multinode_sweep/runs/M1_300k/S16/M1_S16_ddp_fullk_K400_b512_s20k_seed1_to300k/checkpoints/ckpt_step4999.pt,/eagle/lc-mpi/Zhiqing/polaris_ebm/runs_long_k_multinode_sweep/pbs/M1_S16_ddp_fullk_K400_b512_s20k_seed1_to300k.pbs,/eagle/lc-mpi/Zhiqing/polaris_ebm/runs_long_k_multinode_sweep/runs/M1_300k/S16/M1_S16_ddp_fullk_K400_b512_s20k_seed1_to300k,/eagle/lc-mpi/Zhiqing/polaris_ebm/runs_long_k_multinode_sweep/logs/M1_S16_ddp_fullk_K400_b512_s20k_seed1_to300k.pbs.out,2026-05-29T16:50:07Z,submitted,
7176518.polaris-pbs-01.hsn.cm.polaris.alcf.anl.gov,7176565.polaris-pbs-01.hsn.cm.polaris.alcf.anl.gov,M1_S16_ddp_fullk_K800_b512_s20k_seed1_to300k,-1,,/eagle/lc-mpi/Zhiqing/polaris_ebm/runs_long_k_multinode_sweep/pbs/M1_S16_ddp_fullk_K800_b512_s20k_seed1_to300k.pbs,/eagle/lc-mpi/Zhiqing/polaris_ebm/runs_long_k_multinode_sweep/runs/M1_300k/S16/M1_S16_ddp_fullk_K800_b512_s20k_seed1_to300k,/eagle/lc-mpi/Zhiqing/polaris_ebm/runs_long_k_multinode_sweep/logs/M1_S16_ddp_fullk_K800_b512_s20k_seed1_to300k.pbs.out,2026-05-29T16:50:07Z,submitted,
7176519.polaris-pbs-01.hsn.cm.polaris.alcf.anl.gov,7176566.polaris-pbs-01.hsn.cm.polaris.alcf.anl.gov,M1_S16_pipe_P16_equal_K1600_b512_s20k_seed1_to300k,-1,,/eagle/lc-mpi/Zhiqing/polaris_ebm/runs_long_k_multinode_sweep/pbs/M1_S16_pipe_P16_equal_K1600_b512_s20k_seed1_to300k.pbs,/eagle/lc-mpi/Zhiqing/polaris_ebm/runs_long_k_multinode_sweep/runs/M1_300k/S16/M1_S16_pipe_P16_equal_K1600_b512_s20k_seed1_to300k,/eagle/lc-mpi/Zhiqing/polaris_ebm/runs_long_k_multinode_sweep/logs/M1_S16_pipe_P16_equal_K1600_b512_s20k_seed1_to300k.pbs.out,2026-05-29T16:50:07Z,submitted,
7176520.polaris-pbs-01.hsn.cm.polaris.alcf.anl.gov,7176567.polaris-pbs-01.hsn.cm.polaris.alcf.anl.gov,M1_S16_pipe_P16_equal_K400_b512_s20k_seed1_to300k,-1,/eagle/lc-mpi/Zhiqing/polaris_ebm/runs_long_k_multinode_sweep/runs/M1_300k/S16/M1_S16_pipe_P16_equal_K400_b512_s20k_seed1_to300k/checkpoints/ckpt_step4999.pt,/eagle/lc-mpi/Zhiqing/polaris_ebm/runs_long_k_multinode_sweep/pbs/M1_S16_pipe_P16_equal_K400_b512_s20k_seed1_to300k.pbs,/eagle/lc-mpi/Zhiqing/polaris_ebm/runs_long_k_multinode_sweep/runs/M1_300k/S16/M1_S16_pipe_P16_equal_K400_b512_s20k_seed1_to300k,/eagle/lc-mpi/Zhiqing/polaris_ebm/runs_long_k_multinode_sweep/logs/M1_S16_pipe_P16_equal_K400_b512_s20k_seed1_to300k.pbs.out,2026-05-29T16:50:07Z,submitted,
7176521.polaris-pbs-01.hsn.cm.polaris.alcf.anl.gov,7176568.polaris-pbs-01.hsn.cm.polaris.alcf.anl.gov,M1_S16_pipe_P16_equal_K800_b512_s20k_seed1_to300k,-1,/eagle/lc-mpi/Zhiqing/polaris_ebm/runs_long_k_multinode_sweep/runs/M1_300k/S16/M1_S16_pipe_P16_equal_K800_b512_s20k_seed1_to300k/checkpoints/ckpt_step19999.pt,/eagle/lc-mpi/Zhiqing/polaris_ebm/runs_long_k_multinode_sweep/pbs/M1_S16_pipe_P16_equal_K800_b512_s20k_seed1_to300k.pbs,/eagle/lc-mpi/Zhiqing/polaris_ebm/runs_long_k_multinode_sweep/runs/M1_300k/S16/M1_S16_pipe_P16_equal_K800_b512_s20k_seed1_to300k,/eagle/lc-mpi/Zhiqing/polaris_ebm/runs_long_k_multinode_sweep/logs/M1_S16_pipe_P16_equal_K800_b512_s20k_seed1_to300k.pbs.out,2026-05-29T16:50:07Z,submitted,
7176522.polaris-pbs-01.hsn.cm.polaris.alcf.anl.gov,7176569.polaris-pbs-01.hsn.cm.polaris.alcf.anl.gov,M1_S16_single_fullk_K1600_b512_s20k_seed1_to300k,-1,/eagle/lc-mpi/Zhiqing/polaris_ebm/runs_long_k_multinode_sweep/runs/M1_300k/S16/M1_S16_single_fullk_K1600_b512_s20k_seed1_to300k/checkpoints/ckpt_step14999.pt,/eagle/lc-mpi/Zhiqing/polaris_ebm/runs_long_k_multinode_sweep/pbs/M1_S16_single_fullk_K1600_b512_s20k_seed1_to300k.pbs,/eagle/lc-mpi/Zhiqing/polaris_ebm/runs_long_k_multinode_sweep/runs/M1_300k/S16/M1_S16_single_fullk_K1600_b512_s20k_seed1_to300k,/eagle/lc-mpi/Zhiqing/polaris_ebm/runs_long_k_multinode_sweep/logs/M1_S16_single_fullk_K1600_b512_s20k_seed1_to300k.pbs.out,2026-05-29T16:50:07Z,submitted,
7176523.polaris-pbs-01.hsn.cm.polaris.alcf.anl.gov,7176570.polaris-pbs-01.hsn.cm.polaris.alcf.anl.gov,M1_S16_single_fullk_K400_b512_s20k_seed1_to300k,-1,/eagle/lc-mpi/Zhiqing/polaris_ebm/runs_long_k_multinode_sweep/runs/M1_300k/S16/M1_S16_single_fullk_K400_b512_s20k_seed1_to300k/checkpoints/ckpt_step19999.pt,/eagle/lc-mpi/Zhiqing/polaris_ebm/runs_long_k_multinode_sweep/pbs/M1_S16_single_fullk_K400_b512_s20k_seed1_to300k.pbs,/eagle/lc-mpi/Zhiqing/polaris_ebm/runs_long_k_multinode_sweep/runs/M1_300k/S16/M1_S16_single_fullk_K400_b512_s20k_seed1_to300k,/eagle/lc-mpi/Zhiqing/polaris_ebm/runs_long_k_multinode_sweep/logs/M1_S16_single_fullk_K400_b512_s20k_seed1_to300k.pbs.out,2026-05-29T16:50:07Z,submitted,
7176524.polaris-pbs-01.hsn.cm.polaris.alcf.anl.gov,7176571.polaris-pbs-01.hsn.cm.polaris.alcf.anl.gov,M1_S16_single_fullk_K800_b512_s20k_seed1_to300k,-1,/eagle/lc-mpi/Zhiqing/polaris_ebm/runs_long_k_multinode_sweep/runs/M1_300k/S16/M1_S16_single_fullk_K800_b512_s20k_seed1_to300k/checkpoints/ckpt_step19999.pt,/eagle/lc-mpi/Zhiqing/polaris_ebm/runs_long_k_multinode_sweep/pbs/M1_S16_single_fullk_K800_b512_s20k_seed1_to300k.pbs,/eagle/lc-mpi/Zhiqing/polaris_ebm/runs_long_k_multinode_sweep/runs/M1_300k/S16/M1_S16_single_fullk_K800_b512_s20k_seed1_to300k,/eagle/lc-mpi/Zhiqing/polaris_ebm/runs_long_k_multinode_sweep/logs/M1_S16_single_fullk_K800_b512_s20k_seed1_to300k.pbs.out,2026-05-29T16:50:07Z,submitted,
7176432.polaris-pbs-01.hsn.cm.polaris.alcf.anl.gov,7176572.polaris-pbs-01.hsn.cm.polaris.alcf.anl.gov,M1_S32_ddp_fullk_K1600_b1024_s20k_seed1_to300k,-1,,/eagle/lc-mpi/Zhiqing/polaris_ebm/runs_long_k_multinode_sweep/pbs/M1_S32_ddp_fullk_K1600_b1024_s20k_seed1_to300k.pbs,/eagle/lc-mpi/Zhiqing/polaris_ebm/runs_long_k_multinode_sweep/runs/M1_300k/S32/M1_S32_ddp_fullk_K1600_b1024_s20k_seed1_to300k,/eagle/lc-mpi/Zhiqing/polaris_ebm/runs_long_k_multinode_sweep/logs/M1_S32_ddp_fullk_K1600_b1024_s20k_seed1_to300k.pbs.out,2026-05-29T16:50:07Z,submitted,
7176386.polaris-pbs-01.hsn.cm.polaris.alcf.anl.gov,7176573.polaris-pbs-01.hsn.cm.polaris.alcf.anl.gov,M1_S32_ddp_fullk_K400_b1024_s20k_seed1_to300k,-1,/eagle/lc-mpi/Zhiqing/polaris_ebm/runs_long_k_multinode_sweep/runs/M1_300k/S32/M1_S32_ddp_fullk_K400_b1024_s20k_seed1_to300k/checkpoints/ckpt_step19999.pt,/eagle/lc-mpi/Zhiqing/polaris_ebm/runs_long_k_multinode_sweep/pbs/M1_S32_ddp_fullk_K400_b1024_s20k_seed1_to300k.pbs,/eagle/lc-mpi/Zhiqing/polaris_ebm/runs_long_k_multinode_sweep/runs/M1_300k/S32/M1_S32_ddp_fullk_K400_b1024_s20k_seed1_to300k,/eagle/lc-mpi/Zhiqing/polaris_ebm/runs_long_k_multinode_sweep/logs/M1_S32_ddp_fullk_K400_b1024_s20k_seed1_to300k.pbs.out,2026-05-29T16:50:07Z,submitted,
7176433.polaris-pbs-01.hsn.cm.polaris.alcf.anl.gov,7176574.polaris-pbs-01.hsn.cm.polaris.alcf.anl.gov,M1_S32_ddp_fullk_K800_b1024_s20k_seed1_to300k,-1,,/eagle/lc-mpi/Zhiqing/polaris_ebm/runs_long_k_multinode_sweep/pbs/M1_S32_ddp_fullk_K800_b1024_s20k_seed1_to300k.pbs,/eagle/lc-mpi/Zhiqing/polaris_ebm/runs_long_k_multinode_sweep/runs/M1_300k/S32/M1_S32_ddp_fullk_K800_b1024_s20k_seed1_to300k,/eagle/lc-mpi/Zhiqing/polaris_ebm/runs_long_k_multinode_sweep/logs/M1_S32_ddp_fullk_K800_b1024_s20k_seed1_to300k.pbs.out,2026-05-29T16:50:07Z,submitted,
7176387.polaris-pbs-01.hsn.cm.polaris.alcf.anl.gov,7176575.polaris-pbs-01.hsn.cm.polaris.alcf.anl.gov,M1_S32_pipe_P32_equal_K1600_b1024_s20k_seed1_to300k,-1,/eagle/lc-mpi/Zhiqing/polaris_ebm/runs_long_k_multinode_sweep/runs/M1_300k/S32/M1_S32_pipe_P32_equal_K1600_b1024_s20k_seed1_to300k/checkpoints/ckpt_step19999.pt,/eagle/lc-mpi/Zhiqing/polaris_ebm/runs_long_k_multinode_sweep/pbs/M1_S32_pipe_P32_equal_K1600_b1024_s20k_seed1_to300k.pbs,/eagle/lc-mpi/Zhiqing/polaris_ebm/runs_long_k_multinode_sweep/runs/M1_300k/S32/M1_S32_pipe_P32_equal_K1600_b1024_s20k_seed1_to300k,/eagle/lc-mpi/Zhiqing/polaris_ebm/runs_long_k_multinode_sweep/logs/M1_S32_pipe_P32_equal_K1600_b1024_s20k_seed1_to300k.pbs.out,2026-05-29T16:50:07Z,submitted,
7176434.polaris-pbs-01.hsn.cm.polaris.alcf.anl.gov,7176576.polaris-pbs-01.hsn.cm.polaris.alcf.anl.gov,M1_S32_pipe_P32_equal_K400_b1024_s20k_seed1_to300k,-1,,/eagle/lc-mpi/Zhiqing/polaris_ebm/runs_long_k_multinode_sweep/pbs/M1_S32_pipe_P32_equal_K400_b1024_s20k_seed1_to300k.pbs,/eagle/lc-mpi/Zhiqing/polaris_ebm/runs_long_k_multinode_sweep/runs/M1_300k/S32/M1_S32_pipe_P32_equal_K400_b1024_s20k_seed1_to300k,/eagle/lc-mpi/Zhiqing/polaris_ebm/runs_long_k_multinode_sweep/logs/M1_S32_pipe_P32_equal_K400_b1024_s20k_seed1_to300k.pbs.out,2026-05-29T16:50:07Z,submitted,
7176388.polaris-pbs-01.hsn.cm.polaris.alcf.anl.gov,7176577.polaris-pbs-01.hsn.cm.polaris.alcf.anl.gov,M1_S32_pipe_P32_equal_K800_b1024_s20k_seed1_to300k,-1,/eagle/lc-mpi/Zhiqing/polaris_ebm/runs_long_k_multinode_sweep/runs/M1_300k/S32/M1_S32_pipe_P32_equal_K800_b1024_s20k_seed1_to300k/checkpoints/ckpt_step19999.pt,/eagle/lc-mpi/Zhiqing/polaris_ebm/runs_long_k_multinode_sweep/pbs/M1_S32_pipe_P32_equal_K800_b1024_s20k_seed1_to300k.pbs,/eagle/lc-mpi/Zhiqing/polaris_ebm/runs_long_k_multinode_sweep/runs/M1_300k/S32/M1_S32_pipe_P32_equal_K800_b1024_s20k_seed1_to300k,/eagle/lc-mpi/Zhiqing/polaris_ebm/runs_long_k_multinode_sweep/logs/M1_S32_pipe_P32_equal_K800_b1024_s20k_seed1_to300k.pbs.out,2026-05-29T16:50:07Z,submitted,
7176525.polaris-pbs-01.hsn.cm.polaris.alcf.anl.gov,7176578.polaris-pbs-01.hsn.cm.polaris.alcf.anl.gov,M1_S32_single_fullk_K1600_b1024_s20k_seed1_to300k,-1,/eagle/lc-mpi/Zhiqing/polaris_ebm/runs_long_k_multinode_sweep/runs/M1_300k/S32/M1_S32_single_fullk_K1600_b1024_s20k_seed1_to300k/checkpoints/ckpt_step4999.pt,/eagle/lc-mpi/Zhiqing/polaris_ebm/runs_long_k_multinode_sweep/pbs/M1_S32_single_fullk_K1600_b1024_s20k_seed1_to300k.pbs,/eagle/lc-mpi/Zhiqing/polaris_ebm/runs_long_k_multinode_sweep/runs/M1_300k/S32/M1_S32_single_fullk_K1600_b1024_s20k_seed1_to300k,/eagle/lc-mpi/Zhiqing/polaris_ebm/runs_long_k_multinode_sweep/logs/M1_S32_single_fullk_K1600_b1024_s20k_seed1_to300k.pbs.out,2026-05-29T16:50:07Z,submitted,
7176526.polaris-pbs-01.hsn.cm.polaris.alcf.anl.gov,7176579.polaris-pbs-01.hsn.cm.polaris.alcf.anl.gov,M1_S32_single_fullk_K400_b1024_s20k_seed1_to300k,-1,/eagle/lc-mpi/Zhiqing/polaris_ebm/runs_long_k_multinode_sweep/runs/M1_300k/S32/M1_S32_single_fullk_K400_b1024_s20k_seed1_to300k/checkpoints/ckpt_step19999.pt,/eagle/lc-mpi/Zhiqing/polaris_ebm/runs_long_k_multinode_sweep/pbs/M1_S32_single_fullk_K400_b1024_s20k_seed1_to300k.pbs,/eagle/lc-mpi/Zhiqing/polaris_ebm/runs_long_k_multinode_sweep/runs/M1_300k/S32/M1_S32_single_fullk_K400_b1024_s20k_seed1_to300k,/eagle/lc-mpi/Zhiqing/polaris_ebm/runs_long_k_multinode_sweep/logs/M1_S32_single_fullk_K400_b1024_s20k_seed1_to300k.pbs.out,2026-05-29T16:50:07Z,submitted,
7176527.polaris-pbs-01.hsn.cm.polaris.alcf.anl.gov,7176580.polaris-pbs-01.hsn.cm.polaris.alcf.anl.gov,M1_S32_single_fullk_K800_b1024_s20k_seed1_to300k,-1,/eagle/lc-mpi/Zhiqing/polaris_ebm/runs_long_k_multinode_sweep/runs/M1_300k/S32/M1_S32_single_fullk_K800_b1024_s20k_seed1_to300k/checkpoints/ckpt_step14999.pt,/eagle/lc-mpi/Zhiqing/polaris_ebm/runs_long_k_multinode_sweep/pbs/M1_S32_single_fullk_K800_b1024_s20k_seed1_to300k.pbs,/eagle/lc-mpi/Zhiqing/polaris_ebm/runs_long_k_multinode_sweep/runs/M1_300k/S32/M1_S32_single_fullk_K800_b1024_s20k_seed1_to300k,/eagle/lc-mpi/Zhiqing/polaris_ebm/runs_long_k_multinode_sweep/logs/M1_S32_single_fullk_K800_b1024_s20k_seed1_to300k.pbs.out,2026-05-29T16:50:07Z,submitted,
7176563.polaris-pbs-01.hsn.cm.polaris.alcf.anl.gov,7176632.polaris-pbs-01.hsn.cm.polaris.alcf.anl.gov,M1_S16_ddp_fullk_K1600_b512_s20k_seed1_to300k,-1,,/eagle/lc-mpi/Zhiqing/polaris_ebm/runs_long_k_multinode_sweep/pbs/M1_S16_ddp_fullk_K1600_b512_s20k_seed1_to300k.pbs,/eagle/lc-mpi/Zhiqing/polaris_ebm/runs_long_k_multinode_sweep/runs/M1_300k/S16/M1_S16_ddp_fullk_K1600_b512_s20k_seed1_to300k,/eagle/lc-mpi/Zhiqing/polaris_ebm/runs_long_k_multinode_sweep/logs/M1_S16_ddp_fullk_K1600_b512_s20k_seed1_to300k.pbs.out,2026-05-29T17:20:16Z,submitted,
7176564.polaris-pbs-01.hsn.cm.polaris.alcf.anl.gov,7176633.polaris-pbs-01.hsn.cm.polaris.alcf.anl.gov,M1_S16_ddp_fullk_K400_b512_s20k_seed1_to300k,-1,/eagle/lc-mpi/Zhiqing/polaris_ebm/runs_long_k_multinode_sweep/runs/M1_300k/S16/M1_S16_ddp_fullk_K400_b512_s20k_seed1_to300k/checkpoints/ckpt_step4999.pt,/eagle/lc-mpi/Zhiqing/polaris_ebm/runs_long_k_multinode_sweep/pbs/M1_S16_ddp_fullk_K400_b512_s20k_seed1_to300k.pbs,/eagle/lc-mpi/Zhiqing/polaris_ebm/runs_long_k_multinode_sweep/runs/M1_300k/S16/M1_S16_ddp_fullk_K400_b512_s20k_seed1_to300k,/eagle/lc-mpi/Zhiqing/polaris_ebm/runs_long_k_multinode_sweep/logs/M1_S16_ddp_fullk_K400_b512_s20k_seed1_to300k.pbs.out,2026-05-29T17:20:16Z,submitted,
7176565.polaris-pbs-01.hsn.cm.polaris.alcf.anl.gov,7176634.polaris-pbs-01.hsn.cm.polaris.alcf.anl.gov,M1_S16_ddp_fullk_K800_b512_s20k_seed1_to300k,-1,,/eagle/lc-mpi/Zhiqing/polaris_ebm/runs_long_k_multinode_sweep/pbs/M1_S16_ddp_fullk_K800_b512_s20k_seed1_to300k.pbs,/eagle/lc-mpi/Zhiqing/polaris_ebm/runs_long_k_multinode_sweep/runs/M1_300k/S16/M1_S16_ddp_fullk_K800_b512_s20k_seed1_to300k,/eagle/lc-mpi/Zhiqing/polaris_ebm/runs_long_k_multinode_sweep/logs/M1_S16_ddp_fullk_K800_b512_s20k_seed1_to300k.pbs.out,2026-05-29T17:20:16Z,submitted,
7176566.polaris-pbs-01.hsn.cm.polaris.alcf.anl.gov,7176635.polaris-pbs-01.hsn.cm.polaris.alcf.anl.gov,M1_S16_pipe_P16_equal_K1600_b512_s20k_seed1_to300k,-1,,/eagle/lc-mpi/Zhiqing/polaris_ebm/runs_long_k_multinode_sweep/pbs/M1_S16_pipe_P16_equal_K1600_b512_s20k_seed1_to300k.pbs,/eagle/lc-mpi/Zhiqing/polaris_ebm/runs_long_k_multinode_sweep/runs/M1_300k/S16/M1_S16_pipe_P16_equal_K1600_b512_s20k_seed1_to300k,/eagle/lc-mpi/Zhiqing/polaris_ebm/runs_long_k_multinode_sweep/logs/M1_S16_pipe_P16_equal_K1600_b512_s20k_seed1_to300k.pbs.out,2026-05-29T17:20:16Z,submitted,
7176567.polaris-pbs-01.hsn.cm.polaris.alcf.anl.gov,7176636.polaris-pbs-01.hsn.cm.polaris.alcf.anl.gov,M1_S16_pipe_P16_equal_K400_b512_s20k_seed1_to300k,-1,/eagle/lc-mpi/Zhiqing/polaris_ebm/runs_long_k_multinode_sweep/runs/M1_300k/S16/M1_S16_pipe_P16_equal_K400_b512_s20k_seed1_to300k/checkpoints/ckpt_step4999.pt,/eagle/lc-mpi/Zhiqing/polaris_ebm/runs_long_k_multinode_sweep/pbs/M1_S16_pipe_P16_equal_K400_b512_s20k_seed1_to300k.pbs,/eagle/lc-mpi/Zhiqing/polaris_ebm/runs_long_k_multinode_sweep/runs/M1_300k/S16/M1_S16_pipe_P16_equal_K400_b512_s20k_seed1_to300k,/eagle/lc-mpi/Zhiqing/polaris_ebm/runs_long_k_multinode_sweep/logs/M1_S16_pipe_P16_equal_K400_b512_s20k_seed1_to300k.pbs.out,2026-05-29T17:20:16Z,submitted,
7176568.polaris-pbs-01.hsn.cm.polaris.alcf.anl.gov,7176637.polaris-pbs-01.hsn.cm.polaris.alcf.anl.gov,M1_S16_pipe_P16_equal_K800_b512_s20k_seed1_to300k,-1,/eagle/lc-mpi/Zhiqing/polaris_ebm/runs_long_k_multinode_sweep/runs/M1_300k/S16/M1_S16_pipe_P16_equal_K800_b512_s20k_seed1_to300k/checkpoints/ckpt_step19999.pt,/eagle/lc-mpi/Zhiqing/polaris_ebm/runs_long_k_multinode_sweep/pbs/M1_S16_pipe_P16_equal_K800_b512_s20k_seed1_to300k.pbs,/eagle/lc-mpi/Zhiqing/polaris_ebm/runs_long_k_multinode_sweep/runs/M1_300k/S16/M1_S16_pipe_P16_equal_K800_b512_s20k_seed1_to300k,/eagle/lc-mpi/Zhiqing/polaris_ebm/runs_long_k_multinode_sweep/logs/M1_S16_pipe_P16_equal_K800_b512_s20k_seed1_to300k.pbs.out,2026-05-29T17:20:16Z,submitted,
7176569.polaris-pbs-01.hsn.cm.polaris.alcf.anl.gov,7176638.polaris-pbs-01.hsn.cm.polaris.alcf.anl.gov,M1_S16_single_fullk_K1600_b512_s20k_seed1_to300k,-1,/eagle/lc-mpi/Zhiqing/polaris_ebm/runs_long_k_multinode_sweep/runs/M1_300k/S16/M1_S16_single_fullk_K1600_b512_s20k_seed1_to300k/checkpoints/ckpt_step14999.pt,/eagle/lc-mpi/Zhiqing/polaris_ebm/runs_long_k_multinode_sweep/pbs/M1_S16_single_fullk_K1600_b512_s20k_seed1_to300k.pbs,/eagle/lc-mpi/Zhiqing/polaris_ebm/runs_long_k_multinode_sweep/runs/M1_300k/S16/M1_S16_single_fullk_K1600_b512_s20k_seed1_to300k,/eagle/lc-mpi/Zhiqing/polaris_ebm/runs_long_k_multinode_sweep/logs/M1_S16_single_fullk_K1600_b512_s20k_seed1_to300k.pbs.out,2026-05-29T17:20:16Z,submitted,
7176570.polaris-pbs-01.hsn.cm.polaris.alcf.anl.gov,7176639.polaris-pbs-01.hsn.cm.polaris.alcf.anl.gov,M1_S16_single_fullk_K400_b512_s20k_seed1_to300k,-1,/eagle/lc-mpi/Zhiqing/polaris_ebm/runs_long_k_multinode_sweep/runs/M1_300k/S16/M1_S16_single_fullk_K400_b512_s20k_seed1_to300k/checkpoints/ckpt_step19999.pt,/eagle/lc-mpi/Zhiqing/polaris_ebm/runs_long_k_multinode_sweep/pbs/M1_S16_single_fullk_K400_b512_s20k_seed1_to300k.pbs,/eagle/lc-mpi/Zhiqing/polaris_ebm/runs_long_k_multinode_sweep/runs/M1_300k/S16/M1_S16_single_fullk_K400_b512_s20k_seed1_to300k,/eagle/lc-mpi/Zhiqing/polaris_ebm/runs_long_k_multinode_sweep/logs/M1_S16_single_fullk_K400_b512_s20k_seed1_to300k.pbs.out,2026-05-29T17:20:16Z,submitted,
7176571.polaris-pbs-01.hsn.cm.polaris.alcf.anl.gov,7176640.polaris-pbs-01.hsn.cm.polaris.alcf.anl.gov,M1_S16_single_fullk_K800_b512_s20k_seed1_to300k,-1,/eagle/lc-mpi/Zhiqing/polaris_ebm/runs_long_k_multinode_sweep/runs/M1_300k/S16/M1_S16_single_fullk_K800_b512_s20k_seed1_to300k/checkpoints/ckpt_step19999.pt,/eagle/lc-mpi/Zhiqing/polaris_ebm/runs_long_k_multinode_sweep/pbs/M1_S16_single_fullk_K800_b512_s20k_seed1_to300k.pbs,/eagle/lc-mpi/Zhiqing/polaris_ebm/runs_long_k_multinode_sweep/runs/M1_300k/S16/M1_S16_single_fullk_K800_b512_s20k_seed1_to300k,/eagle/lc-mpi/Zhiqing/polaris_ebm/runs_long_k_multinode_sweep/logs/M1_S16_single_fullk_K800_b512_s20k_seed1_to300k.pbs.out,2026-05-29T17:20:16Z,submitted,
7176572.polaris-pbs-01.hsn.cm.polaris.alcf.anl.gov,7176641.polaris-pbs-01.hsn.cm.polaris.alcf.anl.gov,M1_S32_ddp_fullk_K1600_b1024_s20k_seed1_to300k,-1,,/eagle/lc-mpi/Zhiqing/polaris_ebm/runs_long_k_multinode_sweep/pbs/M1_S32_ddp_fullk_K1600_b1024_s20k_seed1_to300k.pbs,/eagle/lc-mpi/Zhiqing/polaris_ebm/runs_long_k_multinode_sweep/runs/M1_300k/S32/M1_S32_ddp_fullk_K1600_b1024_s20k_seed1_to300k,/eagle/lc-mpi/Zhiqing/polaris_ebm/runs_long_k_multinode_sweep/logs/M1_S32_ddp_fullk_K1600_b1024_s20k_seed1_to300k.pbs.out,2026-05-29T17:20:16Z,submitted,
7176573.polaris-pbs-01.hsn.cm.polaris.alcf.anl.gov,7176642.polaris-pbs-01.hsn.cm.polaris.alcf.anl.gov,M1_S32_ddp_fullk_K400_b1024_s20k_seed1_to300k,-1,/eagle/lc-mpi/Zhiqing/polaris_ebm/runs_long_k_multinode_sweep/runs/M1_300k/S32/M1_S32_ddp_fullk_K400_b1024_s20k_seed1_to300k/checkpoints/ckpt_step19999.pt,/eagle/lc-mpi/Zhiqing/polaris_ebm/runs_long_k_multinode_sweep/pbs/M1_S32_ddp_fullk_K400_b1024_s20k_seed1_to300k.pbs,/eagle/lc-mpi/Zhiqing/polaris_ebm/runs_long_k_multinode_sweep/runs/M1_300k/S32/M1_S32_ddp_fullk_K400_b1024_s20k_seed1_to300k,/eagle/lc-mpi/Zhiqing/polaris_ebm/runs_long_k_multinode_sweep/logs/M1_S32_ddp_fullk_K400_b1024_s20k_seed1_to300k.pbs.out,2026-05-29T17:20:16Z,submitted,
7176574.polaris-pbs-01.hsn.cm.polaris.alcf.anl.gov,7176643.polaris-pbs-01.hsn.cm.polaris.alcf.anl.gov,M1_S32_ddp_fullk_K800_b1024_s20k_seed1_to300k,-1,,/eagle/lc-mpi/Zhiqing/polaris_ebm/runs_long_k_multinode_sweep/pbs/M1_S32_ddp_fullk_K800_b1024_s20k_seed1_to300k.pbs,/eagle/lc-mpi/Zhiqing/polaris_ebm/runs_long_k_multinode_sweep/runs/M1_300k/S32/M1_S32_ddp_fullk_K800_b1024_s20k_seed1_to300k,/eagle/lc-mpi/Zhiqing/polaris_ebm/runs_long_k_multinode_sweep/logs/M1_S32_ddp_fullk_K800_b1024_s20k_seed1_to300k.pbs.out,2026-05-29T17:20:16Z,submitted,
7176575.polaris-pbs-01.hsn.cm.polaris.alcf.anl.gov,7176644.polaris-pbs-01.hsn.cm.polaris.alcf.anl.gov,M1_S32_pipe_P32_equal_K1600_b1024_s20k_seed1_to300k,-1,/eagle/lc-mpi/Zhiqing/polaris_ebm/runs_long_k_multinode_sweep/runs/M1_300k/S32/M1_S32_pipe_P32_equal_K1600_b1024_s20k_seed1_to300k/checkpoints/ckpt_step19999.pt,/eagle/lc-mpi/Zhiqing/polaris_ebm/runs_long_k_multinode_sweep/pbs/M1_S32_pipe_P32_equal_K1600_b1024_s20k_seed1_to300k.pbs,/eagle/lc-mpi/Zhiqing/polaris_ebm/runs_long_k_multinode_sweep/runs/M1_300k/S32/M1_S32_pipe_P32_equal_K1600_b1024_s20k_seed1_to300k,/eagle/lc-mpi/Zhiqing/polaris_ebm/runs_long_k_multinode_sweep/logs/M1_S32_pipe_P32_equal_K1600_b1024_s20k_seed1_to300k.pbs.out,2026-05-29T17:20:16Z,submitted,
7176576.polaris-pbs-01.hsn.cm.polaris.alcf.anl.gov,7176645.polaris-pbs-01.hsn.cm.polaris.alcf.anl.gov,M1_S32_pipe_P32_equal_K400_b1024_s20k_seed1_to300k,-1,,/eagle/lc-mpi/Zhiqing/polaris_ebm/runs_long_k_multinode_sweep/pbs/M1_S32_pipe_P32_equal_K400_b1024_s20k_seed1_to300k.pbs,/eagle/lc-mpi/Zhiqing/polaris_ebm/runs_long_k_multinode_sweep/runs/M1_300k/S32/M1_S32_pipe_P32_equal_K400_b1024_s20k_seed1_to300k,/eagle/lc-mpi/Zhiqing/polaris_ebm/runs_long_k_multinode_sweep/logs/M1_S32_pipe_P32_equal_K400_b1024_s20k_seed1_to300k.pbs.out,2026-05-29T17:20:16Z,submitted,
7176577.polaris-pbs-01.hsn.cm.polaris.alcf.anl.gov,7176646.polaris-pbs-01.hsn.cm.polaris.alcf.anl.gov,M1_S32_pipe_P32_equal_K800_b1024_s20k_seed1_to300k,-1,/eagle/lc-mpi/Zhiqing/polaris_ebm/runs_long_k_multinode_sweep/runs/M1_300k/S32/M1_S32_pipe_P32_equal_K800_b1024_s20k_seed1_to300k/checkpoints/ckpt_step19999.pt,/eagle/lc-mpi/Zhiqing/polaris_ebm/runs_long_k_multinode_sweep/pbs/M1_S32_pipe_P32_equal_K800_b1024_s20k_seed1_to300k.pbs,/eagle/lc-mpi/Zhiqing/polaris_ebm/runs_long_k_multinode_sweep/runs/M1_300k/S32/M1_S32_pipe_P32_equal_K800_b1024_s20k_seed1_to300k,/eagle/lc-mpi/Zhiqing/polaris_ebm/runs_long_k_multinode_sweep/logs/M1_S32_pipe_P32_equal_K800_b1024_s20k_seed1_to300k.pbs.out,2026-05-29T17:20:16Z,submitted,
7176578.polaris-pbs-01.hsn.cm.polaris.alcf.anl.gov,7176647.polaris-pbs-01.hsn.cm.polaris.alcf.anl.gov,M1_S32_single_fullk_K1600_b1024_s20k_seed1_to300k,-1,/eagle/lc-mpi/Zhiqing/polaris_ebm/runs_long_k_multinode_sweep/runs/M1_300k/S32/M1_S32_single_fullk_K1600_b1024_s20k_seed1_to300k/checkpoints/ckpt_step4999.pt,/eagle/lc-mpi/Zhiqing/polaris_ebm/runs_long_k_multinode_sweep/pbs/M1_S32_single_fullk_K1600_b1024_s20k_seed1_to300k.pbs,/eagle/lc-mpi/Zhiqing/polaris_ebm/runs_long_k_multinode_sweep/runs/M1_300k/S32/M1_S32_single_fullk_K1600_b1024_s20k_seed1_to300k,/eagle/lc-mpi/Zhiqing/polaris_ebm/runs_long_k_multinode_sweep/logs/M1_S32_single_fullk_K1600_b1024_s20k_seed1_to300k.pbs.out,2026-05-29T17:20:16Z,submitted,
7176579.polaris-pbs-01.hsn.cm.polaris.alcf.anl.gov,7176648.polaris-pbs-01.hsn.cm.polaris.alcf.anl.gov,M1_S32_single_fullk_K400_b1024_s20k_seed1_to300k,-1,/eagle/lc-mpi/Zhiqing/polaris_ebm/runs_long_k_multinode_sweep/runs/M1_300k/S32/M1_S32_single_fullk_K400_b1024_s20k_seed1_to300k/checkpoints/ckpt_step19999.pt,/eagle/lc-mpi/Zhiqing/polaris_ebm/runs_long_k_multinode_sweep/pbs/M1_S32_single_fullk_K400_b1024_s20k_seed1_to300k.pbs,/eagle/lc-mpi/Zhiqing/polaris_ebm/runs_long_k_multinode_sweep/runs/M1_300k/S32/M1_S32_single_fullk_K400_b1024_s20k_seed1_to300k,/eagle/lc-mpi/Zhiqing/polaris_ebm/runs_long_k_multinode_sweep/logs/M1_S32_single_fullk_K400_b1024_s20k_seed1_to300k.pbs.out,2026-05-29T17:20:16Z,submitted,
7176580.polaris-pbs-01.hsn.cm.polaris.alcf.anl.gov,7176649.polaris-pbs-01.hsn.cm.polaris.alcf.anl.gov,M1_S32_single_fullk_K800_b1024_s20k_seed1_to300k,-1,/eagle/lc-mpi/Zhiqing/polaris_ebm/runs_long_k_multinode_sweep/runs/M1_300k/S32/M1_S32_single_fullk_K800_b1024_s20k_seed1_to300k/checkpoints/ckpt_step14999.pt,/eagle/lc-mpi/Zhiqing/polaris_ebm/runs_long_k_multinode_sweep/pbs/M1_S32_single_fullk_K800_b1024_s20k_seed1_to300k.pbs,/eagle/lc-mpi/Zhiqing/polaris_ebm/runs_long_k_multinode_sweep/runs/M1_300k/S32/M1_S32_single_fullk_K800_b1024_s20k_seed1_to300k,/eagle/lc-mpi/Zhiqing/polaris_ebm/runs_long_k_multinode_sweep/logs/M1_S32_single_fullk_K800_b1024_s20k_seed1_to300k.pbs.out,2026-05-29T17:20:16Z,submitted,
7176632.polaris-pbs-01.hsn.cm.polaris.alcf.anl.gov,7176715.polaris-pbs-01.hsn.cm.polaris.alcf.anl.gov,M1_S16_ddp_fullk_K1600_b512_s20k_seed1_to300k,-1,,/eagle/lc-mpi/Zhiqing/polaris_ebm/runs_long_k_multinode_sweep/pbs/M1_S16_ddp_fullk_K1600_b512_s20k_seed1_to300k.pbs,/eagle/lc-mpi/Zhiqing/polaris_ebm/runs_long_k_multinode_sweep/runs/M1_300k/S16/M1_S16_ddp_fullk_K1600_b512_s20k_seed1_to300k,/eagle/lc-mpi/Zhiqing/polaris_ebm/runs_long_k_multinode_sweep/logs/M1_S16_ddp_fullk_K1600_b512_s20k_seed1_to300k.pbs.out,2026-05-29T17:50:24Z,submitted,
7176633.polaris-pbs-01.hsn.cm.polaris.alcf.anl.gov,7176716.polaris-pbs-01.hsn.cm.polaris.alcf.anl.gov,M1_S16_ddp_fullk_K400_b512_s20k_seed1_to300k,-1,/eagle/lc-mpi/Zhiqing/polaris_ebm/runs_long_k_multinode_sweep/runs/M1_300k/S16/M1_S16_ddp_fullk_K400_b512_s20k_seed1_to300k/checkpoints/ckpt_step4999.pt,/eagle/lc-mpi/Zhiqing/polaris_ebm/runs_long_k_multinode_sweep/pbs/M1_S16_ddp_fullk_K400_b512_s20k_seed1_to300k.pbs,/eagle/lc-mpi/Zhiqing/polaris_ebm/runs_long_k_multinode_sweep/runs/M1_300k/S16/M1_S16_ddp_fullk_K400_b512_s20k_seed1_to300k,/eagle/lc-mpi/Zhiqing/polaris_ebm/runs_long_k_multinode_sweep/logs/M1_S16_ddp_fullk_K400_b512_s20k_seed1_to300k.pbs.out,2026-05-29T17:50:24Z,submitted,
7176634.polaris-pbs-01.hsn.cm.polaris.alcf.anl.gov,7176717.polaris-pbs-01.hsn.cm.polaris.alcf.anl.gov,M1_S16_ddp_fullk_K800_b512_s20k_seed1_to300k,-1,,/eagle/lc-mpi/Zhiqing/polaris_ebm/runs_long_k_multinode_sweep/pbs/M1_S16_ddp_fullk_K800_b512_s20k_seed1_to300k.pbs,/eagle/lc-mpi/Zhiqing/polaris_ebm/runs_long_k_multinode_sweep/runs/M1_300k/S16/M1_S16_ddp_fullk_K800_b512_s20k_seed1_to300k,/eagle/lc-mpi/Zhiqing/polaris_ebm/runs_long_k_multinode_sweep/logs/M1_S16_ddp_fullk_K800_b512_s20k_seed1_to300k.pbs.out,2026-05-29T17:50:24Z,submitted,
7176635.polaris-pbs-01.hsn.cm.polaris.alcf.anl.gov,7176718.polaris-pbs-01.hsn.cm.polaris.alcf.anl.gov,M1_S16_pipe_P16_equal_K1600_b512_s20k_seed1_to300k,-1,,/eagle/lc-mpi/Zhiqing/polaris_ebm/runs_long_k_multinode_sweep/pbs/M1_S16_pipe_P16_equal_K1600_b512_s20k_seed1_to300k.pbs,/eagle/lc-mpi/Zhiqing/polaris_ebm/runs_long_k_multinode_sweep/runs/M1_300k/S16/M1_S16_pipe_P16_equal_K1600_b512_s20k_seed1_to300k,/eagle/lc-mpi/Zhiqing/polaris_ebm/runs_long_k_multinode_sweep/logs/M1_S16_pipe_P16_equal_K1600_b512_s20k_seed1_to300k.pbs.out,2026-05-29T17:50:24Z,submitted,
7176636.polaris-pbs-01.hsn.cm.polaris.alcf.anl.gov,7176719.polaris-pbs-01.hsn.cm.polaris.alcf.anl.gov,M1_S16_pipe_P16_equal_K400_b512_s20k_seed1_to300k,-1,/eagle/lc-mpi/Zhiqing/polaris_ebm/runs_long_k_multinode_sweep/runs/M1_300k/S16/M1_S16_pipe_P16_equal_K400_b512_s20k_seed1_to300k/checkpoints/ckpt_step4999.pt,/eagle/lc-mpi/Zhiqing/polaris_ebm/runs_long_k_multinode_sweep/pbs/M1_S16_pipe_P16_equal_K400_b512_s20k_seed1_to300k.pbs,/eagle/lc-mpi/Zhiqing/polaris_ebm/runs_long_k_multinode_sweep/runs/M1_300k/S16/M1_S16_pipe_P16_equal_K400_b512_s20k_seed1_to300k,/eagle/lc-mpi/Zhiqing/polaris_ebm/runs_long_k_multinode_sweep/logs/M1_S16_pipe_P16_equal_K400_b512_s20k_seed1_to300k.pbs.out,2026-05-29T17:50:24Z,submitted,
7176637.polaris-pbs-01.hsn.cm.polaris.alcf.anl.gov,7176720.polaris-pbs-01.hsn.cm.polaris.alcf.anl.gov,M1_S16_pipe_P16_equal_K800_b512_s20k_seed1_to300k,-1,/eagle/lc-mpi/Zhiqing/polaris_ebm/runs_long_k_multinode_sweep/runs/M1_300k/S16/M1_S16_pipe_P16_equal_K800_b512_s20k_seed1_to300k/checkpoints/ckpt_step19999.pt,/eagle/lc-mpi/Zhiqing/polaris_ebm/runs_long_k_multinode_sweep/pbs/M1_S16_pipe_P16_equal_K800_b512_s20k_seed1_to300k.pbs,/eagle/lc-mpi/Zhiqing/polaris_ebm/runs_long_k_multinode_sweep/runs/M1_300k/S16/M1_S16_pipe_P16_equal_K800_b512_s20k_seed1_to300k,/eagle/lc-mpi/Zhiqing/polaris_ebm/runs_long_k_multinode_sweep/logs/M1_S16_pipe_P16_equal_K800_b512_s20k_seed1_to300k.pbs.out,2026-05-29T17:50:24Z,submitted,
7176638.polaris-pbs-01.hsn.cm.polaris.alcf.anl.gov,7176721.polaris-pbs-01.hsn.cm.polaris.alcf.anl.gov,M1_S16_single_fullk_K1600_b512_s20k_seed1_to300k,-1,/eagle/lc-mpi/Zhiqing/polaris_ebm/runs_long_k_multinode_sweep/runs/M1_300k/S16/M1_S16_single_fullk_K1600_b512_s20k_seed1_to300k/checkpoints/ckpt_step14999.pt,/eagle/lc-mpi/Zhiqing/polaris_ebm/runs_long_k_multinode_sweep/pbs/M1_S16_single_fullk_K1600_b512_s20k_seed1_to300k.pbs,/eagle/lc-mpi/Zhiqing/polaris_ebm/runs_long_k_multinode_sweep/runs/M1_300k/S16/M1_S16_single_fullk_K1600_b512_s20k_seed1_to300k,/eagle/lc-mpi/Zhiqing/polaris_ebm/runs_long_k_multinode_sweep/logs/M1_S16_single_fullk_K1600_b512_s20k_seed1_to300k.pbs.out,2026-05-29T17:50:24Z,submitted,
7176639.polaris-pbs-01.hsn.cm.polaris.alcf.anl.gov,7176722.polaris-pbs-01.hsn.cm.polaris.alcf.anl.gov,M1_S16_single_fullk_K400_b512_s20k_seed1_to300k,-1,/eagle/lc-mpi/Zhiqing/polaris_ebm/runs_long_k_multinode_sweep/runs/M1_300k/S16/M1_S16_single_fullk_K400_b512_s20k_seed1_to300k/checkpoints/ckpt_step19999.pt,/eagle/lc-mpi/Zhiqing/polaris_ebm/runs_long_k_multinode_sweep/pbs/M1_S16_single_fullk_K400_b512_s20k_seed1_to300k.pbs,/eagle/lc-mpi/Zhiqing/polaris_ebm/runs_long_k_multinode_sweep/runs/M1_300k/S16/M1_S16_single_fullk_K400_b512_s20k_seed1_to300k,/eagle/lc-mpi/Zhiqing/polaris_ebm/runs_long_k_multinode_sweep/logs/M1_S16_single_fullk_K400_b512_s20k_seed1_to300k.pbs.out,2026-05-29T17:50:24Z,submitted,
7176640.polaris-pbs-01.hsn.cm.polaris.alcf.anl.gov,7176723.polaris-pbs-01.hsn.cm.polaris.alcf.anl.gov,M1_S16_single_fullk_K800_b512_s20k_seed1_to300k,-1,/eagle/lc-mpi/Zhiqing/polaris_ebm/runs_long_k_multinode_sweep/runs/M1_300k/S16/M1_S16_single_fullk_K800_b512_s20k_seed1_to300k/checkpoints/ckpt_step19999.pt,/eagle/lc-mpi/Zhiqing/polaris_ebm/runs_long_k_multinode_sweep/pbs/M1_S16_single_fullk_K800_b512_s20k_seed1_to300k.pbs,/eagle/lc-mpi/Zhiqing/polaris_ebm/runs_long_k_multinode_sweep/runs/M1_300k/S16/M1_S16_single_fullk_K800_b512_s20k_seed1_to300k,/eagle/lc-mpi/Zhiqing/polaris_ebm/runs_long_k_multinode_sweep/logs/M1_S16_single_fullk_K800_b512_s20k_seed1_to300k.pbs.out,2026-05-29T17:50:24Z,submitted,
7176641.polaris-pbs-01.hsn.cm.polaris.alcf.anl.gov,7176724.polaris-pbs-01.hsn.cm.polaris.alcf.anl.gov,M1_S32_ddp_fullk_K1600_b1024_s20k_seed1_to300k,-1,,/eagle/lc-mpi/Zhiqing/polaris_ebm/runs_long_k_multinode_sweep/pbs/M1_S32_ddp_fullk_K1600_b1024_s20k_seed1_to300k.pbs,/eagle/lc-mpi/Zhiqing/polaris_ebm/runs_long_k_multinode_sweep/runs/M1_300k/S32/M1_S32_ddp_fullk_K1600_b1024_s20k_seed1_to300k,/eagle/lc-mpi/Zhiqing/polaris_ebm/runs_long_k_multinode_sweep/logs/M1_S32_ddp_fullk_K1600_b1024_s20k_seed1_to300k.pbs.out,2026-05-29T17:50:24Z,submitted,
7176642.polaris-pbs-01.hsn.cm.polaris.alcf.anl.gov,7176725.polaris-pbs-01.hsn.cm.polaris.alcf.anl.gov,M1_S32_ddp_fullk_K400_b1024_s20k_seed1_to300k,-1,/eagle/lc-mpi/Zhiqing/polaris_ebm/runs_long_k_multinode_sweep/runs/M1_300k/S32/M1_S32_ddp_fullk_K400_b1024_s20k_seed1_to300k/checkpoints/ckpt_step19999.pt,/eagle/lc-mpi/Zhiqing/polaris_ebm/runs_long_k_multinode_sweep/pbs/M1_S32_ddp_fullk_K400_b1024_s20k_seed1_to300k.pbs,/eagle/lc-mpi/Zhiqing/polaris_ebm/runs_long_k_multinode_sweep/runs/M1_300k/S32/M1_S32_ddp_fullk_K400_b1024_s20k_seed1_to300k,/eagle/lc-mpi/Zhiqing/polaris_ebm/runs_long_k_multinode_sweep/logs/M1_S32_ddp_fullk_K400_b1024_s20k_seed1_to300k.pbs.out,2026-05-29T17:50:24Z,submitted,
7176643.polaris-pbs-01.hsn.cm.polaris.alcf.anl.gov,7176726.polaris-pbs-01.hsn.cm.polaris.alcf.anl.gov,M1_S32_ddp_fullk_K800_b1024_s20k_seed1_to300k,-1,,/eagle/lc-mpi/Zhiqing/polaris_ebm/runs_long_k_multinode_sweep/pbs/M1_S32_ddp_fullk_K800_b1024_s20k_seed1_to300k.pbs,/eagle/lc-mpi/Zhiqing/polaris_ebm/runs_long_k_multinode_sweep/runs/M1_300k/S32/M1_S32_ddp_fullk_K800_b1024_s20k_seed1_to300k,/eagle/lc-mpi/Zhiqing/polaris_ebm/runs_long_k_multinode_sweep/logs/M1_S32_ddp_fullk_K800_b1024_s20k_seed1_to300k.pbs.out,2026-05-29T17:50:24Z,submitted,
7176644.polaris-pbs-01.hsn.cm.polaris.alcf.anl.gov,7176727.polaris-pbs-01.hsn.cm.polaris.alcf.anl.gov,M1_S32_pipe_P32_equal_K1600_b1024_s20k_seed1_to300k,-1,/eagle/lc-mpi/Zhiqing/polaris_ebm/runs_long_k_multinode_sweep/runs/M1_300k/S32/M1_S32_pipe_P32_equal_K1600_b1024_s20k_seed1_to300k/checkpoints/ckpt_step19999.pt,/eagle/lc-mpi/Zhiqing/polaris_ebm/runs_long_k_multinode_sweep/pbs/M1_S32_pipe_P32_equal_K1600_b1024_s20k_seed1_to300k.pbs,/eagle/lc-mpi/Zhiqing/polaris_ebm/runs_long_k_multinode_sweep/runs/M1_300k/S32/M1_S32_pipe_P32_equal_K1600_b1024_s20k_seed1_to300k,/eagle/lc-mpi/Zhiqing/polaris_ebm/runs_long_k_multinode_sweep/logs/M1_S32_pipe_P32_equal_K1600_b1024_s20k_seed1_to300k.pbs.out,2026-05-29T17:50:24Z,submitted,
7176645.polaris-pbs-01.hsn.cm.polaris.alcf.anl.gov,7176728.polaris-pbs-01.hsn.cm.polaris.alcf.anl.gov,M1_S32_pipe_P32_equal_K400_b1024_s20k_seed1_to300k,-1,,/eagle/lc-mpi/Zhiqing/polaris_ebm/runs_long_k_multinode_sweep/pbs/M1_S32_pipe_P32_equal_K400_b1024_s20k_seed1_to300k.pbs,/eagle/lc-mpi/Zhiqing/polaris_ebm/runs_long_k_multinode_sweep/runs/M1_300k/S32/M1_S32_pipe_P32_equal_K400_b1024_s20k_seed1_to300k,/eagle/lc-mpi/Zhiqing/polaris_ebm/runs_long_k_multinode_sweep/logs/M1_S32_pipe_P32_equal_K400_b1024_s20k_seed1_to300k.pbs.out,2026-05-29T17:50:24Z,submitted,
7176646.polaris-pbs-01.hsn.cm.polaris.alcf.anl.gov,7176729.polaris-pbs-01.hsn.cm.polaris.alcf.anl.gov,M1_S32_pipe_P32_equal_K800_b1024_s20k_seed1_to300k,-1,/eagle/lc-mpi/Zhiqing/polaris_ebm/runs_long_k_multinode_sweep/runs/M1_300k/S32/M1_S32_pipe_P32_equal_K800_b1024_s20k_seed1_to300k/checkpoints/ckpt_step19999.pt,/eagle/lc-mpi/Zhiqing/polaris_ebm/runs_long_k_multinode_sweep/pbs/M1_S32_pipe_P32_equal_K800_b1024_s20k_seed1_to300k.pbs,/eagle/lc-mpi/Zhiqing/polaris_ebm/runs_long_k_multinode_sweep/runs/M1_300k/S32/M1_S32_pipe_P32_equal_K800_b1024_s20k_seed1_to300k,/eagle/lc-mpi/Zhiqing/polaris_ebm/runs_long_k_multinode_sweep/logs/M1_S32_pipe_P32_equal_K800_b1024_s20k_seed1_to300k.pbs.out,2026-05-29T17:50:24Z,submitted,
7176647.polaris-pbs-01.hsn.cm.polaris.alcf.anl.gov,7176730.polaris-pbs-01.hsn.cm.polaris.alcf.anl.gov,M1_S32_single_fullk_K1600_b1024_s20k_seed1_to300k,-1,/eagle/lc-mpi/Zhiqing/polaris_ebm/runs_long_k_multinode_sweep/runs/M1_300k/S32/M1_S32_single_fullk_K1600_b1024_s20k_seed1_to300k/checkpoints/ckpt_step4999.pt,/eagle/lc-mpi/Zhiqing/polaris_ebm/runs_long_k_multinode_sweep/pbs/M1_S32_single_fullk_K1600_b1024_s20k_seed1_to300k.pbs,/eagle/lc-mpi/Zhiqing/polaris_ebm/runs_long_k_multinode_sweep/runs/M1_300k/S32/M1_S32_single_fullk_K1600_b1024_s20k_seed1_to300k,/eagle/lc-mpi/Zhiqing/polaris_ebm/runs_long_k_multinode_sweep/logs/M1_S32_single_fullk_K1600_b1024_s20k_seed1_to300k.pbs.out,2026-05-29T17:50:24Z,submitted,
7176648.polaris-pbs-01.hsn.cm.polaris.alcf.anl.gov,7176731.polaris-pbs-01.hsn.cm.polaris.alcf.anl.gov,M1_S32_single_fullk_K400_b1024_s20k_seed1_to300k,-1,/eagle/lc-mpi/Zhiqing/polaris_ebm/runs_long_k_multinode_sweep/runs/M1_300k/S32/M1_S32_single_fullk_K400_b1024_s20k_seed1_to300k/checkpoints/ckpt_step19999.pt,/eagle/lc-mpi/Zhiqing/polaris_ebm/runs_long_k_multinode_sweep/pbs/M1_S32_single_fullk_K400_b1024_s20k_seed1_to300k.pbs,/eagle/lc-mpi/Zhiqing/polaris_ebm/runs_long_k_multinode_sweep/runs/M1_300k/S32/M1_S32_single_fullk_K400_b1024_s20k_seed1_to300k,/eagle/lc-mpi/Zhiqing/polaris_ebm/runs_long_k_multinode_sweep/logs/M1_S32_single_fullk_K400_b1024_s20k_seed1_to300k.pbs.out,2026-05-29T17:50:24Z,submitted,
7176649.polaris-pbs-01.hsn.cm.polaris.alcf.anl.gov,7176732.polaris-pbs-01.hsn.cm.polaris.alcf.anl.gov,M1_S32_single_fullk_K800_b1024_s20k_seed1_to300k,-1,/eagle/lc-mpi/Zhiqing/polaris_ebm/runs_long_k_multinode_sweep/runs/M1_300k/S32/M1_S32_single_fullk_K800_b1024_s20k_seed1_to300k/checkpoints/ckpt_step14999.pt,/eagle/lc-mpi/Zhiqing/polaris_ebm/runs_long_k_multinode_sweep/pbs/M1_S32_single_fullk_K800_b1024_s20k_seed1_to300k.pbs,/eagle/lc-mpi/Zhiqing/polaris_ebm/runs_long_k_multinode_sweep/runs/M1_300k/S32/M1_S32_single_fullk_K800_b1024_s20k_seed1_to300k,/eagle/lc-mpi/Zhiqing/polaris_ebm/runs_long_k_multinode_sweep/logs/M1_S32_single_fullk_K800_b1024_s20k_seed1_to300k.pbs.out,2026-05-29T17:50:24Z,submitted,
7176715.polaris-pbs-01.hsn.cm.polaris.alcf.anl.gov,7176802.polaris-pbs-01.hsn.cm.polaris.alcf.anl.gov,M1_S16_ddp_fullk_K1600_b512_s20k_seed1_to300k,-1,,/eagle/lc-mpi/Zhiqing/polaris_ebm/runs_long_k_multinode_sweep/pbs/M1_S16_ddp_fullk_K1600_b512_s20k_seed1_to300k.pbs,/eagle/lc-mpi/Zhiqing/polaris_ebm/runs_long_k_multinode_sweep/runs/M1_300k/S16/M1_S16_ddp_fullk_K1600_b512_s20k_seed1_to300k,/eagle/lc-mpi/Zhiqing/polaris_ebm/runs_long_k_multinode_sweep/logs/M1_S16_ddp_fullk_K1600_b512_s20k_seed1_to300k.pbs.out,2026-05-29T18:20:32Z,submitted,
7176716.polaris-pbs-01.hsn.cm.polaris.alcf.anl.gov,7176803.polaris-pbs-01.hsn.cm.polaris.alcf.anl.gov,M1_S16_ddp_fullk_K400_b512_s20k_seed1_to300k,-1,/eagle/lc-mpi/Zhiqing/polaris_ebm/runs_long_k_multinode_sweep/runs/M1_300k/S16/M1_S16_ddp_fullk_K400_b512_s20k_seed1_to300k/checkpoints/ckpt_step4999.pt,/eagle/lc-mpi/Zhiqing/polaris_ebm/runs_long_k_multinode_sweep/pbs/M1_S16_ddp_fullk_K400_b512_s20k_seed1_to300k.pbs,/eagle/lc-mpi/Zhiqing/polaris_ebm/runs_long_k_multinode_sweep/runs/M1_300k/S16/M1_S16_ddp_fullk_K400_b512_s20k_seed1_to300k,/eagle/lc-mpi/Zhiqing/polaris_ebm/runs_long_k_multinode_sweep/logs/M1_S16_ddp_fullk_K400_b512_s20k_seed1_to300k.pbs.out,2026-05-29T18:20:32Z,submitted,
7176717.polaris-pbs-01.hsn.cm.polaris.alcf.anl.gov,7176804.polaris-pbs-01.hsn.cm.polaris.alcf.anl.gov,M1_S16_ddp_fullk_K800_b512_s20k_seed1_to300k,-1,,/eagle/lc-mpi/Zhiqing/polaris_ebm/runs_long_k_multinode_sweep/pbs/M1_S16_ddp_fullk_K800_b512_s20k_seed1_to300k.pbs,/eagle/lc-mpi/Zhiqing/polaris_ebm/runs_long_k_multinode_sweep/runs/M1_300k/S16/M1_S16_ddp_fullk_K800_b512_s20k_seed1_to300k,/eagle/lc-mpi/Zhiqing/polaris_ebm/runs_long_k_multinode_sweep/logs/M1_S16_ddp_fullk_K800_b512_s20k_seed1_to300k.pbs.out,2026-05-29T18:20:32Z,submitted,
7176718.polaris-pbs-01.hsn.cm.polaris.alcf.anl.gov,7176805.polaris-pbs-01.hsn.cm.polaris.alcf.anl.gov,M1_S16_pipe_P16_equal_K1600_b512_s20k_seed1_to300k,-1,,/eagle/lc-mpi/Zhiqing/polaris_ebm/runs_long_k_multinode_sweep/pbs/M1_S16_pipe_P16_equal_K1600_b512_s20k_seed1_to300k.pbs,/eagle/lc-mpi/Zhiqing/polaris_ebm/runs_long_k_multinode_sweep/runs/M1_300k/S16/M1_S16_pipe_P16_equal_K1600_b512_s20k_seed1_to300k,/eagle/lc-mpi/Zhiqing/polaris_ebm/runs_long_k_multinode_sweep/logs/M1_S16_pipe_P16_equal_K1600_b512_s20k_seed1_to300k.pbs.out,2026-05-29T18:20:32Z,submitted,
7176719.polaris-pbs-01.hsn.cm.polaris.alcf.anl.gov,7176806.polaris-pbs-01.hsn.cm.polaris.alcf.anl.gov,M1_S16_pipe_P16_equal_K400_b512_s20k_seed1_to300k,-1,/eagle/lc-mpi/Zhiqing/polaris_ebm/runs_long_k_multinode_sweep/runs/M1_300k/S16/M1_S16_pipe_P16_equal_K400_b512_s20k_seed1_to300k/checkpoints/ckpt_step4999.pt,/eagle/lc-mpi/Zhiqing/polaris_ebm/runs_long_k_multinode_sweep/pbs/M1_S16_pipe_P16_equal_K400_b512_s20k_seed1_to300k.pbs,/eagle/lc-mpi/Zhiqing/polaris_ebm/runs_long_k_multinode_sweep/runs/M1_300k/S16/M1_S16_pipe_P16_equal_K400_b512_s20k_seed1_to300k,/eagle/lc-mpi/Zhiqing/polaris_ebm/runs_long_k_multinode_sweep/logs/M1_S16_pipe_P16_equal_K400_b512_s20k_seed1_to300k.pbs.out,2026-05-29T18:20:32Z,submitted,
7176720.polaris-pbs-01.hsn.cm.polaris.alcf.anl.gov,7176807.polaris-pbs-01.hsn.cm.polaris.alcf.anl.gov,M1_S16_pipe_P16_equal_K800_b512_s20k_seed1_to300k,-1,/eagle/lc-mpi/Zhiqing/polaris_ebm/runs_long_k_multinode_sweep/runs/M1_300k/S16/M1_S16_pipe_P16_equal_K800_b512_s20k_seed1_to300k/checkpoints/ckpt_step19999.pt,/eagle/lc-mpi/Zhiqing/polaris_ebm/runs_long_k_multinode_sweep/pbs/M1_S16_pipe_P16_equal_K800_b512_s20k_seed1_to300k.pbs,/eagle/lc-mpi/Zhiqing/polaris_ebm/runs_long_k_multinode_sweep/runs/M1_300k/S16/M1_S16_pipe_P16_equal_K800_b512_s20k_seed1_to300k,/eagle/lc-mpi/Zhiqing/polaris_ebm/runs_long_k_multinode_sweep/logs/M1_S16_pipe_P16_equal_K800_b512_s20k_seed1_to300k.pbs.out,2026-05-29T18:20:32Z,submitted,
7176721.polaris-pbs-01.hsn.cm.polaris.alcf.anl.gov,7176808.polaris-pbs-01.hsn.cm.polaris.alcf.anl.gov,M1_S16_single_fullk_K1600_b512_s20k_seed1_to300k,-1,/eagle/lc-mpi/Zhiqing/polaris_ebm/runs_long_k_multinode_sweep/runs/M1_300k/S16/M1_S16_single_fullk_K1600_b512_s20k_seed1_to300k/checkpoints/ckpt_step14999.pt,/eagle/lc-mpi/Zhiqing/polaris_ebm/runs_long_k_multinode_sweep/pbs/M1_S16_single_fullk_K1600_b512_s20k_seed1_to300k.pbs,/eagle/lc-mpi/Zhiqing/polaris_ebm/runs_long_k_multinode_sweep/runs/M1_300k/S16/M1_S16_single_fullk_K1600_b512_s20k_seed1_to300k,/eagle/lc-mpi/Zhiqing/polaris_ebm/runs_long_k_multinode_sweep/logs/M1_S16_single_fullk_K1600_b512_s20k_seed1_to300k.pbs.out,2026-05-29T18:20:32Z,submitted,
7176722.polaris-pbs-01.hsn.cm.polaris.alcf.anl.gov,7176809.polaris-pbs-01.hsn.cm.polaris.alcf.anl.gov,M1_S16_single_fullk_K400_b512_s20k_seed1_to300k,-1,/eagle/lc-mpi/Zhiqing/polaris_ebm/runs_long_k_multinode_sweep/runs/M1_300k/S16/M1_S16_single_fullk_K400_b512_s20k_seed1_to300k/checkpoints/ckpt_step19999.pt,/eagle/lc-mpi/Zhiqing/polaris_ebm/runs_long_k_multinode_sweep/pbs/M1_S16_single_fullk_K400_b512_s20k_seed1_to300k.pbs,/eagle/lc-mpi/Zhiqing/polaris_ebm/runs_long_k_multinode_sweep/runs/M1_300k/S16/M1_S16_single_fullk_K400_b512_s20k_seed1_to300k,/eagle/lc-mpi/Zhiqing/polaris_ebm/runs_long_k_multinode_sweep/logs/M1_S16_single_fullk_K400_b512_s20k_seed1_to300k.pbs.out,2026-05-29T18:20:32Z,submitted,
7176723.polaris-pbs-01.hsn.cm.polaris.alcf.anl.gov,7176810.polaris-pbs-01.hsn.cm.polaris.alcf.anl.gov,M1_S16_single_fullk_K800_b512_s20k_seed1_to300k,-1,/eagle/lc-mpi/Zhiqing/polaris_ebm/runs_long_k_multinode_sweep/runs/M1_300k/S16/M1_S16_single_fullk_K800_b512_s20k_seed1_to300k/checkpoints/ckpt_step19999.pt,/eagle/lc-mpi/Zhiqing/polaris_ebm/runs_long_k_multinode_sweep/pbs/M1_S16_single_fullk_K800_b512_s20k_seed1_to300k.pbs,/eagle/lc-mpi/Zhiqing/polaris_ebm/runs_long_k_multinode_sweep/runs/M1_300k/S16/M1_S16_single_fullk_K800_b512_s20k_seed1_to300k,/eagle/lc-mpi/Zhiqing/polaris_ebm/runs_long_k_multinode_sweep/logs/M1_S16_single_fullk_K800_b512_s20k_seed1_to300k.pbs.out,2026-05-29T18:20:32Z,submitted,
7176724.polaris-pbs-01.hsn.cm.polaris.alcf.anl.gov,7176811.polaris-pbs-01.hsn.cm.polaris.alcf.anl.gov,M1_S32_ddp_fullk_K1600_b1024_s20k_seed1_to300k,-1,,/eagle/lc-mpi/Zhiqing/polaris_ebm/runs_long_k_multinode_sweep/pbs/M1_S32_ddp_fullk_K1600_b1024_s20k_seed1_to300k.pbs,/eagle/lc-mpi/Zhiqing/polaris_ebm/runs_long_k_multinode_sweep/runs/M1_300k/S32/M1_S32_ddp_fullk_K1600_b1024_s20k_seed1_to300k,/eagle/lc-mpi/Zhiqing/polaris_ebm/runs_long_k_multinode_sweep/logs/M1_S32_ddp_fullk_K1600_b1024_s20k_seed1_to300k.pbs.out,2026-05-29T18:20:32Z,submitted,
7176725.polaris-pbs-01.hsn.cm.polaris.alcf.anl.gov,7176812.polaris-pbs-01.hsn.cm.polaris.alcf.anl.gov,M1_S32_ddp_fullk_K400_b1024_s20k_seed1_to300k,-1,/eagle/lc-mpi/Zhiqing/polaris_ebm/runs_long_k_multinode_sweep/runs/M1_300k/S32/M1_S32_ddp_fullk_K400_b1024_s20k_seed1_to300k/checkpoints/ckpt_step19999.pt,/eagle/lc-mpi/Zhiqing/polaris_ebm/runs_long_k_multinode_sweep/pbs/M1_S32_ddp_fullk_K400_b1024_s20k_seed1_to300k.pbs,/eagle/lc-mpi/Zhiqing/polaris_ebm/runs_long_k_multinode_sweep/runs/M1_300k/S32/M1_S32_ddp_fullk_K400_b1024_s20k_seed1_to300k,/eagle/lc-mpi/Zhiqing/polaris_ebm/runs_long_k_multinode_sweep/logs/M1_S32_ddp_fullk_K400_b1024_s20k_seed1_to300k.pbs.out,2026-05-29T18:20:32Z,submitted,
7176726.polaris-pbs-01.hsn.cm.polaris.alcf.anl.gov,7176813.polaris-pbs-01.hsn.cm.polaris.alcf.anl.gov,M1_S32_ddp_fullk_K800_b1024_s20k_seed1_to300k,-1,,/eagle/lc-mpi/Zhiqing/polaris_ebm/runs_long_k_multinode_sweep/pbs/M1_S32_ddp_fullk_K800_b1024_s20k_seed1_to300k.pbs,/eagle/lc-mpi/Zhiqing/polaris_ebm/runs_long_k_multinode_sweep/runs/M1_300k/S32/M1_S32_ddp_fullk_K800_b1024_s20k_seed1_to300k,/eagle/lc-mpi/Zhiqing/polaris_ebm/runs_long_k_multinode_sweep/logs/M1_S32_ddp_fullk_K800_b1024_s20k_seed1_to300k.pbs.out,2026-05-29T18:20:32Z,submitted,
7176727.polaris-pbs-01.hsn.cm.polaris.alcf.anl.gov,7176814.polaris-pbs-01.hsn.cm.polaris.alcf.anl.gov,M1_S32_pipe_P32_equal_K1600_b1024_s20k_seed1_to300k,-1,/eagle/lc-mpi/Zhiqing/polaris_ebm/runs_long_k_multinode_sweep/runs/M1_300k/S32/M1_S32_pipe_P32_equal_K1600_b1024_s20k_seed1_to300k/checkpoints/ckpt_step19999.pt,/eagle/lc-mpi/Zhiqing/polaris_ebm/runs_long_k_multinode_sweep/pbs/M1_S32_pipe_P32_equal_K1600_b1024_s20k_seed1_to300k.pbs,/eagle/lc-mpi/Zhiqing/polaris_ebm/runs_long_k_multinode_sweep/runs/M1_300k/S32/M1_S32_pipe_P32_equal_K1600_b1024_s20k_seed1_to300k,/eagle/lc-mpi/Zhiqing/polaris_ebm/runs_long_k_multinode_sweep/logs/M1_S32_pipe_P32_equal_K1600_b1024_s20k_seed1_to300k.pbs.out,2026-05-29T18:20:32Z,submitted,
7176728.polaris-pbs-01.hsn.cm.polaris.alcf.anl.gov,7176815.polaris-pbs-01.hsn.cm.polaris.alcf.anl.gov,M1_S32_pipe_P32_equal_K400_b1024_s20k_seed1_to300k,-1,,/eagle/lc-mpi/Zhiqing/polaris_ebm/runs_long_k_multinode_sweep/pbs/M1_S32_pipe_P32_equal_K400_b1024_s20k_seed1_to300k.pbs,/eagle/lc-mpi/Zhiqing/polaris_ebm/runs_long_k_multinode_sweep/runs/M1_300k/S32/M1_S32_pipe_P32_equal_K400_b1024_s20k_seed1_to300k,/eagle/lc-mpi/Zhiqing/polaris_ebm/runs_long_k_multinode_sweep/logs/M1_S32_pipe_P32_equal_K400_b1024_s20k_seed1_to300k.pbs.out,2026-05-29T18:20:32Z,submitted,
7176729.polaris-pbs-01.hsn.cm.polaris.alcf.anl.gov,7176816.polaris-pbs-01.hsn.cm.polaris.alcf.anl.gov,M1_S32_pipe_P32_equal_K800_b1024_s20k_seed1_to300k,-1,/eagle/lc-mpi/Zhiqing/polaris_ebm/runs_long_k_multinode_sweep/runs/M1_300k/S32/M1_S32_pipe_P32_equal_K800_b1024_s20k_seed1_to300k/checkpoints/ckpt_step19999.pt,/eagle/lc-mpi/Zhiqing/polaris_ebm/runs_long_k_multinode_sweep/pbs/M1_S32_pipe_P32_equal_K800_b1024_s20k_seed1_to300k.pbs,/eagle/lc-mpi/Zhiqing/polaris_ebm/runs_long_k_multinode_sweep/runs/M1_300k/S32/M1_S32_pipe_P32_equal_K800_b1024_s20k_seed1_to300k,/eagle/lc-mpi/Zhiqing/polaris_ebm/runs_long_k_multinode_sweep/logs/M1_S32_pipe_P32_equal_K800_b1024_s20k_seed1_to300k.pbs.out,2026-05-29T18:20:32Z,submitted,
7176730.polaris-pbs-01.hsn.cm.polaris.alcf.anl.gov,7176817.polaris-pbs-01.hsn.cm.polaris.alcf.anl.gov,M1_S32_single_fullk_K1600_b1024_s20k_seed1_to300k,-1,/eagle/lc-mpi/Zhiqing/polaris_ebm/runs_long_k_multinode_sweep/runs/M1_300k/S32/M1_S32_single_fullk_K1600_b1024_s20k_seed1_to300k/checkpoints/ckpt_step4999.pt,/eagle/lc-mpi/Zhiqing/polaris_ebm/runs_long_k_multinode_sweep/pbs/M1_S32_single_fullk_K1600_b1024_s20k_seed1_to300k.pbs,/eagle/lc-mpi/Zhiqing/polaris_ebm/runs_long_k_multinode_sweep/runs/M1_300k/S32/M1_S32_single_fullk_K1600_b1024_s20k_seed1_to300k,/eagle/lc-mpi/Zhiqing/polaris_ebm/runs_long_k_multinode_sweep/logs/M1_S32_single_fullk_K1600_b1024_s20k_seed1_to300k.pbs.out,2026-05-29T18:20:32Z,submitted,
7176731.polaris-pbs-01.hsn.cm.polaris.alcf.anl.gov,7176818.polaris-pbs-01.hsn.cm.polaris.alcf.anl.gov,M1_S32_single_fullk_K400_b1024_s20k_seed1_to300k,-1,/eagle/lc-mpi/Zhiqing/polaris_ebm/runs_long_k_multinode_sweep/runs/M1_300k/S32/M1_S32_single_fullk_K400_b1024_s20k_seed1_to300k/checkpoints/ckpt_step19999.pt,/eagle/lc-mpi/Zhiqing/polaris_ebm/runs_long_k_multinode_sweep/pbs/M1_S32_single_fullk_K400_b1024_s20k_seed1_to300k.pbs,/eagle/lc-mpi/Zhiqing/polaris_ebm/runs_long_k_multinode_sweep/runs/M1_300k/S32/M1_S32_single_fullk_K400_b1024_s20k_seed1_to300k,/eagle/lc-mpi/Zhiqing/polaris_ebm/runs_long_k_multinode_sweep/logs/M1_S32_single_fullk_K400_b1024_s20k_seed1_to300k.pbs.out,2026-05-29T18:20:32Z,submitted,
7176732.polaris-pbs-01.hsn.cm.polaris.alcf.anl.gov,7176819.polaris-pbs-01.hsn.cm.polaris.alcf.anl.gov,M1_S32_single_fullk_K800_b1024_s20k_seed1_to300k,-1,/eagle/lc-mpi/Zhiqing/polaris_ebm/runs_long_k_multinode_sweep/runs/M1_300k/S32/M1_S32_single_fullk_K800_b1024_s20k_seed1_to300k/checkpoints/ckpt_step14999.pt,/eagle/lc-mpi/Zhiqing/polaris_ebm/runs_long_k_multinode_sweep/pbs/M1_S32_single_fullk_K800_b1024_s20k_seed1_to300k.pbs,/eagle/lc-mpi/Zhiqing/polaris_ebm/runs_long_k_multinode_sweep/runs/M1_300k/S32/M1_S32_single_fullk_K800_b1024_s20k_seed1_to300k,/eagle/lc-mpi/Zhiqing/polaris_ebm/runs_long_k_multinode_sweep/logs/M1_S32_single_fullk_K800_b1024_s20k_seed1_to300k.pbs.out,2026-05-29T18:20:32Z,submitted,
7176802.polaris-pbs-01.hsn.cm.polaris.alcf.anl.gov,7176879.polaris-pbs-01.hsn.cm.polaris.alcf.anl.gov,M1_S16_ddp_fullk_K1600_b512_s20k_seed1_to300k,-1,,/eagle/lc-mpi/Zhiqing/polaris_ebm/runs_long_k_multinode_sweep/pbs/M1_S16_ddp_fullk_K1600_b512_s20k_seed1_to300k.pbs,/eagle/lc-mpi/Zhiqing/polaris_ebm/runs_long_k_multinode_sweep/runs/M1_300k/S16/M1_S16_ddp_fullk_K1600_b512_s20k_seed1_to300k,/eagle/lc-mpi/Zhiqing/polaris_ebm/runs_long_k_multinode_sweep/logs/M1_S16_ddp_fullk_K1600_b512_s20k_seed1_to300k.pbs.out,2026-05-29T18:50:41Z,submitted,
7176803.polaris-pbs-01.hsn.cm.polaris.alcf.anl.gov,7176880.polaris-pbs-01.hsn.cm.polaris.alcf.anl.gov,M1_S16_ddp_fullk_K400_b512_s20k_seed1_to300k,-1,/eagle/lc-mpi/Zhiqing/polaris_ebm/runs_long_k_multinode_sweep/runs/M1_300k/S16/M1_S16_ddp_fullk_K400_b512_s20k_seed1_to300k/checkpoints/ckpt_step4999.pt,/eagle/lc-mpi/Zhiqing/polaris_ebm/runs_long_k_multinode_sweep/pbs/M1_S16_ddp_fullk_K400_b512_s20k_seed1_to300k.pbs,/eagle/lc-mpi/Zhiqing/polaris_ebm/runs_long_k_multinode_sweep/runs/M1_300k/S16/M1_S16_ddp_fullk_K400_b512_s20k_seed1_to300k,/eagle/lc-mpi/Zhiqing/polaris_ebm/runs_long_k_multinode_sweep/logs/M1_S16_ddp_fullk_K400_b512_s20k_seed1_to300k.pbs.out,2026-05-29T18:50:41Z,submitted,
7176804.polaris-pbs-01.hsn.cm.polaris.alcf.anl.gov,7176881.polaris-pbs-01.hsn.cm.polaris.alcf.anl.gov,M1_S16_ddp_fullk_K800_b512_s20k_seed1_to300k,-1,,/eagle/lc-mpi/Zhiqing/polaris_ebm/runs_long_k_multinode_sweep/pbs/M1_S16_ddp_fullk_K800_b512_s20k_seed1_to300k.pbs,/eagle/lc-mpi/Zhiqing/polaris_ebm/runs_long_k_multinode_sweep/runs/M1_300k/S16/M1_S16_ddp_fullk_K800_b512_s20k_seed1_to300k,/eagle/lc-mpi/Zhiqing/polaris_ebm/runs_long_k_multinode_sweep/logs/M1_S16_ddp_fullk_K800_b512_s20k_seed1_to300k.pbs.out,2026-05-29T18:50:41Z,submitted,
7176805.polaris-pbs-01.hsn.cm.polaris.alcf.anl.gov,7176882.polaris-pbs-01.hsn.cm.polaris.alcf.anl.gov,M1_S16_pipe_P16_equal_K1600_b512_s20k_seed1_to300k,-1,,/eagle/lc-mpi/Zhiqing/polaris_ebm/runs_long_k_multinode_sweep/pbs/M1_S16_pipe_P16_equal_K1600_b512_s20k_seed1_to300k.pbs,/eagle/lc-mpi/Zhiqing/polaris_ebm/runs_long_k_multinode_sweep/runs/M1_300k/S16/M1_S16_pipe_P16_equal_K1600_b512_s20k_seed1_to300k,/eagle/lc-mpi/Zhiqing/polaris_ebm/runs_long_k_multinode_sweep/logs/M1_S16_pipe_P16_equal_K1600_b512_s20k_seed1_to300k.pbs.out,2026-05-29T18:50:41Z,submitted,
7176806.polaris-pbs-01.hsn.cm.polaris.alcf.anl.gov,7176883.polaris-pbs-01.hsn.cm.polaris.alcf.anl.gov,M1_S16_pipe_P16_equal_K400_b512_s20k_seed1_to300k,-1,/eagle/lc-mpi/Zhiqing/polaris_ebm/runs_long_k_multinode_sweep/runs/M1_300k/S16/M1_S16_pipe_P16_equal_K400_b512_s20k_seed1_to300k/checkpoints/ckpt_step4999.pt,/eagle/lc-mpi/Zhiqing/polaris_ebm/runs_long_k_multinode_sweep/pbs/M1_S16_pipe_P16_equal_K400_b512_s20k_seed1_to300k.pbs,/eagle/lc-mpi/Zhiqing/polaris_ebm/runs_long_k_multinode_sweep/runs/M1_300k/S16/M1_S16_pipe_P16_equal_K400_b512_s20k_seed1_to300k,/eagle/lc-mpi/Zhiqing/polaris_ebm/runs_long_k_multinode_sweep/logs/M1_S16_pipe_P16_equal_K400_b512_s20k_seed1_to300k.pbs.out,2026-05-29T18:50:41Z,submitted,
7176807.polaris-pbs-01.hsn.cm.polaris.alcf.anl.gov,7176884.polaris-pbs-01.hsn.cm.polaris.alcf.anl.gov,M1_S16_pipe_P16_equal_K800_b512_s20k_seed1_to300k,-1,/eagle/lc-mpi/Zhiqing/polaris_ebm/runs_long_k_multinode_sweep/runs/M1_300k/S16/M1_S16_pipe_P16_equal_K800_b512_s20k_seed1_to300k/checkpoints/ckpt_step19999.pt,/eagle/lc-mpi/Zhiqing/polaris_ebm/runs_long_k_multinode_sweep/pbs/M1_S16_pipe_P16_equal_K800_b512_s20k_seed1_to300k.pbs,/eagle/lc-mpi/Zhiqing/polaris_ebm/runs_long_k_multinode_sweep/runs/M1_300k/S16/M1_S16_pipe_P16_equal_K800_b512_s20k_seed1_to300k,/eagle/lc-mpi/Zhiqing/polaris_ebm/runs_long_k_multinode_sweep/logs/M1_S16_pipe_P16_equal_K800_b512_s20k_seed1_to300k.pbs.out,2026-05-29T18:50:41Z,submitted,
7176808.polaris-pbs-01.hsn.cm.polaris.alcf.anl.gov,7176885.polaris-pbs-01.hsn.cm.polaris.alcf.anl.gov,M1_S16_single_fullk_K1600_b512_s20k_seed1_to300k,-1,/eagle/lc-mpi/Zhiqing/polaris_ebm/runs_long_k_multinode_sweep/runs/M1_300k/S16/M1_S16_single_fullk_K1600_b512_s20k_seed1_to300k/checkpoints/ckpt_step14999.pt,/eagle/lc-mpi/Zhiqing/polaris_ebm/runs_long_k_multinode_sweep/pbs/M1_S16_single_fullk_K1600_b512_s20k_seed1_to300k.pbs,/eagle/lc-mpi/Zhiqing/polaris_ebm/runs_long_k_multinode_sweep/runs/M1_300k/S16/M1_S16_single_fullk_K1600_b512_s20k_seed1_to300k,/eagle/lc-mpi/Zhiqing/polaris_ebm/runs_long_k_multinode_sweep/logs/M1_S16_single_fullk_K1600_b512_s20k_seed1_to300k.pbs.out,2026-05-29T18:50:41Z,submitted,
7176809.polaris-pbs-01.hsn.cm.polaris.alcf.anl.gov,7176886.polaris-pbs-01.hsn.cm.polaris.alcf.anl.gov,M1_S16_single_fullk_K400_b512_s20k_seed1_to300k,-1,/eagle/lc-mpi/Zhiqing/polaris_ebm/runs_long_k_multinode_sweep/runs/M1_300k/S16/M1_S16_single_fullk_K400_b512_s20k_seed1_to300k/checkpoints/ckpt_step19999.pt,/eagle/lc-mpi/Zhiqing/polaris_ebm/runs_long_k_multinode_sweep/pbs/M1_S16_single_fullk_K400_b512_s20k_seed1_to300k.pbs,/eagle/lc-mpi/Zhiqing/polaris_ebm/runs_long_k_multinode_sweep/runs/M1_300k/S16/M1_S16_single_fullk_K400_b512_s20k_seed1_to300k,/eagle/lc-mpi/Zhiqing/polaris_ebm/runs_long_k_multinode_sweep/logs/M1_S16_single_fullk_K400_b512_s20k_seed1_to300k.pbs.out,2026-05-29T18:50:41Z,submitted,
7176810.polaris-pbs-01.hsn.cm.polaris.alcf.anl.gov,7176887.polaris-pbs-01.hsn.cm.polaris.alcf.anl.gov,M1_S16_single_fullk_K800_b512_s20k_seed1_to300k,-1,/eagle/lc-mpi/Zhiqing/polaris_ebm/runs_long_k_multinode_sweep/runs/M1_300k/S16/M1_S16_single_fullk_K800_b512_s20k_seed1_to300k/checkpoints/ckpt_step19999.pt,/eagle/lc-mpi/Zhiqing/polaris_ebm/runs_long_k_multinode_sweep/pbs/M1_S16_single_fullk_K800_b512_s20k_seed1_to300k.pbs,/eagle/lc-mpi/Zhiqing/polaris_ebm/runs_long_k_multinode_sweep/runs/M1_300k/S16/M1_S16_single_fullk_K800_b512_s20k_seed1_to300k,/eagle/lc-mpi/Zhiqing/polaris_ebm/runs_long_k_multinode_sweep/logs/M1_S16_single_fullk_K800_b512_s20k_seed1_to300k.pbs.out,2026-05-29T18:50:41Z,submitted,
7176811.polaris-pbs-01.hsn.cm.polaris.alcf.anl.gov,7176888.polaris-pbs-01.hsn.cm.polaris.alcf.anl.gov,M1_S32_ddp_fullk_K1600_b1024_s20k_seed1_to300k,-1,,/eagle/lc-mpi/Zhiqing/polaris_ebm/runs_long_k_multinode_sweep/pbs/M1_S32_ddp_fullk_K1600_b1024_s20k_seed1_to300k.pbs,/eagle/lc-mpi/Zhiqing/polaris_ebm/runs_long_k_multinode_sweep/runs/M1_300k/S32/M1_S32_ddp_fullk_K1600_b1024_s20k_seed1_to300k,/eagle/lc-mpi/Zhiqing/polaris_ebm/runs_long_k_multinode_sweep/logs/M1_S32_ddp_fullk_K1600_b1024_s20k_seed1_to300k.pbs.out,2026-05-29T18:50:41Z,submitted,
7176812.polaris-pbs-01.hsn.cm.polaris.alcf.anl.gov,7176889.polaris-pbs-01.hsn.cm.polaris.alcf.anl.gov,M1_S32_ddp_fullk_K400_b1024_s20k_seed1_to300k,-1,/eagle/lc-mpi/Zhiqing/polaris_ebm/runs_long_k_multinode_sweep/runs/M1_300k/S32/M1_S32_ddp_fullk_K400_b1024_s20k_seed1_to300k/checkpoints/ckpt_step19999.pt,/eagle/lc-mpi/Zhiqing/polaris_ebm/runs_long_k_multinode_sweep/pbs/M1_S32_ddp_fullk_K400_b1024_s20k_seed1_to300k.pbs,/eagle/lc-mpi/Zhiqing/polaris_ebm/runs_long_k_multinode_sweep/runs/M1_300k/S32/M1_S32_ddp_fullk_K400_b1024_s20k_seed1_to300k,/eagle/lc-mpi/Zhiqing/polaris_ebm/runs_long_k_multinode_sweep/logs/M1_S32_ddp_fullk_K400_b1024_s20k_seed1_to300k.pbs.out,2026-05-29T18:50:41Z,submitted,
7176813.polaris-pbs-01.hsn.cm.polaris.alcf.anl.gov,7176890.polaris-pbs-01.hsn.cm.polaris.alcf.anl.gov,M1_S32_ddp_fullk_K800_b1024_s20k_seed1_to300k,-1,,/eagle/lc-mpi/Zhiqing/polaris_ebm/runs_long_k_multinode_sweep/pbs/M1_S32_ddp_fullk_K800_b1024_s20k_seed1_to300k.pbs,/eagle/lc-mpi/Zhiqing/polaris_ebm/runs_long_k_multinode_sweep/runs/M1_300k/S32/M1_S32_ddp_fullk_K800_b1024_s20k_seed1_to300k,/eagle/lc-mpi/Zhiqing/polaris_ebm/runs_long_k_multinode_sweep/logs/M1_S32_ddp_fullk_K800_b1024_s20k_seed1_to300k.pbs.out,2026-05-29T18:50:41Z,submitted,
7176814.polaris-pbs-01.hsn.cm.polaris.alcf.anl.gov,7176891.polaris-pbs-01.hsn.cm.polaris.alcf.anl.gov,M1_S32_pipe_P32_equal_K1600_b1024_s20k_seed1_to300k,-1,/eagle/lc-mpi/Zhiqing/polaris_ebm/runs_long_k_multinode_sweep/runs/M1_300k/S32/M1_S32_pipe_P32_equal_K1600_b1024_s20k_seed1_to300k/checkpoints/ckpt_step19999.pt,/eagle/lc-mpi/Zhiqing/polaris_ebm/runs_long_k_multinode_sweep/pbs/M1_S32_pipe_P32_equal_K1600_b1024_s20k_seed1_to300k.pbs,/eagle/lc-mpi/Zhiqing/polaris_ebm/runs_long_k_multinode_sweep/runs/M1_300k/S32/M1_S32_pipe_P32_equal_K1600_b1024_s20k_seed1_to300k,/eagle/lc-mpi/Zhiqing/polaris_ebm/runs_long_k_multinode_sweep/logs/M1_S32_pipe_P32_equal_K1600_b1024_s20k_seed1_to300k.pbs.out,2026-05-29T18:50:41Z,submitted,
7176815.polaris-pbs-01.hsn.cm.polaris.alcf.anl.gov,7176892.polaris-pbs-01.hsn.cm.polaris.alcf.anl.gov,M1_S32_pipe_P32_equal_K400_b1024_s20k_seed1_to300k,-1,,/eagle/lc-mpi/Zhiqing/polaris_ebm/runs_long_k_multinode_sweep/pbs/M1_S32_pipe_P32_equal_K400_b1024_s20k_seed1_to300k.pbs,/eagle/lc-mpi/Zhiqing/polaris_ebm/runs_long_k_multinode_sweep/runs/M1_300k/S32/M1_S32_pipe_P32_equal_K400_b1024_s20k_seed1_to300k,/eagle/lc-mpi/Zhiqing/polaris_ebm/runs_long_k_multinode_sweep/logs/M1_S32_pipe_P32_equal_K400_b1024_s20k_seed1_to300k.pbs.out,2026-05-29T18:50:41Z,submitted,
7176816.polaris-pbs-01.hsn.cm.polaris.alcf.anl.gov,7176893.polaris-pbs-01.hsn.cm.polaris.alcf.anl.gov,M1_S32_pipe_P32_equal_K800_b1024_s20k_seed1_to300k,-1,/eagle/lc-mpi/Zhiqing/polaris_ebm/runs_long_k_multinode_sweep/runs/M1_300k/S32/M1_S32_pipe_P32_equal_K800_b1024_s20k_seed1_to300k/checkpoints/ckpt_step19999.pt,/eagle/lc-mpi/Zhiqing/polaris_ebm/runs_long_k_multinode_sweep/pbs/M1_S32_pipe_P32_equal_K800_b1024_s20k_seed1_to300k.pbs,/eagle/lc-mpi/Zhiqing/polaris_ebm/runs_long_k_multinode_sweep/runs/M1_300k/S32/M1_S32_pipe_P32_equal_K800_b1024_s20k_seed1_to300k,/eagle/lc-mpi/Zhiqing/polaris_ebm/runs_long_k_multinode_sweep/logs/M1_S32_pipe_P32_equal_K800_b1024_s20k_seed1_to300k.pbs.out,2026-05-29T18:50:41Z,submitted,
7176817.polaris-pbs-01.hsn.cm.polaris.alcf.anl.gov,7176894.polaris-pbs-01.hsn.cm.polaris.alcf.anl.gov,M1_S32_single_fullk_K1600_b1024_s20k_seed1_to300k,-1,/eagle/lc-mpi/Zhiqing/polaris_ebm/runs_long_k_multinode_sweep/runs/M1_300k/S32/M1_S32_single_fullk_K1600_b1024_s20k_seed1_to300k/checkpoints/ckpt_step4999.pt,/eagle/lc-mpi/Zhiqing/polaris_ebm/runs_long_k_multinode_sweep/pbs/M1_S32_single_fullk_K1600_b1024_s20k_seed1_to300k.pbs,/eagle/lc-mpi/Zhiqing/polaris_ebm/runs_long_k_multinode_sweep/runs/M1_300k/S32/M1_S32_single_fullk_K1600_b1024_s20k_seed1_to300k,/eagle/lc-mpi/Zhiqing/polaris_ebm/runs_long_k_multinode_sweep/logs/M1_S32_single_fullk_K1600_b1024_s20k_seed1_to300k.pbs.out,2026-05-29T18:50:41Z,submitted,
7176818.polaris-pbs-01.hsn.cm.polaris.alcf.anl.gov,7176895.polaris-pbs-01.hsn.cm.polaris.alcf.anl.gov,M1_S32_single_fullk_K400_b1024_s20k_seed1_to300k,-1,/eagle/lc-mpi/Zhiqing/polaris_ebm/runs_long_k_multinode_sweep/runs/M1_300k/S32/M1_S32_single_fullk_K400_b1024_s20k_seed1_to300k/checkpoints/ckpt_step19999.pt,/eagle/lc-mpi/Zhiqing/polaris_ebm/runs_long_k_multinode_sweep/pbs/M1_S32_single_fullk_K400_b1024_s20k_seed1_to300k.pbs,/eagle/lc-mpi/Zhiqing/polaris_ebm/runs_long_k_multinode_sweep/runs/M1_300k/S32/M1_S32_single_fullk_K400_b1024_s20k_seed1_to300k,/eagle/lc-mpi/Zhiqing/polaris_ebm/runs_long_k_multinode_sweep/logs/M1_S32_single_fullk_K400_b1024_s20k_seed1_to300k.pbs.out,2026-05-29T18:50:41Z,submitted,
7176819.polaris-pbs-01.hsn.cm.polaris.alcf.anl.gov,7176896.polaris-pbs-01.hsn.cm.polaris.alcf.anl.gov,M1_S32_single_fullk_K800_b1024_s20k_seed1_to300k,-1,/eagle/lc-mpi/Zhiqing/polaris_ebm/runs_long_k_multinode_sweep/runs/M1_300k/S32/M1_S32_single_fullk_K800_b1024_s20k_seed1_to300k/checkpoints/ckpt_step14999.pt,/eagle/lc-mpi/Zhiqing/polaris_ebm/runs_long_k_multinode_sweep/pbs/M1_S32_single_fullk_K800_b1024_s20k_seed1_to300k.pbs,/eagle/lc-mpi/Zhiqing/polaris_ebm/runs_long_k_multinode_sweep/runs/M1_300k/S32/M1_S32_single_fullk_K800_b1024_s20k_seed1_to300k,/eagle/lc-mpi/Zhiqing/polaris_ebm/runs_long_k_multinode_sweep/logs/M1_S32_single_fullk_K800_b1024_s20k_seed1_to300k.pbs.out,2026-05-29T18:50:41Z,submitted,
7176879.polaris-pbs-01.hsn.cm.polaris.alcf.anl.gov,7176930.polaris-pbs-01.hsn.cm.polaris.alcf.anl.gov,M1_S16_ddp_fullk_K1600_b512_s20k_seed1_to300k,-1,,/eagle/lc-mpi/Zhiqing/polaris_ebm/runs_long_k_multinode_sweep/pbs/M1_S16_ddp_fullk_K1600_b512_s20k_seed1_to300k.pbs,/eagle/lc-mpi/Zhiqing/polaris_ebm/runs_long_k_multinode_sweep/runs/M1_300k/S16/M1_S16_ddp_fullk_K1600_b512_s20k_seed1_to300k,/eagle/lc-mpi/Zhiqing/polaris_ebm/runs_long_k_multinode_sweep/logs/M1_S16_ddp_fullk_K1600_b512_s20k_seed1_to300k.pbs.out,2026-05-29T19:20:49Z,submitted,
7176880.polaris-pbs-01.hsn.cm.polaris.alcf.anl.gov,7176931.polaris-pbs-01.hsn.cm.polaris.alcf.anl.gov,M1_S16_ddp_fullk_K400_b512_s20k_seed1_to300k,-1,/eagle/lc-mpi/Zhiqing/polaris_ebm/runs_long_k_multinode_sweep/runs/M1_300k/S16/M1_S16_ddp_fullk_K400_b512_s20k_seed1_to300k/checkpoints/ckpt_step4999.pt,/eagle/lc-mpi/Zhiqing/polaris_ebm/runs_long_k_multinode_sweep/pbs/M1_S16_ddp_fullk_K400_b512_s20k_seed1_to300k.pbs,/eagle/lc-mpi/Zhiqing/polaris_ebm/runs_long_k_multinode_sweep/runs/M1_300k/S16/M1_S16_ddp_fullk_K400_b512_s20k_seed1_to300k,/eagle/lc-mpi/Zhiqing/polaris_ebm/runs_long_k_multinode_sweep/logs/M1_S16_ddp_fullk_K400_b512_s20k_seed1_to300k.pbs.out,2026-05-29T19:20:49Z,submitted,
7176881.polaris-pbs-01.hsn.cm.polaris.alcf.anl.gov,7176932.polaris-pbs-01.hsn.cm.polaris.alcf.anl.gov,M1_S16_ddp_fullk_K800_b512_s20k_seed1_to300k,-1,,/eagle/lc-mpi/Zhiqing/polaris_ebm/runs_long_k_multinode_sweep/pbs/M1_S16_ddp_fullk_K800_b512_s20k_seed1_to300k.pbs,/eagle/lc-mpi/Zhiqing/polaris_ebm/runs_long_k_multinode_sweep/runs/M1_300k/S16/M1_S16_ddp_fullk_K800_b512_s20k_seed1_to300k,/eagle/lc-mpi/Zhiqing/polaris_ebm/runs_long_k_multinode_sweep/logs/M1_S16_ddp_fullk_K800_b512_s20k_seed1_to300k.pbs.out,2026-05-29T19:20:49Z,submitted,
7176882.polaris-pbs-01.hsn.cm.polaris.alcf.anl.gov,7176933.polaris-pbs-01.hsn.cm.polaris.alcf.anl.gov,M1_S16_pipe_P16_equal_K1600_b512_s20k_seed1_to300k,-1,,/eagle/lc-mpi/Zhiqing/polaris_ebm/runs_long_k_multinode_sweep/pbs/M1_S16_pipe_P16_equal_K1600_b512_s20k_seed1_to300k.pbs,/eagle/lc-mpi/Zhiqing/polaris_ebm/runs_long_k_multinode_sweep/runs/M1_300k/S16/M1_S16_pipe_P16_equal_K1600_b512_s20k_seed1_to300k,/eagle/lc-mpi/Zhiqing/polaris_ebm/runs_long_k_multinode_sweep/logs/M1_S16_pipe_P16_equal_K1600_b512_s20k_seed1_to300k.pbs.out,2026-05-29T19:20:49Z,submitted,
7176883.polaris-pbs-01.hsn.cm.polaris.alcf.anl.gov,7176934.polaris-pbs-01.hsn.cm.polaris.alcf.anl.gov,M1_S16_pipe_P16_equal_K400_b512_s20k_seed1_to300k,-1,/eagle/lc-mpi/Zhiqing/polaris_ebm/runs_long_k_multinode_sweep/runs/M1_300k/S16/M1_S16_pipe_P16_equal_K400_b512_s20k_seed1_to300k/checkpoints/ckpt_step4999.pt,/eagle/lc-mpi/Zhiqing/polaris_ebm/runs_long_k_multinode_sweep/pbs/M1_S16_pipe_P16_equal_K400_b512_s20k_seed1_to300k.pbs,/eagle/lc-mpi/Zhiqing/polaris_ebm/runs_long_k_multinode_sweep/runs/M1_300k/S16/M1_S16_pipe_P16_equal_K400_b512_s20k_seed1_to300k,/eagle/lc-mpi/Zhiqing/polaris_ebm/runs_long_k_multinode_sweep/logs/M1_S16_pipe_P16_equal_K400_b512_s20k_seed1_to300k.pbs.out,2026-05-29T19:20:49Z,submitted,
7176884.polaris-pbs-01.hsn.cm.polaris.alcf.anl.gov,7176935.polaris-pbs-01.hsn.cm.polaris.alcf.anl.gov,M1_S16_pipe_P16_equal_K800_b512_s20k_seed1_to300k,-1,/eagle/lc-mpi/Zhiqing/polaris_ebm/runs_long_k_multinode_sweep/runs/M1_300k/S16/M1_S16_pipe_P16_equal_K800_b512_s20k_seed1_to300k/checkpoints/ckpt_step19999.pt,/eagle/lc-mpi/Zhiqing/polaris_ebm/runs_long_k_multinode_sweep/pbs/M1_S16_pipe_P16_equal_K800_b512_s20k_seed1_to300k.pbs,/eagle/lc-mpi/Zhiqing/polaris_ebm/runs_long_k_multinode_sweep/runs/M1_300k/S16/M1_S16_pipe_P16_equal_K800_b512_s20k_seed1_to300k,/eagle/lc-mpi/Zhiqing/polaris_ebm/runs_long_k_multinode_sweep/logs/M1_S16_pipe_P16_equal_K800_b512_s20k_seed1_to300k.pbs.out,2026-05-29T19:20:49Z,submitted,
7176885.polaris-pbs-01.hsn.cm.polaris.alcf.anl.gov,7176936.polaris-pbs-01.hsn.cm.polaris.alcf.anl.gov,M1_S16_single_fullk_K1600_b512_s20k_seed1_to300k,-1,/eagle/lc-mpi/Zhiqing/polaris_ebm/runs_long_k_multinode_sweep/runs/M1_300k/S16/M1_S16_single_fullk_K1600_b512_s20k_seed1_to300k/checkpoints/ckpt_step14999.pt,/eagle/lc-mpi/Zhiqing/polaris_ebm/runs_long_k_multinode_sweep/pbs/M1_S16_single_fullk_K1600_b512_s20k_seed1_to300k.pbs,/eagle/lc-mpi/Zhiqing/polaris_ebm/runs_long_k_multinode_sweep/runs/M1_300k/S16/M1_S16_single_fullk_K1600_b512_s20k_seed1_to300k,/eagle/lc-mpi/Zhiqing/polaris_ebm/runs_long_k_multinode_sweep/logs/M1_S16_single_fullk_K1600_b512_s20k_seed1_to300k.pbs.out,2026-05-29T19:20:49Z,submitted,
7176886.polaris-pbs-01.hsn.cm.polaris.alcf.anl.gov,7176937.polaris-pbs-01.hsn.cm.polaris.alcf.anl.gov,M1_S16_single_fullk_K400_b512_s20k_seed1_to300k,-1,/eagle/lc-mpi/Zhiqing/polaris_ebm/runs_long_k_multinode_sweep/runs/M1_300k/S16/M1_S16_single_fullk_K400_b512_s20k_seed1_to300k/checkpoints/ckpt_step19999.pt,/eagle/lc-mpi/Zhiqing/polaris_ebm/runs_long_k_multinode_sweep/pbs/M1_S16_single_fullk_K400_b512_s20k_seed1_to300k.pbs,/eagle/lc-mpi/Zhiqing/polaris_ebm/runs_long_k_multinode_sweep/runs/M1_300k/S16/M1_S16_single_fullk_K400_b512_s20k_seed1_to300k,/eagle/lc-mpi/Zhiqing/polaris_ebm/runs_long_k_multinode_sweep/logs/M1_S16_single_fullk_K400_b512_s20k_seed1_to300k.pbs.out,2026-05-29T19:20:49Z,submitted,
7176887.polaris-pbs-01.hsn.cm.polaris.alcf.anl.gov,7176938.polaris-pbs-01.hsn.cm.polaris.alcf.anl.gov,M1_S16_single_fullk_K800_b512_s20k_seed1_to300k,-1,/eagle/lc-mpi/Zhiqing/polaris_ebm/runs_long_k_multinode_sweep/runs/M1_300k/S16/M1_S16_single_fullk_K800_b512_s20k_seed1_to300k/checkpoints/ckpt_step19999.pt,/eagle/lc-mpi/Zhiqing/polaris_ebm/runs_long_k_multinode_sweep/pbs/M1_S16_single_fullk_K800_b512_s20k_seed1_to300k.pbs,/eagle/lc-mpi/Zhiqing/polaris_ebm/runs_long_k_multinode_sweep/runs/M1_300k/S16/M1_S16_single_fullk_K800_b512_s20k_seed1_to300k,/eagle/lc-mpi/Zhiqing/polaris_ebm/runs_long_k_multinode_sweep/logs/M1_S16_single_fullk_K800_b512_s20k_seed1_to300k.pbs.out,2026-05-29T19:20:49Z,submitted,
7176888.polaris-pbs-01.hsn.cm.polaris.alcf.anl.gov,7176939.polaris-pbs-01.hsn.cm.polaris.alcf.anl.gov,M1_S32_ddp_fullk_K1600_b1024_s20k_seed1_to300k,-1,,/eagle/lc-mpi/Zhiqing/polaris_ebm/runs_long_k_multinode_sweep/pbs/M1_S32_ddp_fullk_K1600_b1024_s20k_seed1_to300k.pbs,/eagle/lc-mpi/Zhiqing/polaris_ebm/runs_long_k_multinode_sweep/runs/M1_300k/S32/M1_S32_ddp_fullk_K1600_b1024_s20k_seed1_to300k,/eagle/lc-mpi/Zhiqing/polaris_ebm/runs_long_k_multinode_sweep/logs/M1_S32_ddp_fullk_K1600_b1024_s20k_seed1_to300k.pbs.out,2026-05-29T19:20:49Z,submitted,
7176889.polaris-pbs-01.hsn.cm.polaris.alcf.anl.gov,7176940.polaris-pbs-01.hsn.cm.polaris.alcf.anl.gov,M1_S32_ddp_fullk_K400_b1024_s20k_seed1_to300k,-1,/eagle/lc-mpi/Zhiqing/polaris_ebm/runs_long_k_multinode_sweep/runs/M1_300k/S32/M1_S32_ddp_fullk_K400_b1024_s20k_seed1_to300k/checkpoints/ckpt_step19999.pt,/eagle/lc-mpi/Zhiqing/polaris_ebm/runs_long_k_multinode_sweep/pbs/M1_S32_ddp_fullk_K400_b1024_s20k_seed1_to300k.pbs,/eagle/lc-mpi/Zhiqing/polaris_ebm/runs_long_k_multinode_sweep/runs/M1_300k/S32/M1_S32_ddp_fullk_K400_b1024_s20k_seed1_to300k,/eagle/lc-mpi/Zhiqing/polaris_ebm/runs_long_k_multinode_sweep/logs/M1_S32_ddp_fullk_K400_b1024_s20k_seed1_to300k.pbs.out,2026-05-29T19:20:49Z,submitted,
7176890.polaris-pbs-01.hsn.cm.polaris.alcf.anl.gov,7176941.polaris-pbs-01.hsn.cm.polaris.alcf.anl.gov,M1_S32_ddp_fullk_K800_b1024_s20k_seed1_to300k,-1,,/eagle/lc-mpi/Zhiqing/polaris_ebm/runs_long_k_multinode_sweep/pbs/M1_S32_ddp_fullk_K800_b1024_s20k_seed1_to300k.pbs,/eagle/lc-mpi/Zhiqing/polaris_ebm/runs_long_k_multinode_sweep/runs/M1_300k/S32/M1_S32_ddp_fullk_K800_b1024_s20k_seed1_to300k,/eagle/lc-mpi/Zhiqing/polaris_ebm/runs_long_k_multinode_sweep/logs/M1_S32_ddp_fullk_K800_b1024_s20k_seed1_to300k.pbs.out,2026-05-29T19:20:49Z,submitted,
7176891.polaris-pbs-01.hsn.cm.polaris.alcf.anl.gov,7176942.polaris-pbs-01.hsn.cm.polaris.alcf.anl.gov,M1_S32_pipe_P32_equal_K1600_b1024_s20k_seed1_to300k,-1,/eagle/lc-mpi/Zhiqing/polaris_ebm/runs_long_k_multinode_sweep/runs/M1_300k/S32/M1_S32_pipe_P32_equal_K1600_b1024_s20k_seed1_to300k/checkpoints/ckpt_step19999.pt,/eagle/lc-mpi/Zhiqing/polaris_ebm/runs_long_k_multinode_sweep/pbs/M1_S32_pipe_P32_equal_K1600_b1024_s20k_seed1_to300k.pbs,/eagle/lc-mpi/Zhiqing/polaris_ebm/runs_long_k_multinode_sweep/runs/M1_300k/S32/M1_S32_pipe_P32_equal_K1600_b1024_s20k_seed1_to300k,/eagle/lc-mpi/Zhiqing/polaris_ebm/runs_long_k_multinode_sweep/logs/M1_S32_pipe_P32_equal_K1600_b1024_s20k_seed1_to300k.pbs.out,2026-05-29T19:20:49Z,submitted,
7176892.polaris-pbs-01.hsn.cm.polaris.alcf.anl.gov,7176943.polaris-pbs-01.hsn.cm.polaris.alcf.anl.gov,M1_S32_pipe_P32_equal_K400_b1024_s20k_seed1_to300k,-1,,/eagle/lc-mpi/Zhiqing/polaris_ebm/runs_long_k_multinode_sweep/pbs/M1_S32_pipe_P32_equal_K400_b1024_s20k_seed1_to300k.pbs,/eagle/lc-mpi/Zhiqing/polaris_ebm/runs_long_k_multinode_sweep/runs/M1_300k/S32/M1_S32_pipe_P32_equal_K400_b1024_s20k_seed1_to300k,/eagle/lc-mpi/Zhiqing/polaris_ebm/runs_long_k_multinode_sweep/logs/M1_S32_pipe_P32_equal_K400_b1024_s20k_seed1_to300k.pbs.out,2026-05-29T19:20:49Z,submitted,
7176893.polaris-pbs-01.hsn.cm.polaris.alcf.anl.gov,7176944.polaris-pbs-01.hsn.cm.polaris.alcf.anl.gov,M1_S32_pipe_P32_equal_K800_b1024_s20k_seed1_to300k,-1,/eagle/lc-mpi/Zhiqing/polaris_ebm/runs_long_k_multinode_sweep/runs/M1_300k/S32/M1_S32_pipe_P32_equal_K800_b1024_s20k_seed1_to300k/checkpoints/ckpt_step19999.pt,/eagle/lc-mpi/Zhiqing/polaris_ebm/runs_long_k_multinode_sweep/pbs/M1_S32_pipe_P32_equal_K800_b1024_s20k_seed1_to300k.pbs,/eagle/lc-mpi/Zhiqing/polaris_ebm/runs_long_k_multinode_sweep/runs/M1_300k/S32/M1_S32_pipe_P32_equal_K800_b1024_s20k_seed1_to300k,/eagle/lc-mpi/Zhiqing/polaris_ebm/runs_long_k_multinode_sweep/logs/M1_S32_pipe_P32_equal_K800_b1024_s20k_seed1_to300k.pbs.out,2026-05-29T19:20:49Z,submitted,
7176894.polaris-pbs-01.hsn.cm.polaris.alcf.anl.gov,7176945.polaris-pbs-01.hsn.cm.polaris.alcf.anl.gov,M1_S32_single_fullk_K1600_b1024_s20k_seed1_to300k,-1,/eagle/lc-mpi/Zhiqing/polaris_ebm/runs_long_k_multinode_sweep/runs/M1_300k/S32/M1_S32_single_fullk_K1600_b1024_s20k_seed1_to300k/checkpoints/ckpt_step4999.pt,/eagle/lc-mpi/Zhiqing/polaris_ebm/runs_long_k_multinode_sweep/pbs/M1_S32_single_fullk_K1600_b1024_s20k_seed1_to300k.pbs,/eagle/lc-mpi/Zhiqing/polaris_ebm/runs_long_k_multinode_sweep/runs/M1_300k/S32/M1_S32_single_fullk_K1600_b1024_s20k_seed1_to300k,/eagle/lc-mpi/Zhiqing/polaris_ebm/runs_long_k_multinode_sweep/logs/M1_S32_single_fullk_K1600_b1024_s20k_seed1_to300k.pbs.out,2026-05-29T19:20:49Z,submitted,
7176895.polaris-pbs-01.hsn.cm.polaris.alcf.anl.gov,7176946.polaris-pbs-01.hsn.cm.polaris.alcf.anl.gov,M1_S32_single_fullk_K400_b1024_s20k_seed1_to300k,-1,/eagle/lc-mpi/Zhiqing/polaris_ebm/runs_long_k_multinode_sweep/runs/M1_300k/S32/M1_S32_single_fullk_K400_b1024_s20k_seed1_to300k/checkpoints/ckpt_step19999.pt,/eagle/lc-mpi/Zhiqing/polaris_ebm/runs_long_k_multinode_sweep/pbs/M1_S32_single_fullk_K400_b1024_s20k_seed1_to300k.pbs,/eagle/lc-mpi/Zhiqing/polaris_ebm/runs_long_k_multinode_sweep/runs/M1_300k/S32/M1_S32_single_fullk_K400_b1024_s20k_seed1_to300k,/eagle/lc-mpi/Zhiqing/polaris_ebm/runs_long_k_multinode_sweep/logs/M1_S32_single_fullk_K400_b1024_s20k_seed1_to300k.pbs.out,2026-05-29T19:20:49Z,submitted,
7176896.polaris-pbs-01.hsn.cm.polaris.alcf.anl.gov,7176947.polaris-pbs-01.hsn.cm.polaris.alcf.anl.gov,M1_S32_single_fullk_K800_b1024_s20k_seed1_to300k,-1,/eagle/lc-mpi/Zhiqing/polaris_ebm/runs_long_k_multinode_sweep/runs/M1_300k/S32/M1_S32_single_fullk_K800_b1024_s20k_seed1_to300k/checkpoints/ckpt_step14999.pt,/eagle/lc-mpi/Zhiqing/polaris_ebm/runs_long_k_multinode_sweep/pbs/M1_S32_single_fullk_K800_b1024_s20k_seed1_to300k.pbs,/eagle/lc-mpi/Zhiqing/polaris_ebm/runs_long_k_multinode_sweep/runs/M1_300k/S32/M1_S32_single_fullk_K800_b1024_s20k_seed1_to300k,/eagle/lc-mpi/Zhiqing/polaris_ebm/runs_long_k_multinode_sweep/logs/M1_S32_single_fullk_K800_b1024_s20k_seed1_to300k.pbs.out,2026-05-29T19:20:49Z,submitted,
7176930.polaris-pbs-01.hsn.cm.polaris.alcf.anl.gov,7176987.polaris-pbs-01.hsn.cm.polaris.alcf.anl.gov,M1_S16_ddp_fullk_K1600_b512_s20k_seed1_to300k,-1,,/eagle/lc-mpi/Zhiqing/polaris_ebm/runs_long_k_multinode_sweep/pbs/M1_S16_ddp_fullk_K1600_b512_s20k_seed1_to300k.pbs,/eagle/lc-mpi/Zhiqing/polaris_ebm/runs_long_k_multinode_sweep/runs/M1_300k/S16/M1_S16_ddp_fullk_K1600_b512_s20k_seed1_to300k,/eagle/lc-mpi/Zhiqing/polaris_ebm/runs_long_k_multinode_sweep/logs/M1_S16_ddp_fullk_K1600_b512_s20k_seed1_to300k.pbs.out,2026-05-29T19:50:57Z,submitted,
7176931.polaris-pbs-01.hsn.cm.polaris.alcf.anl.gov,7176988.polaris-pbs-01.hsn.cm.polaris.alcf.anl.gov,M1_S16_ddp_fullk_K400_b512_s20k_seed1_to300k,-1,/eagle/lc-mpi/Zhiqing/polaris_ebm/runs_long_k_multinode_sweep/runs/M1_300k/S16/M1_S16_ddp_fullk_K400_b512_s20k_seed1_to300k/checkpoints/ckpt_step4999.pt,/eagle/lc-mpi/Zhiqing/polaris_ebm/runs_long_k_multinode_sweep/pbs/M1_S16_ddp_fullk_K400_b512_s20k_seed1_to300k.pbs,/eagle/lc-mpi/Zhiqing/polaris_ebm/runs_long_k_multinode_sweep/runs/M1_300k/S16/M1_S16_ddp_fullk_K400_b512_s20k_seed1_to300k,/eagle/lc-mpi/Zhiqing/polaris_ebm/runs_long_k_multinode_sweep/logs/M1_S16_ddp_fullk_K400_b512_s20k_seed1_to300k.pbs.out,2026-05-29T19:50:57Z,submitted,
7176932.polaris-pbs-01.hsn.cm.polaris.alcf.anl.gov,7176989.polaris-pbs-01.hsn.cm.polaris.alcf.anl.gov,M1_S16_ddp_fullk_K800_b512_s20k_seed1_to300k,-1,,/eagle/lc-mpi/Zhiqing/polaris_ebm/runs_long_k_multinode_sweep/pbs/M1_S16_ddp_fullk_K800_b512_s20k_seed1_to300k.pbs,/eagle/lc-mpi/Zhiqing/polaris_ebm/runs_long_k_multinode_sweep/runs/M1_300k/S16/M1_S16_ddp_fullk_K800_b512_s20k_seed1_to300k,/eagle/lc-mpi/Zhiqing/polaris_ebm/runs_long_k_multinode_sweep/logs/M1_S16_ddp_fullk_K800_b512_s20k_seed1_to300k.pbs.out,2026-05-29T19:50:57Z,submitted,
7176933.polaris-pbs-01.hsn.cm.polaris.alcf.anl.gov,7176990.polaris-pbs-01.hsn.cm.polaris.alcf.anl.gov,M1_S16_pipe_P16_equal_K1600_b512_s20k_seed1_to300k,-1,,/eagle/lc-mpi/Zhiqing/polaris_ebm/runs_long_k_multinode_sweep/pbs/M1_S16_pipe_P16_equal_K1600_b512_s20k_seed1_to300k.pbs,/eagle/lc-mpi/Zhiqing/polaris_ebm/runs_long_k_multinode_sweep/runs/M1_300k/S16/M1_S16_pipe_P16_equal_K1600_b512_s20k_seed1_to300k,/eagle/lc-mpi/Zhiqing/polaris_ebm/runs_long_k_multinode_sweep/logs/M1_S16_pipe_P16_equal_K1600_b512_s20k_seed1_to300k.pbs.out,2026-05-29T19:50:57Z,submitted,
7176934.polaris-pbs-01.hsn.cm.polaris.alcf.anl.gov,7176991.polaris-pbs-01.hsn.cm.polaris.alcf.anl.gov,M1_S16_pipe_P16_equal_K400_b512_s20k_seed1_to300k,-1,/eagle/lc-mpi/Zhiqing/polaris_ebm/runs_long_k_multinode_sweep/runs/M1_300k/S16/M1_S16_pipe_P16_equal_K400_b512_s20k_seed1_to300k/checkpoints/ckpt_step4999.pt,/eagle/lc-mpi/Zhiqing/polaris_ebm/runs_long_k_multinode_sweep/pbs/M1_S16_pipe_P16_equal_K400_b512_s20k_seed1_to300k.pbs,/eagle/lc-mpi/Zhiqing/polaris_ebm/runs_long_k_multinode_sweep/runs/M1_300k/S16/M1_S16_pipe_P16_equal_K400_b512_s20k_seed1_to300k,/eagle/lc-mpi/Zhiqing/polaris_ebm/runs_long_k_multinode_sweep/logs/M1_S16_pipe_P16_equal_K400_b512_s20k_seed1_to300k.pbs.out,2026-05-29T19:50:57Z,submitted,
7176935.polaris-pbs-01.hsn.cm.polaris.alcf.anl.gov,7176992.polaris-pbs-01.hsn.cm.polaris.alcf.anl.gov,M1_S16_pipe_P16_equal_K800_b512_s20k_seed1_to300k,-1,/eagle/lc-mpi/Zhiqing/polaris_ebm/runs_long_k_multinode_sweep/runs/M1_300k/S16/M1_S16_pipe_P16_equal_K800_b512_s20k_seed1_to300k/checkpoints/ckpt_step19999.pt,/eagle/lc-mpi/Zhiqing/polaris_ebm/runs_long_k_multinode_sweep/pbs/M1_S16_pipe_P16_equal_K800_b512_s20k_seed1_to300k.pbs,/eagle/lc-mpi/Zhiqing/polaris_ebm/runs_long_k_multinode_sweep/runs/M1_300k/S16/M1_S16_pipe_P16_equal_K800_b512_s20k_seed1_to300k,/eagle/lc-mpi/Zhiqing/polaris_ebm/runs_long_k_multinode_sweep/logs/M1_S16_pipe_P16_equal_K800_b512_s20k_seed1_to300k.pbs.out,2026-05-29T19:50:57Z,submitted,
7176936.polaris-pbs-01.hsn.cm.polaris.alcf.anl.gov,7176993.polaris-pbs-01.hsn.cm.polaris.alcf.anl.gov,M1_S16_single_fullk_K1600_b512_s20k_seed1_to300k,-1,/eagle/lc-mpi/Zhiqing/polaris_ebm/runs_long_k_multinode_sweep/runs/M1_300k/S16/M1_S16_single_fullk_K1600_b512_s20k_seed1_to300k/checkpoints/ckpt_step14999.pt,/eagle/lc-mpi/Zhiqing/polaris_ebm/runs_long_k_multinode_sweep/pbs/M1_S16_single_fullk_K1600_b512_s20k_seed1_to300k.pbs,/eagle/lc-mpi/Zhiqing/polaris_ebm/runs_long_k_multinode_sweep/runs/M1_300k/S16/M1_S16_single_fullk_K1600_b512_s20k_seed1_to300k,/eagle/lc-mpi/Zhiqing/polaris_ebm/runs_long_k_multinode_sweep/logs/M1_S16_single_fullk_K1600_b512_s20k_seed1_to300k.pbs.out,2026-05-29T19:50:57Z,submitted,
7176937.polaris-pbs-01.hsn.cm.polaris.alcf.anl.gov,7176994.polaris-pbs-01.hsn.cm.polaris.alcf.anl.gov,M1_S16_single_fullk_K400_b512_s20k_seed1_to300k,-1,/eagle/lc-mpi/Zhiqing/polaris_ebm/runs_long_k_multinode_sweep/runs/M1_300k/S16/M1_S16_single_fullk_K400_b512_s20k_seed1_to300k/checkpoints/ckpt_step19999.pt,/eagle/lc-mpi/Zhiqing/polaris_ebm/runs_long_k_multinode_sweep/pbs/M1_S16_single_fullk_K400_b512_s20k_seed1_to300k.pbs,/eagle/lc-mpi/Zhiqing/polaris_ebm/runs_long_k_multinode_sweep/runs/M1_300k/S16/M1_S16_single_fullk_K400_b512_s20k_seed1_to300k,/eagle/lc-mpi/Zhiqing/polaris_ebm/runs_long_k_multinode_sweep/logs/M1_S16_single_fullk_K400_b512_s20k_seed1_to300k.pbs.out,2026-05-29T19:50:57Z,submitted,
7176938.polaris-pbs-01.hsn.cm.polaris.alcf.anl.gov,7176995.polaris-pbs-01.hsn.cm.polaris.alcf.anl.gov,M1_S16_single_fullk_K800_b512_s20k_seed1_to300k,-1,/eagle/lc-mpi/Zhiqing/polaris_ebm/runs_long_k_multinode_sweep/runs/M1_300k/S16/M1_S16_single_fullk_K800_b512_s20k_seed1_to300k/checkpoints/ckpt_step19999.pt,/eagle/lc-mpi/Zhiqing/polaris_ebm/runs_long_k_multinode_sweep/pbs/M1_S16_single_fullk_K800_b512_s20k_seed1_to300k.pbs,/eagle/lc-mpi/Zhiqing/polaris_ebm/runs_long_k_multinode_sweep/runs/M1_300k/S16/M1_S16_single_fullk_K800_b512_s20k_seed1_to300k,/eagle/lc-mpi/Zhiqing/polaris_ebm/runs_long_k_multinode_sweep/logs/M1_S16_single_fullk_K800_b512_s20k_seed1_to300k.pbs.out,2026-05-29T19:50:57Z,submitted,
7176939.polaris-pbs-01.hsn.cm.polaris.alcf.anl.gov,7176996.polaris-pbs-01.hsn.cm.polaris.alcf.anl.gov,M1_S32_ddp_fullk_K1600_b1024_s20k_seed1_to300k,-1,,/eagle/lc-mpi/Zhiqing/polaris_ebm/runs_long_k_multinode_sweep/pbs/M1_S32_ddp_fullk_K1600_b1024_s20k_seed1_to300k.pbs,/eagle/lc-mpi/Zhiqing/polaris_ebm/runs_long_k_multinode_sweep/runs/M1_300k/S32/M1_S32_ddp_fullk_K1600_b1024_s20k_seed1_to300k,/eagle/lc-mpi/Zhiqing/polaris_ebm/runs_long_k_multinode_sweep/logs/M1_S32_ddp_fullk_K1600_b1024_s20k_seed1_to300k.pbs.out,2026-05-29T19:50:57Z,submitted,
7176940.polaris-pbs-01.hsn.cm.polaris.alcf.anl.gov,7176997.polaris-pbs-01.hsn.cm.polaris.alcf.anl.gov,M1_S32_ddp_fullk_K400_b1024_s20k_seed1_to300k,-1,/eagle/lc-mpi/Zhiqing/polaris_ebm/runs_long_k_multinode_sweep/runs/M1_300k/S32/M1_S32_ddp_fullk_K400_b1024_s20k_seed1_to300k/checkpoints/ckpt_step19999.pt,/eagle/lc-mpi/Zhiqing/polaris_ebm/runs_long_k_multinode_sweep/pbs/M1_S32_ddp_fullk_K400_b1024_s20k_seed1_to300k.pbs,/eagle/lc-mpi/Zhiqing/polaris_ebm/runs_long_k_multinode_sweep/runs/M1_300k/S32/M1_S32_ddp_fullk_K400_b1024_s20k_seed1_to300k,/eagle/lc-mpi/Zhiqing/polaris_ebm/runs_long_k_multinode_sweep/logs/M1_S32_ddp_fullk_K400_b1024_s20k_seed1_to300k.pbs.out,2026-05-29T19:50:57Z,submitted,
7176941.polaris-pbs-01.hsn.cm.polaris.alcf.anl.gov,7176998.polaris-pbs-01.hsn.cm.polaris.alcf.anl.gov,M1_S32_ddp_fullk_K800_b1024_s20k_seed1_to300k,-1,,/eagle/lc-mpi/Zhiqing/polaris_ebm/runs_long_k_multinode_sweep/pbs/M1_S32_ddp_fullk_K800_b1024_s20k_seed1_to300k.pbs,/eagle/lc-mpi/Zhiqing/polaris_ebm/runs_long_k_multinode_sweep/runs/M1_300k/S32/M1_S32_ddp_fullk_K800_b1024_s20k_seed1_to300k,/eagle/lc-mpi/Zhiqing/polaris_ebm/runs_long_k_multinode_sweep/logs/M1_S32_ddp_fullk_K800_b1024_s20k_seed1_to300k.pbs.out,2026-05-29T19:50:57Z,submitted,
7176942.polaris-pbs-01.hsn.cm.polaris.alcf.anl.gov,7176999.polaris-pbs-01.hsn.cm.polaris.alcf.anl.gov,M1_S32_pipe_P32_equal_K1600_b1024_s20k_seed1_to300k,-1,/eagle/lc-mpi/Zhiqing/polaris_ebm/runs_long_k_multinode_sweep/runs/M1_300k/S32/M1_S32_pipe_P32_equal_K1600_b1024_s20k_seed1_to300k/checkpoints/ckpt_step19999.pt,/eagle/lc-mpi/Zhiqing/polaris_ebm/runs_long_k_multinode_sweep/pbs/M1_S32_pipe_P32_equal_K1600_b1024_s20k_seed1_to300k.pbs,/eagle/lc-mpi/Zhiqing/polaris_ebm/runs_long_k_multinode_sweep/runs/M1_300k/S32/M1_S32_pipe_P32_equal_K1600_b1024_s20k_seed1_to300k,/eagle/lc-mpi/Zhiqing/polaris_ebm/runs_long_k_multinode_sweep/logs/M1_S32_pipe_P32_equal_K1600_b1024_s20k_seed1_to300k.pbs.out,2026-05-29T19:50:57Z,submitted,
7176943.polaris-pbs-01.hsn.cm.polaris.alcf.anl.gov,7177000.polaris-pbs-01.hsn.cm.polaris.alcf.anl.gov,M1_S32_pipe_P32_equal_K400_b1024_s20k_seed1_to300k,-1,,/eagle/lc-mpi/Zhiqing/polaris_ebm/runs_long_k_multinode_sweep/pbs/M1_S32_pipe_P32_equal_K400_b1024_s20k_seed1_to300k.pbs,/eagle/lc-mpi/Zhiqing/polaris_ebm/runs_long_k_multinode_sweep/runs/M1_300k/S32/M1_S32_pipe_P32_equal_K400_b1024_s20k_seed1_to300k,/eagle/lc-mpi/Zhiqing/polaris_ebm/runs_long_k_multinode_sweep/logs/M1_S32_pipe_P32_equal_K400_b1024_s20k_seed1_to300k.pbs.out,2026-05-29T19:50:57Z,submitted,
7176944.polaris-pbs-01.hsn.cm.polaris.alcf.anl.gov,7177001.polaris-pbs-01.hsn.cm.polaris.alcf.anl.gov,M1_S32_pipe_P32_equal_K800_b1024_s20k_seed1_to300k,-1,/eagle/lc-mpi/Zhiqing/polaris_ebm/runs_long_k_multinode_sweep/runs/M1_300k/S32/M1_S32_pipe_P32_equal_K800_b1024_s20k_seed1_to300k/checkpoints/ckpt_step19999.pt,/eagle/lc-mpi/Zhiqing/polaris_ebm/runs_long_k_multinode_sweep/pbs/M1_S32_pipe_P32_equal_K800_b1024_s20k_seed1_to300k.pbs,/eagle/lc-mpi/Zhiqing/polaris_ebm/runs_long_k_multinode_sweep/runs/M1_300k/S32/M1_S32_pipe_P32_equal_K800_b1024_s20k_seed1_to300k,/eagle/lc-mpi/Zhiqing/polaris_ebm/runs_long_k_multinode_sweep/logs/M1_S32_pipe_P32_equal_K800_b1024_s20k_seed1_to300k.pbs.out,2026-05-29T19:50:57Z,submitted,
7176945.polaris-pbs-01.hsn.cm.polaris.alcf.anl.gov,7177002.polaris-pbs-01.hsn.cm.polaris.alcf.anl.gov,M1_S32_single_fullk_K1600_b1024_s20k_seed1_to300k,-1,/eagle/lc-mpi/Zhiqing/polaris_ebm/runs_long_k_multinode_sweep/runs/M1_300k/S32/M1_S32_single_fullk_K1600_b1024_s20k_seed1_to300k/checkpoints/ckpt_step4999.pt,/eagle/lc-mpi/Zhiqing/polaris_ebm/runs_long_k_multinode_sweep/pbs/M1_S32_single_fullk_K1600_b1024_s20k_seed1_to300k.pbs,/eagle/lc-mpi/Zhiqing/polaris_ebm/runs_long_k_multinode_sweep/runs/M1_300k/S32/M1_S32_single_fullk_K1600_b1024_s20k_seed1_to300k,/eagle/lc-mpi/Zhiqing/polaris_ebm/runs_long_k_multinode_sweep/logs/M1_S32_single_fullk_K1600_b1024_s20k_seed1_to300k.pbs.out,2026-05-29T19:50:57Z,submitted,
7176946.polaris-pbs-01.hsn.cm.polaris.alcf.anl.gov,7177003.polaris-pbs-01.hsn.cm.polaris.alcf.anl.gov,M1_S32_single_fullk_K400_b1024_s20k_seed1_to300k,-1,/eagle/lc-mpi/Zhiqing/polaris_ebm/runs_long_k_multinode_sweep/runs/M1_300k/S32/M1_S32_single_fullk_K400_b1024_s20k_seed1_to300k/checkpoints/ckpt_step19999.pt,/eagle/lc-mpi/Zhiqing/polaris_ebm/runs_long_k_multinode_sweep/pbs/M1_S32_single_fullk_K400_b1024_s20k_seed1_to300k.pbs,/eagle/lc-mpi/Zhiqing/polaris_ebm/runs_long_k_multinode_sweep/runs/M1_300k/S32/M1_S32_single_fullk_K400_b1024_s20k_seed1_to300k,/eagle/lc-mpi/Zhiqing/polaris_ebm/runs_long_k_multinode_sweep/logs/M1_S32_single_fullk_K400_b1024_s20k_seed1_to300k.pbs.out,2026-05-29T19:50:57Z,submitted,
7176947.polaris-pbs-01.hsn.cm.polaris.alcf.anl.gov,7177004.polaris-pbs-01.hsn.cm.polaris.alcf.anl.gov,M1_S32_single_fullk_K800_b1024_s20k_seed1_to300k,-1,/eagle/lc-mpi/Zhiqing/polaris_ebm/runs_long_k_multinode_sweep/runs/M1_300k/S32/M1_S32_single_fullk_K800_b1024_s20k_seed1_to300k/checkpoints/ckpt_step14999.pt,/eagle/lc-mpi/Zhiqing/polaris_ebm/runs_long_k_multinode_sweep/pbs/M1_S32_single_fullk_K800_b1024_s20k_seed1_to300k.pbs,/eagle/lc-mpi/Zhiqing/polaris_ebm/runs_long_k_multinode_sweep/runs/M1_300k/S32/M1_S32_single_fullk_K800_b1024_s20k_seed1_to300k,/eagle/lc-mpi/Zhiqing/polaris_ebm/runs_long_k_multinode_sweep/logs/M1_S32_single_fullk_K800_b1024_s20k_seed1_to300k.pbs.out,2026-05-29T19:50:57Z,submitted,
7176987.polaris-pbs-01.hsn.cm.polaris.alcf.anl.gov,7177011.polaris-pbs-01.hsn.cm.polaris.alcf.anl.gov,M1_S16_ddp_fullk_K1600_b512_s20k_seed1_to300k,-1,,/eagle/lc-mpi/Zhiqing/polaris_ebm/runs_long_k_multinode_sweep/pbs/M1_S16_ddp_fullk_K1600_b512_s20k_seed1_to300k.pbs,/eagle/lc-mpi/Zhiqing/polaris_ebm/runs_long_k_multinode_sweep/runs/M1_300k/S16/M1_S16_ddp_fullk_K1600_b512_s20k_seed1_to300k,/eagle/lc-mpi/Zhiqing/polaris_ebm/runs_long_k_multinode_sweep/logs/M1_S16_ddp_fullk_K1600_b512_s20k_seed1_to300k.pbs.out,2026-05-29T19:58:46Z,submitted,
7176988.polaris-pbs-01.hsn.cm.polaris.alcf.anl.gov,7177012.polaris-pbs-01.hsn.cm.polaris.alcf.anl.gov,M1_S16_ddp_fullk_K400_b512_s20k_seed1_to300k,-1,/eagle/lc-mpi/Zhiqing/polaris_ebm/runs_long_k_multinode_sweep/runs/M1_300k/S16/M1_S16_ddp_fullk_K400_b512_s20k_seed1_to300k/checkpoints/ckpt_step4999.pt,/eagle/lc-mpi/Zhiqing/polaris_ebm/runs_long_k_multinode_sweep/pbs/M1_S16_ddp_fullk_K400_b512_s20k_seed1_to300k.pbs,/eagle/lc-mpi/Zhiqing/polaris_ebm/runs_long_k_multinode_sweep/runs/M1_300k/S16/M1_S16_ddp_fullk_K400_b512_s20k_seed1_to300k,/eagle/lc-mpi/Zhiqing/polaris_ebm/runs_long_k_multinode_sweep/logs/M1_S16_ddp_fullk_K400_b512_s20k_seed1_to300k.pbs.out,2026-05-29T19:58:46Z,submitted,
7176989.polaris-pbs-01.hsn.cm.polaris.alcf.anl.gov,7177013.polaris-pbs-01.hsn.cm.polaris.alcf.anl.gov,M1_S16_ddp_fullk_K800_b512_s20k_seed1_to300k,-1,,/eagle/lc-mpi/Zhiqing/polaris_ebm/runs_long_k_multinode_sweep/pbs/M1_S16_ddp_fullk_K800_b512_s20k_seed1_to300k.pbs,/eagle/lc-mpi/Zhiqing/polaris_ebm/runs_long_k_multinode_sweep/runs/M1_300k/S16/M1_S16_ddp_fullk_K800_b512_s20k_seed1_to300k,/eagle/lc-mpi/Zhiqing/polaris_ebm/runs_long_k_multinode_sweep/logs/M1_S16_ddp_fullk_K800_b512_s20k_seed1_to300k.pbs.out,2026-05-29T19:58:46Z,submitted,
7176990.polaris-pbs-01.hsn.cm.polaris.alcf.anl.gov,7177014.polaris-pbs-01.hsn.cm.polaris.alcf.anl.gov,M1_S16_pipe_P16_equal_K1600_b512_s20k_seed1_to300k,-1,,/eagle/lc-mpi/Zhiqing/polaris_ebm/runs_long_k_multinode_sweep/pbs/M1_S16_pipe_P16_equal_K1600_b512_s20k_seed1_to300k.pbs,/eagle/lc-mpi/Zhiqing/polaris_ebm/runs_long_k_multinode_sweep/runs/M1_300k/S16/M1_S16_pipe_P16_equal_K1600_b512_s20k_seed1_to300k,/eagle/lc-mpi/Zhiqing/polaris_ebm/runs_long_k_multinode_sweep/logs/M1_S16_pipe_P16_equal_K1600_b512_s20k_seed1_to300k.pbs.out,2026-05-29T19:58:46Z,submitted,
7176991.polaris-pbs-01.hsn.cm.polaris.alcf.anl.gov,7177015.polaris-pbs-01.hsn.cm.polaris.alcf.anl.gov,M1_S16_pipe_P16_equal_K400_b512_s20k_seed1_to300k,-1,/eagle/lc-mpi/Zhiqing/polaris_ebm/runs_long_k_multinode_sweep/runs/M1_300k/S16/M1_S16_pipe_P16_equal_K400_b512_s20k_seed1_to300k/checkpoints/ckpt_step4999.pt,/eagle/lc-mpi/Zhiqing/polaris_ebm/runs_long_k_multinode_sweep/pbs/M1_S16_pipe_P16_equal_K400_b512_s20k_seed1_to300k.pbs,/eagle/lc-mpi/Zhiqing/polaris_ebm/runs_long_k_multinode_sweep/runs/M1_300k/S16/M1_S16_pipe_P16_equal_K400_b512_s20k_seed1_to300k,/eagle/lc-mpi/Zhiqing/polaris_ebm/runs_long_k_multinode_sweep/logs/M1_S16_pipe_P16_equal_K400_b512_s20k_seed1_to300k.pbs.out,2026-05-29T19:58:46Z,submitted,
7176992.polaris-pbs-01.hsn.cm.polaris.alcf.anl.gov,7177016.polaris-pbs-01.hsn.cm.polaris.alcf.anl.gov,M1_S16_pipe_P16_equal_K800_b512_s20k_seed1_to300k,-1,/eagle/lc-mpi/Zhiqing/polaris_ebm/runs_long_k_multinode_sweep/runs/M1_300k/S16/M1_S16_pipe_P16_equal_K800_b512_s20k_seed1_to300k/checkpoints/ckpt_step19999.pt,/eagle/lc-mpi/Zhiqing/polaris_ebm/runs_long_k_multinode_sweep/pbs/M1_S16_pipe_P16_equal_K800_b512_s20k_seed1_to300k.pbs,/eagle/lc-mpi/Zhiqing/polaris_ebm/runs_long_k_multinode_sweep/runs/M1_300k/S16/M1_S16_pipe_P16_equal_K800_b512_s20k_seed1_to300k,/eagle/lc-mpi/Zhiqing/polaris_ebm/runs_long_k_multinode_sweep/logs/M1_S16_pipe_P16_equal_K800_b512_s20k_seed1_to300k.pbs.out,2026-05-29T19:58:46Z,submitted,
7176993.polaris-pbs-01.hsn.cm.polaris.alcf.anl.gov,7177017.polaris-pbs-01.hsn.cm.polaris.alcf.anl.gov,M1_S16_single_fullk_K1600_b512_s20k_seed1_to300k,-1,/eagle/lc-mpi/Zhiqing/polaris_ebm/runs_long_k_multinode_sweep/runs/M1_300k/S16/M1_S16_single_fullk_K1600_b512_s20k_seed1_to300k/checkpoints/ckpt_step14999.pt,/eagle/lc-mpi/Zhiqing/polaris_ebm/runs_long_k_multinode_sweep/pbs/M1_S16_single_fullk_K1600_b512_s20k_seed1_to300k.pbs,/eagle/lc-mpi/Zhiqing/polaris_ebm/runs_long_k_multinode_sweep/runs/M1_300k/S16/M1_S16_single_fullk_K1600_b512_s20k_seed1_to300k,/eagle/lc-mpi/Zhiqing/polaris_ebm/runs_long_k_multinode_sweep/logs/M1_S16_single_fullk_K1600_b512_s20k_seed1_to300k.pbs.out,2026-05-29T19:58:46Z,submitted,
7176994.polaris-pbs-01.hsn.cm.polaris.alcf.anl.gov,7177018.polaris-pbs-01.hsn.cm.polaris.alcf.anl.gov,M1_S16_single_fullk_K400_b512_s20k_seed1_to300k,-1,/eagle/lc-mpi/Zhiqing/polaris_ebm/runs_long_k_multinode_sweep/runs/M1_300k/S16/M1_S16_single_fullk_K400_b512_s20k_seed1_to300k/checkpoints/ckpt_step19999.pt,/eagle/lc-mpi/Zhiqing/polaris_ebm/runs_long_k_multinode_sweep/pbs/M1_S16_single_fullk_K400_b512_s20k_seed1_to300k.pbs,/eagle/lc-mpi/Zhiqing/polaris_ebm/runs_long_k_multinode_sweep/runs/M1_300k/S16/M1_S16_single_fullk_K400_b512_s20k_seed1_to300k,/eagle/lc-mpi/Zhiqing/polaris_ebm/runs_long_k_multinode_sweep/logs/M1_S16_single_fullk_K400_b512_s20k_seed1_to300k.pbs.out,2026-05-29T19:58:46Z,submitted,
7176995.polaris-pbs-01.hsn.cm.polaris.alcf.anl.gov,7177019.polaris-pbs-01.hsn.cm.polaris.alcf.anl.gov,M1_S16_single_fullk_K800_b512_s20k_seed1_to300k,-1,/eagle/lc-mpi/Zhiqing/polaris_ebm/runs_long_k_multinode_sweep/runs/M1_300k/S16/M1_S16_single_fullk_K800_b512_s20k_seed1_to300k/checkpoints/ckpt_step19999.pt,/eagle/lc-mpi/Zhiqing/polaris_ebm/runs_long_k_multinode_sweep/pbs/M1_S16_single_fullk_K800_b512_s20k_seed1_to300k.pbs,/eagle/lc-mpi/Zhiqing/polaris_ebm/runs_long_k_multinode_sweep/runs/M1_300k/S16/M1_S16_single_fullk_K800_b512_s20k_seed1_to300k,/eagle/lc-mpi/Zhiqing/polaris_ebm/runs_long_k_multinode_sweep/logs/M1_S16_single_fullk_K800_b512_s20k_seed1_to300k.pbs.out,2026-05-29T19:58:46Z,submitted,
7176996.polaris-pbs-01.hsn.cm.polaris.alcf.anl.gov,7177020.polaris-pbs-01.hsn.cm.polaris.alcf.anl.gov,M1_S32_ddp_fullk_K1600_b1024_s20k_seed1_to300k,-1,,/eagle/lc-mpi/Zhiqing/polaris_ebm/runs_long_k_multinode_sweep/pbs/M1_S32_ddp_fullk_K1600_b1024_s20k_seed1_to300k.pbs,/eagle/lc-mpi/Zhiqing/polaris_ebm/runs_long_k_multinode_sweep/runs/M1_300k/S32/M1_S32_ddp_fullk_K1600_b1024_s20k_seed1_to300k,/eagle/lc-mpi/Zhiqing/polaris_ebm/runs_long_k_multinode_sweep/logs/M1_S32_ddp_fullk_K1600_b1024_s20k_seed1_to300k.pbs.out,2026-05-29T19:58:46Z,submitted,
7176997.polaris-pbs-01.hsn.cm.polaris.alcf.anl.gov,7177021.polaris-pbs-01.hsn.cm.polaris.alcf.anl.gov,M1_S32_ddp_fullk_K400_b1024_s20k_seed1_to300k,-1,/eagle/lc-mpi/Zhiqing/polaris_ebm/runs_long_k_multinode_sweep/runs/M1_300k/S32/M1_S32_ddp_fullk_K400_b1024_s20k_seed1_to300k/checkpoints/ckpt_step19999.pt,/eagle/lc-mpi/Zhiqing/polaris_ebm/runs_long_k_multinode_sweep/pbs/M1_S32_ddp_fullk_K400_b1024_s20k_seed1_to300k.pbs,/eagle/lc-mpi/Zhiqing/polaris_ebm/runs_long_k_multinode_sweep/runs/M1_300k/S32/M1_S32_ddp_fullk_K400_b1024_s20k_seed1_to300k,/eagle/lc-mpi/Zhiqing/polaris_ebm/runs_long_k_multinode_sweep/logs/M1_S32_ddp_fullk_K400_b1024_s20k_seed1_to300k.pbs.out,2026-05-29T19:58:46Z,submitted,
7176998.polaris-pbs-01.hsn.cm.polaris.alcf.anl.gov,7177022.polaris-pbs-01.hsn.cm.polaris.alcf.anl.gov,M1_S32_ddp_fullk_K800_b1024_s20k_seed1_to300k,-1,,/eagle/lc-mpi/Zhiqing/polaris_ebm/runs_long_k_multinode_sweep/pbs/M1_S32_ddp_fullk_K800_b1024_s20k_seed1_to300k.pbs,/eagle/lc-mpi/Zhiqing/polaris_ebm/runs_long_k_multinode_sweep/runs/M1_300k/S32/M1_S32_ddp_fullk_K800_b1024_s20k_seed1_to300k,/eagle/lc-mpi/Zhiqing/polaris_ebm/runs_long_k_multinode_sweep/logs/M1_S32_ddp_fullk_K800_b1024_s20k_seed1_to300k.pbs.out,2026-05-29T19:58:46Z,submitted,
7176999.polaris-pbs-01.hsn.cm.polaris.alcf.anl.gov,7177023.polaris-pbs-01.hsn.cm.polaris.alcf.anl.gov,M1_S32_pipe_P32_equal_K1600_b1024_s20k_seed1_to300k,-1,/eagle/lc-mpi/Zhiqing/polaris_ebm/runs_long_k_multinode_sweep/runs/M1_300k/S32/M1_S32_pipe_P32_equal_K1600_b1024_s20k_seed1_to300k/checkpoints/ckpt_step19999.pt,/eagle/lc-mpi/Zhiqing/polaris_ebm/runs_long_k_multinode_sweep/pbs/M1_S32_pipe_P32_equal_K1600_b1024_s20k_seed1_to300k.pbs,/eagle/lc-mpi/Zhiqing/polaris_ebm/runs_long_k_multinode_sweep/runs/M1_300k/S32/M1_S32_pipe_P32_equal_K1600_b1024_s20k_seed1_to300k,/eagle/lc-mpi/Zhiqing/polaris_ebm/runs_long_k_multinode_sweep/logs/M1_S32_pipe_P32_equal_K1600_b1024_s20k_seed1_to300k.pbs.out,2026-05-29T19:58:46Z,submitted,
7177000.polaris-pbs-01.hsn.cm.polaris.alcf.anl.gov,7177024.polaris-pbs-01.hsn.cm.polaris.alcf.anl.gov,M1_S32_pipe_P32_equal_K400_b1024_s20k_seed1_to300k,-1,,/eagle/lc-mpi/Zhiqing/polaris_ebm/runs_long_k_multinode_sweep/pbs/M1_S32_pipe_P32_equal_K400_b1024_s20k_seed1_to300k.pbs,/eagle/lc-mpi/Zhiqing/polaris_ebm/runs_long_k_multinode_sweep/runs/M1_300k/S32/M1_S32_pipe_P32_equal_K400_b1024_s20k_seed1_to300k,/eagle/lc-mpi/Zhiqing/polaris_ebm/runs_long_k_multinode_sweep/logs/M1_S32_pipe_P32_equal_K400_b1024_s20k_seed1_to300k.pbs.out,2026-05-29T19:58:46Z,submitted,
7177001.polaris-pbs-01.hsn.cm.polaris.alcf.anl.gov,7177025.polaris-pbs-01.hsn.cm.polaris.alcf.anl.gov,M1_S32_pipe_P32_equal_K800_b1024_s20k_seed1_to300k,-1,/eagle/lc-mpi/Zhiqing/polaris_ebm/runs_long_k_multinode_sweep/runs/M1_300k/S32/M1_S32_pipe_P32_equal_K800_b1024_s20k_seed1_to300k/checkpoints/ckpt_step19999.pt,/eagle/lc-mpi/Zhiqing/polaris_ebm/runs_long_k_multinode_sweep/pbs/M1_S32_pipe_P32_equal_K800_b1024_s20k_seed1_to300k.pbs,/eagle/lc-mpi/Zhiqing/polaris_ebm/runs_long_k_multinode_sweep/runs/M1_300k/S32/M1_S32_pipe_P32_equal_K800_b1024_s20k_seed1_to300k,/eagle/lc-mpi/Zhiqing/polaris_ebm/runs_long_k_multinode_sweep/logs/M1_S32_pipe_P32_equal_K800_b1024_s20k_seed1_to300k.pbs.out,2026-05-29T19:58:46Z,submitted,
7177002.polaris-pbs-01.hsn.cm.polaris.alcf.anl.gov,7177026.polaris-pbs-01.hsn.cm.polaris.alcf.anl.gov,M1_S32_single_fullk_K1600_b1024_s20k_seed1_to300k,-1,/eagle/lc-mpi/Zhiqing/polaris_ebm/runs_long_k_multinode_sweep/runs/M1_300k/S32/M1_S32_single_fullk_K1600_b1024_s20k_seed1_to300k/checkpoints/ckpt_step4999.pt,/eagle/lc-mpi/Zhiqing/polaris_ebm/runs_long_k_multinode_sweep/pbs/M1_S32_single_fullk_K1600_b1024_s20k_seed1_to300k.pbs,/eagle/lc-mpi/Zhiqing/polaris_ebm/runs_long_k_multinode_sweep/runs/M1_300k/S32/M1_S32_single_fullk_K1600_b1024_s20k_seed1_to300k,/eagle/lc-mpi/Zhiqing/polaris_ebm/runs_long_k_multinode_sweep/logs/M1_S32_single_fullk_K1600_b1024_s20k_seed1_to300k.pbs.out,2026-05-29T19:58:46Z,submitted,
7177003.polaris-pbs-01.hsn.cm.polaris.alcf.anl.gov,7177027.polaris-pbs-01.hsn.cm.polaris.alcf.anl.gov,M1_S32_single_fullk_K400_b1024_s20k_seed1_to300k,-1,/eagle/lc-mpi/Zhiqing/polaris_ebm/runs_long_k_multinode_sweep/runs/M1_300k/S32/M1_S32_single_fullk_K400_b1024_s20k_seed1_to300k/checkpoints/ckpt_step19999.pt,/eagle/lc-mpi/Zhiqing/polaris_ebm/runs_long_k_multinode_sweep/pbs/M1_S32_single_fullk_K400_b1024_s20k_seed1_to300k.pbs,/eagle/lc-mpi/Zhiqing/polaris_ebm/runs_long_k_multinode_sweep/runs/M1_300k/S32/M1_S32_single_fullk_K400_b1024_s20k_seed1_to300k,/eagle/lc-mpi/Zhiqing/polaris_ebm/runs_long_k_multinode_sweep/logs/M1_S32_single_fullk_K400_b1024_s20k_seed1_to300k.pbs.out,2026-05-29T19:58:46Z,submitted,
7177004.polaris-pbs-01.hsn.cm.polaris.alcf.anl.gov,7177028.polaris-pbs-01.hsn.cm.polaris.alcf.anl.gov,M1_S32_single_fullk_K800_b1024_s20k_seed1_to300k,-1,/eagle/lc-mpi/Zhiqing/polaris_ebm/runs_long_k_multinode_sweep/runs/M1_300k/S32/M1_S32_single_fullk_K800_b1024_s20k_seed1_to300k/checkpoints/ckpt_step14999.pt,/eagle/lc-mpi/Zhiqing/polaris_ebm/runs_long_k_multinode_sweep/pbs/M1_S32_single_fullk_K800_b1024_s20k_seed1_to300k.pbs,/eagle/lc-mpi/Zhiqing/polaris_ebm/runs_long_k_multinode_sweep/runs/M1_300k/S32/M1_S32_single_fullk_K800_b1024_s20k_seed1_to300k,/eagle/lc-mpi/Zhiqing/polaris_ebm/runs_long_k_multinode_sweep/logs/M1_S32_single_fullk_K800_b1024_s20k_seed1_to300k.pbs.out,2026-05-29T19:58:46Z,submitted,
7177014.polaris-pbs-01.hsn.cm.polaris.alcf.anl.gov,7177188.polaris-pbs-01.hsn.cm.polaris.alcf.anl.gov,M1_S16_pipe_P16_equal_K1600_b512_s20k_seed1_to300k,2849,,/eagle/lc-mpi/Zhiqing/polaris_ebm/runs_long_k_multinode_sweep/pbs/M1_S16_pipe_P16_equal_K1600_b512_s20k_seed1_to300k.pbs,/eagle/lc-mpi/Zhiqing/polaris_ebm/runs_long_k_multinode_sweep/runs/M1_300k/S16/M1_S16_pipe_P16_equal_K1600_b512_s20k_seed1_to300k,/eagle/lc-mpi/Zhiqing/polaris_ebm/runs_long_k_multinode_sweep/logs/M1_S16_pipe_P16_equal_K1600_b512_s20k_seed1_to300k.pbs.out,2026-05-29T22:21:11Z,submitted,
7177011.polaris-pbs-01.hsn.cm.polaris.alcf.anl.gov,7178535.polaris-pbs-01.hsn.cm.polaris.alcf.anl.gov,M1_S16_ddp_fullk_K1600_b512_s20k_seed1_to300k,22961,/eagle/lc-mpi/Zhiqing/polaris_ebm/runs_long_k_multinode_sweep/runs/M1_300k/S16/M1_S16_ddp_fullk_K1600_b512_s20k_seed1_to300k/checkpoints/ckpt_step19999.pt,/eagle/lc-mpi/Zhiqing/polaris_ebm/runs_long_k_multinode_sweep/pbs/M1_S16_ddp_fullk_K1600_b512_s20k_seed1_to300k.pbs,/eagle/lc-mpi/Zhiqing/polaris_ebm/runs_long_k_multinode_sweep/runs/M1_300k/S16/M1_S16_ddp_fullk_K1600_b512_s20k_seed1_to300k,/eagle/lc-mpi/Zhiqing/polaris_ebm/runs_long_k_multinode_sweep/logs/M1_S16_ddp_fullk_K1600_b512_s20k_seed1_to300k.pbs.out,2026-05-31T08:01:01Z,submitted,
7177012.polaris-pbs-01.hsn.cm.polaris.alcf.anl.gov,7178536.polaris-pbs-01.hsn.cm.polaris.alcf.anl.gov,M1_S16_ddp_fullk_K400_b512_s20k_seed1_to300k,82554,/eagle/lc-mpi/Zhiqing/polaris_ebm/runs_long_k_multinode_sweep/runs/M1_300k/S16/M1_S16_ddp_fullk_K400_b512_s20k_seed1_to300k/checkpoints/ckpt_step79999.pt,/eagle/lc-mpi/Zhiqing/polaris_ebm/runs_long_k_multinode_sweep/pbs/M1_S16_ddp_fullk_K400_b512_s20k_seed1_to300k.pbs,/eagle/lc-mpi/Zhiqing/polaris_ebm/runs_long_k_multinode_sweep/runs/M1_300k/S16/M1_S16_ddp_fullk_K400_b512_s20k_seed1_to300k,/eagle/lc-mpi/Zhiqing/polaris_ebm/runs_long_k_multinode_sweep/logs/M1_S16_ddp_fullk_K400_b512_s20k_seed1_to300k.pbs.out,2026-05-31T08:01:01Z,submitted,
7177013.polaris-pbs-01.hsn.cm.polaris.alcf.anl.gov,7178537.polaris-pbs-01.hsn.cm.polaris.alcf.anl.gov,M1_S16_ddp_fullk_K800_b512_s20k_seed1_to300k,40878,/eagle/lc-mpi/Zhiqing/polaris_ebm/runs_long_k_multinode_sweep/runs/M1_300k/S16/M1_S16_ddp_fullk_K800_b512_s20k_seed1_to300k/checkpoints/ckpt_step39999.pt,/eagle/lc-mpi/Zhiqing/polaris_ebm/runs_long_k_multinode_sweep/pbs/M1_S16_ddp_fullk_K800_b512_s20k_seed1_to300k.pbs,/eagle/lc-mpi/Zhiqing/polaris_ebm/runs_long_k_multinode_sweep/runs/M1_300k/S16/M1_S16_ddp_fullk_K800_b512_s20k_seed1_to300k,/eagle/lc-mpi/Zhiqing/polaris_ebm/runs_long_k_multinode_sweep/logs/M1_S16_ddp_fullk_K800_b512_s20k_seed1_to300k.pbs.out,2026-05-31T08:01:01Z,submitted,
7177017.polaris-pbs-01.hsn.cm.polaris.alcf.anl.gov,7178538.polaris-pbs-01.hsn.cm.polaris.alcf.anl.gov,M1_S16_single_fullk_K1600_b512_s20k_seed1_to300k,31354,/eagle/lc-mpi/Zhiqing/polaris_ebm/runs_long_k_multinode_sweep/runs/M1_300k/S16/M1_S16_single_fullk_K1600_b512_s20k_seed1_to300k/checkpoints/ckpt_step29999.pt,/eagle/lc-mpi/Zhiqing/polaris_ebm/runs_long_k_multinode_sweep/pbs/M1_S16_single_fullk_K1600_b512_s20k_seed1_to300k.pbs,/eagle/lc-mpi/Zhiqing/polaris_ebm/runs_long_k_multinode_sweep/runs/M1_300k/S16/M1_S16_single_fullk_K1600_b512_s20k_seed1_to300k,/eagle/lc-mpi/Zhiqing/polaris_ebm/runs_long_k_multinode_sweep/logs/M1_S16_single_fullk_K1600_b512_s20k_seed1_to300k.pbs.out,2026-05-31T08:31:25Z,submitted,
7177018.polaris-pbs-01.hsn.cm.polaris.alcf.anl.gov,7178539.polaris-pbs-01.hsn.cm.polaris.alcf.anl.gov,M1_S16_single_fullk_K400_b512_s20k_seed1_to300k,83207,/eagle/lc-mpi/Zhiqing/polaris_ebm/runs_long_k_multinode_sweep/runs/M1_300k/S16/M1_S16_single_fullk_K400_b512_s20k_seed1_to300k/checkpoints/ckpt_step79999.pt,/eagle/lc-mpi/Zhiqing/polaris_ebm/runs_long_k_multinode_sweep/pbs/M1_S16_single_fullk_K400_b512_s20k_seed1_to300k.pbs,/eagle/lc-mpi/Zhiqing/polaris_ebm/runs_long_k_multinode_sweep/runs/M1_300k/S16/M1_S16_single_fullk_K400_b512_s20k_seed1_to300k,/eagle/lc-mpi/Zhiqing/polaris_ebm/runs_long_k_multinode_sweep/logs/M1_S16_single_fullk_K400_b512_s20k_seed1_to300k.pbs.out,2026-05-31T08:31:25Z,submitted,
7177019.polaris-pbs-01.hsn.cm.polaris.alcf.anl.gov,7178540.polaris-pbs-01.hsn.cm.polaris.alcf.anl.gov,M1_S16_single_fullk_K800_b512_s20k_seed1_to300k,52451,/eagle/lc-mpi/Zhiqing/polaris_ebm/runs_long_k_multinode_sweep/runs/M1_300k/S16/M1_S16_single_fullk_K800_b512_s20k_seed1_to300k/checkpoints/ckpt_step49999.pt,/eagle/lc-mpi/Zhiqing/polaris_ebm/runs_long_k_multinode_sweep/pbs/M1_S16_single_fullk_K800_b512_s20k_seed1_to300k.pbs,/eagle/lc-mpi/Zhiqing/polaris_ebm/runs_long_k_multinode_sweep/runs/M1_300k/S16/M1_S16_single_fullk_K800_b512_s20k_seed1_to300k,/eagle/lc-mpi/Zhiqing/polaris_ebm/runs_long_k_multinode_sweep/logs/M1_S16_single_fullk_K800_b512_s20k_seed1_to300k.pbs.out,2026-05-31T08:31:25Z,submitted,
7177026.polaris-pbs-01.hsn.cm.polaris.alcf.anl.gov,7178541.polaris-pbs-01.hsn.cm.polaris.alcf.anl.gov,M1_S32_single_fullk_K1600_b1024_s20k_seed1_to300k,13515,/eagle/lc-mpi/Zhiqing/polaris_ebm/runs_long_k_multinode_sweep/runs/M1_300k/S32/M1_S32_single_fullk_K1600_b1024_s20k_seed1_to300k/checkpoints/ckpt_step9999.pt,/eagle/lc-mpi/Zhiqing/polaris_ebm/runs_long_k_multinode_sweep/pbs/M1_S32_single_fullk_K1600_b1024_s20k_seed1_to300k.pbs,/eagle/lc-mpi/Zhiqing/polaris_ebm/runs_long_k_multinode_sweep/runs/M1_300k/S32/M1_S32_single_fullk_K1600_b1024_s20k_seed1_to300k,/eagle/lc-mpi/Zhiqing/polaris_ebm/runs_long_k_multinode_sweep/logs/M1_S32_single_fullk_K1600_b1024_s20k_seed1_to300k.pbs.out,2026-05-31T08:31:25Z,submitted,
7177027.polaris-pbs-01.hsn.cm.polaris.alcf.anl.gov,7178542.polaris-pbs-01.hsn.cm.polaris.alcf.anl.gov,M1_S32_single_fullk_K400_b1024_s20k_seed1_to300k,52978,/eagle/lc-mpi/Zhiqing/polaris_ebm/runs_long_k_multinode_sweep/runs/M1_300k/S32/M1_S32_single_fullk_K400_b1024_s20k_seed1_to300k/checkpoints/ckpt_step49999.pt,/eagle/lc-mpi/Zhiqing/polaris_ebm/runs_long_k_multinode_sweep/pbs/M1_S32_single_fullk_K400_b1024_s20k_seed1_to300k.pbs,/eagle/lc-mpi/Zhiqing/polaris_ebm/runs_long_k_multinode_sweep/runs/M1_300k/S32/M1_S32_single_fullk_K400_b1024_s20k_seed1_to300k,/eagle/lc-mpi/Zhiqing/polaris_ebm/runs_long_k_multinode_sweep/logs/M1_S32_single_fullk_K400_b1024_s20k_seed1_to300k.pbs.out,2026-05-31T08:31:25Z,submitted,
7177028.polaris-pbs-01.hsn.cm.polaris.alcf.anl.gov,7178543.polaris-pbs-01.hsn.cm.polaris.alcf.anl.gov,M1_S32_single_fullk_K800_b1024_s20k_seed1_to300k,31839,/eagle/lc-mpi/Zhiqing/polaris_ebm/runs_long_k_multinode_sweep/runs/M1_300k/S32/M1_S32_single_fullk_K800_b1024_s20k_seed1_to300k/checkpoints/ckpt_step29999.pt,/eagle/lc-mpi/Zhiqing/polaris_ebm/runs_long_k_multinode_sweep/pbs/M1_S32_single_fullk_K800_b1024_s20k_seed1_to300k.pbs,/eagle/lc-mpi/Zhiqing/polaris_ebm/runs_long_k_multinode_sweep/runs/M1_300k/S32/M1_S32_single_fullk_K800_b1024_s20k_seed1_to300k,/eagle/lc-mpi/Zhiqing/polaris_ebm/runs_long_k_multinode_sweep/logs/M1_S32_single_fullk_K800_b1024_s20k_seed1_to300k.pbs.out,2026-05-31T08:31:25Z,submitted,
7178535.polaris-pbs-01.hsn.cm.polaris.alcf.anl.gov,7185512.polaris-pbs-01.hsn.cm.polaris.alcf.anl.gov,M1_S16_ddp_fullk_K1600_b512_s20k_seed1_to300k,24838,/eagle/lc-mpi/Zhiqing/polaris_ebm/runs_long_k_multinode_sweep/runs/M1_300k/S16/M1_S16_ddp_fullk_K1600_b512_s20k_seed1_to300k/checkpoints/ckpt_step19999.pt,/eagle/lc-mpi/Zhiqing/polaris_ebm/runs_long_k_multinode_sweep/pbs/M1_S16_ddp_fullk_K1600_b512_s20k_seed1_to300k.pbs,/eagle/lc-mpi/Zhiqing/polaris_ebm/runs_long_k_multinode_sweep/runs/M1_300k/S16/M1_S16_ddp_fullk_K1600_b512_s20k_seed1_to300k,/eagle/lc-mpi/Zhiqing/polaris_ebm/runs_long_k_multinode_sweep/logs/M1_S16_ddp_fullk_K1600_b512_s20k_seed1_to300k.pbs.out,2026-06-05T02:49:28Z,submitted,
7178536.polaris-pbs-01.hsn.cm.polaris.alcf.anl.gov,7185514.polaris-pbs-01.hsn.cm.polaris.alcf.anl.gov,M1_S16_ddp_fullk_K400_b512_s20k_seed1_to300k,96124,/eagle/lc-mpi/Zhiqing/polaris_ebm/runs_long_k_multinode_sweep/runs/M1_300k/S16/M1_S16_ddp_fullk_K400_b512_s20k_seed1_to300k/checkpoints/ckpt_step94999.pt,/eagle/lc-mpi/Zhiqing/polaris_ebm/runs_long_k_multinode_sweep/pbs/M1_S16_ddp_fullk_K400_b512_s20k_seed1_to300k.pbs,/eagle/lc-mpi/Zhiqing/polaris_ebm/runs_long_k_multinode_sweep/runs/M1_300k/S16/M1_S16_ddp_fullk_K400_b512_s20k_seed1_to300k,/eagle/lc-mpi/Zhiqing/polaris_ebm/runs_long_k_multinode_sweep/logs/M1_S16_ddp_fullk_K400_b512_s20k_seed1_to300k.pbs.out,2026-06-05T02:49:28Z,submitted,
7178537.polaris-pbs-01.hsn.cm.polaris.alcf.anl.gov,7185516.polaris-pbs-01.hsn.cm.polaris.alcf.anl.gov,M1_S16_ddp_fullk_K800_b512_s20k_seed1_to300k,49123,/eagle/lc-mpi/Zhiqing/polaris_ebm/runs_long_k_multinode_sweep/runs/M1_300k/S16/M1_S16_ddp_fullk_K800_b512_s20k_seed1_to300k/checkpoints/ckpt_step44999.pt,/eagle/lc-mpi/Zhiqing/polaris_ebm/runs_long_k_multinode_sweep/pbs/M1_S16_ddp_fullk_K800_b512_s20k_seed1_to300k.pbs,/eagle/lc-mpi/Zhiqing/polaris_ebm/runs_long_k_multinode_sweep/runs/M1_300k/S16/M1_S16_ddp_fullk_K800_b512_s20k_seed1_to300k,/eagle/lc-mpi/Zhiqing/polaris_ebm/runs_long_k_multinode_sweep/logs/M1_S16_ddp_fullk_K800_b512_s20k_seed1_to300k.pbs.out,2026-06-05T02:49:28Z,submitted,
7177188.polaris-pbs-01.hsn.cm.polaris.alcf.anl.gov,7185518.polaris-pbs-01.hsn.cm.polaris.alcf.anl.gov,M1_S16_pipe_P16_equal_K1600_b512_s20k_seed1_to300k,25,,/eagle/lc-mpi/Zhiqing/polaris_ebm/runs_long_k_multinode_sweep/pbs/M1_S16_pipe_P16_equal_K1600_b512_s20k_seed1_to300k.pbs,/eagle/lc-mpi/Zhiqing/polaris_ebm/runs_long_k_multinode_sweep/runs/M1_300k/S16/M1_S16_pipe_P16_equal_K1600_b512_s20k_seed1_to300k,/eagle/lc-mpi/Zhiqing/polaris_ebm/runs_long_k_multinode_sweep/logs/M1_S16_pipe_P16_equal_K1600_b512_s20k_seed1_to300k.pbs.out,2026-06-05T02:49:28Z,submitted,
7177016.polaris-pbs-01.hsn.cm.polaris.alcf.anl.gov,7185521.polaris-pbs-01.hsn.cm.polaris.alcf.anl.gov,M1_S16_pipe_P16_equal_K800_b512_s20k_seed1_to300k,262728,/eagle/lc-mpi/Zhiqing/polaris_ebm/runs_long_k_multinode_sweep/runs/M1_300k/S16/M1_S16_pipe_P16_equal_K800_b512_s20k_seed1_to300k/checkpoints/ckpt_step259999.pt,/eagle/lc-mpi/Zhiqing/polaris_ebm/runs_long_k_multinode_sweep/pbs/M1_S16_pipe_P16_equal_K800_b512_s20k_seed1_to300k.pbs,/eagle/lc-mpi/Zhiqing/polaris_ebm/runs_long_k_multinode_sweep/runs/M1_300k/S16/M1_S16_pipe_P16_equal_K800_b512_s20k_seed1_to300k,/eagle/lc-mpi/Zhiqing/polaris_ebm/runs_long_k_multinode_sweep/logs/M1_S16_pipe_P16_equal_K800_b512_s20k_seed1_to300k.pbs.out,2026-06-05T02:49:28Z,submitted,
7178538.polaris-pbs-01.hsn.cm.polaris.alcf.anl.gov,7185522.polaris-pbs-01.hsn.cm.polaris.alcf.anl.gov,M1_S16_single_fullk_K1600_b512_s20k_seed1_to300k,30132,/eagle/lc-mpi/Zhiqing/polaris_ebm/runs_long_k_multinode_sweep/runs/M1_300k/S16/M1_S16_single_fullk_K1600_b512_s20k_seed1_to300k/checkpoints/ckpt_step29999.pt,/eagle/lc-mpi/Zhiqing/polaris_ebm/runs_long_k_multinode_sweep/pbs/M1_S16_single_fullk_K1600_b512_s20k_seed1_to300k.pbs,/eagle/lc-mpi/Zhiqing/polaris_ebm/runs_long_k_multinode_sweep/runs/M1_300k/S16/M1_S16_single_fullk_K1600_b512_s20k_seed1_to300k,/eagle/lc-mpi/Zhiqing/polaris_ebm/runs_long_k_multinode_sweep/logs/M1_S16_single_fullk_K1600_b512_s20k_seed1_to300k.pbs.out,2026-06-05T02:49:28Z,submitted,
7178539.polaris-pbs-01.hsn.cm.polaris.alcf.anl.gov,7185523.polaris-pbs-01.hsn.cm.polaris.alcf.anl.gov,M1_S16_single_fullk_K400_b512_s20k_seed1_to300k,143296,/eagle/lc-mpi/Zhiqing/polaris_ebm/runs_long_k_multinode_sweep/runs/M1_300k/S16/M1_S16_single_fullk_K400_b512_s20k_seed1_to300k/checkpoints/ckpt_step139999.pt,/eagle/lc-mpi/Zhiqing/polaris_ebm/runs_long_k_multinode_sweep/pbs/M1_S16_single_fullk_K400_b512_s20k_seed1_to300k.pbs,/eagle/lc-mpi/Zhiqing/polaris_ebm/runs_long_k_multinode_sweep/runs/M1_300k/S16/M1_S16_single_fullk_K400_b512_s20k_seed1_to300k,/eagle/lc-mpi/Zhiqing/polaris_ebm/runs_long_k_multinode_sweep/logs/M1_S16_single_fullk_K400_b512_s20k_seed1_to300k.pbs.out,2026-06-05T02:49:28Z,submitted,
7178540.polaris-pbs-01.hsn.cm.polaris.alcf.anl.gov,7185524.polaris-pbs-01.hsn.cm.polaris.alcf.anl.gov,M1_S16_single_fullk_K800_b512_s20k_seed1_to300k,54459,/eagle/lc-mpi/Zhiqing/polaris_ebm/runs_long_k_multinode_sweep/runs/M1_300k/S16/M1_S16_single_fullk_K800_b512_s20k_seed1_to300k/checkpoints/ckpt_step49999.pt,/eagle/lc-mpi/Zhiqing/polaris_ebm/runs_long_k_multinode_sweep/pbs/M1_S16_single_fullk_K800_b512_s20k_seed1_to300k.pbs,/eagle/lc-mpi/Zhiqing/polaris_ebm/runs_long_k_multinode_sweep/runs/M1_300k/S16/M1_S16_single_fullk_K800_b512_s20k_seed1_to300k,/eagle/lc-mpi/Zhiqing/polaris_ebm/runs_long_k_multinode_sweep/logs/M1_S16_single_fullk_K800_b512_s20k_seed1_to300k.pbs.out,2026-06-05T02:49:28Z,submitted,
7177020.polaris-pbs-01.hsn.cm.polaris.alcf.anl.gov,7185525.polaris-pbs-01.hsn.cm.polaris.alcf.anl.gov,M1_S32_ddp_fullk_K1600_b1024_s20k_seed1_to300k,2861,,/eagle/lc-mpi/Zhiqing/polaris_ebm/runs_long_k_multinode_sweep/pbs/M1_S32_ddp_fullk_K1600_b1024_s20k_seed1_to300k.pbs,/eagle/lc-mpi/Zhiqing/polaris_ebm/runs_long_k_multinode_sweep/runs/M1_300k/S32/M1_S32_ddp_fullk_K1600_b1024_s20k_seed1_to300k,/eagle/lc-mpi/Zhiqing/polaris_ebm/runs_long_k_multinode_sweep/logs/M1_S32_ddp_fullk_K1600_b1024_s20k_seed1_to300k.pbs.out,2026-06-05T02:49:28Z,submitted,
7177021.polaris-pbs-01.hsn.cm.polaris.alcf.anl.gov,7185526.polaris-pbs-01.hsn.cm.polaris.alcf.anl.gov,M1_S32_ddp_fullk_K400_b1024_s20k_seed1_to300k,20786,/eagle/lc-mpi/Zhiqing/polaris_ebm/runs_long_k_multinode_sweep/runs/M1_300k/S32/M1_S32_ddp_fullk_K400_b1024_s20k_seed1_to300k/checkpoints/ckpt_step19999.pt,/eagle/lc-mpi/Zhiqing/polaris_ebm/runs_long_k_multinode_sweep/pbs/M1_S32_ddp_fullk_K400_b1024_s20k_seed1_to300k.pbs,/eagle/lc-mpi/Zhiqing/polaris_ebm/runs_long_k_multinode_sweep/runs/M1_300k/S32/M1_S32_ddp_fullk_K400_b1024_s20k_seed1_to300k,/eagle/lc-mpi/Zhiqing/polaris_ebm/runs_long_k_multinode_sweep/logs/M1_S32_ddp_fullk_K400_b1024_s20k_seed1_to300k.pbs.out,2026-06-05T02:49:28Z,submitted,
7177022.polaris-pbs-01.hsn.cm.polaris.alcf.anl.gov,7185527.polaris-pbs-01.hsn.cm.polaris.alcf.anl.gov,M1_S32_ddp_fullk_K800_b1024_s20k_seed1_to300k,5416,/eagle/lc-mpi/Zhiqing/polaris_ebm/runs_long_k_multinode_sweep/runs/M1_300k/S32/M1_S32_ddp_fullk_K800_b1024_s20k_seed1_to300k/checkpoints/ckpt_step4999.pt,/eagle/lc-mpi/Zhiqing/polaris_ebm/runs_long_k_multinode_sweep/pbs/M1_S32_ddp_fullk_K800_b1024_s20k_seed1_to300k.pbs,/eagle/lc-mpi/Zhiqing/polaris_ebm/runs_long_k_multinode_sweep/runs/M1_300k/S32/M1_S32_ddp_fullk_K800_b1024_s20k_seed1_to300k,/eagle/lc-mpi/Zhiqing/polaris_ebm/runs_long_k_multinode_sweep/logs/M1_S32_ddp_fullk_K800_b1024_s20k_seed1_to300k.pbs.out,2026-06-05T02:49:28Z,submitted,
7177023.polaris-pbs-01.hsn.cm.polaris.alcf.anl.gov,7185528.polaris-pbs-01.hsn.cm.polaris.alcf.anl.gov,M1_S32_pipe_P32_equal_K1600_b1024_s20k_seed1_to300k,231953,/eagle/lc-mpi/Zhiqing/polaris_ebm/runs_long_k_multinode_sweep/runs/M1_300k/S32/M1_S32_pipe_P32_equal_K1600_b1024_s20k_seed1_to300k/checkpoints/ckpt_step229999.pt,/eagle/lc-mpi/Zhiqing/polaris_ebm/runs_long_k_multinode_sweep/pbs/M1_S32_pipe_P32_equal_K1600_b1024_s20k_seed1_to300k.pbs,/eagle/lc-mpi/Zhiqing/polaris_ebm/runs_long_k_multinode_sweep/runs/M1_300k/S32/M1_S32_pipe_P32_equal_K1600_b1024_s20k_seed1_to300k,/eagle/lc-mpi/Zhiqing/polaris_ebm/runs_long_k_multinode_sweep/logs/M1_S32_pipe_P32_equal_K1600_b1024_s20k_seed1_to300k.pbs.out,2026-06-05T02:49:28Z,submitted,
7177024.polaris-pbs-01.hsn.cm.polaris.alcf.anl.gov,7185529.polaris-pbs-01.hsn.cm.polaris.alcf.anl.gov,M1_S32_pipe_P32_equal_K400_b1024_s20k_seed1_to300k,100217,/eagle/lc-mpi/Zhiqing/polaris_ebm/runs_long_k_multinode_sweep/runs/M1_300k/S32/M1_S32_pipe_P32_equal_K400_b1024_s20k_seed1_to300k/checkpoints/ckpt_step99999.pt,/eagle/lc-mpi/Zhiqing/polaris_ebm/runs_long_k_multinode_sweep/pbs/M1_S32_pipe_P32_equal_K400_b1024_s20k_seed1_to300k.pbs,/eagle/lc-mpi/Zhiqing/polaris_ebm/runs_long_k_multinode_sweep/runs/M1_300k/S32/M1_S32_pipe_P32_equal_K400_b1024_s20k_seed1_to300k,/eagle/lc-mpi/Zhiqing/polaris_ebm/runs_long_k_multinode_sweep/logs/M1_S32_pipe_P32_equal_K400_b1024_s20k_seed1_to300k.pbs.out,2026-06-05T02:49:28Z,submitted,
7177025.polaris-pbs-01.hsn.cm.polaris.alcf.anl.gov,7185530.polaris-pbs-01.hsn.cm.polaris.alcf.anl.gov,M1_S32_pipe_P32_equal_K800_b1024_s20k_seed1_to300k,271674,/eagle/lc-mpi/Zhiqing/polaris_ebm/runs_long_k_multinode_sweep/runs/M1_300k/S32/M1_S32_pipe_P32_equal_K800_b1024_s20k_seed1_to300k/checkpoints/ckpt_step269999.pt,/eagle/lc-mpi/Zhiqing/polaris_ebm/runs_long_k_multinode_sweep/pbs/M1_S32_pipe_P32_equal_K800_b1024_s20k_seed1_to300k.pbs,/eagle/lc-mpi/Zhiqing/polaris_ebm/runs_long_k_multinode_sweep/runs/M1_300k/S32/M1_S32_pipe_P32_equal_K800_b1024_s20k_seed1_to300k,/eagle/lc-mpi/Zhiqing/polaris_ebm/runs_long_k_multinode_sweep/logs/M1_S32_pipe_P32_equal_K800_b1024_s20k_seed1_to300k.pbs.out,2026-06-05T02:49:28Z,submitted,
7178541.polaris-pbs-01.hsn.cm.polaris.alcf.anl.gov,,M1_S32_single_fullk_K1600_b1024_s20k_seed1_to300k,10067,/eagle/lc-mpi/Zhiqing/polaris_ebm/runs_long_k_multinode_sweep/runs/M1_300k/S32/M1_S32_single_fullk_K1600_b1024_s20k_seed1_to300k/checkpoints/ckpt_step9999.pt,/eagle/lc-mpi/Zhiqing/polaris_ebm/runs_long_k_multinode_sweep/pbs/M1_S32_single_fullk_K1600_b1024_s20k_seed1_to300k.pbs,/eagle/lc-mpi/Zhiqing/polaris_ebm/runs_long_k_multinode_sweep/runs/M1_300k/S32/M1_S32_single_fullk_K1600_b1024_s20k_seed1_to300k,/eagle/lc-mpi/Zhiqing/polaris_ebm/runs_long_k_multinode_sweep/logs/M1_S32_single_fullk_K1600_b1024_s20k_seed1_to300k.pbs.out,2026-06-05T02:49:28Z,qsub_failed,qsub: would exceed queue generic's per-user limit
7178542.polaris-pbs-01.hsn.cm.polaris.alcf.anl.gov,,M1_S32_single_fullk_K400_b1024_s20k_seed1_to300k,50003,/eagle/lc-mpi/Zhiqing/polaris_ebm/runs_long_k_multinode_sweep/runs/M1_300k/S32/M1_S32_single_fullk_K400_b1024_s20k_seed1_to300k/checkpoints/ckpt_step49999.pt,/eagle/lc-mpi/Zhiqing/polaris_ebm/runs_long_k_multinode_sweep/pbs/M1_S32_single_fullk_K400_b1024_s20k_seed1_to300k.pbs,/eagle/lc-mpi/Zhiqing/polaris_ebm/runs_long_k_multinode_sweep/runs/M1_300k/S32/M1_S32_single_fullk_K400_b1024_s20k_seed1_to300k,/eagle/lc-mpi/Zhiqing/polaris_ebm/runs_long_k_multinode_sweep/logs/M1_S32_single_fullk_K400_b1024_s20k_seed1_to300k.pbs.out,2026-06-05T02:49:28Z,qsub_failed,qsub: would exceed queue generic's per-user limit
7178543.polaris-pbs-01.hsn.cm.polaris.alcf.anl.gov,,M1_S32_single_fullk_K800_b1024_s20k_seed1_to300k,33574,/eagle/lc-mpi/Zhiqing/polaris_ebm/runs_long_k_multinode_sweep/runs/M1_300k/S32/M1_S32_single_fullk_K800_b1024_s20k_seed1_to300k/checkpoints/ckpt_step29999.pt,/eagle/lc-mpi/Zhiqing/polaris_ebm/runs_long_k_multinode_sweep/pbs/M1_S32_single_fullk_K800_b1024_s20k_seed1_to300k.pbs,/eagle/lc-mpi/Zhiqing/polaris_ebm/runs_long_k_multinode_sweep/runs/M1_300k/S32/M1_S32_single_fullk_K800_b1024_s20k_seed1_to300k,/eagle/lc-mpi/Zhiqing/polaris_ebm/runs_long_k_multinode_sweep/logs/M1_S32_single_fullk_K800_b1024_s20k_seed1_to300k.pbs.out,2026-06-05T02:49:28Z,qsub_failed,qsub: would exceed queue generic's per-user limit
7178541.polaris-pbs-01.hsn.cm.polaris.alcf.anl.gov,,M1_S32_single_fullk_K1600_b1024_s20k_seed1_to300k,10067,/eagle/lc-mpi/Zhiqing/polaris_ebm/runs_long_k_multinode_sweep/runs/M1_300k/S32/M1_S32_single_fullk_K1600_b1024_s20k_seed1_to300k/checkpoints/ckpt_step9999.pt,/eagle/lc-mpi/Zhiqing/polaris_ebm/runs_long_k_multinode_sweep/pbs/M1_S32_single_fullk_K1600_b1024_s20k_seed1_to300k.pbs,/eagle/lc-mpi/Zhiqing/polaris_ebm/runs_long_k_multinode_sweep/runs/M1_300k/S32/M1_S32_single_fullk_K1600_b1024_s20k_seed1_to300k,/eagle/lc-mpi/Zhiqing/polaris_ebm/runs_long_k_multinode_sweep/logs/M1_S32_single_fullk_K1600_b1024_s20k_seed1_to300k.pbs.out,2026-06-05T02:50:19Z,qsub_failed,qsub: would exceed queue generic's per-user limit
7178542.polaris-pbs-01.hsn.cm.polaris.alcf.anl.gov,,M1_S32_single_fullk_K400_b1024_s20k_seed1_to300k,50003,/eagle/lc-mpi/Zhiqing/polaris_ebm/runs_long_k_multinode_sweep/runs/M1_300k/S32/M1_S32_single_fullk_K400_b1024_s20k_seed1_to300k/checkpoints/ckpt_step49999.pt,/eagle/lc-mpi/Zhiqing/polaris_ebm/runs_long_k_multinode_sweep/pbs/M1_S32_single_fullk_K400_b1024_s20k_seed1_to300k.pbs,/eagle/lc-mpi/Zhiqing/polaris_ebm/runs_long_k_multinode_sweep/runs/M1_300k/S32/M1_S32_single_fullk_K400_b1024_s20k_seed1_to300k,/eagle/lc-mpi/Zhiqing/polaris_ebm/runs_long_k_multinode_sweep/logs/M1_S32_single_fullk_K400_b1024_s20k_seed1_to300k.pbs.out,2026-06-05T02:50:19Z,qsub_failed,qsub: would exceed queue generic's per-user limit
7178543.polaris-pbs-01.hsn.cm.polaris.alcf.anl.gov,,M1_S32_single_fullk_K800_b1024_s20k_seed1_to300k,33574,/eagle/lc-mpi/Zhiqing/polaris_ebm/runs_long_k_multinode_sweep/runs/M1_300k/S32/M1_S32_single_fullk_K800_b1024_s20k_seed1_to300k/checkpoints/ckpt_step29999.pt,/eagle/lc-mpi/Zhiqing/polaris_ebm/runs_long_k_multinode_sweep/pbs/M1_S32_single_fullk_K800_b1024_s20k_seed1_to300k.pbs,/eagle/lc-mpi/Zhiqing/polaris_ebm/runs_long_k_multinode_sweep/runs/M1_300k/S32/M1_S32_single_fullk_K800_b1024_s20k_seed1_to300k,/eagle/lc-mpi/Zhiqing/polaris_ebm/runs_long_k_multinode_sweep/logs/M1_S32_single_fullk_K800_b1024_s20k_seed1_to300k.pbs.out,2026-06-05T02:50:19Z,qsub_failed,qsub: would exceed queue generic's per-user limit
