exp_id,attempt_role,job_id,previous_job_id,pbs_path,train_run_dir,pbs_output_log,submitted_at,status_hint
M1_S16_pipe_P16_equal_K800_b512_s20k_seed1_to300k,initial,7176383.polaris-pbs-01.hsn.cm.polaris.alcf.anl.gov,,/eagle/lc-mpi/Zhiqing/polaris_ebm/runs_long_k_multinode_sweep/pbs/M1_S16_pipe_P16_equal_K800_b512_s20k_seed1_to300k.pbs,/eagle/lc-mpi/Zhiqing/polaris_ebm/runs_long_k_multinode_sweep/runs/M1_300k/S16/M1_S16_pipe_P16_equal_K800_b512_s20k_seed1_to300k,/eagle/lc-mpi/Zhiqing/polaris_ebm/runs_long_k_multinode_sweep/logs/M1_S16_pipe_P16_equal_K800_b512_s20k_seed1_to300k.pbs.out,2026-05-29T14:49:24Z,submitted
M1_S16_single_fullk_K400_b512_s20k_seed1_to300k,initial,7176384.polaris-pbs-01.hsn.cm.polaris.alcf.anl.gov,,/eagle/lc-mpi/Zhiqing/polaris_ebm/runs_long_k_multinode_sweep/pbs/M1_S16_single_fullk_K400_b512_s20k_seed1_to300k.pbs,/eagle/lc-mpi/Zhiqing/polaris_ebm/runs_long_k_multinode_sweep/runs/M1_300k/S16/M1_S16_single_fullk_K400_b512_s20k_seed1_to300k,/eagle/lc-mpi/Zhiqing/polaris_ebm/runs_long_k_multinode_sweep/logs/M1_S16_single_fullk_K400_b512_s20k_seed1_to300k.pbs.out,2026-05-29T14:49:24Z,submitted
M1_S16_single_fullk_K800_b512_s20k_seed1_to300k,initial,7176385.polaris-pbs-01.hsn.cm.polaris.alcf.anl.gov,,/eagle/lc-mpi/Zhiqing/polaris_ebm/runs_long_k_multinode_sweep/pbs/M1_S16_single_fullk_K800_b512_s20k_seed1_to300k.pbs,/eagle/lc-mpi/Zhiqing/polaris_ebm/runs_long_k_multinode_sweep/runs/M1_300k/S16/M1_S16_single_fullk_K800_b512_s20k_seed1_to300k,/eagle/lc-mpi/Zhiqing/polaris_ebm/runs_long_k_multinode_sweep/logs/M1_S16_single_fullk_K800_b512_s20k_seed1_to300k.pbs.out,2026-05-29T14:49:24Z,submitted
M1_S32_ddp_fullk_K400_b1024_s20k_seed1_to300k,initial,7176386.polaris-pbs-01.hsn.cm.polaris.alcf.anl.gov,,/eagle/lc-mpi/Zhiqing/polaris_ebm/runs_long_k_multinode_sweep/pbs/M1_S32_ddp_fullk_K400_b1024_s20k_seed1_to300k.pbs,/eagle/lc-mpi/Zhiqing/polaris_ebm/runs_long_k_multinode_sweep/runs/M1_300k/S32/M1_S32_ddp_fullk_K400_b1024_s20k_seed1_to300k,/eagle/lc-mpi/Zhiqing/polaris_ebm/runs_long_k_multinode_sweep/logs/M1_S32_ddp_fullk_K400_b1024_s20k_seed1_to300k.pbs.out,2026-05-29T14:49:24Z,submitted
M1_S32_pipe_P32_equal_K1600_b1024_s20k_seed1_to300k,initial,7176387.polaris-pbs-01.hsn.cm.polaris.alcf.anl.gov,,/eagle/lc-mpi/Zhiqing/polaris_ebm/runs_long_k_multinode_sweep/pbs/M1_S32_pipe_P32_equal_K1600_b1024_s20k_seed1_to300k.pbs,/eagle/lc-mpi/Zhiqing/polaris_ebm/runs_long_k_multinode_sweep/runs/M1_300k/S32/M1_S32_pipe_P32_equal_K1600_b1024_s20k_seed1_to300k,/eagle/lc-mpi/Zhiqing/polaris_ebm/runs_long_k_multinode_sweep/logs/M1_S32_pipe_P32_equal_K1600_b1024_s20k_seed1_to300k.pbs.out,2026-05-29T14:49:24Z,submitted
M1_S32_pipe_P32_equal_K800_b1024_s20k_seed1_to300k,initial,7176388.polaris-pbs-01.hsn.cm.polaris.alcf.anl.gov,,/eagle/lc-mpi/Zhiqing/polaris_ebm/runs_long_k_multinode_sweep/pbs/M1_S32_pipe_P32_equal_K800_b1024_s20k_seed1_to300k.pbs,/eagle/lc-mpi/Zhiqing/polaris_ebm/runs_long_k_multinode_sweep/runs/M1_300k/S32/M1_S32_pipe_P32_equal_K800_b1024_s20k_seed1_to300k,/eagle/lc-mpi/Zhiqing/polaris_ebm/runs_long_k_multinode_sweep/logs/M1_S32_pipe_P32_equal_K800_b1024_s20k_seed1_to300k.pbs.out,2026-05-29T14:49:24Z,submitted
M1_S32_single_fullk_K400_b1024_s20k_seed1_to300k,initial,7176389.polaris-pbs-01.hsn.cm.polaris.alcf.anl.gov,,/eagle/lc-mpi/Zhiqing/polaris_ebm/runs_long_k_multinode_sweep/pbs/M1_S32_single_fullk_K400_b1024_s20k_seed1_to300k.pbs,/eagle/lc-mpi/Zhiqing/polaris_ebm/runs_long_k_multinode_sweep/runs/M1_300k/S32/M1_S32_single_fullk_K400_b1024_s20k_seed1_to300k,/eagle/lc-mpi/Zhiqing/polaris_ebm/runs_long_k_multinode_sweep/logs/M1_S32_single_fullk_K400_b1024_s20k_seed1_to300k.pbs.out,2026-05-29T14:49:24Z,submitted
M1_S16_ddp_fullk_K1600_b512_s20k_seed1_to300k,initial_recovered,7176422.polaris-pbs-01.hsn.cm.polaris.alcf.anl.gov,,/eagle/lc-mpi/Zhiqing/polaris_ebm/runs_long_k_multinode_sweep/pbs/M1_S16_ddp_fullk_K1600_b512_s20k_seed1_to300k.pbs,/eagle/lc-mpi/Zhiqing/polaris_ebm/runs_long_k_multinode_sweep/runs/M1_300k/S16/M1_S16_ddp_fullk_K1600_b512_s20k_seed1_to300k,/eagle/lc-mpi/Zhiqing/polaris_ebm/runs_long_k_multinode_sweep/logs/M1_S16_ddp_fullk_K1600_b512_s20k_seed1_to300k.pbs.out,2026-05-29T15:04:47Z,submitted_recovered
M1_S16_ddp_fullk_K400_b512_s20k_seed1_to300k,initial_recovered,7176424.polaris-pbs-01.hsn.cm.polaris.alcf.anl.gov,,/eagle/lc-mpi/Zhiqing/polaris_ebm/runs_long_k_multinode_sweep/pbs/M1_S16_ddp_fullk_K400_b512_s20k_seed1_to300k.pbs,/eagle/lc-mpi/Zhiqing/polaris_ebm/runs_long_k_multinode_sweep/runs/M1_300k/S16/M1_S16_ddp_fullk_K400_b512_s20k_seed1_to300k,/eagle/lc-mpi/Zhiqing/polaris_ebm/runs_long_k_multinode_sweep/logs/M1_S16_ddp_fullk_K400_b512_s20k_seed1_to300k.pbs.out,2026-05-29T15:04:47Z,submitted_recovered
M1_S16_ddp_fullk_K800_b512_s20k_seed1_to300k,initial_recovered,7176425.polaris-pbs-01.hsn.cm.polaris.alcf.anl.gov,,/eagle/lc-mpi/Zhiqing/polaris_ebm/runs_long_k_multinode_sweep/pbs/M1_S16_ddp_fullk_K800_b512_s20k_seed1_to300k.pbs,/eagle/lc-mpi/Zhiqing/polaris_ebm/runs_long_k_multinode_sweep/runs/M1_300k/S16/M1_S16_ddp_fullk_K800_b512_s20k_seed1_to300k,/eagle/lc-mpi/Zhiqing/polaris_ebm/runs_long_k_multinode_sweep/logs/M1_S16_ddp_fullk_K800_b512_s20k_seed1_to300k.pbs.out,2026-05-29T15:04:47Z,submitted_recovered
M1_S16_pipe_P16_equal_K1600_b512_s20k_seed1_to300k,initial_recovered,7176426.polaris-pbs-01.hsn.cm.polaris.alcf.anl.gov,,/eagle/lc-mpi/Zhiqing/polaris_ebm/runs_long_k_multinode_sweep/pbs/M1_S16_pipe_P16_equal_K1600_b512_s20k_seed1_to300k.pbs,/eagle/lc-mpi/Zhiqing/polaris_ebm/runs_long_k_multinode_sweep/runs/M1_300k/S16/M1_S16_pipe_P16_equal_K1600_b512_s20k_seed1_to300k,/eagle/lc-mpi/Zhiqing/polaris_ebm/runs_long_k_multinode_sweep/logs/M1_S16_pipe_P16_equal_K1600_b512_s20k_seed1_to300k.pbs.out,2026-05-29T15:04:47Z,submitted_recovered
M1_S16_pipe_P16_equal_K400_b512_s20k_seed1_to300k,initial_recovered,7176428.polaris-pbs-01.hsn.cm.polaris.alcf.anl.gov,,/eagle/lc-mpi/Zhiqing/polaris_ebm/runs_long_k_multinode_sweep/pbs/M1_S16_pipe_P16_equal_K400_b512_s20k_seed1_to300k.pbs,/eagle/lc-mpi/Zhiqing/polaris_ebm/runs_long_k_multinode_sweep/runs/M1_300k/S16/M1_S16_pipe_P16_equal_K400_b512_s20k_seed1_to300k,/eagle/lc-mpi/Zhiqing/polaris_ebm/runs_long_k_multinode_sweep/logs/M1_S16_pipe_P16_equal_K400_b512_s20k_seed1_to300k.pbs.out,2026-05-29T15:04:47Z,submitted_recovered
M1_S16_single_fullk_K1600_b512_s20k_seed1_to300k,initial_recovered,7176429.polaris-pbs-01.hsn.cm.polaris.alcf.anl.gov,,/eagle/lc-mpi/Zhiqing/polaris_ebm/runs_long_k_multinode_sweep/pbs/M1_S16_single_fullk_K1600_b512_s20k_seed1_to300k.pbs,/eagle/lc-mpi/Zhiqing/polaris_ebm/runs_long_k_multinode_sweep/runs/M1_300k/S16/M1_S16_single_fullk_K1600_b512_s20k_seed1_to300k,/eagle/lc-mpi/Zhiqing/polaris_ebm/runs_long_k_multinode_sweep/logs/M1_S16_single_fullk_K1600_b512_s20k_seed1_to300k.pbs.out,2026-05-29T15:04:47Z,submitted_recovered
M1_S32_ddp_fullk_K1600_b1024_s20k_seed1_to300k,initial,7176432.polaris-pbs-01.hsn.cm.polaris.alcf.anl.gov,,/eagle/lc-mpi/Zhiqing/polaris_ebm/runs_long_k_multinode_sweep/pbs/M1_S32_ddp_fullk_K1600_b1024_s20k_seed1_to300k.pbs,/eagle/lc-mpi/Zhiqing/polaris_ebm/runs_long_k_multinode_sweep/runs/M1_300k/S32/M1_S32_ddp_fullk_K1600_b1024_s20k_seed1_to300k,/eagle/lc-mpi/Zhiqing/polaris_ebm/runs_long_k_multinode_sweep/logs/M1_S32_ddp_fullk_K1600_b1024_s20k_seed1_to300k.pbs.out,2026-05-29T15:05:20Z,submitted
M1_S32_ddp_fullk_K800_b1024_s20k_seed1_to300k,initial,7176433.polaris-pbs-01.hsn.cm.polaris.alcf.anl.gov,,/eagle/lc-mpi/Zhiqing/polaris_ebm/runs_long_k_multinode_sweep/pbs/M1_S32_ddp_fullk_K800_b1024_s20k_seed1_to300k.pbs,/eagle/lc-mpi/Zhiqing/polaris_ebm/runs_long_k_multinode_sweep/runs/M1_300k/S32/M1_S32_ddp_fullk_K800_b1024_s20k_seed1_to300k,/eagle/lc-mpi/Zhiqing/polaris_ebm/runs_long_k_multinode_sweep/logs/M1_S32_ddp_fullk_K800_b1024_s20k_seed1_to300k.pbs.out,2026-05-29T15:05:20Z,submitted
M1_S32_pipe_P32_equal_K400_b1024_s20k_seed1_to300k,initial,7176434.polaris-pbs-01.hsn.cm.polaris.alcf.anl.gov,,/eagle/lc-mpi/Zhiqing/polaris_ebm/runs_long_k_multinode_sweep/pbs/M1_S32_pipe_P32_equal_K400_b1024_s20k_seed1_to300k.pbs,/eagle/lc-mpi/Zhiqing/polaris_ebm/runs_long_k_multinode_sweep/runs/M1_300k/S32/M1_S32_pipe_P32_equal_K400_b1024_s20k_seed1_to300k,/eagle/lc-mpi/Zhiqing/polaris_ebm/runs_long_k_multinode_sweep/logs/M1_S32_pipe_P32_equal_K400_b1024_s20k_seed1_to300k.pbs.out,2026-05-29T15:05:20Z,submitted
M1_S32_single_fullk_K1600_b1024_s20k_seed1_to300k,initial,7176435.polaris-pbs-01.hsn.cm.polaris.alcf.anl.gov,,/eagle/lc-mpi/Zhiqing/polaris_ebm/runs_long_k_multinode_sweep/pbs/M1_S32_single_fullk_K1600_b1024_s20k_seed1_to300k.pbs,/eagle/lc-mpi/Zhiqing/polaris_ebm/runs_long_k_multinode_sweep/runs/M1_300k/S32/M1_S32_single_fullk_K1600_b1024_s20k_seed1_to300k,/eagle/lc-mpi/Zhiqing/polaris_ebm/runs_long_k_multinode_sweep/logs/M1_S32_single_fullk_K1600_b1024_s20k_seed1_to300k.pbs.out,2026-05-29T15:05:20Z,submitted
M1_S32_single_fullk_K800_b1024_s20k_seed1_to300k,initial,7176437.polaris-pbs-01.hsn.cm.polaris.alcf.anl.gov,,/eagle/lc-mpi/Zhiqing/polaris_ebm/runs_long_k_multinode_sweep/pbs/M1_S32_single_fullk_K800_b1024_s20k_seed1_to300k.pbs,/eagle/lc-mpi/Zhiqing/polaris_ebm/runs_long_k_multinode_sweep/runs/M1_300k/S32/M1_S32_single_fullk_K800_b1024_s20k_seed1_to300k,/eagle/lc-mpi/Zhiqing/polaris_ebm/runs_long_k_multinode_sweep/logs/M1_S32_single_fullk_K800_b1024_s20k_seed1_to300k.pbs.out,2026-05-29T15:05:20Z,submitted
M1_S16_single_fullk_K1600_b512_s20k_seed1_to300k,resume,7176489.polaris-pbs-01.hsn.cm.polaris.alcf.anl.gov,7176429.polaris-pbs-01.hsn.cm.polaris.alcf.anl.gov,/eagle/lc-mpi/Zhiqing/polaris_ebm/runs_long_k_multinode_sweep/pbs/M1_S16_single_fullk_K1600_b512_s20k_seed1_to300k.pbs,/eagle/lc-mpi/Zhiqing/polaris_ebm/runs_long_k_multinode_sweep/runs/M1_300k/S16/M1_S16_single_fullk_K1600_b512_s20k_seed1_to300k,/eagle/lc-mpi/Zhiqing/polaris_ebm/runs_long_k_multinode_sweep/logs/M1_S16_single_fullk_K1600_b512_s20k_seed1_to300k.pbs.out,2026-05-29T15:49:59Z,submitted
M1_S16_single_fullk_K400_b512_s20k_seed1_to300k,resume,7176490.polaris-pbs-01.hsn.cm.polaris.alcf.anl.gov,7176384.polaris-pbs-01.hsn.cm.polaris.alcf.anl.gov,/eagle/lc-mpi/Zhiqing/polaris_ebm/runs_long_k_multinode_sweep/pbs/M1_S16_single_fullk_K400_b512_s20k_seed1_to300k.pbs,/eagle/lc-mpi/Zhiqing/polaris_ebm/runs_long_k_multinode_sweep/runs/M1_300k/S16/M1_S16_single_fullk_K400_b512_s20k_seed1_to300k,/eagle/lc-mpi/Zhiqing/polaris_ebm/runs_long_k_multinode_sweep/logs/M1_S16_single_fullk_K400_b512_s20k_seed1_to300k.pbs.out,2026-05-29T15:49:59Z,submitted
M1_S16_single_fullk_K800_b512_s20k_seed1_to300k,resume,7176491.polaris-pbs-01.hsn.cm.polaris.alcf.anl.gov,7176385.polaris-pbs-01.hsn.cm.polaris.alcf.anl.gov,/eagle/lc-mpi/Zhiqing/polaris_ebm/runs_long_k_multinode_sweep/pbs/M1_S16_single_fullk_K800_b512_s20k_seed1_to300k.pbs,/eagle/lc-mpi/Zhiqing/polaris_ebm/runs_long_k_multinode_sweep/runs/M1_300k/S16/M1_S16_single_fullk_K800_b512_s20k_seed1_to300k,/eagle/lc-mpi/Zhiqing/polaris_ebm/runs_long_k_multinode_sweep/logs/M1_S16_single_fullk_K800_b512_s20k_seed1_to300k.pbs.out,2026-05-29T15:49:59Z,submitted
M1_S32_single_fullk_K1600_b1024_s20k_seed1_to300k,resume,7176492.polaris-pbs-01.hsn.cm.polaris.alcf.anl.gov,7176435.polaris-pbs-01.hsn.cm.polaris.alcf.anl.gov,/eagle/lc-mpi/Zhiqing/polaris_ebm/runs_long_k_multinode_sweep/pbs/M1_S32_single_fullk_K1600_b1024_s20k_seed1_to300k.pbs,/eagle/lc-mpi/Zhiqing/polaris_ebm/runs_long_k_multinode_sweep/runs/M1_300k/S32/M1_S32_single_fullk_K1600_b1024_s20k_seed1_to300k,/eagle/lc-mpi/Zhiqing/polaris_ebm/runs_long_k_multinode_sweep/logs/M1_S32_single_fullk_K1600_b1024_s20k_seed1_to300k.pbs.out,2026-05-29T15:49:59Z,submitted
M1_S32_single_fullk_K400_b1024_s20k_seed1_to300k,resume,7176493.polaris-pbs-01.hsn.cm.polaris.alcf.anl.gov,7176389.polaris-pbs-01.hsn.cm.polaris.alcf.anl.gov,/eagle/lc-mpi/Zhiqing/polaris_ebm/runs_long_k_multinode_sweep/pbs/M1_S32_single_fullk_K400_b1024_s20k_seed1_to300k.pbs,/eagle/lc-mpi/Zhiqing/polaris_ebm/runs_long_k_multinode_sweep/runs/M1_300k/S32/M1_S32_single_fullk_K400_b1024_s20k_seed1_to300k,/eagle/lc-mpi/Zhiqing/polaris_ebm/runs_long_k_multinode_sweep/logs/M1_S32_single_fullk_K400_b1024_s20k_seed1_to300k.pbs.out,2026-05-29T15:49:59Z,submitted
M1_S32_single_fullk_K800_b1024_s20k_seed1_to300k,resume,7176494.polaris-pbs-01.hsn.cm.polaris.alcf.anl.gov,7176437.polaris-pbs-01.hsn.cm.polaris.alcf.anl.gov,/eagle/lc-mpi/Zhiqing/polaris_ebm/runs_long_k_multinode_sweep/pbs/M1_S32_single_fullk_K800_b1024_s20k_seed1_to300k.pbs,/eagle/lc-mpi/Zhiqing/polaris_ebm/runs_long_k_multinode_sweep/runs/M1_300k/S32/M1_S32_single_fullk_K800_b1024_s20k_seed1_to300k,/eagle/lc-mpi/Zhiqing/polaris_ebm/runs_long_k_multinode_sweep/logs/M1_S32_single_fullk_K800_b1024_s20k_seed1_to300k.pbs.out,2026-05-29T15:49:59Z,submitted
M1_S16_ddp_fullk_K1600_b512_s20k_seed1_to300k,resume,7176516.polaris-pbs-01.hsn.cm.polaris.alcf.anl.gov,7176422.polaris-pbs-01.hsn.cm.polaris.alcf.anl.gov,/eagle/lc-mpi/Zhiqing/polaris_ebm/runs_long_k_multinode_sweep/pbs/M1_S16_ddp_fullk_K1600_b512_s20k_seed1_to300k.pbs,/eagle/lc-mpi/Zhiqing/polaris_ebm/runs_long_k_multinode_sweep/runs/M1_300k/S16/M1_S16_ddp_fullk_K1600_b512_s20k_seed1_to300k,/eagle/lc-mpi/Zhiqing/polaris_ebm/runs_long_k_multinode_sweep/logs/M1_S16_ddp_fullk_K1600_b512_s20k_seed1_to300k.pbs.out,2026-05-29T16:20:03Z,submitted
M1_S16_ddp_fullk_K400_b512_s20k_seed1_to300k,resume,7176517.polaris-pbs-01.hsn.cm.polaris.alcf.anl.gov,7176424.polaris-pbs-01.hsn.cm.polaris.alcf.anl.gov,/eagle/lc-mpi/Zhiqing/polaris_ebm/runs_long_k_multinode_sweep/pbs/M1_S16_ddp_fullk_K400_b512_s20k_seed1_to300k.pbs,/eagle/lc-mpi/Zhiqing/polaris_ebm/runs_long_k_multinode_sweep/runs/M1_300k/S16/M1_S16_ddp_fullk_K400_b512_s20k_seed1_to300k,/eagle/lc-mpi/Zhiqing/polaris_ebm/runs_long_k_multinode_sweep/logs/M1_S16_ddp_fullk_K400_b512_s20k_seed1_to300k.pbs.out,2026-05-29T16:20:03Z,submitted
M1_S16_ddp_fullk_K800_b512_s20k_seed1_to300k,resume,7176518.polaris-pbs-01.hsn.cm.polaris.alcf.anl.gov,7176425.polaris-pbs-01.hsn.cm.polaris.alcf.anl.gov,/eagle/lc-mpi/Zhiqing/polaris_ebm/runs_long_k_multinode_sweep/pbs/M1_S16_ddp_fullk_K800_b512_s20k_seed1_to300k.pbs,/eagle/lc-mpi/Zhiqing/polaris_ebm/runs_long_k_multinode_sweep/runs/M1_300k/S16/M1_S16_ddp_fullk_K800_b512_s20k_seed1_to300k,/eagle/lc-mpi/Zhiqing/polaris_ebm/runs_long_k_multinode_sweep/logs/M1_S16_ddp_fullk_K800_b512_s20k_seed1_to300k.pbs.out,2026-05-29T16:20:03Z,submitted
M1_S16_pipe_P16_equal_K1600_b512_s20k_seed1_to300k,resume,7176519.polaris-pbs-01.hsn.cm.polaris.alcf.anl.gov,7176426.polaris-pbs-01.hsn.cm.polaris.alcf.anl.gov,/eagle/lc-mpi/Zhiqing/polaris_ebm/runs_long_k_multinode_sweep/pbs/M1_S16_pipe_P16_equal_K1600_b512_s20k_seed1_to300k.pbs,/eagle/lc-mpi/Zhiqing/polaris_ebm/runs_long_k_multinode_sweep/runs/M1_300k/S16/M1_S16_pipe_P16_equal_K1600_b512_s20k_seed1_to300k,/eagle/lc-mpi/Zhiqing/polaris_ebm/runs_long_k_multinode_sweep/logs/M1_S16_pipe_P16_equal_K1600_b512_s20k_seed1_to300k.pbs.out,2026-05-29T16:20:03Z,submitted
M1_S16_pipe_P16_equal_K400_b512_s20k_seed1_to300k,resume,7176520.polaris-pbs-01.hsn.cm.polaris.alcf.anl.gov,7176428.polaris-pbs-01.hsn.cm.polaris.alcf.anl.gov,/eagle/lc-mpi/Zhiqing/polaris_ebm/runs_long_k_multinode_sweep/pbs/M1_S16_pipe_P16_equal_K400_b512_s20k_seed1_to300k.pbs,/eagle/lc-mpi/Zhiqing/polaris_ebm/runs_long_k_multinode_sweep/runs/M1_300k/S16/M1_S16_pipe_P16_equal_K400_b512_s20k_seed1_to300k,/eagle/lc-mpi/Zhiqing/polaris_ebm/runs_long_k_multinode_sweep/logs/M1_S16_pipe_P16_equal_K400_b512_s20k_seed1_to300k.pbs.out,2026-05-29T16:20:03Z,submitted
M1_S16_pipe_P16_equal_K800_b512_s20k_seed1_to300k,resume,7176521.polaris-pbs-01.hsn.cm.polaris.alcf.anl.gov,7176383.polaris-pbs-01.hsn.cm.polaris.alcf.anl.gov,/eagle/lc-mpi/Zhiqing/polaris_ebm/runs_long_k_multinode_sweep/pbs/M1_S16_pipe_P16_equal_K800_b512_s20k_seed1_to300k.pbs,/eagle/lc-mpi/Zhiqing/polaris_ebm/runs_long_k_multinode_sweep/runs/M1_300k/S16/M1_S16_pipe_P16_equal_K800_b512_s20k_seed1_to300k,/eagle/lc-mpi/Zhiqing/polaris_ebm/runs_long_k_multinode_sweep/logs/M1_S16_pipe_P16_equal_K800_b512_s20k_seed1_to300k.pbs.out,2026-05-29T16:20:03Z,submitted
M1_S16_single_fullk_K1600_b512_s20k_seed1_to300k,resume,7176522.polaris-pbs-01.hsn.cm.polaris.alcf.anl.gov,7176489.polaris-pbs-01.hsn.cm.polaris.alcf.anl.gov,/eagle/lc-mpi/Zhiqing/polaris_ebm/runs_long_k_multinode_sweep/pbs/M1_S16_single_fullk_K1600_b512_s20k_seed1_to300k.pbs,/eagle/lc-mpi/Zhiqing/polaris_ebm/runs_long_k_multinode_sweep/runs/M1_300k/S16/M1_S16_single_fullk_K1600_b512_s20k_seed1_to300k,/eagle/lc-mpi/Zhiqing/polaris_ebm/runs_long_k_multinode_sweep/logs/M1_S16_single_fullk_K1600_b512_s20k_seed1_to300k.pbs.out,2026-05-29T16:20:03Z,submitted
M1_S16_single_fullk_K400_b512_s20k_seed1_to300k,resume,7176523.polaris-pbs-01.hsn.cm.polaris.alcf.anl.gov,7176490.polaris-pbs-01.hsn.cm.polaris.alcf.anl.gov,/eagle/lc-mpi/Zhiqing/polaris_ebm/runs_long_k_multinode_sweep/pbs/M1_S16_single_fullk_K400_b512_s20k_seed1_to300k.pbs,/eagle/lc-mpi/Zhiqing/polaris_ebm/runs_long_k_multinode_sweep/runs/M1_300k/S16/M1_S16_single_fullk_K400_b512_s20k_seed1_to300k,/eagle/lc-mpi/Zhiqing/polaris_ebm/runs_long_k_multinode_sweep/logs/M1_S16_single_fullk_K400_b512_s20k_seed1_to300k.pbs.out,2026-05-29T16:20:03Z,submitted
M1_S16_single_fullk_K800_b512_s20k_seed1_to300k,resume,7176524.polaris-pbs-01.hsn.cm.polaris.alcf.anl.gov,7176491.polaris-pbs-01.hsn.cm.polaris.alcf.anl.gov,/eagle/lc-mpi/Zhiqing/polaris_ebm/runs_long_k_multinode_sweep/pbs/M1_S16_single_fullk_K800_b512_s20k_seed1_to300k.pbs,/eagle/lc-mpi/Zhiqing/polaris_ebm/runs_long_k_multinode_sweep/runs/M1_300k/S16/M1_S16_single_fullk_K800_b512_s20k_seed1_to300k,/eagle/lc-mpi/Zhiqing/polaris_ebm/runs_long_k_multinode_sweep/logs/M1_S16_single_fullk_K800_b512_s20k_seed1_to300k.pbs.out,2026-05-29T16:20:03Z,submitted
M1_S32_single_fullk_K1600_b1024_s20k_seed1_to300k,resume,7176525.polaris-pbs-01.hsn.cm.polaris.alcf.anl.gov,7176492.polaris-pbs-01.hsn.cm.polaris.alcf.anl.gov,/eagle/lc-mpi/Zhiqing/polaris_ebm/runs_long_k_multinode_sweep/pbs/M1_S32_single_fullk_K1600_b1024_s20k_seed1_to300k.pbs,/eagle/lc-mpi/Zhiqing/polaris_ebm/runs_long_k_multinode_sweep/runs/M1_300k/S32/M1_S32_single_fullk_K1600_b1024_s20k_seed1_to300k,/eagle/lc-mpi/Zhiqing/polaris_ebm/runs_long_k_multinode_sweep/logs/M1_S32_single_fullk_K1600_b1024_s20k_seed1_to300k.pbs.out,2026-05-29T16:20:03Z,submitted
M1_S32_single_fullk_K400_b1024_s20k_seed1_to300k,resume,7176526.polaris-pbs-01.hsn.cm.polaris.alcf.anl.gov,7176493.polaris-pbs-01.hsn.cm.polaris.alcf.anl.gov,/eagle/lc-mpi/Zhiqing/polaris_ebm/runs_long_k_multinode_sweep/pbs/M1_S32_single_fullk_K400_b1024_s20k_seed1_to300k.pbs,/eagle/lc-mpi/Zhiqing/polaris_ebm/runs_long_k_multinode_sweep/runs/M1_300k/S32/M1_S32_single_fullk_K400_b1024_s20k_seed1_to300k,/eagle/lc-mpi/Zhiqing/polaris_ebm/runs_long_k_multinode_sweep/logs/M1_S32_single_fullk_K400_b1024_s20k_seed1_to300k.pbs.out,2026-05-29T16:20:03Z,submitted
M1_S32_single_fullk_K800_b1024_s20k_seed1_to300k,resume,7176527.polaris-pbs-01.hsn.cm.polaris.alcf.anl.gov,7176494.polaris-pbs-01.hsn.cm.polaris.alcf.anl.gov,/eagle/lc-mpi/Zhiqing/polaris_ebm/runs_long_k_multinode_sweep/pbs/M1_S32_single_fullk_K800_b1024_s20k_seed1_to300k.pbs,/eagle/lc-mpi/Zhiqing/polaris_ebm/runs_long_k_multinode_sweep/runs/M1_300k/S32/M1_S32_single_fullk_K800_b1024_s20k_seed1_to300k,/eagle/lc-mpi/Zhiqing/polaris_ebm/runs_long_k_multinode_sweep/logs/M1_S32_single_fullk_K800_b1024_s20k_seed1_to300k.pbs.out,2026-05-29T16:20:03Z,submitted
M1_S16_ddp_fullk_K1600_b512_s20k_seed1_to300k,resume,7176563.polaris-pbs-01.hsn.cm.polaris.alcf.anl.gov,7176516.polaris-pbs-01.hsn.cm.polaris.alcf.anl.gov,/eagle/lc-mpi/Zhiqing/polaris_ebm/runs_long_k_multinode_sweep/pbs/M1_S16_ddp_fullk_K1600_b512_s20k_seed1_to300k.pbs,/eagle/lc-mpi/Zhiqing/polaris_ebm/runs_long_k_multinode_sweep/runs/M1_300k/S16/M1_S16_ddp_fullk_K1600_b512_s20k_seed1_to300k,/eagle/lc-mpi/Zhiqing/polaris_ebm/runs_long_k_multinode_sweep/logs/M1_S16_ddp_fullk_K1600_b512_s20k_seed1_to300k.pbs.out,2026-05-29T16:50:07Z,submitted
M1_S16_ddp_fullk_K400_b512_s20k_seed1_to300k,resume,7176564.polaris-pbs-01.hsn.cm.polaris.alcf.anl.gov,7176517.polaris-pbs-01.hsn.cm.polaris.alcf.anl.gov,/eagle/lc-mpi/Zhiqing/polaris_ebm/runs_long_k_multinode_sweep/pbs/M1_S16_ddp_fullk_K400_b512_s20k_seed1_to300k.pbs,/eagle/lc-mpi/Zhiqing/polaris_ebm/runs_long_k_multinode_sweep/runs/M1_300k/S16/M1_S16_ddp_fullk_K400_b512_s20k_seed1_to300k,/eagle/lc-mpi/Zhiqing/polaris_ebm/runs_long_k_multinode_sweep/logs/M1_S16_ddp_fullk_K400_b512_s20k_seed1_to300k.pbs.out,2026-05-29T16:50:07Z,submitted
M1_S16_ddp_fullk_K800_b512_s20k_seed1_to300k,resume,7176565.polaris-pbs-01.hsn.cm.polaris.alcf.anl.gov,7176518.polaris-pbs-01.hsn.cm.polaris.alcf.anl.gov,/eagle/lc-mpi/Zhiqing/polaris_ebm/runs_long_k_multinode_sweep/pbs/M1_S16_ddp_fullk_K800_b512_s20k_seed1_to300k.pbs,/eagle/lc-mpi/Zhiqing/polaris_ebm/runs_long_k_multinode_sweep/runs/M1_300k/S16/M1_S16_ddp_fullk_K800_b512_s20k_seed1_to300k,/eagle/lc-mpi/Zhiqing/polaris_ebm/runs_long_k_multinode_sweep/logs/M1_S16_ddp_fullk_K800_b512_s20k_seed1_to300k.pbs.out,2026-05-29T16:50:07Z,submitted
M1_S16_pipe_P16_equal_K1600_b512_s20k_seed1_to300k,resume,7176566.polaris-pbs-01.hsn.cm.polaris.alcf.anl.gov,7176519.polaris-pbs-01.hsn.cm.polaris.alcf.anl.gov,/eagle/lc-mpi/Zhiqing/polaris_ebm/runs_long_k_multinode_sweep/pbs/M1_S16_pipe_P16_equal_K1600_b512_s20k_seed1_to300k.pbs,/eagle/lc-mpi/Zhiqing/polaris_ebm/runs_long_k_multinode_sweep/runs/M1_300k/S16/M1_S16_pipe_P16_equal_K1600_b512_s20k_seed1_to300k,/eagle/lc-mpi/Zhiqing/polaris_ebm/runs_long_k_multinode_sweep/logs/M1_S16_pipe_P16_equal_K1600_b512_s20k_seed1_to300k.pbs.out,2026-05-29T16:50:07Z,submitted
M1_S16_pipe_P16_equal_K400_b512_s20k_seed1_to300k,resume,7176567.polaris-pbs-01.hsn.cm.polaris.alcf.anl.gov,7176520.polaris-pbs-01.hsn.cm.polaris.alcf.anl.gov,/eagle/lc-mpi/Zhiqing/polaris_ebm/runs_long_k_multinode_sweep/pbs/M1_S16_pipe_P16_equal_K400_b512_s20k_seed1_to300k.pbs,/eagle/lc-mpi/Zhiqing/polaris_ebm/runs_long_k_multinode_sweep/runs/M1_300k/S16/M1_S16_pipe_P16_equal_K400_b512_s20k_seed1_to300k,/eagle/lc-mpi/Zhiqing/polaris_ebm/runs_long_k_multinode_sweep/logs/M1_S16_pipe_P16_equal_K400_b512_s20k_seed1_to300k.pbs.out,2026-05-29T16:50:07Z,submitted
M1_S16_pipe_P16_equal_K800_b512_s20k_seed1_to300k,resume,7176568.polaris-pbs-01.hsn.cm.polaris.alcf.anl.gov,7176521.polaris-pbs-01.hsn.cm.polaris.alcf.anl.gov,/eagle/lc-mpi/Zhiqing/polaris_ebm/runs_long_k_multinode_sweep/pbs/M1_S16_pipe_P16_equal_K800_b512_s20k_seed1_to300k.pbs,/eagle/lc-mpi/Zhiqing/polaris_ebm/runs_long_k_multinode_sweep/runs/M1_300k/S16/M1_S16_pipe_P16_equal_K800_b512_s20k_seed1_to300k,/eagle/lc-mpi/Zhiqing/polaris_ebm/runs_long_k_multinode_sweep/logs/M1_S16_pipe_P16_equal_K800_b512_s20k_seed1_to300k.pbs.out,2026-05-29T16:50:07Z,submitted
M1_S16_single_fullk_K1600_b512_s20k_seed1_to300k,resume,7176569.polaris-pbs-01.hsn.cm.polaris.alcf.anl.gov,7176522.polaris-pbs-01.hsn.cm.polaris.alcf.anl.gov,/eagle/lc-mpi/Zhiqing/polaris_ebm/runs_long_k_multinode_sweep/pbs/M1_S16_single_fullk_K1600_b512_s20k_seed1_to300k.pbs,/eagle/lc-mpi/Zhiqing/polaris_ebm/runs_long_k_multinode_sweep/runs/M1_300k/S16/M1_S16_single_fullk_K1600_b512_s20k_seed1_to300k,/eagle/lc-mpi/Zhiqing/polaris_ebm/runs_long_k_multinode_sweep/logs/M1_S16_single_fullk_K1600_b512_s20k_seed1_to300k.pbs.out,2026-05-29T16:50:07Z,submitted
M1_S16_single_fullk_K400_b512_s20k_seed1_to300k,resume,7176570.polaris-pbs-01.hsn.cm.polaris.alcf.anl.gov,7176523.polaris-pbs-01.hsn.cm.polaris.alcf.anl.gov,/eagle/lc-mpi/Zhiqing/polaris_ebm/runs_long_k_multinode_sweep/pbs/M1_S16_single_fullk_K400_b512_s20k_seed1_to300k.pbs,/eagle/lc-mpi/Zhiqing/polaris_ebm/runs_long_k_multinode_sweep/runs/M1_300k/S16/M1_S16_single_fullk_K400_b512_s20k_seed1_to300k,/eagle/lc-mpi/Zhiqing/polaris_ebm/runs_long_k_multinode_sweep/logs/M1_S16_single_fullk_K400_b512_s20k_seed1_to300k.pbs.out,2026-05-29T16:50:07Z,submitted
M1_S16_single_fullk_K800_b512_s20k_seed1_to300k,resume,7176571.polaris-pbs-01.hsn.cm.polaris.alcf.anl.gov,7176524.polaris-pbs-01.hsn.cm.polaris.alcf.anl.gov,/eagle/lc-mpi/Zhiqing/polaris_ebm/runs_long_k_multinode_sweep/pbs/M1_S16_single_fullk_K800_b512_s20k_seed1_to300k.pbs,/eagle/lc-mpi/Zhiqing/polaris_ebm/runs_long_k_multinode_sweep/runs/M1_300k/S16/M1_S16_single_fullk_K800_b512_s20k_seed1_to300k,/eagle/lc-mpi/Zhiqing/polaris_ebm/runs_long_k_multinode_sweep/logs/M1_S16_single_fullk_K800_b512_s20k_seed1_to300k.pbs.out,2026-05-29T16:50:07Z,submitted
M1_S32_ddp_fullk_K1600_b1024_s20k_seed1_to300k,resume,7176572.polaris-pbs-01.hsn.cm.polaris.alcf.anl.gov,7176432.polaris-pbs-01.hsn.cm.polaris.alcf.anl.gov,/eagle/lc-mpi/Zhiqing/polaris_ebm/runs_long_k_multinode_sweep/pbs/M1_S32_ddp_fullk_K1600_b1024_s20k_seed1_to300k.pbs,/eagle/lc-mpi/Zhiqing/polaris_ebm/runs_long_k_multinode_sweep/runs/M1_300k/S32/M1_S32_ddp_fullk_K1600_b1024_s20k_seed1_to300k,/eagle/lc-mpi/Zhiqing/polaris_ebm/runs_long_k_multinode_sweep/logs/M1_S32_ddp_fullk_K1600_b1024_s20k_seed1_to300k.pbs.out,2026-05-29T16:50:07Z,submitted
M1_S32_ddp_fullk_K400_b1024_s20k_seed1_to300k,resume,7176573.polaris-pbs-01.hsn.cm.polaris.alcf.anl.gov,7176386.polaris-pbs-01.hsn.cm.polaris.alcf.anl.gov,/eagle/lc-mpi/Zhiqing/polaris_ebm/runs_long_k_multinode_sweep/pbs/M1_S32_ddp_fullk_K400_b1024_s20k_seed1_to300k.pbs,/eagle/lc-mpi/Zhiqing/polaris_ebm/runs_long_k_multinode_sweep/runs/M1_300k/S32/M1_S32_ddp_fullk_K400_b1024_s20k_seed1_to300k,/eagle/lc-mpi/Zhiqing/polaris_ebm/runs_long_k_multinode_sweep/logs/M1_S32_ddp_fullk_K400_b1024_s20k_seed1_to300k.pbs.out,2026-05-29T16:50:07Z,submitted
M1_S32_ddp_fullk_K800_b1024_s20k_seed1_to300k,resume,7176574.polaris-pbs-01.hsn.cm.polaris.alcf.anl.gov,7176433.polaris-pbs-01.hsn.cm.polaris.alcf.anl.gov,/eagle/lc-mpi/Zhiqing/polaris_ebm/runs_long_k_multinode_sweep/pbs/M1_S32_ddp_fullk_K800_b1024_s20k_seed1_to300k.pbs,/eagle/lc-mpi/Zhiqing/polaris_ebm/runs_long_k_multinode_sweep/runs/M1_300k/S32/M1_S32_ddp_fullk_K800_b1024_s20k_seed1_to300k,/eagle/lc-mpi/Zhiqing/polaris_ebm/runs_long_k_multinode_sweep/logs/M1_S32_ddp_fullk_K800_b1024_s20k_seed1_to300k.pbs.out,2026-05-29T16:50:07Z,submitted
M1_S32_pipe_P32_equal_K1600_b1024_s20k_seed1_to300k,resume,7176575.polaris-pbs-01.hsn.cm.polaris.alcf.anl.gov,7176387.polaris-pbs-01.hsn.cm.polaris.alcf.anl.gov,/eagle/lc-mpi/Zhiqing/polaris_ebm/runs_long_k_multinode_sweep/pbs/M1_S32_pipe_P32_equal_K1600_b1024_s20k_seed1_to300k.pbs,/eagle/lc-mpi/Zhiqing/polaris_ebm/runs_long_k_multinode_sweep/runs/M1_300k/S32/M1_S32_pipe_P32_equal_K1600_b1024_s20k_seed1_to300k,/eagle/lc-mpi/Zhiqing/polaris_ebm/runs_long_k_multinode_sweep/logs/M1_S32_pipe_P32_equal_K1600_b1024_s20k_seed1_to300k.pbs.out,2026-05-29T16:50:07Z,submitted
M1_S32_pipe_P32_equal_K400_b1024_s20k_seed1_to300k,resume,7176576.polaris-pbs-01.hsn.cm.polaris.alcf.anl.gov,7176434.polaris-pbs-01.hsn.cm.polaris.alcf.anl.gov,/eagle/lc-mpi/Zhiqing/polaris_ebm/runs_long_k_multinode_sweep/pbs/M1_S32_pipe_P32_equal_K400_b1024_s20k_seed1_to300k.pbs,/eagle/lc-mpi/Zhiqing/polaris_ebm/runs_long_k_multinode_sweep/runs/M1_300k/S32/M1_S32_pipe_P32_equal_K400_b1024_s20k_seed1_to300k,/eagle/lc-mpi/Zhiqing/polaris_ebm/runs_long_k_multinode_sweep/logs/M1_S32_pipe_P32_equal_K400_b1024_s20k_seed1_to300k.pbs.out,2026-05-29T16:50:07Z,submitted
M1_S32_pipe_P32_equal_K800_b1024_s20k_seed1_to300k,resume,7176577.polaris-pbs-01.hsn.cm.polaris.alcf.anl.gov,7176388.polaris-pbs-01.hsn.cm.polaris.alcf.anl.gov,/eagle/lc-mpi/Zhiqing/polaris_ebm/runs_long_k_multinode_sweep/pbs/M1_S32_pipe_P32_equal_K800_b1024_s20k_seed1_to300k.pbs,/eagle/lc-mpi/Zhiqing/polaris_ebm/runs_long_k_multinode_sweep/runs/M1_300k/S32/M1_S32_pipe_P32_equal_K800_b1024_s20k_seed1_to300k,/eagle/lc-mpi/Zhiqing/polaris_ebm/runs_long_k_multinode_sweep/logs/M1_S32_pipe_P32_equal_K800_b1024_s20k_seed1_to300k.pbs.out,2026-05-29T16:50:07Z,submitted
M1_S32_single_fullk_K1600_b1024_s20k_seed1_to300k,resume,7176578.polaris-pbs-01.hsn.cm.polaris.alcf.anl.gov,7176525.polaris-pbs-01.hsn.cm.polaris.alcf.anl.gov,/eagle/lc-mpi/Zhiqing/polaris_ebm/runs_long_k_multinode_sweep/pbs/M1_S32_single_fullk_K1600_b1024_s20k_seed1_to300k.pbs,/eagle/lc-mpi/Zhiqing/polaris_ebm/runs_long_k_multinode_sweep/runs/M1_300k/S32/M1_S32_single_fullk_K1600_b1024_s20k_seed1_to300k,/eagle/lc-mpi/Zhiqing/polaris_ebm/runs_long_k_multinode_sweep/logs/M1_S32_single_fullk_K1600_b1024_s20k_seed1_to300k.pbs.out,2026-05-29T16:50:07Z,submitted
M1_S32_single_fullk_K400_b1024_s20k_seed1_to300k,resume,7176579.polaris-pbs-01.hsn.cm.polaris.alcf.anl.gov,7176526.polaris-pbs-01.hsn.cm.polaris.alcf.anl.gov,/eagle/lc-mpi/Zhiqing/polaris_ebm/runs_long_k_multinode_sweep/pbs/M1_S32_single_fullk_K400_b1024_s20k_seed1_to300k.pbs,/eagle/lc-mpi/Zhiqing/polaris_ebm/runs_long_k_multinode_sweep/runs/M1_300k/S32/M1_S32_single_fullk_K400_b1024_s20k_seed1_to300k,/eagle/lc-mpi/Zhiqing/polaris_ebm/runs_long_k_multinode_sweep/logs/M1_S32_single_fullk_K400_b1024_s20k_seed1_to300k.pbs.out,2026-05-29T16:50:07Z,submitted
M1_S32_single_fullk_K800_b1024_s20k_seed1_to300k,resume,7176580.polaris-pbs-01.hsn.cm.polaris.alcf.anl.gov,7176527.polaris-pbs-01.hsn.cm.polaris.alcf.anl.gov,/eagle/lc-mpi/Zhiqing/polaris_ebm/runs_long_k_multinode_sweep/pbs/M1_S32_single_fullk_K800_b1024_s20k_seed1_to300k.pbs,/eagle/lc-mpi/Zhiqing/polaris_ebm/runs_long_k_multinode_sweep/runs/M1_300k/S32/M1_S32_single_fullk_K800_b1024_s20k_seed1_to300k,/eagle/lc-mpi/Zhiqing/polaris_ebm/runs_long_k_multinode_sweep/logs/M1_S32_single_fullk_K800_b1024_s20k_seed1_to300k.pbs.out,2026-05-29T16:50:07Z,submitted
M1_S16_ddp_fullk_K1600_b512_s20k_seed1_to300k,resume,7176632.polaris-pbs-01.hsn.cm.polaris.alcf.anl.gov,7176563.polaris-pbs-01.hsn.cm.polaris.alcf.anl.gov,/eagle/lc-mpi/Zhiqing/polaris_ebm/runs_long_k_multinode_sweep/pbs/M1_S16_ddp_fullk_K1600_b512_s20k_seed1_to300k.pbs,/eagle/lc-mpi/Zhiqing/polaris_ebm/runs_long_k_multinode_sweep/runs/M1_300k/S16/M1_S16_ddp_fullk_K1600_b512_s20k_seed1_to300k,/eagle/lc-mpi/Zhiqing/polaris_ebm/runs_long_k_multinode_sweep/logs/M1_S16_ddp_fullk_K1600_b512_s20k_seed1_to300k.pbs.out,2026-05-29T17:20:16Z,submitted
M1_S16_ddp_fullk_K400_b512_s20k_seed1_to300k,resume,7176633.polaris-pbs-01.hsn.cm.polaris.alcf.anl.gov,7176564.polaris-pbs-01.hsn.cm.polaris.alcf.anl.gov,/eagle/lc-mpi/Zhiqing/polaris_ebm/runs_long_k_multinode_sweep/pbs/M1_S16_ddp_fullk_K400_b512_s20k_seed1_to300k.pbs,/eagle/lc-mpi/Zhiqing/polaris_ebm/runs_long_k_multinode_sweep/runs/M1_300k/S16/M1_S16_ddp_fullk_K400_b512_s20k_seed1_to300k,/eagle/lc-mpi/Zhiqing/polaris_ebm/runs_long_k_multinode_sweep/logs/M1_S16_ddp_fullk_K400_b512_s20k_seed1_to300k.pbs.out,2026-05-29T17:20:16Z,submitted
M1_S16_ddp_fullk_K800_b512_s20k_seed1_to300k,resume,7176634.polaris-pbs-01.hsn.cm.polaris.alcf.anl.gov,7176565.polaris-pbs-01.hsn.cm.polaris.alcf.anl.gov,/eagle/lc-mpi/Zhiqing/polaris_ebm/runs_long_k_multinode_sweep/pbs/M1_S16_ddp_fullk_K800_b512_s20k_seed1_to300k.pbs,/eagle/lc-mpi/Zhiqing/polaris_ebm/runs_long_k_multinode_sweep/runs/M1_300k/S16/M1_S16_ddp_fullk_K800_b512_s20k_seed1_to300k,/eagle/lc-mpi/Zhiqing/polaris_ebm/runs_long_k_multinode_sweep/logs/M1_S16_ddp_fullk_K800_b512_s20k_seed1_to300k.pbs.out,2026-05-29T17:20:16Z,submitted
M1_S16_pipe_P16_equal_K1600_b512_s20k_seed1_to300k,resume,7176635.polaris-pbs-01.hsn.cm.polaris.alcf.anl.gov,7176566.polaris-pbs-01.hsn.cm.polaris.alcf.anl.gov,/eagle/lc-mpi/Zhiqing/polaris_ebm/runs_long_k_multinode_sweep/pbs/M1_S16_pipe_P16_equal_K1600_b512_s20k_seed1_to300k.pbs,/eagle/lc-mpi/Zhiqing/polaris_ebm/runs_long_k_multinode_sweep/runs/M1_300k/S16/M1_S16_pipe_P16_equal_K1600_b512_s20k_seed1_to300k,/eagle/lc-mpi/Zhiqing/polaris_ebm/runs_long_k_multinode_sweep/logs/M1_S16_pipe_P16_equal_K1600_b512_s20k_seed1_to300k.pbs.out,2026-05-29T17:20:16Z,submitted
M1_S16_pipe_P16_equal_K400_b512_s20k_seed1_to300k,resume,7176636.polaris-pbs-01.hsn.cm.polaris.alcf.anl.gov,7176567.polaris-pbs-01.hsn.cm.polaris.alcf.anl.gov,/eagle/lc-mpi/Zhiqing/polaris_ebm/runs_long_k_multinode_sweep/pbs/M1_S16_pipe_P16_equal_K400_b512_s20k_seed1_to300k.pbs,/eagle/lc-mpi/Zhiqing/polaris_ebm/runs_long_k_multinode_sweep/runs/M1_300k/S16/M1_S16_pipe_P16_equal_K400_b512_s20k_seed1_to300k,/eagle/lc-mpi/Zhiqing/polaris_ebm/runs_long_k_multinode_sweep/logs/M1_S16_pipe_P16_equal_K400_b512_s20k_seed1_to300k.pbs.out,2026-05-29T17:20:16Z,submitted
M1_S16_pipe_P16_equal_K800_b512_s20k_seed1_to300k,resume,7176637.polaris-pbs-01.hsn.cm.polaris.alcf.anl.gov,7176568.polaris-pbs-01.hsn.cm.polaris.alcf.anl.gov,/eagle/lc-mpi/Zhiqing/polaris_ebm/runs_long_k_multinode_sweep/pbs/M1_S16_pipe_P16_equal_K800_b512_s20k_seed1_to300k.pbs,/eagle/lc-mpi/Zhiqing/polaris_ebm/runs_long_k_multinode_sweep/runs/M1_300k/S16/M1_S16_pipe_P16_equal_K800_b512_s20k_seed1_to300k,/eagle/lc-mpi/Zhiqing/polaris_ebm/runs_long_k_multinode_sweep/logs/M1_S16_pipe_P16_equal_K800_b512_s20k_seed1_to300k.pbs.out,2026-05-29T17:20:16Z,submitted
M1_S16_single_fullk_K1600_b512_s20k_seed1_to300k,resume,7176638.polaris-pbs-01.hsn.cm.polaris.alcf.anl.gov,7176569.polaris-pbs-01.hsn.cm.polaris.alcf.anl.gov,/eagle/lc-mpi/Zhiqing/polaris_ebm/runs_long_k_multinode_sweep/pbs/M1_S16_single_fullk_K1600_b512_s20k_seed1_to300k.pbs,/eagle/lc-mpi/Zhiqing/polaris_ebm/runs_long_k_multinode_sweep/runs/M1_300k/S16/M1_S16_single_fullk_K1600_b512_s20k_seed1_to300k,/eagle/lc-mpi/Zhiqing/polaris_ebm/runs_long_k_multinode_sweep/logs/M1_S16_single_fullk_K1600_b512_s20k_seed1_to300k.pbs.out,2026-05-29T17:20:16Z,submitted
M1_S16_single_fullk_K400_b512_s20k_seed1_to300k,resume,7176639.polaris-pbs-01.hsn.cm.polaris.alcf.anl.gov,7176570.polaris-pbs-01.hsn.cm.polaris.alcf.anl.gov,/eagle/lc-mpi/Zhiqing/polaris_ebm/runs_long_k_multinode_sweep/pbs/M1_S16_single_fullk_K400_b512_s20k_seed1_to300k.pbs,/eagle/lc-mpi/Zhiqing/polaris_ebm/runs_long_k_multinode_sweep/runs/M1_300k/S16/M1_S16_single_fullk_K400_b512_s20k_seed1_to300k,/eagle/lc-mpi/Zhiqing/polaris_ebm/runs_long_k_multinode_sweep/logs/M1_S16_single_fullk_K400_b512_s20k_seed1_to300k.pbs.out,2026-05-29T17:20:16Z,submitted
M1_S16_single_fullk_K800_b512_s20k_seed1_to300k,resume,7176640.polaris-pbs-01.hsn.cm.polaris.alcf.anl.gov,7176571.polaris-pbs-01.hsn.cm.polaris.alcf.anl.gov,/eagle/lc-mpi/Zhiqing/polaris_ebm/runs_long_k_multinode_sweep/pbs/M1_S16_single_fullk_K800_b512_s20k_seed1_to300k.pbs,/eagle/lc-mpi/Zhiqing/polaris_ebm/runs_long_k_multinode_sweep/runs/M1_300k/S16/M1_S16_single_fullk_K800_b512_s20k_seed1_to300k,/eagle/lc-mpi/Zhiqing/polaris_ebm/runs_long_k_multinode_sweep/logs/M1_S16_single_fullk_K800_b512_s20k_seed1_to300k.pbs.out,2026-05-29T17:20:16Z,submitted
M1_S32_ddp_fullk_K1600_b1024_s20k_seed1_to300k,resume,7176641.polaris-pbs-01.hsn.cm.polaris.alcf.anl.gov,7176572.polaris-pbs-01.hsn.cm.polaris.alcf.anl.gov,/eagle/lc-mpi/Zhiqing/polaris_ebm/runs_long_k_multinode_sweep/pbs/M1_S32_ddp_fullk_K1600_b1024_s20k_seed1_to300k.pbs,/eagle/lc-mpi/Zhiqing/polaris_ebm/runs_long_k_multinode_sweep/runs/M1_300k/S32/M1_S32_ddp_fullk_K1600_b1024_s20k_seed1_to300k,/eagle/lc-mpi/Zhiqing/polaris_ebm/runs_long_k_multinode_sweep/logs/M1_S32_ddp_fullk_K1600_b1024_s20k_seed1_to300k.pbs.out,2026-05-29T17:20:16Z,submitted
M1_S32_ddp_fullk_K400_b1024_s20k_seed1_to300k,resume,7176642.polaris-pbs-01.hsn.cm.polaris.alcf.anl.gov,7176573.polaris-pbs-01.hsn.cm.polaris.alcf.anl.gov,/eagle/lc-mpi/Zhiqing/polaris_ebm/runs_long_k_multinode_sweep/pbs/M1_S32_ddp_fullk_K400_b1024_s20k_seed1_to300k.pbs,/eagle/lc-mpi/Zhiqing/polaris_ebm/runs_long_k_multinode_sweep/runs/M1_300k/S32/M1_S32_ddp_fullk_K400_b1024_s20k_seed1_to300k,/eagle/lc-mpi/Zhiqing/polaris_ebm/runs_long_k_multinode_sweep/logs/M1_S32_ddp_fullk_K400_b1024_s20k_seed1_to300k.pbs.out,2026-05-29T17:20:16Z,submitted
M1_S32_ddp_fullk_K800_b1024_s20k_seed1_to300k,resume,7176643.polaris-pbs-01.hsn.cm.polaris.alcf.anl.gov,7176574.polaris-pbs-01.hsn.cm.polaris.alcf.anl.gov,/eagle/lc-mpi/Zhiqing/polaris_ebm/runs_long_k_multinode_sweep/pbs/M1_S32_ddp_fullk_K800_b1024_s20k_seed1_to300k.pbs,/eagle/lc-mpi/Zhiqing/polaris_ebm/runs_long_k_multinode_sweep/runs/M1_300k/S32/M1_S32_ddp_fullk_K800_b1024_s20k_seed1_to300k,/eagle/lc-mpi/Zhiqing/polaris_ebm/runs_long_k_multinode_sweep/logs/M1_S32_ddp_fullk_K800_b1024_s20k_seed1_to300k.pbs.out,2026-05-29T17:20:16Z,submitted
M1_S32_pipe_P32_equal_K1600_b1024_s20k_seed1_to300k,resume,7176644.polaris-pbs-01.hsn.cm.polaris.alcf.anl.gov,7176575.polaris-pbs-01.hsn.cm.polaris.alcf.anl.gov,/eagle/lc-mpi/Zhiqing/polaris_ebm/runs_long_k_multinode_sweep/pbs/M1_S32_pipe_P32_equal_K1600_b1024_s20k_seed1_to300k.pbs,/eagle/lc-mpi/Zhiqing/polaris_ebm/runs_long_k_multinode_sweep/runs/M1_300k/S32/M1_S32_pipe_P32_equal_K1600_b1024_s20k_seed1_to300k,/eagle/lc-mpi/Zhiqing/polaris_ebm/runs_long_k_multinode_sweep/logs/M1_S32_pipe_P32_equal_K1600_b1024_s20k_seed1_to300k.pbs.out,2026-05-29T17:20:16Z,submitted
M1_S32_pipe_P32_equal_K400_b1024_s20k_seed1_to300k,resume,7176645.polaris-pbs-01.hsn.cm.polaris.alcf.anl.gov,7176576.polaris-pbs-01.hsn.cm.polaris.alcf.anl.gov,/eagle/lc-mpi/Zhiqing/polaris_ebm/runs_long_k_multinode_sweep/pbs/M1_S32_pipe_P32_equal_K400_b1024_s20k_seed1_to300k.pbs,/eagle/lc-mpi/Zhiqing/polaris_ebm/runs_long_k_multinode_sweep/runs/M1_300k/S32/M1_S32_pipe_P32_equal_K400_b1024_s20k_seed1_to300k,/eagle/lc-mpi/Zhiqing/polaris_ebm/runs_long_k_multinode_sweep/logs/M1_S32_pipe_P32_equal_K400_b1024_s20k_seed1_to300k.pbs.out,2026-05-29T17:20:16Z,submitted
M1_S32_pipe_P32_equal_K800_b1024_s20k_seed1_to300k,resume,7176646.polaris-pbs-01.hsn.cm.polaris.alcf.anl.gov,7176577.polaris-pbs-01.hsn.cm.polaris.alcf.anl.gov,/eagle/lc-mpi/Zhiqing/polaris_ebm/runs_long_k_multinode_sweep/pbs/M1_S32_pipe_P32_equal_K800_b1024_s20k_seed1_to300k.pbs,/eagle/lc-mpi/Zhiqing/polaris_ebm/runs_long_k_multinode_sweep/runs/M1_300k/S32/M1_S32_pipe_P32_equal_K800_b1024_s20k_seed1_to300k,/eagle/lc-mpi/Zhiqing/polaris_ebm/runs_long_k_multinode_sweep/logs/M1_S32_pipe_P32_equal_K800_b1024_s20k_seed1_to300k.pbs.out,2026-05-29T17:20:16Z,submitted
M1_S32_single_fullk_K1600_b1024_s20k_seed1_to300k,resume,7176647.polaris-pbs-01.hsn.cm.polaris.alcf.anl.gov,7176578.polaris-pbs-01.hsn.cm.polaris.alcf.anl.gov,/eagle/lc-mpi/Zhiqing/polaris_ebm/runs_long_k_multinode_sweep/pbs/M1_S32_single_fullk_K1600_b1024_s20k_seed1_to300k.pbs,/eagle/lc-mpi/Zhiqing/polaris_ebm/runs_long_k_multinode_sweep/runs/M1_300k/S32/M1_S32_single_fullk_K1600_b1024_s20k_seed1_to300k,/eagle/lc-mpi/Zhiqing/polaris_ebm/runs_long_k_multinode_sweep/logs/M1_S32_single_fullk_K1600_b1024_s20k_seed1_to300k.pbs.out,2026-05-29T17:20:16Z,submitted
M1_S32_single_fullk_K400_b1024_s20k_seed1_to300k,resume,7176648.polaris-pbs-01.hsn.cm.polaris.alcf.anl.gov,7176579.polaris-pbs-01.hsn.cm.polaris.alcf.anl.gov,/eagle/lc-mpi/Zhiqing/polaris_ebm/runs_long_k_multinode_sweep/pbs/M1_S32_single_fullk_K400_b1024_s20k_seed1_to300k.pbs,/eagle/lc-mpi/Zhiqing/polaris_ebm/runs_long_k_multinode_sweep/runs/M1_300k/S32/M1_S32_single_fullk_K400_b1024_s20k_seed1_to300k,/eagle/lc-mpi/Zhiqing/polaris_ebm/runs_long_k_multinode_sweep/logs/M1_S32_single_fullk_K400_b1024_s20k_seed1_to300k.pbs.out,2026-05-29T17:20:16Z,submitted
M1_S32_single_fullk_K800_b1024_s20k_seed1_to300k,resume,7176649.polaris-pbs-01.hsn.cm.polaris.alcf.anl.gov,7176580.polaris-pbs-01.hsn.cm.polaris.alcf.anl.gov,/eagle/lc-mpi/Zhiqing/polaris_ebm/runs_long_k_multinode_sweep/pbs/M1_S32_single_fullk_K800_b1024_s20k_seed1_to300k.pbs,/eagle/lc-mpi/Zhiqing/polaris_ebm/runs_long_k_multinode_sweep/runs/M1_300k/S32/M1_S32_single_fullk_K800_b1024_s20k_seed1_to300k,/eagle/lc-mpi/Zhiqing/polaris_ebm/runs_long_k_multinode_sweep/logs/M1_S32_single_fullk_K800_b1024_s20k_seed1_to300k.pbs.out,2026-05-29T17:20:16Z,submitted
M1_S16_ddp_fullk_K1600_b512_s20k_seed1_to300k,resume,7176715.polaris-pbs-01.hsn.cm.polaris.alcf.anl.gov,7176632.polaris-pbs-01.hsn.cm.polaris.alcf.anl.gov,/eagle/lc-mpi/Zhiqing/polaris_ebm/runs_long_k_multinode_sweep/pbs/M1_S16_ddp_fullk_K1600_b512_s20k_seed1_to300k.pbs,/eagle/lc-mpi/Zhiqing/polaris_ebm/runs_long_k_multinode_sweep/runs/M1_300k/S16/M1_S16_ddp_fullk_K1600_b512_s20k_seed1_to300k,/eagle/lc-mpi/Zhiqing/polaris_ebm/runs_long_k_multinode_sweep/logs/M1_S16_ddp_fullk_K1600_b512_s20k_seed1_to300k.pbs.out,2026-05-29T17:50:24Z,submitted
M1_S16_ddp_fullk_K400_b512_s20k_seed1_to300k,resume,7176716.polaris-pbs-01.hsn.cm.polaris.alcf.anl.gov,7176633.polaris-pbs-01.hsn.cm.polaris.alcf.anl.gov,/eagle/lc-mpi/Zhiqing/polaris_ebm/runs_long_k_multinode_sweep/pbs/M1_S16_ddp_fullk_K400_b512_s20k_seed1_to300k.pbs,/eagle/lc-mpi/Zhiqing/polaris_ebm/runs_long_k_multinode_sweep/runs/M1_300k/S16/M1_S16_ddp_fullk_K400_b512_s20k_seed1_to300k,/eagle/lc-mpi/Zhiqing/polaris_ebm/runs_long_k_multinode_sweep/logs/M1_S16_ddp_fullk_K400_b512_s20k_seed1_to300k.pbs.out,2026-05-29T17:50:24Z,submitted
M1_S16_ddp_fullk_K800_b512_s20k_seed1_to300k,resume,7176717.polaris-pbs-01.hsn.cm.polaris.alcf.anl.gov,7176634.polaris-pbs-01.hsn.cm.polaris.alcf.anl.gov,/eagle/lc-mpi/Zhiqing/polaris_ebm/runs_long_k_multinode_sweep/pbs/M1_S16_ddp_fullk_K800_b512_s20k_seed1_to300k.pbs,/eagle/lc-mpi/Zhiqing/polaris_ebm/runs_long_k_multinode_sweep/runs/M1_300k/S16/M1_S16_ddp_fullk_K800_b512_s20k_seed1_to300k,/eagle/lc-mpi/Zhiqing/polaris_ebm/runs_long_k_multinode_sweep/logs/M1_S16_ddp_fullk_K800_b512_s20k_seed1_to300k.pbs.out,2026-05-29T17:50:24Z,submitted
M1_S16_pipe_P16_equal_K1600_b512_s20k_seed1_to300k,resume,7176718.polaris-pbs-01.hsn.cm.polaris.alcf.anl.gov,7176635.polaris-pbs-01.hsn.cm.polaris.alcf.anl.gov,/eagle/lc-mpi/Zhiqing/polaris_ebm/runs_long_k_multinode_sweep/pbs/M1_S16_pipe_P16_equal_K1600_b512_s20k_seed1_to300k.pbs,/eagle/lc-mpi/Zhiqing/polaris_ebm/runs_long_k_multinode_sweep/runs/M1_300k/S16/M1_S16_pipe_P16_equal_K1600_b512_s20k_seed1_to300k,/eagle/lc-mpi/Zhiqing/polaris_ebm/runs_long_k_multinode_sweep/logs/M1_S16_pipe_P16_equal_K1600_b512_s20k_seed1_to300k.pbs.out,2026-05-29T17:50:24Z,submitted
M1_S16_pipe_P16_equal_K400_b512_s20k_seed1_to300k,resume,7176719.polaris-pbs-01.hsn.cm.polaris.alcf.anl.gov,7176636.polaris-pbs-01.hsn.cm.polaris.alcf.anl.gov,/eagle/lc-mpi/Zhiqing/polaris_ebm/runs_long_k_multinode_sweep/pbs/M1_S16_pipe_P16_equal_K400_b512_s20k_seed1_to300k.pbs,/eagle/lc-mpi/Zhiqing/polaris_ebm/runs_long_k_multinode_sweep/runs/M1_300k/S16/M1_S16_pipe_P16_equal_K400_b512_s20k_seed1_to300k,/eagle/lc-mpi/Zhiqing/polaris_ebm/runs_long_k_multinode_sweep/logs/M1_S16_pipe_P16_equal_K400_b512_s20k_seed1_to300k.pbs.out,2026-05-29T17:50:24Z,submitted
M1_S16_pipe_P16_equal_K800_b512_s20k_seed1_to300k,resume,7176720.polaris-pbs-01.hsn.cm.polaris.alcf.anl.gov,7176637.polaris-pbs-01.hsn.cm.polaris.alcf.anl.gov,/eagle/lc-mpi/Zhiqing/polaris_ebm/runs_long_k_multinode_sweep/pbs/M1_S16_pipe_P16_equal_K800_b512_s20k_seed1_to300k.pbs,/eagle/lc-mpi/Zhiqing/polaris_ebm/runs_long_k_multinode_sweep/runs/M1_300k/S16/M1_S16_pipe_P16_equal_K800_b512_s20k_seed1_to300k,/eagle/lc-mpi/Zhiqing/polaris_ebm/runs_long_k_multinode_sweep/logs/M1_S16_pipe_P16_equal_K800_b512_s20k_seed1_to300k.pbs.out,2026-05-29T17:50:24Z,submitted
M1_S16_single_fullk_K1600_b512_s20k_seed1_to300k,resume,7176721.polaris-pbs-01.hsn.cm.polaris.alcf.anl.gov,7176638.polaris-pbs-01.hsn.cm.polaris.alcf.anl.gov,/eagle/lc-mpi/Zhiqing/polaris_ebm/runs_long_k_multinode_sweep/pbs/M1_S16_single_fullk_K1600_b512_s20k_seed1_to300k.pbs,/eagle/lc-mpi/Zhiqing/polaris_ebm/runs_long_k_multinode_sweep/runs/M1_300k/S16/M1_S16_single_fullk_K1600_b512_s20k_seed1_to300k,/eagle/lc-mpi/Zhiqing/polaris_ebm/runs_long_k_multinode_sweep/logs/M1_S16_single_fullk_K1600_b512_s20k_seed1_to300k.pbs.out,2026-05-29T17:50:24Z,submitted
M1_S16_single_fullk_K400_b512_s20k_seed1_to300k,resume,7176722.polaris-pbs-01.hsn.cm.polaris.alcf.anl.gov,7176639.polaris-pbs-01.hsn.cm.polaris.alcf.anl.gov,/eagle/lc-mpi/Zhiqing/polaris_ebm/runs_long_k_multinode_sweep/pbs/M1_S16_single_fullk_K400_b512_s20k_seed1_to300k.pbs,/eagle/lc-mpi/Zhiqing/polaris_ebm/runs_long_k_multinode_sweep/runs/M1_300k/S16/M1_S16_single_fullk_K400_b512_s20k_seed1_to300k,/eagle/lc-mpi/Zhiqing/polaris_ebm/runs_long_k_multinode_sweep/logs/M1_S16_single_fullk_K400_b512_s20k_seed1_to300k.pbs.out,2026-05-29T17:50:24Z,submitted
M1_S16_single_fullk_K800_b512_s20k_seed1_to300k,resume,7176723.polaris-pbs-01.hsn.cm.polaris.alcf.anl.gov,7176640.polaris-pbs-01.hsn.cm.polaris.alcf.anl.gov,/eagle/lc-mpi/Zhiqing/polaris_ebm/runs_long_k_multinode_sweep/pbs/M1_S16_single_fullk_K800_b512_s20k_seed1_to300k.pbs,/eagle/lc-mpi/Zhiqing/polaris_ebm/runs_long_k_multinode_sweep/runs/M1_300k/S16/M1_S16_single_fullk_K800_b512_s20k_seed1_to300k,/eagle/lc-mpi/Zhiqing/polaris_ebm/runs_long_k_multinode_sweep/logs/M1_S16_single_fullk_K800_b512_s20k_seed1_to300k.pbs.out,2026-05-29T17:50:24Z,submitted
M1_S32_ddp_fullk_K1600_b1024_s20k_seed1_to300k,resume,7176724.polaris-pbs-01.hsn.cm.polaris.alcf.anl.gov,7176641.polaris-pbs-01.hsn.cm.polaris.alcf.anl.gov,/eagle/lc-mpi/Zhiqing/polaris_ebm/runs_long_k_multinode_sweep/pbs/M1_S32_ddp_fullk_K1600_b1024_s20k_seed1_to300k.pbs,/eagle/lc-mpi/Zhiqing/polaris_ebm/runs_long_k_multinode_sweep/runs/M1_300k/S32/M1_S32_ddp_fullk_K1600_b1024_s20k_seed1_to300k,/eagle/lc-mpi/Zhiqing/polaris_ebm/runs_long_k_multinode_sweep/logs/M1_S32_ddp_fullk_K1600_b1024_s20k_seed1_to300k.pbs.out,2026-05-29T17:50:24Z,submitted
M1_S32_ddp_fullk_K400_b1024_s20k_seed1_to300k,resume,7176725.polaris-pbs-01.hsn.cm.polaris.alcf.anl.gov,7176642.polaris-pbs-01.hsn.cm.polaris.alcf.anl.gov,/eagle/lc-mpi/Zhiqing/polaris_ebm/runs_long_k_multinode_sweep/pbs/M1_S32_ddp_fullk_K400_b1024_s20k_seed1_to300k.pbs,/eagle/lc-mpi/Zhiqing/polaris_ebm/runs_long_k_multinode_sweep/runs/M1_300k/S32/M1_S32_ddp_fullk_K400_b1024_s20k_seed1_to300k,/eagle/lc-mpi/Zhiqing/polaris_ebm/runs_long_k_multinode_sweep/logs/M1_S32_ddp_fullk_K400_b1024_s20k_seed1_to300k.pbs.out,2026-05-29T17:50:24Z,submitted
M1_S32_ddp_fullk_K800_b1024_s20k_seed1_to300k,resume,7176726.polaris-pbs-01.hsn.cm.polaris.alcf.anl.gov,7176643.polaris-pbs-01.hsn.cm.polaris.alcf.anl.gov,/eagle/lc-mpi/Zhiqing/polaris_ebm/runs_long_k_multinode_sweep/pbs/M1_S32_ddp_fullk_K800_b1024_s20k_seed1_to300k.pbs,/eagle/lc-mpi/Zhiqing/polaris_ebm/runs_long_k_multinode_sweep/runs/M1_300k/S32/M1_S32_ddp_fullk_K800_b1024_s20k_seed1_to300k,/eagle/lc-mpi/Zhiqing/polaris_ebm/runs_long_k_multinode_sweep/logs/M1_S32_ddp_fullk_K800_b1024_s20k_seed1_to300k.pbs.out,2026-05-29T17:50:24Z,submitted
M1_S32_pipe_P32_equal_K1600_b1024_s20k_seed1_to300k,resume,7176727.polaris-pbs-01.hsn.cm.polaris.alcf.anl.gov,7176644.polaris-pbs-01.hsn.cm.polaris.alcf.anl.gov,/eagle/lc-mpi/Zhiqing/polaris_ebm/runs_long_k_multinode_sweep/pbs/M1_S32_pipe_P32_equal_K1600_b1024_s20k_seed1_to300k.pbs,/eagle/lc-mpi/Zhiqing/polaris_ebm/runs_long_k_multinode_sweep/runs/M1_300k/S32/M1_S32_pipe_P32_equal_K1600_b1024_s20k_seed1_to300k,/eagle/lc-mpi/Zhiqing/polaris_ebm/runs_long_k_multinode_sweep/logs/M1_S32_pipe_P32_equal_K1600_b1024_s20k_seed1_to300k.pbs.out,2026-05-29T17:50:24Z,submitted
M1_S32_pipe_P32_equal_K400_b1024_s20k_seed1_to300k,resume,7176728.polaris-pbs-01.hsn.cm.polaris.alcf.anl.gov,7176645.polaris-pbs-01.hsn.cm.polaris.alcf.anl.gov,/eagle/lc-mpi/Zhiqing/polaris_ebm/runs_long_k_multinode_sweep/pbs/M1_S32_pipe_P32_equal_K400_b1024_s20k_seed1_to300k.pbs,/eagle/lc-mpi/Zhiqing/polaris_ebm/runs_long_k_multinode_sweep/runs/M1_300k/S32/M1_S32_pipe_P32_equal_K400_b1024_s20k_seed1_to300k,/eagle/lc-mpi/Zhiqing/polaris_ebm/runs_long_k_multinode_sweep/logs/M1_S32_pipe_P32_equal_K400_b1024_s20k_seed1_to300k.pbs.out,2026-05-29T17:50:24Z,submitted
M1_S32_pipe_P32_equal_K800_b1024_s20k_seed1_to300k,resume,7176729.polaris-pbs-01.hsn.cm.polaris.alcf.anl.gov,7176646.polaris-pbs-01.hsn.cm.polaris.alcf.anl.gov,/eagle/lc-mpi/Zhiqing/polaris_ebm/runs_long_k_multinode_sweep/pbs/M1_S32_pipe_P32_equal_K800_b1024_s20k_seed1_to300k.pbs,/eagle/lc-mpi/Zhiqing/polaris_ebm/runs_long_k_multinode_sweep/runs/M1_300k/S32/M1_S32_pipe_P32_equal_K800_b1024_s20k_seed1_to300k,/eagle/lc-mpi/Zhiqing/polaris_ebm/runs_long_k_multinode_sweep/logs/M1_S32_pipe_P32_equal_K800_b1024_s20k_seed1_to300k.pbs.out,2026-05-29T17:50:24Z,submitted
M1_S32_single_fullk_K1600_b1024_s20k_seed1_to300k,resume,7176730.polaris-pbs-01.hsn.cm.polaris.alcf.anl.gov,7176647.polaris-pbs-01.hsn.cm.polaris.alcf.anl.gov,/eagle/lc-mpi/Zhiqing/polaris_ebm/runs_long_k_multinode_sweep/pbs/M1_S32_single_fullk_K1600_b1024_s20k_seed1_to300k.pbs,/eagle/lc-mpi/Zhiqing/polaris_ebm/runs_long_k_multinode_sweep/runs/M1_300k/S32/M1_S32_single_fullk_K1600_b1024_s20k_seed1_to300k,/eagle/lc-mpi/Zhiqing/polaris_ebm/runs_long_k_multinode_sweep/logs/M1_S32_single_fullk_K1600_b1024_s20k_seed1_to300k.pbs.out,2026-05-29T17:50:24Z,submitted
M1_S32_single_fullk_K400_b1024_s20k_seed1_to300k,resume,7176731.polaris-pbs-01.hsn.cm.polaris.alcf.anl.gov,7176648.polaris-pbs-01.hsn.cm.polaris.alcf.anl.gov,/eagle/lc-mpi/Zhiqing/polaris_ebm/runs_long_k_multinode_sweep/pbs/M1_S32_single_fullk_K400_b1024_s20k_seed1_to300k.pbs,/eagle/lc-mpi/Zhiqing/polaris_ebm/runs_long_k_multinode_sweep/runs/M1_300k/S32/M1_S32_single_fullk_K400_b1024_s20k_seed1_to300k,/eagle/lc-mpi/Zhiqing/polaris_ebm/runs_long_k_multinode_sweep/logs/M1_S32_single_fullk_K400_b1024_s20k_seed1_to300k.pbs.out,2026-05-29T17:50:24Z,submitted
M1_S32_single_fullk_K800_b1024_s20k_seed1_to300k,resume,7176732.polaris-pbs-01.hsn.cm.polaris.alcf.anl.gov,7176649.polaris-pbs-01.hsn.cm.polaris.alcf.anl.gov,/eagle/lc-mpi/Zhiqing/polaris_ebm/runs_long_k_multinode_sweep/pbs/M1_S32_single_fullk_K800_b1024_s20k_seed1_to300k.pbs,/eagle/lc-mpi/Zhiqing/polaris_ebm/runs_long_k_multinode_sweep/runs/M1_300k/S32/M1_S32_single_fullk_K800_b1024_s20k_seed1_to300k,/eagle/lc-mpi/Zhiqing/polaris_ebm/runs_long_k_multinode_sweep/logs/M1_S32_single_fullk_K800_b1024_s20k_seed1_to300k.pbs.out,2026-05-29T17:50:24Z,submitted
M1_S16_ddp_fullk_K1600_b512_s20k_seed1_to300k,resume,7176802.polaris-pbs-01.hsn.cm.polaris.alcf.anl.gov,7176715.polaris-pbs-01.hsn.cm.polaris.alcf.anl.gov,/eagle/lc-mpi/Zhiqing/polaris_ebm/runs_long_k_multinode_sweep/pbs/M1_S16_ddp_fullk_K1600_b512_s20k_seed1_to300k.pbs,/eagle/lc-mpi/Zhiqing/polaris_ebm/runs_long_k_multinode_sweep/runs/M1_300k/S16/M1_S16_ddp_fullk_K1600_b512_s20k_seed1_to300k,/eagle/lc-mpi/Zhiqing/polaris_ebm/runs_long_k_multinode_sweep/logs/M1_S16_ddp_fullk_K1600_b512_s20k_seed1_to300k.pbs.out,2026-05-29T18:20:32Z,submitted
M1_S16_ddp_fullk_K400_b512_s20k_seed1_to300k,resume,7176803.polaris-pbs-01.hsn.cm.polaris.alcf.anl.gov,7176716.polaris-pbs-01.hsn.cm.polaris.alcf.anl.gov,/eagle/lc-mpi/Zhiqing/polaris_ebm/runs_long_k_multinode_sweep/pbs/M1_S16_ddp_fullk_K400_b512_s20k_seed1_to300k.pbs,/eagle/lc-mpi/Zhiqing/polaris_ebm/runs_long_k_multinode_sweep/runs/M1_300k/S16/M1_S16_ddp_fullk_K400_b512_s20k_seed1_to300k,/eagle/lc-mpi/Zhiqing/polaris_ebm/runs_long_k_multinode_sweep/logs/M1_S16_ddp_fullk_K400_b512_s20k_seed1_to300k.pbs.out,2026-05-29T18:20:32Z,submitted
M1_S16_ddp_fullk_K800_b512_s20k_seed1_to300k,resume,7176804.polaris-pbs-01.hsn.cm.polaris.alcf.anl.gov,7176717.polaris-pbs-01.hsn.cm.polaris.alcf.anl.gov,/eagle/lc-mpi/Zhiqing/polaris_ebm/runs_long_k_multinode_sweep/pbs/M1_S16_ddp_fullk_K800_b512_s20k_seed1_to300k.pbs,/eagle/lc-mpi/Zhiqing/polaris_ebm/runs_long_k_multinode_sweep/runs/M1_300k/S16/M1_S16_ddp_fullk_K800_b512_s20k_seed1_to300k,/eagle/lc-mpi/Zhiqing/polaris_ebm/runs_long_k_multinode_sweep/logs/M1_S16_ddp_fullk_K800_b512_s20k_seed1_to300k.pbs.out,2026-05-29T18:20:32Z,submitted
M1_S16_pipe_P16_equal_K1600_b512_s20k_seed1_to300k,resume,7176805.polaris-pbs-01.hsn.cm.polaris.alcf.anl.gov,7176718.polaris-pbs-01.hsn.cm.polaris.alcf.anl.gov,/eagle/lc-mpi/Zhiqing/polaris_ebm/runs_long_k_multinode_sweep/pbs/M1_S16_pipe_P16_equal_K1600_b512_s20k_seed1_to300k.pbs,/eagle/lc-mpi/Zhiqing/polaris_ebm/runs_long_k_multinode_sweep/runs/M1_300k/S16/M1_S16_pipe_P16_equal_K1600_b512_s20k_seed1_to300k,/eagle/lc-mpi/Zhiqing/polaris_ebm/runs_long_k_multinode_sweep/logs/M1_S16_pipe_P16_equal_K1600_b512_s20k_seed1_to300k.pbs.out,2026-05-29T18:20:32Z,submitted
M1_S16_pipe_P16_equal_K400_b512_s20k_seed1_to300k,resume,7176806.polaris-pbs-01.hsn.cm.polaris.alcf.anl.gov,7176719.polaris-pbs-01.hsn.cm.polaris.alcf.anl.gov,/eagle/lc-mpi/Zhiqing/polaris_ebm/runs_long_k_multinode_sweep/pbs/M1_S16_pipe_P16_equal_K400_b512_s20k_seed1_to300k.pbs,/eagle/lc-mpi/Zhiqing/polaris_ebm/runs_long_k_multinode_sweep/runs/M1_300k/S16/M1_S16_pipe_P16_equal_K400_b512_s20k_seed1_to300k,/eagle/lc-mpi/Zhiqing/polaris_ebm/runs_long_k_multinode_sweep/logs/M1_S16_pipe_P16_equal_K400_b512_s20k_seed1_to300k.pbs.out,2026-05-29T18:20:32Z,submitted
M1_S16_pipe_P16_equal_K800_b512_s20k_seed1_to300k,resume,7176807.polaris-pbs-01.hsn.cm.polaris.alcf.anl.gov,7176720.polaris-pbs-01.hsn.cm.polaris.alcf.anl.gov,/eagle/lc-mpi/Zhiqing/polaris_ebm/runs_long_k_multinode_sweep/pbs/M1_S16_pipe_P16_equal_K800_b512_s20k_seed1_to300k.pbs,/eagle/lc-mpi/Zhiqing/polaris_ebm/runs_long_k_multinode_sweep/runs/M1_300k/S16/M1_S16_pipe_P16_equal_K800_b512_s20k_seed1_to300k,/eagle/lc-mpi/Zhiqing/polaris_ebm/runs_long_k_multinode_sweep/logs/M1_S16_pipe_P16_equal_K800_b512_s20k_seed1_to300k.pbs.out,2026-05-29T18:20:32Z,submitted
M1_S16_single_fullk_K1600_b512_s20k_seed1_to300k,resume,7176808.polaris-pbs-01.hsn.cm.polaris.alcf.anl.gov,7176721.polaris-pbs-01.hsn.cm.polaris.alcf.anl.gov,/eagle/lc-mpi/Zhiqing/polaris_ebm/runs_long_k_multinode_sweep/pbs/M1_S16_single_fullk_K1600_b512_s20k_seed1_to300k.pbs,/eagle/lc-mpi/Zhiqing/polaris_ebm/runs_long_k_multinode_sweep/runs/M1_300k/S16/M1_S16_single_fullk_K1600_b512_s20k_seed1_to300k,/eagle/lc-mpi/Zhiqing/polaris_ebm/runs_long_k_multinode_sweep/logs/M1_S16_single_fullk_K1600_b512_s20k_seed1_to300k.pbs.out,2026-05-29T18:20:32Z,submitted
M1_S16_single_fullk_K400_b512_s20k_seed1_to300k,resume,7176809.polaris-pbs-01.hsn.cm.polaris.alcf.anl.gov,7176722.polaris-pbs-01.hsn.cm.polaris.alcf.anl.gov,/eagle/lc-mpi/Zhiqing/polaris_ebm/runs_long_k_multinode_sweep/pbs/M1_S16_single_fullk_K400_b512_s20k_seed1_to300k.pbs,/eagle/lc-mpi/Zhiqing/polaris_ebm/runs_long_k_multinode_sweep/runs/M1_300k/S16/M1_S16_single_fullk_K400_b512_s20k_seed1_to300k,/eagle/lc-mpi/Zhiqing/polaris_ebm/runs_long_k_multinode_sweep/logs/M1_S16_single_fullk_K400_b512_s20k_seed1_to300k.pbs.out,2026-05-29T18:20:32Z,submitted
M1_S16_single_fullk_K800_b512_s20k_seed1_to300k,resume,7176810.polaris-pbs-01.hsn.cm.polaris.alcf.anl.gov,7176723.polaris-pbs-01.hsn.cm.polaris.alcf.anl.gov,/eagle/lc-mpi/Zhiqing/polaris_ebm/runs_long_k_multinode_sweep/pbs/M1_S16_single_fullk_K800_b512_s20k_seed1_to300k.pbs,/eagle/lc-mpi/Zhiqing/polaris_ebm/runs_long_k_multinode_sweep/runs/M1_300k/S16/M1_S16_single_fullk_K800_b512_s20k_seed1_to300k,/eagle/lc-mpi/Zhiqing/polaris_ebm/runs_long_k_multinode_sweep/logs/M1_S16_single_fullk_K800_b512_s20k_seed1_to300k.pbs.out,2026-05-29T18:20:32Z,submitted
M1_S32_ddp_fullk_K1600_b1024_s20k_seed1_to300k,resume,7176811.polaris-pbs-01.hsn.cm.polaris.alcf.anl.gov,7176724.polaris-pbs-01.hsn.cm.polaris.alcf.anl.gov,/eagle/lc-mpi/Zhiqing/polaris_ebm/runs_long_k_multinode_sweep/pbs/M1_S32_ddp_fullk_K1600_b1024_s20k_seed1_to300k.pbs,/eagle/lc-mpi/Zhiqing/polaris_ebm/runs_long_k_multinode_sweep/runs/M1_300k/S32/M1_S32_ddp_fullk_K1600_b1024_s20k_seed1_to300k,/eagle/lc-mpi/Zhiqing/polaris_ebm/runs_long_k_multinode_sweep/logs/M1_S32_ddp_fullk_K1600_b1024_s20k_seed1_to300k.pbs.out,2026-05-29T18:20:32Z,submitted
M1_S32_ddp_fullk_K400_b1024_s20k_seed1_to300k,resume,7176812.polaris-pbs-01.hsn.cm.polaris.alcf.anl.gov,7176725.polaris-pbs-01.hsn.cm.polaris.alcf.anl.gov,/eagle/lc-mpi/Zhiqing/polaris_ebm/runs_long_k_multinode_sweep/pbs/M1_S32_ddp_fullk_K400_b1024_s20k_seed1_to300k.pbs,/eagle/lc-mpi/Zhiqing/polaris_ebm/runs_long_k_multinode_sweep/runs/M1_300k/S32/M1_S32_ddp_fullk_K400_b1024_s20k_seed1_to300k,/eagle/lc-mpi/Zhiqing/polaris_ebm/runs_long_k_multinode_sweep/logs/M1_S32_ddp_fullk_K400_b1024_s20k_seed1_to300k.pbs.out,2026-05-29T18:20:32Z,submitted
M1_S32_ddp_fullk_K800_b1024_s20k_seed1_to300k,resume,7176813.polaris-pbs-01.hsn.cm.polaris.alcf.anl.gov,7176726.polaris-pbs-01.hsn.cm.polaris.alcf.anl.gov,/eagle/lc-mpi/Zhiqing/polaris_ebm/runs_long_k_multinode_sweep/pbs/M1_S32_ddp_fullk_K800_b1024_s20k_seed1_to300k.pbs,/eagle/lc-mpi/Zhiqing/polaris_ebm/runs_long_k_multinode_sweep/runs/M1_300k/S32/M1_S32_ddp_fullk_K800_b1024_s20k_seed1_to300k,/eagle/lc-mpi/Zhiqing/polaris_ebm/runs_long_k_multinode_sweep/logs/M1_S32_ddp_fullk_K800_b1024_s20k_seed1_to300k.pbs.out,2026-05-29T18:20:32Z,submitted
M1_S32_pipe_P32_equal_K1600_b1024_s20k_seed1_to300k,resume,7176814.polaris-pbs-01.hsn.cm.polaris.alcf.anl.gov,7176727.polaris-pbs-01.hsn.cm.polaris.alcf.anl.gov,/eagle/lc-mpi/Zhiqing/polaris_ebm/runs_long_k_multinode_sweep/pbs/M1_S32_pipe_P32_equal_K1600_b1024_s20k_seed1_to300k.pbs,/eagle/lc-mpi/Zhiqing/polaris_ebm/runs_long_k_multinode_sweep/runs/M1_300k/S32/M1_S32_pipe_P32_equal_K1600_b1024_s20k_seed1_to300k,/eagle/lc-mpi/Zhiqing/polaris_ebm/runs_long_k_multinode_sweep/logs/M1_S32_pipe_P32_equal_K1600_b1024_s20k_seed1_to300k.pbs.out,2026-05-29T18:20:32Z,submitted
M1_S32_pipe_P32_equal_K400_b1024_s20k_seed1_to300k,resume,7176815.polaris-pbs-01.hsn.cm.polaris.alcf.anl.gov,7176728.polaris-pbs-01.hsn.cm.polaris.alcf.anl.gov,/eagle/lc-mpi/Zhiqing/polaris_ebm/runs_long_k_multinode_sweep/pbs/M1_S32_pipe_P32_equal_K400_b1024_s20k_seed1_to300k.pbs,/eagle/lc-mpi/Zhiqing/polaris_ebm/runs_long_k_multinode_sweep/runs/M1_300k/S32/M1_S32_pipe_P32_equal_K400_b1024_s20k_seed1_to300k,/eagle/lc-mpi/Zhiqing/polaris_ebm/runs_long_k_multinode_sweep/logs/M1_S32_pipe_P32_equal_K400_b1024_s20k_seed1_to300k.pbs.out,2026-05-29T18:20:32Z,submitted
M1_S32_pipe_P32_equal_K800_b1024_s20k_seed1_to300k,resume,7176816.polaris-pbs-01.hsn.cm.polaris.alcf.anl.gov,7176729.polaris-pbs-01.hsn.cm.polaris.alcf.anl.gov,/eagle/lc-mpi/Zhiqing/polaris_ebm/runs_long_k_multinode_sweep/pbs/M1_S32_pipe_P32_equal_K800_b1024_s20k_seed1_to300k.pbs,/eagle/lc-mpi/Zhiqing/polaris_ebm/runs_long_k_multinode_sweep/runs/M1_300k/S32/M1_S32_pipe_P32_equal_K800_b1024_s20k_seed1_to300k,/eagle/lc-mpi/Zhiqing/polaris_ebm/runs_long_k_multinode_sweep/logs/M1_S32_pipe_P32_equal_K800_b1024_s20k_seed1_to300k.pbs.out,2026-05-29T18:20:32Z,submitted
M1_S32_single_fullk_K1600_b1024_s20k_seed1_to300k,resume,7176817.polaris-pbs-01.hsn.cm.polaris.alcf.anl.gov,7176730.polaris-pbs-01.hsn.cm.polaris.alcf.anl.gov,/eagle/lc-mpi/Zhiqing/polaris_ebm/runs_long_k_multinode_sweep/pbs/M1_S32_single_fullk_K1600_b1024_s20k_seed1_to300k.pbs,/eagle/lc-mpi/Zhiqing/polaris_ebm/runs_long_k_multinode_sweep/runs/M1_300k/S32/M1_S32_single_fullk_K1600_b1024_s20k_seed1_to300k,/eagle/lc-mpi/Zhiqing/polaris_ebm/runs_long_k_multinode_sweep/logs/M1_S32_single_fullk_K1600_b1024_s20k_seed1_to300k.pbs.out,2026-05-29T18:20:32Z,submitted
M1_S32_single_fullk_K400_b1024_s20k_seed1_to300k,resume,7176818.polaris-pbs-01.hsn.cm.polaris.alcf.anl.gov,7176731.polaris-pbs-01.hsn.cm.polaris.alcf.anl.gov,/eagle/lc-mpi/Zhiqing/polaris_ebm/runs_long_k_multinode_sweep/pbs/M1_S32_single_fullk_K400_b1024_s20k_seed1_to300k.pbs,/eagle/lc-mpi/Zhiqing/polaris_ebm/runs_long_k_multinode_sweep/runs/M1_300k/S32/M1_S32_single_fullk_K400_b1024_s20k_seed1_to300k,/eagle/lc-mpi/Zhiqing/polaris_ebm/runs_long_k_multinode_sweep/logs/M1_S32_single_fullk_K400_b1024_s20k_seed1_to300k.pbs.out,2026-05-29T18:20:32Z,submitted
M1_S32_single_fullk_K800_b1024_s20k_seed1_to300k,resume,7176819.polaris-pbs-01.hsn.cm.polaris.alcf.anl.gov,7176732.polaris-pbs-01.hsn.cm.polaris.alcf.anl.gov,/eagle/lc-mpi/Zhiqing/polaris_ebm/runs_long_k_multinode_sweep/pbs/M1_S32_single_fullk_K800_b1024_s20k_seed1_to300k.pbs,/eagle/lc-mpi/Zhiqing/polaris_ebm/runs_long_k_multinode_sweep/runs/M1_300k/S32/M1_S32_single_fullk_K800_b1024_s20k_seed1_to300k,/eagle/lc-mpi/Zhiqing/polaris_ebm/runs_long_k_multinode_sweep/logs/M1_S32_single_fullk_K800_b1024_s20k_seed1_to300k.pbs.out,2026-05-29T18:20:32Z,submitted
M1_S16_ddp_fullk_K1600_b512_s20k_seed1_to300k,resume,7176879.polaris-pbs-01.hsn.cm.polaris.alcf.anl.gov,7176802.polaris-pbs-01.hsn.cm.polaris.alcf.anl.gov,/eagle/lc-mpi/Zhiqing/polaris_ebm/runs_long_k_multinode_sweep/pbs/M1_S16_ddp_fullk_K1600_b512_s20k_seed1_to300k.pbs,/eagle/lc-mpi/Zhiqing/polaris_ebm/runs_long_k_multinode_sweep/runs/M1_300k/S16/M1_S16_ddp_fullk_K1600_b512_s20k_seed1_to300k,/eagle/lc-mpi/Zhiqing/polaris_ebm/runs_long_k_multinode_sweep/logs/M1_S16_ddp_fullk_K1600_b512_s20k_seed1_to300k.pbs.out,2026-05-29T18:50:41Z,submitted
M1_S16_ddp_fullk_K400_b512_s20k_seed1_to300k,resume,7176880.polaris-pbs-01.hsn.cm.polaris.alcf.anl.gov,7176803.polaris-pbs-01.hsn.cm.polaris.alcf.anl.gov,/eagle/lc-mpi/Zhiqing/polaris_ebm/runs_long_k_multinode_sweep/pbs/M1_S16_ddp_fullk_K400_b512_s20k_seed1_to300k.pbs,/eagle/lc-mpi/Zhiqing/polaris_ebm/runs_long_k_multinode_sweep/runs/M1_300k/S16/M1_S16_ddp_fullk_K400_b512_s20k_seed1_to300k,/eagle/lc-mpi/Zhiqing/polaris_ebm/runs_long_k_multinode_sweep/logs/M1_S16_ddp_fullk_K400_b512_s20k_seed1_to300k.pbs.out,2026-05-29T18:50:41Z,submitted
M1_S16_ddp_fullk_K800_b512_s20k_seed1_to300k,resume,7176881.polaris-pbs-01.hsn.cm.polaris.alcf.anl.gov,7176804.polaris-pbs-01.hsn.cm.polaris.alcf.anl.gov,/eagle/lc-mpi/Zhiqing/polaris_ebm/runs_long_k_multinode_sweep/pbs/M1_S16_ddp_fullk_K800_b512_s20k_seed1_to300k.pbs,/eagle/lc-mpi/Zhiqing/polaris_ebm/runs_long_k_multinode_sweep/runs/M1_300k/S16/M1_S16_ddp_fullk_K800_b512_s20k_seed1_to300k,/eagle/lc-mpi/Zhiqing/polaris_ebm/runs_long_k_multinode_sweep/logs/M1_S16_ddp_fullk_K800_b512_s20k_seed1_to300k.pbs.out,2026-05-29T18:50:41Z,submitted
M1_S16_pipe_P16_equal_K1600_b512_s20k_seed1_to300k,resume,7176882.polaris-pbs-01.hsn.cm.polaris.alcf.anl.gov,7176805.polaris-pbs-01.hsn.cm.polaris.alcf.anl.gov,/eagle/lc-mpi/Zhiqing/polaris_ebm/runs_long_k_multinode_sweep/pbs/M1_S16_pipe_P16_equal_K1600_b512_s20k_seed1_to300k.pbs,/eagle/lc-mpi/Zhiqing/polaris_ebm/runs_long_k_multinode_sweep/runs/M1_300k/S16/M1_S16_pipe_P16_equal_K1600_b512_s20k_seed1_to300k,/eagle/lc-mpi/Zhiqing/polaris_ebm/runs_long_k_multinode_sweep/logs/M1_S16_pipe_P16_equal_K1600_b512_s20k_seed1_to300k.pbs.out,2026-05-29T18:50:41Z,submitted
M1_S16_pipe_P16_equal_K400_b512_s20k_seed1_to300k,resume,7176883.polaris-pbs-01.hsn.cm.polaris.alcf.anl.gov,7176806.polaris-pbs-01.hsn.cm.polaris.alcf.anl.gov,/eagle/lc-mpi/Zhiqing/polaris_ebm/runs_long_k_multinode_sweep/pbs/M1_S16_pipe_P16_equal_K400_b512_s20k_seed1_to300k.pbs,/eagle/lc-mpi/Zhiqing/polaris_ebm/runs_long_k_multinode_sweep/runs/M1_300k/S16/M1_S16_pipe_P16_equal_K400_b512_s20k_seed1_to300k,/eagle/lc-mpi/Zhiqing/polaris_ebm/runs_long_k_multinode_sweep/logs/M1_S16_pipe_P16_equal_K400_b512_s20k_seed1_to300k.pbs.out,2026-05-29T18:50:41Z,submitted
M1_S16_pipe_P16_equal_K800_b512_s20k_seed1_to300k,resume,7176884.polaris-pbs-01.hsn.cm.polaris.alcf.anl.gov,7176807.polaris-pbs-01.hsn.cm.polaris.alcf.anl.gov,/eagle/lc-mpi/Zhiqing/polaris_ebm/runs_long_k_multinode_sweep/pbs/M1_S16_pipe_P16_equal_K800_b512_s20k_seed1_to300k.pbs,/eagle/lc-mpi/Zhiqing/polaris_ebm/runs_long_k_multinode_sweep/runs/M1_300k/S16/M1_S16_pipe_P16_equal_K800_b512_s20k_seed1_to300k,/eagle/lc-mpi/Zhiqing/polaris_ebm/runs_long_k_multinode_sweep/logs/M1_S16_pipe_P16_equal_K800_b512_s20k_seed1_to300k.pbs.out,2026-05-29T18:50:41Z,submitted
M1_S16_single_fullk_K1600_b512_s20k_seed1_to300k,resume,7176885.polaris-pbs-01.hsn.cm.polaris.alcf.anl.gov,7176808.polaris-pbs-01.hsn.cm.polaris.alcf.anl.gov,/eagle/lc-mpi/Zhiqing/polaris_ebm/runs_long_k_multinode_sweep/pbs/M1_S16_single_fullk_K1600_b512_s20k_seed1_to300k.pbs,/eagle/lc-mpi/Zhiqing/polaris_ebm/runs_long_k_multinode_sweep/runs/M1_300k/S16/M1_S16_single_fullk_K1600_b512_s20k_seed1_to300k,/eagle/lc-mpi/Zhiqing/polaris_ebm/runs_long_k_multinode_sweep/logs/M1_S16_single_fullk_K1600_b512_s20k_seed1_to300k.pbs.out,2026-05-29T18:50:41Z,submitted
M1_S16_single_fullk_K400_b512_s20k_seed1_to300k,resume,7176886.polaris-pbs-01.hsn.cm.polaris.alcf.anl.gov,7176809.polaris-pbs-01.hsn.cm.polaris.alcf.anl.gov,/eagle/lc-mpi/Zhiqing/polaris_ebm/runs_long_k_multinode_sweep/pbs/M1_S16_single_fullk_K400_b512_s20k_seed1_to300k.pbs,/eagle/lc-mpi/Zhiqing/polaris_ebm/runs_long_k_multinode_sweep/runs/M1_300k/S16/M1_S16_single_fullk_K400_b512_s20k_seed1_to300k,/eagle/lc-mpi/Zhiqing/polaris_ebm/runs_long_k_multinode_sweep/logs/M1_S16_single_fullk_K400_b512_s20k_seed1_to300k.pbs.out,2026-05-29T18:50:41Z,submitted
M1_S16_single_fullk_K800_b512_s20k_seed1_to300k,resume,7176887.polaris-pbs-01.hsn.cm.polaris.alcf.anl.gov,7176810.polaris-pbs-01.hsn.cm.polaris.alcf.anl.gov,/eagle/lc-mpi/Zhiqing/polaris_ebm/runs_long_k_multinode_sweep/pbs/M1_S16_single_fullk_K800_b512_s20k_seed1_to300k.pbs,/eagle/lc-mpi/Zhiqing/polaris_ebm/runs_long_k_multinode_sweep/runs/M1_300k/S16/M1_S16_single_fullk_K800_b512_s20k_seed1_to300k,/eagle/lc-mpi/Zhiqing/polaris_ebm/runs_long_k_multinode_sweep/logs/M1_S16_single_fullk_K800_b512_s20k_seed1_to300k.pbs.out,2026-05-29T18:50:41Z,submitted
M1_S32_ddp_fullk_K1600_b1024_s20k_seed1_to300k,resume,7176888.polaris-pbs-01.hsn.cm.polaris.alcf.anl.gov,7176811.polaris-pbs-01.hsn.cm.polaris.alcf.anl.gov,/eagle/lc-mpi/Zhiqing/polaris_ebm/runs_long_k_multinode_sweep/pbs/M1_S32_ddp_fullk_K1600_b1024_s20k_seed1_to300k.pbs,/eagle/lc-mpi/Zhiqing/polaris_ebm/runs_long_k_multinode_sweep/runs/M1_300k/S32/M1_S32_ddp_fullk_K1600_b1024_s20k_seed1_to300k,/eagle/lc-mpi/Zhiqing/polaris_ebm/runs_long_k_multinode_sweep/logs/M1_S32_ddp_fullk_K1600_b1024_s20k_seed1_to300k.pbs.out,2026-05-29T18:50:41Z,submitted
M1_S32_ddp_fullk_K400_b1024_s20k_seed1_to300k,resume,7176889.polaris-pbs-01.hsn.cm.polaris.alcf.anl.gov,7176812.polaris-pbs-01.hsn.cm.polaris.alcf.anl.gov,/eagle/lc-mpi/Zhiqing/polaris_ebm/runs_long_k_multinode_sweep/pbs/M1_S32_ddp_fullk_K400_b1024_s20k_seed1_to300k.pbs,/eagle/lc-mpi/Zhiqing/polaris_ebm/runs_long_k_multinode_sweep/runs/M1_300k/S32/M1_S32_ddp_fullk_K400_b1024_s20k_seed1_to300k,/eagle/lc-mpi/Zhiqing/polaris_ebm/runs_long_k_multinode_sweep/logs/M1_S32_ddp_fullk_K400_b1024_s20k_seed1_to300k.pbs.out,2026-05-29T18:50:41Z,submitted
M1_S32_ddp_fullk_K800_b1024_s20k_seed1_to300k,resume,7176890.polaris-pbs-01.hsn.cm.polaris.alcf.anl.gov,7176813.polaris-pbs-01.hsn.cm.polaris.alcf.anl.gov,/eagle/lc-mpi/Zhiqing/polaris_ebm/runs_long_k_multinode_sweep/pbs/M1_S32_ddp_fullk_K800_b1024_s20k_seed1_to300k.pbs,/eagle/lc-mpi/Zhiqing/polaris_ebm/runs_long_k_multinode_sweep/runs/M1_300k/S32/M1_S32_ddp_fullk_K800_b1024_s20k_seed1_to300k,/eagle/lc-mpi/Zhiqing/polaris_ebm/runs_long_k_multinode_sweep/logs/M1_S32_ddp_fullk_K800_b1024_s20k_seed1_to300k.pbs.out,2026-05-29T18:50:41Z,submitted
M1_S32_pipe_P32_equal_K1600_b1024_s20k_seed1_to300k,resume,7176891.polaris-pbs-01.hsn.cm.polaris.alcf.anl.gov,7176814.polaris-pbs-01.hsn.cm.polaris.alcf.anl.gov,/eagle/lc-mpi/Zhiqing/polaris_ebm/runs_long_k_multinode_sweep/pbs/M1_S32_pipe_P32_equal_K1600_b1024_s20k_seed1_to300k.pbs,/eagle/lc-mpi/Zhiqing/polaris_ebm/runs_long_k_multinode_sweep/runs/M1_300k/S32/M1_S32_pipe_P32_equal_K1600_b1024_s20k_seed1_to300k,/eagle/lc-mpi/Zhiqing/polaris_ebm/runs_long_k_multinode_sweep/logs/M1_S32_pipe_P32_equal_K1600_b1024_s20k_seed1_to300k.pbs.out,2026-05-29T18:50:41Z,submitted
M1_S32_pipe_P32_equal_K400_b1024_s20k_seed1_to300k,resume,7176892.polaris-pbs-01.hsn.cm.polaris.alcf.anl.gov,7176815.polaris-pbs-01.hsn.cm.polaris.alcf.anl.gov,/eagle/lc-mpi/Zhiqing/polaris_ebm/runs_long_k_multinode_sweep/pbs/M1_S32_pipe_P32_equal_K400_b1024_s20k_seed1_to300k.pbs,/eagle/lc-mpi/Zhiqing/polaris_ebm/runs_long_k_multinode_sweep/runs/M1_300k/S32/M1_S32_pipe_P32_equal_K400_b1024_s20k_seed1_to300k,/eagle/lc-mpi/Zhiqing/polaris_ebm/runs_long_k_multinode_sweep/logs/M1_S32_pipe_P32_equal_K400_b1024_s20k_seed1_to300k.pbs.out,2026-05-29T18:50:41Z,submitted
M1_S32_pipe_P32_equal_K800_b1024_s20k_seed1_to300k,resume,7176893.polaris-pbs-01.hsn.cm.polaris.alcf.anl.gov,7176816.polaris-pbs-01.hsn.cm.polaris.alcf.anl.gov,/eagle/lc-mpi/Zhiqing/polaris_ebm/runs_long_k_multinode_sweep/pbs/M1_S32_pipe_P32_equal_K800_b1024_s20k_seed1_to300k.pbs,/eagle/lc-mpi/Zhiqing/polaris_ebm/runs_long_k_multinode_sweep/runs/M1_300k/S32/M1_S32_pipe_P32_equal_K800_b1024_s20k_seed1_to300k,/eagle/lc-mpi/Zhiqing/polaris_ebm/runs_long_k_multinode_sweep/logs/M1_S32_pipe_P32_equal_K800_b1024_s20k_seed1_to300k.pbs.out,2026-05-29T18:50:41Z,submitted
M1_S32_single_fullk_K1600_b1024_s20k_seed1_to300k,resume,7176894.polaris-pbs-01.hsn.cm.polaris.alcf.anl.gov,7176817.polaris-pbs-01.hsn.cm.polaris.alcf.anl.gov,/eagle/lc-mpi/Zhiqing/polaris_ebm/runs_long_k_multinode_sweep/pbs/M1_S32_single_fullk_K1600_b1024_s20k_seed1_to300k.pbs,/eagle/lc-mpi/Zhiqing/polaris_ebm/runs_long_k_multinode_sweep/runs/M1_300k/S32/M1_S32_single_fullk_K1600_b1024_s20k_seed1_to300k,/eagle/lc-mpi/Zhiqing/polaris_ebm/runs_long_k_multinode_sweep/logs/M1_S32_single_fullk_K1600_b1024_s20k_seed1_to300k.pbs.out,2026-05-29T18:50:41Z,submitted
M1_S32_single_fullk_K400_b1024_s20k_seed1_to300k,resume,7176895.polaris-pbs-01.hsn.cm.polaris.alcf.anl.gov,7176818.polaris-pbs-01.hsn.cm.polaris.alcf.anl.gov,/eagle/lc-mpi/Zhiqing/polaris_ebm/runs_long_k_multinode_sweep/pbs/M1_S32_single_fullk_K400_b1024_s20k_seed1_to300k.pbs,/eagle/lc-mpi/Zhiqing/polaris_ebm/runs_long_k_multinode_sweep/runs/M1_300k/S32/M1_S32_single_fullk_K400_b1024_s20k_seed1_to300k,/eagle/lc-mpi/Zhiqing/polaris_ebm/runs_long_k_multinode_sweep/logs/M1_S32_single_fullk_K400_b1024_s20k_seed1_to300k.pbs.out,2026-05-29T18:50:41Z,submitted
M1_S32_single_fullk_K800_b1024_s20k_seed1_to300k,resume,7176896.polaris-pbs-01.hsn.cm.polaris.alcf.anl.gov,7176819.polaris-pbs-01.hsn.cm.polaris.alcf.anl.gov,/eagle/lc-mpi/Zhiqing/polaris_ebm/runs_long_k_multinode_sweep/pbs/M1_S32_single_fullk_K800_b1024_s20k_seed1_to300k.pbs,/eagle/lc-mpi/Zhiqing/polaris_ebm/runs_long_k_multinode_sweep/runs/M1_300k/S32/M1_S32_single_fullk_K800_b1024_s20k_seed1_to300k,/eagle/lc-mpi/Zhiqing/polaris_ebm/runs_long_k_multinode_sweep/logs/M1_S32_single_fullk_K800_b1024_s20k_seed1_to300k.pbs.out,2026-05-29T18:50:41Z,submitted
M1_S16_ddp_fullk_K1600_b512_s20k_seed1_to300k,resume,7176930.polaris-pbs-01.hsn.cm.polaris.alcf.anl.gov,7176879.polaris-pbs-01.hsn.cm.polaris.alcf.anl.gov,/eagle/lc-mpi/Zhiqing/polaris_ebm/runs_long_k_multinode_sweep/pbs/M1_S16_ddp_fullk_K1600_b512_s20k_seed1_to300k.pbs,/eagle/lc-mpi/Zhiqing/polaris_ebm/runs_long_k_multinode_sweep/runs/M1_300k/S16/M1_S16_ddp_fullk_K1600_b512_s20k_seed1_to300k,/eagle/lc-mpi/Zhiqing/polaris_ebm/runs_long_k_multinode_sweep/logs/M1_S16_ddp_fullk_K1600_b512_s20k_seed1_to300k.pbs.out,2026-05-29T19:20:49Z,submitted
M1_S16_ddp_fullk_K400_b512_s20k_seed1_to300k,resume,7176931.polaris-pbs-01.hsn.cm.polaris.alcf.anl.gov,7176880.polaris-pbs-01.hsn.cm.polaris.alcf.anl.gov,/eagle/lc-mpi/Zhiqing/polaris_ebm/runs_long_k_multinode_sweep/pbs/M1_S16_ddp_fullk_K400_b512_s20k_seed1_to300k.pbs,/eagle/lc-mpi/Zhiqing/polaris_ebm/runs_long_k_multinode_sweep/runs/M1_300k/S16/M1_S16_ddp_fullk_K400_b512_s20k_seed1_to300k,/eagle/lc-mpi/Zhiqing/polaris_ebm/runs_long_k_multinode_sweep/logs/M1_S16_ddp_fullk_K400_b512_s20k_seed1_to300k.pbs.out,2026-05-29T19:20:49Z,submitted
M1_S16_ddp_fullk_K800_b512_s20k_seed1_to300k,resume,7176932.polaris-pbs-01.hsn.cm.polaris.alcf.anl.gov,7176881.polaris-pbs-01.hsn.cm.polaris.alcf.anl.gov,/eagle/lc-mpi/Zhiqing/polaris_ebm/runs_long_k_multinode_sweep/pbs/M1_S16_ddp_fullk_K800_b512_s20k_seed1_to300k.pbs,/eagle/lc-mpi/Zhiqing/polaris_ebm/runs_long_k_multinode_sweep/runs/M1_300k/S16/M1_S16_ddp_fullk_K800_b512_s20k_seed1_to300k,/eagle/lc-mpi/Zhiqing/polaris_ebm/runs_long_k_multinode_sweep/logs/M1_S16_ddp_fullk_K800_b512_s20k_seed1_to300k.pbs.out,2026-05-29T19:20:49Z,submitted
M1_S16_pipe_P16_equal_K1600_b512_s20k_seed1_to300k,resume,7176933.polaris-pbs-01.hsn.cm.polaris.alcf.anl.gov,7176882.polaris-pbs-01.hsn.cm.polaris.alcf.anl.gov,/eagle/lc-mpi/Zhiqing/polaris_ebm/runs_long_k_multinode_sweep/pbs/M1_S16_pipe_P16_equal_K1600_b512_s20k_seed1_to300k.pbs,/eagle/lc-mpi/Zhiqing/polaris_ebm/runs_long_k_multinode_sweep/runs/M1_300k/S16/M1_S16_pipe_P16_equal_K1600_b512_s20k_seed1_to300k,/eagle/lc-mpi/Zhiqing/polaris_ebm/runs_long_k_multinode_sweep/logs/M1_S16_pipe_P16_equal_K1600_b512_s20k_seed1_to300k.pbs.out,2026-05-29T19:20:49Z,submitted
M1_S16_pipe_P16_equal_K400_b512_s20k_seed1_to300k,resume,7176934.polaris-pbs-01.hsn.cm.polaris.alcf.anl.gov,7176883.polaris-pbs-01.hsn.cm.polaris.alcf.anl.gov,/eagle/lc-mpi/Zhiqing/polaris_ebm/runs_long_k_multinode_sweep/pbs/M1_S16_pipe_P16_equal_K400_b512_s20k_seed1_to300k.pbs,/eagle/lc-mpi/Zhiqing/polaris_ebm/runs_long_k_multinode_sweep/runs/M1_300k/S16/M1_S16_pipe_P16_equal_K400_b512_s20k_seed1_to300k,/eagle/lc-mpi/Zhiqing/polaris_ebm/runs_long_k_multinode_sweep/logs/M1_S16_pipe_P16_equal_K400_b512_s20k_seed1_to300k.pbs.out,2026-05-29T19:20:49Z,submitted
M1_S16_pipe_P16_equal_K800_b512_s20k_seed1_to300k,resume,7176935.polaris-pbs-01.hsn.cm.polaris.alcf.anl.gov,7176884.polaris-pbs-01.hsn.cm.polaris.alcf.anl.gov,/eagle/lc-mpi/Zhiqing/polaris_ebm/runs_long_k_multinode_sweep/pbs/M1_S16_pipe_P16_equal_K800_b512_s20k_seed1_to300k.pbs,/eagle/lc-mpi/Zhiqing/polaris_ebm/runs_long_k_multinode_sweep/runs/M1_300k/S16/M1_S16_pipe_P16_equal_K800_b512_s20k_seed1_to300k,/eagle/lc-mpi/Zhiqing/polaris_ebm/runs_long_k_multinode_sweep/logs/M1_S16_pipe_P16_equal_K800_b512_s20k_seed1_to300k.pbs.out,2026-05-29T19:20:49Z,submitted
M1_S16_single_fullk_K1600_b512_s20k_seed1_to300k,resume,7176936.polaris-pbs-01.hsn.cm.polaris.alcf.anl.gov,7176885.polaris-pbs-01.hsn.cm.polaris.alcf.anl.gov,/eagle/lc-mpi/Zhiqing/polaris_ebm/runs_long_k_multinode_sweep/pbs/M1_S16_single_fullk_K1600_b512_s20k_seed1_to300k.pbs,/eagle/lc-mpi/Zhiqing/polaris_ebm/runs_long_k_multinode_sweep/runs/M1_300k/S16/M1_S16_single_fullk_K1600_b512_s20k_seed1_to300k,/eagle/lc-mpi/Zhiqing/polaris_ebm/runs_long_k_multinode_sweep/logs/M1_S16_single_fullk_K1600_b512_s20k_seed1_to300k.pbs.out,2026-05-29T19:20:49Z,submitted
M1_S16_single_fullk_K400_b512_s20k_seed1_to300k,resume,7176937.polaris-pbs-01.hsn.cm.polaris.alcf.anl.gov,7176886.polaris-pbs-01.hsn.cm.polaris.alcf.anl.gov,/eagle/lc-mpi/Zhiqing/polaris_ebm/runs_long_k_multinode_sweep/pbs/M1_S16_single_fullk_K400_b512_s20k_seed1_to300k.pbs,/eagle/lc-mpi/Zhiqing/polaris_ebm/runs_long_k_multinode_sweep/runs/M1_300k/S16/M1_S16_single_fullk_K400_b512_s20k_seed1_to300k,/eagle/lc-mpi/Zhiqing/polaris_ebm/runs_long_k_multinode_sweep/logs/M1_S16_single_fullk_K400_b512_s20k_seed1_to300k.pbs.out,2026-05-29T19:20:49Z,submitted
M1_S16_single_fullk_K800_b512_s20k_seed1_to300k,resume,7176938.polaris-pbs-01.hsn.cm.polaris.alcf.anl.gov,7176887.polaris-pbs-01.hsn.cm.polaris.alcf.anl.gov,/eagle/lc-mpi/Zhiqing/polaris_ebm/runs_long_k_multinode_sweep/pbs/M1_S16_single_fullk_K800_b512_s20k_seed1_to300k.pbs,/eagle/lc-mpi/Zhiqing/polaris_ebm/runs_long_k_multinode_sweep/runs/M1_300k/S16/M1_S16_single_fullk_K800_b512_s20k_seed1_to300k,/eagle/lc-mpi/Zhiqing/polaris_ebm/runs_long_k_multinode_sweep/logs/M1_S16_single_fullk_K800_b512_s20k_seed1_to300k.pbs.out,2026-05-29T19:20:49Z,submitted
M1_S32_ddp_fullk_K1600_b1024_s20k_seed1_to300k,resume,7176939.polaris-pbs-01.hsn.cm.polaris.alcf.anl.gov,7176888.polaris-pbs-01.hsn.cm.polaris.alcf.anl.gov,/eagle/lc-mpi/Zhiqing/polaris_ebm/runs_long_k_multinode_sweep/pbs/M1_S32_ddp_fullk_K1600_b1024_s20k_seed1_to300k.pbs,/eagle/lc-mpi/Zhiqing/polaris_ebm/runs_long_k_multinode_sweep/runs/M1_300k/S32/M1_S32_ddp_fullk_K1600_b1024_s20k_seed1_to300k,/eagle/lc-mpi/Zhiqing/polaris_ebm/runs_long_k_multinode_sweep/logs/M1_S32_ddp_fullk_K1600_b1024_s20k_seed1_to300k.pbs.out,2026-05-29T19:20:49Z,submitted
M1_S32_ddp_fullk_K400_b1024_s20k_seed1_to300k,resume,7176940.polaris-pbs-01.hsn.cm.polaris.alcf.anl.gov,7176889.polaris-pbs-01.hsn.cm.polaris.alcf.anl.gov,/eagle/lc-mpi/Zhiqing/polaris_ebm/runs_long_k_multinode_sweep/pbs/M1_S32_ddp_fullk_K400_b1024_s20k_seed1_to300k.pbs,/eagle/lc-mpi/Zhiqing/polaris_ebm/runs_long_k_multinode_sweep/runs/M1_300k/S32/M1_S32_ddp_fullk_K400_b1024_s20k_seed1_to300k,/eagle/lc-mpi/Zhiqing/polaris_ebm/runs_long_k_multinode_sweep/logs/M1_S32_ddp_fullk_K400_b1024_s20k_seed1_to300k.pbs.out,2026-05-29T19:20:49Z,submitted
M1_S32_ddp_fullk_K800_b1024_s20k_seed1_to300k,resume,7176941.polaris-pbs-01.hsn.cm.polaris.alcf.anl.gov,7176890.polaris-pbs-01.hsn.cm.polaris.alcf.anl.gov,/eagle/lc-mpi/Zhiqing/polaris_ebm/runs_long_k_multinode_sweep/pbs/M1_S32_ddp_fullk_K800_b1024_s20k_seed1_to300k.pbs,/eagle/lc-mpi/Zhiqing/polaris_ebm/runs_long_k_multinode_sweep/runs/M1_300k/S32/M1_S32_ddp_fullk_K800_b1024_s20k_seed1_to300k,/eagle/lc-mpi/Zhiqing/polaris_ebm/runs_long_k_multinode_sweep/logs/M1_S32_ddp_fullk_K800_b1024_s20k_seed1_to300k.pbs.out,2026-05-29T19:20:49Z,submitted
M1_S32_pipe_P32_equal_K1600_b1024_s20k_seed1_to300k,resume,7176942.polaris-pbs-01.hsn.cm.polaris.alcf.anl.gov,7176891.polaris-pbs-01.hsn.cm.polaris.alcf.anl.gov,/eagle/lc-mpi/Zhiqing/polaris_ebm/runs_long_k_multinode_sweep/pbs/M1_S32_pipe_P32_equal_K1600_b1024_s20k_seed1_to300k.pbs,/eagle/lc-mpi/Zhiqing/polaris_ebm/runs_long_k_multinode_sweep/runs/M1_300k/S32/M1_S32_pipe_P32_equal_K1600_b1024_s20k_seed1_to300k,/eagle/lc-mpi/Zhiqing/polaris_ebm/runs_long_k_multinode_sweep/logs/M1_S32_pipe_P32_equal_K1600_b1024_s20k_seed1_to300k.pbs.out,2026-05-29T19:20:49Z,submitted
M1_S32_pipe_P32_equal_K400_b1024_s20k_seed1_to300k,resume,7176943.polaris-pbs-01.hsn.cm.polaris.alcf.anl.gov,7176892.polaris-pbs-01.hsn.cm.polaris.alcf.anl.gov,/eagle/lc-mpi/Zhiqing/polaris_ebm/runs_long_k_multinode_sweep/pbs/M1_S32_pipe_P32_equal_K400_b1024_s20k_seed1_to300k.pbs,/eagle/lc-mpi/Zhiqing/polaris_ebm/runs_long_k_multinode_sweep/runs/M1_300k/S32/M1_S32_pipe_P32_equal_K400_b1024_s20k_seed1_to300k,/eagle/lc-mpi/Zhiqing/polaris_ebm/runs_long_k_multinode_sweep/logs/M1_S32_pipe_P32_equal_K400_b1024_s20k_seed1_to300k.pbs.out,2026-05-29T19:20:49Z,submitted
M1_S32_pipe_P32_equal_K800_b1024_s20k_seed1_to300k,resume,7176944.polaris-pbs-01.hsn.cm.polaris.alcf.anl.gov,7176893.polaris-pbs-01.hsn.cm.polaris.alcf.anl.gov,/eagle/lc-mpi/Zhiqing/polaris_ebm/runs_long_k_multinode_sweep/pbs/M1_S32_pipe_P32_equal_K800_b1024_s20k_seed1_to300k.pbs,/eagle/lc-mpi/Zhiqing/polaris_ebm/runs_long_k_multinode_sweep/runs/M1_300k/S32/M1_S32_pipe_P32_equal_K800_b1024_s20k_seed1_to300k,/eagle/lc-mpi/Zhiqing/polaris_ebm/runs_long_k_multinode_sweep/logs/M1_S32_pipe_P32_equal_K800_b1024_s20k_seed1_to300k.pbs.out,2026-05-29T19:20:49Z,submitted
M1_S32_single_fullk_K1600_b1024_s20k_seed1_to300k,resume,7176945.polaris-pbs-01.hsn.cm.polaris.alcf.anl.gov,7176894.polaris-pbs-01.hsn.cm.polaris.alcf.anl.gov,/eagle/lc-mpi/Zhiqing/polaris_ebm/runs_long_k_multinode_sweep/pbs/M1_S32_single_fullk_K1600_b1024_s20k_seed1_to300k.pbs,/eagle/lc-mpi/Zhiqing/polaris_ebm/runs_long_k_multinode_sweep/runs/M1_300k/S32/M1_S32_single_fullk_K1600_b1024_s20k_seed1_to300k,/eagle/lc-mpi/Zhiqing/polaris_ebm/runs_long_k_multinode_sweep/logs/M1_S32_single_fullk_K1600_b1024_s20k_seed1_to300k.pbs.out,2026-05-29T19:20:49Z,submitted
M1_S32_single_fullk_K400_b1024_s20k_seed1_to300k,resume,7176946.polaris-pbs-01.hsn.cm.polaris.alcf.anl.gov,7176895.polaris-pbs-01.hsn.cm.polaris.alcf.anl.gov,/eagle/lc-mpi/Zhiqing/polaris_ebm/runs_long_k_multinode_sweep/pbs/M1_S32_single_fullk_K400_b1024_s20k_seed1_to300k.pbs,/eagle/lc-mpi/Zhiqing/polaris_ebm/runs_long_k_multinode_sweep/runs/M1_300k/S32/M1_S32_single_fullk_K400_b1024_s20k_seed1_to300k,/eagle/lc-mpi/Zhiqing/polaris_ebm/runs_long_k_multinode_sweep/logs/M1_S32_single_fullk_K400_b1024_s20k_seed1_to300k.pbs.out,2026-05-29T19:20:49Z,submitted
M1_S32_single_fullk_K800_b1024_s20k_seed1_to300k,resume,7176947.polaris-pbs-01.hsn.cm.polaris.alcf.anl.gov,7176896.polaris-pbs-01.hsn.cm.polaris.alcf.anl.gov,/eagle/lc-mpi/Zhiqing/polaris_ebm/runs_long_k_multinode_sweep/pbs/M1_S32_single_fullk_K800_b1024_s20k_seed1_to300k.pbs,/eagle/lc-mpi/Zhiqing/polaris_ebm/runs_long_k_multinode_sweep/runs/M1_300k/S32/M1_S32_single_fullk_K800_b1024_s20k_seed1_to300k,/eagle/lc-mpi/Zhiqing/polaris_ebm/runs_long_k_multinode_sweep/logs/M1_S32_single_fullk_K800_b1024_s20k_seed1_to300k.pbs.out,2026-05-29T19:20:49Z,submitted
M1_S16_ddp_fullk_K1600_b512_s20k_seed1_to300k,resume,7176987.polaris-pbs-01.hsn.cm.polaris.alcf.anl.gov,7176930.polaris-pbs-01.hsn.cm.polaris.alcf.anl.gov,/eagle/lc-mpi/Zhiqing/polaris_ebm/runs_long_k_multinode_sweep/pbs/M1_S16_ddp_fullk_K1600_b512_s20k_seed1_to300k.pbs,/eagle/lc-mpi/Zhiqing/polaris_ebm/runs_long_k_multinode_sweep/runs/M1_300k/S16/M1_S16_ddp_fullk_K1600_b512_s20k_seed1_to300k,/eagle/lc-mpi/Zhiqing/polaris_ebm/runs_long_k_multinode_sweep/logs/M1_S16_ddp_fullk_K1600_b512_s20k_seed1_to300k.pbs.out,2026-05-29T19:50:57Z,submitted
M1_S16_ddp_fullk_K400_b512_s20k_seed1_to300k,resume,7176988.polaris-pbs-01.hsn.cm.polaris.alcf.anl.gov,7176931.polaris-pbs-01.hsn.cm.polaris.alcf.anl.gov,/eagle/lc-mpi/Zhiqing/polaris_ebm/runs_long_k_multinode_sweep/pbs/M1_S16_ddp_fullk_K400_b512_s20k_seed1_to300k.pbs,/eagle/lc-mpi/Zhiqing/polaris_ebm/runs_long_k_multinode_sweep/runs/M1_300k/S16/M1_S16_ddp_fullk_K400_b512_s20k_seed1_to300k,/eagle/lc-mpi/Zhiqing/polaris_ebm/runs_long_k_multinode_sweep/logs/M1_S16_ddp_fullk_K400_b512_s20k_seed1_to300k.pbs.out,2026-05-29T19:50:57Z,submitted
M1_S16_ddp_fullk_K800_b512_s20k_seed1_to300k,resume,7176989.polaris-pbs-01.hsn.cm.polaris.alcf.anl.gov,7176932.polaris-pbs-01.hsn.cm.polaris.alcf.anl.gov,/eagle/lc-mpi/Zhiqing/polaris_ebm/runs_long_k_multinode_sweep/pbs/M1_S16_ddp_fullk_K800_b512_s20k_seed1_to300k.pbs,/eagle/lc-mpi/Zhiqing/polaris_ebm/runs_long_k_multinode_sweep/runs/M1_300k/S16/M1_S16_ddp_fullk_K800_b512_s20k_seed1_to300k,/eagle/lc-mpi/Zhiqing/polaris_ebm/runs_long_k_multinode_sweep/logs/M1_S16_ddp_fullk_K800_b512_s20k_seed1_to300k.pbs.out,2026-05-29T19:50:57Z,submitted
M1_S16_pipe_P16_equal_K1600_b512_s20k_seed1_to300k,resume,7176990.polaris-pbs-01.hsn.cm.polaris.alcf.anl.gov,7176933.polaris-pbs-01.hsn.cm.polaris.alcf.anl.gov,/eagle/lc-mpi/Zhiqing/polaris_ebm/runs_long_k_multinode_sweep/pbs/M1_S16_pipe_P16_equal_K1600_b512_s20k_seed1_to300k.pbs,/eagle/lc-mpi/Zhiqing/polaris_ebm/runs_long_k_multinode_sweep/runs/M1_300k/S16/M1_S16_pipe_P16_equal_K1600_b512_s20k_seed1_to300k,/eagle/lc-mpi/Zhiqing/polaris_ebm/runs_long_k_multinode_sweep/logs/M1_S16_pipe_P16_equal_K1600_b512_s20k_seed1_to300k.pbs.out,2026-05-29T19:50:57Z,submitted
M1_S16_pipe_P16_equal_K400_b512_s20k_seed1_to300k,resume,7176991.polaris-pbs-01.hsn.cm.polaris.alcf.anl.gov,7176934.polaris-pbs-01.hsn.cm.polaris.alcf.anl.gov,/eagle/lc-mpi/Zhiqing/polaris_ebm/runs_long_k_multinode_sweep/pbs/M1_S16_pipe_P16_equal_K400_b512_s20k_seed1_to300k.pbs,/eagle/lc-mpi/Zhiqing/polaris_ebm/runs_long_k_multinode_sweep/runs/M1_300k/S16/M1_S16_pipe_P16_equal_K400_b512_s20k_seed1_to300k,/eagle/lc-mpi/Zhiqing/polaris_ebm/runs_long_k_multinode_sweep/logs/M1_S16_pipe_P16_equal_K400_b512_s20k_seed1_to300k.pbs.out,2026-05-29T19:50:57Z,submitted
M1_S16_pipe_P16_equal_K800_b512_s20k_seed1_to300k,resume,7176992.polaris-pbs-01.hsn.cm.polaris.alcf.anl.gov,7176935.polaris-pbs-01.hsn.cm.polaris.alcf.anl.gov,/eagle/lc-mpi/Zhiqing/polaris_ebm/runs_long_k_multinode_sweep/pbs/M1_S16_pipe_P16_equal_K800_b512_s20k_seed1_to300k.pbs,/eagle/lc-mpi/Zhiqing/polaris_ebm/runs_long_k_multinode_sweep/runs/M1_300k/S16/M1_S16_pipe_P16_equal_K800_b512_s20k_seed1_to300k,/eagle/lc-mpi/Zhiqing/polaris_ebm/runs_long_k_multinode_sweep/logs/M1_S16_pipe_P16_equal_K800_b512_s20k_seed1_to300k.pbs.out,2026-05-29T19:50:57Z,submitted
M1_S16_single_fullk_K1600_b512_s20k_seed1_to300k,resume,7176993.polaris-pbs-01.hsn.cm.polaris.alcf.anl.gov,7176936.polaris-pbs-01.hsn.cm.polaris.alcf.anl.gov,/eagle/lc-mpi/Zhiqing/polaris_ebm/runs_long_k_multinode_sweep/pbs/M1_S16_single_fullk_K1600_b512_s20k_seed1_to300k.pbs,/eagle/lc-mpi/Zhiqing/polaris_ebm/runs_long_k_multinode_sweep/runs/M1_300k/S16/M1_S16_single_fullk_K1600_b512_s20k_seed1_to300k,/eagle/lc-mpi/Zhiqing/polaris_ebm/runs_long_k_multinode_sweep/logs/M1_S16_single_fullk_K1600_b512_s20k_seed1_to300k.pbs.out,2026-05-29T19:50:57Z,submitted
M1_S16_single_fullk_K400_b512_s20k_seed1_to300k,resume,7176994.polaris-pbs-01.hsn.cm.polaris.alcf.anl.gov,7176937.polaris-pbs-01.hsn.cm.polaris.alcf.anl.gov,/eagle/lc-mpi/Zhiqing/polaris_ebm/runs_long_k_multinode_sweep/pbs/M1_S16_single_fullk_K400_b512_s20k_seed1_to300k.pbs,/eagle/lc-mpi/Zhiqing/polaris_ebm/runs_long_k_multinode_sweep/runs/M1_300k/S16/M1_S16_single_fullk_K400_b512_s20k_seed1_to300k,/eagle/lc-mpi/Zhiqing/polaris_ebm/runs_long_k_multinode_sweep/logs/M1_S16_single_fullk_K400_b512_s20k_seed1_to300k.pbs.out,2026-05-29T19:50:57Z,submitted
M1_S16_single_fullk_K800_b512_s20k_seed1_to300k,resume,7176995.polaris-pbs-01.hsn.cm.polaris.alcf.anl.gov,7176938.polaris-pbs-01.hsn.cm.polaris.alcf.anl.gov,/eagle/lc-mpi/Zhiqing/polaris_ebm/runs_long_k_multinode_sweep/pbs/M1_S16_single_fullk_K800_b512_s20k_seed1_to300k.pbs,/eagle/lc-mpi/Zhiqing/polaris_ebm/runs_long_k_multinode_sweep/runs/M1_300k/S16/M1_S16_single_fullk_K800_b512_s20k_seed1_to300k,/eagle/lc-mpi/Zhiqing/polaris_ebm/runs_long_k_multinode_sweep/logs/M1_S16_single_fullk_K800_b512_s20k_seed1_to300k.pbs.out,2026-05-29T19:50:57Z,submitted
M1_S32_ddp_fullk_K1600_b1024_s20k_seed1_to300k,resume,7176996.polaris-pbs-01.hsn.cm.polaris.alcf.anl.gov,7176939.polaris-pbs-01.hsn.cm.polaris.alcf.anl.gov,/eagle/lc-mpi/Zhiqing/polaris_ebm/runs_long_k_multinode_sweep/pbs/M1_S32_ddp_fullk_K1600_b1024_s20k_seed1_to300k.pbs,/eagle/lc-mpi/Zhiqing/polaris_ebm/runs_long_k_multinode_sweep/runs/M1_300k/S32/M1_S32_ddp_fullk_K1600_b1024_s20k_seed1_to300k,/eagle/lc-mpi/Zhiqing/polaris_ebm/runs_long_k_multinode_sweep/logs/M1_S32_ddp_fullk_K1600_b1024_s20k_seed1_to300k.pbs.out,2026-05-29T19:50:57Z,submitted
M1_S32_ddp_fullk_K400_b1024_s20k_seed1_to300k,resume,7176997.polaris-pbs-01.hsn.cm.polaris.alcf.anl.gov,7176940.polaris-pbs-01.hsn.cm.polaris.alcf.anl.gov,/eagle/lc-mpi/Zhiqing/polaris_ebm/runs_long_k_multinode_sweep/pbs/M1_S32_ddp_fullk_K400_b1024_s20k_seed1_to300k.pbs,/eagle/lc-mpi/Zhiqing/polaris_ebm/runs_long_k_multinode_sweep/runs/M1_300k/S32/M1_S32_ddp_fullk_K400_b1024_s20k_seed1_to300k,/eagle/lc-mpi/Zhiqing/polaris_ebm/runs_long_k_multinode_sweep/logs/M1_S32_ddp_fullk_K400_b1024_s20k_seed1_to300k.pbs.out,2026-05-29T19:50:57Z,submitted
M1_S32_ddp_fullk_K800_b1024_s20k_seed1_to300k,resume,7176998.polaris-pbs-01.hsn.cm.polaris.alcf.anl.gov,7176941.polaris-pbs-01.hsn.cm.polaris.alcf.anl.gov,/eagle/lc-mpi/Zhiqing/polaris_ebm/runs_long_k_multinode_sweep/pbs/M1_S32_ddp_fullk_K800_b1024_s20k_seed1_to300k.pbs,/eagle/lc-mpi/Zhiqing/polaris_ebm/runs_long_k_multinode_sweep/runs/M1_300k/S32/M1_S32_ddp_fullk_K800_b1024_s20k_seed1_to300k,/eagle/lc-mpi/Zhiqing/polaris_ebm/runs_long_k_multinode_sweep/logs/M1_S32_ddp_fullk_K800_b1024_s20k_seed1_to300k.pbs.out,2026-05-29T19:50:57Z,submitted
M1_S32_pipe_P32_equal_K1600_b1024_s20k_seed1_to300k,resume,7176999.polaris-pbs-01.hsn.cm.polaris.alcf.anl.gov,7176942.polaris-pbs-01.hsn.cm.polaris.alcf.anl.gov,/eagle/lc-mpi/Zhiqing/polaris_ebm/runs_long_k_multinode_sweep/pbs/M1_S32_pipe_P32_equal_K1600_b1024_s20k_seed1_to300k.pbs,/eagle/lc-mpi/Zhiqing/polaris_ebm/runs_long_k_multinode_sweep/runs/M1_300k/S32/M1_S32_pipe_P32_equal_K1600_b1024_s20k_seed1_to300k,/eagle/lc-mpi/Zhiqing/polaris_ebm/runs_long_k_multinode_sweep/logs/M1_S32_pipe_P32_equal_K1600_b1024_s20k_seed1_to300k.pbs.out,2026-05-29T19:50:57Z,submitted
M1_S32_pipe_P32_equal_K400_b1024_s20k_seed1_to300k,resume,7177000.polaris-pbs-01.hsn.cm.polaris.alcf.anl.gov,7176943.polaris-pbs-01.hsn.cm.polaris.alcf.anl.gov,/eagle/lc-mpi/Zhiqing/polaris_ebm/runs_long_k_multinode_sweep/pbs/M1_S32_pipe_P32_equal_K400_b1024_s20k_seed1_to300k.pbs,/eagle/lc-mpi/Zhiqing/polaris_ebm/runs_long_k_multinode_sweep/runs/M1_300k/S32/M1_S32_pipe_P32_equal_K400_b1024_s20k_seed1_to300k,/eagle/lc-mpi/Zhiqing/polaris_ebm/runs_long_k_multinode_sweep/logs/M1_S32_pipe_P32_equal_K400_b1024_s20k_seed1_to300k.pbs.out,2026-05-29T19:50:57Z,submitted
M1_S32_pipe_P32_equal_K800_b1024_s20k_seed1_to300k,resume,7177001.polaris-pbs-01.hsn.cm.polaris.alcf.anl.gov,7176944.polaris-pbs-01.hsn.cm.polaris.alcf.anl.gov,/eagle/lc-mpi/Zhiqing/polaris_ebm/runs_long_k_multinode_sweep/pbs/M1_S32_pipe_P32_equal_K800_b1024_s20k_seed1_to300k.pbs,/eagle/lc-mpi/Zhiqing/polaris_ebm/runs_long_k_multinode_sweep/runs/M1_300k/S32/M1_S32_pipe_P32_equal_K800_b1024_s20k_seed1_to300k,/eagle/lc-mpi/Zhiqing/polaris_ebm/runs_long_k_multinode_sweep/logs/M1_S32_pipe_P32_equal_K800_b1024_s20k_seed1_to300k.pbs.out,2026-05-29T19:50:57Z,submitted
M1_S32_single_fullk_K1600_b1024_s20k_seed1_to300k,resume,7177002.polaris-pbs-01.hsn.cm.polaris.alcf.anl.gov,7176945.polaris-pbs-01.hsn.cm.polaris.alcf.anl.gov,/eagle/lc-mpi/Zhiqing/polaris_ebm/runs_long_k_multinode_sweep/pbs/M1_S32_single_fullk_K1600_b1024_s20k_seed1_to300k.pbs,/eagle/lc-mpi/Zhiqing/polaris_ebm/runs_long_k_multinode_sweep/runs/M1_300k/S32/M1_S32_single_fullk_K1600_b1024_s20k_seed1_to300k,/eagle/lc-mpi/Zhiqing/polaris_ebm/runs_long_k_multinode_sweep/logs/M1_S32_single_fullk_K1600_b1024_s20k_seed1_to300k.pbs.out,2026-05-29T19:50:57Z,submitted
M1_S32_single_fullk_K400_b1024_s20k_seed1_to300k,resume,7177003.polaris-pbs-01.hsn.cm.polaris.alcf.anl.gov,7176946.polaris-pbs-01.hsn.cm.polaris.alcf.anl.gov,/eagle/lc-mpi/Zhiqing/polaris_ebm/runs_long_k_multinode_sweep/pbs/M1_S32_single_fullk_K400_b1024_s20k_seed1_to300k.pbs,/eagle/lc-mpi/Zhiqing/polaris_ebm/runs_long_k_multinode_sweep/runs/M1_300k/S32/M1_S32_single_fullk_K400_b1024_s20k_seed1_to300k,/eagle/lc-mpi/Zhiqing/polaris_ebm/runs_long_k_multinode_sweep/logs/M1_S32_single_fullk_K400_b1024_s20k_seed1_to300k.pbs.out,2026-05-29T19:50:57Z,submitted
M1_S32_single_fullk_K800_b1024_s20k_seed1_to300k,resume,7177004.polaris-pbs-01.hsn.cm.polaris.alcf.anl.gov,7176947.polaris-pbs-01.hsn.cm.polaris.alcf.anl.gov,/eagle/lc-mpi/Zhiqing/polaris_ebm/runs_long_k_multinode_sweep/pbs/M1_S32_single_fullk_K800_b1024_s20k_seed1_to300k.pbs,/eagle/lc-mpi/Zhiqing/polaris_ebm/runs_long_k_multinode_sweep/runs/M1_300k/S32/M1_S32_single_fullk_K800_b1024_s20k_seed1_to300k,/eagle/lc-mpi/Zhiqing/polaris_ebm/runs_long_k_multinode_sweep/logs/M1_S32_single_fullk_K800_b1024_s20k_seed1_to300k.pbs.out,2026-05-29T19:50:57Z,submitted
M1_S16_ddp_fullk_K1600_b512_s20k_seed1_to300k,resume,7177011.polaris-pbs-01.hsn.cm.polaris.alcf.anl.gov,7176987.polaris-pbs-01.hsn.cm.polaris.alcf.anl.gov,/eagle/lc-mpi/Zhiqing/polaris_ebm/runs_long_k_multinode_sweep/pbs/M1_S16_ddp_fullk_K1600_b512_s20k_seed1_to300k.pbs,/eagle/lc-mpi/Zhiqing/polaris_ebm/runs_long_k_multinode_sweep/runs/M1_300k/S16/M1_S16_ddp_fullk_K1600_b512_s20k_seed1_to300k,/eagle/lc-mpi/Zhiqing/polaris_ebm/runs_long_k_multinode_sweep/logs/M1_S16_ddp_fullk_K1600_b512_s20k_seed1_to300k.pbs.out,2026-05-29T19:58:46Z,submitted
M1_S16_ddp_fullk_K400_b512_s20k_seed1_to300k,resume,7177012.polaris-pbs-01.hsn.cm.polaris.alcf.anl.gov,7176988.polaris-pbs-01.hsn.cm.polaris.alcf.anl.gov,/eagle/lc-mpi/Zhiqing/polaris_ebm/runs_long_k_multinode_sweep/pbs/M1_S16_ddp_fullk_K400_b512_s20k_seed1_to300k.pbs,/eagle/lc-mpi/Zhiqing/polaris_ebm/runs_long_k_multinode_sweep/runs/M1_300k/S16/M1_S16_ddp_fullk_K400_b512_s20k_seed1_to300k,/eagle/lc-mpi/Zhiqing/polaris_ebm/runs_long_k_multinode_sweep/logs/M1_S16_ddp_fullk_K400_b512_s20k_seed1_to300k.pbs.out,2026-05-29T19:58:46Z,submitted
M1_S16_ddp_fullk_K800_b512_s20k_seed1_to300k,resume,7177013.polaris-pbs-01.hsn.cm.polaris.alcf.anl.gov,7176989.polaris-pbs-01.hsn.cm.polaris.alcf.anl.gov,/eagle/lc-mpi/Zhiqing/polaris_ebm/runs_long_k_multinode_sweep/pbs/M1_S16_ddp_fullk_K800_b512_s20k_seed1_to300k.pbs,/eagle/lc-mpi/Zhiqing/polaris_ebm/runs_long_k_multinode_sweep/runs/M1_300k/S16/M1_S16_ddp_fullk_K800_b512_s20k_seed1_to300k,/eagle/lc-mpi/Zhiqing/polaris_ebm/runs_long_k_multinode_sweep/logs/M1_S16_ddp_fullk_K800_b512_s20k_seed1_to300k.pbs.out,2026-05-29T19:58:46Z,submitted
M1_S16_pipe_P16_equal_K1600_b512_s20k_seed1_to300k,resume,7177014.polaris-pbs-01.hsn.cm.polaris.alcf.anl.gov,7176990.polaris-pbs-01.hsn.cm.polaris.alcf.anl.gov,/eagle/lc-mpi/Zhiqing/polaris_ebm/runs_long_k_multinode_sweep/pbs/M1_S16_pipe_P16_equal_K1600_b512_s20k_seed1_to300k.pbs,/eagle/lc-mpi/Zhiqing/polaris_ebm/runs_long_k_multinode_sweep/runs/M1_300k/S16/M1_S16_pipe_P16_equal_K1600_b512_s20k_seed1_to300k,/eagle/lc-mpi/Zhiqing/polaris_ebm/runs_long_k_multinode_sweep/logs/M1_S16_pipe_P16_equal_K1600_b512_s20k_seed1_to300k.pbs.out,2026-05-29T19:58:46Z,submitted
M1_S16_pipe_P16_equal_K400_b512_s20k_seed1_to300k,resume,7177015.polaris-pbs-01.hsn.cm.polaris.alcf.anl.gov,7176991.polaris-pbs-01.hsn.cm.polaris.alcf.anl.gov,/eagle/lc-mpi/Zhiqing/polaris_ebm/runs_long_k_multinode_sweep/pbs/M1_S16_pipe_P16_equal_K400_b512_s20k_seed1_to300k.pbs,/eagle/lc-mpi/Zhiqing/polaris_ebm/runs_long_k_multinode_sweep/runs/M1_300k/S16/M1_S16_pipe_P16_equal_K400_b512_s20k_seed1_to300k,/eagle/lc-mpi/Zhiqing/polaris_ebm/runs_long_k_multinode_sweep/logs/M1_S16_pipe_P16_equal_K400_b512_s20k_seed1_to300k.pbs.out,2026-05-29T19:58:46Z,submitted
M1_S16_pipe_P16_equal_K800_b512_s20k_seed1_to300k,resume,7177016.polaris-pbs-01.hsn.cm.polaris.alcf.anl.gov,7176992.polaris-pbs-01.hsn.cm.polaris.alcf.anl.gov,/eagle/lc-mpi/Zhiqing/polaris_ebm/runs_long_k_multinode_sweep/pbs/M1_S16_pipe_P16_equal_K800_b512_s20k_seed1_to300k.pbs,/eagle/lc-mpi/Zhiqing/polaris_ebm/runs_long_k_multinode_sweep/runs/M1_300k/S16/M1_S16_pipe_P16_equal_K800_b512_s20k_seed1_to300k,/eagle/lc-mpi/Zhiqing/polaris_ebm/runs_long_k_multinode_sweep/logs/M1_S16_pipe_P16_equal_K800_b512_s20k_seed1_to300k.pbs.out,2026-05-29T19:58:46Z,submitted
M1_S16_single_fullk_K1600_b512_s20k_seed1_to300k,resume,7177017.polaris-pbs-01.hsn.cm.polaris.alcf.anl.gov,7176993.polaris-pbs-01.hsn.cm.polaris.alcf.anl.gov,/eagle/lc-mpi/Zhiqing/polaris_ebm/runs_long_k_multinode_sweep/pbs/M1_S16_single_fullk_K1600_b512_s20k_seed1_to300k.pbs,/eagle/lc-mpi/Zhiqing/polaris_ebm/runs_long_k_multinode_sweep/runs/M1_300k/S16/M1_S16_single_fullk_K1600_b512_s20k_seed1_to300k,/eagle/lc-mpi/Zhiqing/polaris_ebm/runs_long_k_multinode_sweep/logs/M1_S16_single_fullk_K1600_b512_s20k_seed1_to300k.pbs.out,2026-05-29T19:58:46Z,submitted
M1_S16_single_fullk_K400_b512_s20k_seed1_to300k,resume,7177018.polaris-pbs-01.hsn.cm.polaris.alcf.anl.gov,7176994.polaris-pbs-01.hsn.cm.polaris.alcf.anl.gov,/eagle/lc-mpi/Zhiqing/polaris_ebm/runs_long_k_multinode_sweep/pbs/M1_S16_single_fullk_K400_b512_s20k_seed1_to300k.pbs,/eagle/lc-mpi/Zhiqing/polaris_ebm/runs_long_k_multinode_sweep/runs/M1_300k/S16/M1_S16_single_fullk_K400_b512_s20k_seed1_to300k,/eagle/lc-mpi/Zhiqing/polaris_ebm/runs_long_k_multinode_sweep/logs/M1_S16_single_fullk_K400_b512_s20k_seed1_to300k.pbs.out,2026-05-29T19:58:46Z,submitted
M1_S16_single_fullk_K800_b512_s20k_seed1_to300k,resume,7177019.polaris-pbs-01.hsn.cm.polaris.alcf.anl.gov,7176995.polaris-pbs-01.hsn.cm.polaris.alcf.anl.gov,/eagle/lc-mpi/Zhiqing/polaris_ebm/runs_long_k_multinode_sweep/pbs/M1_S16_single_fullk_K800_b512_s20k_seed1_to300k.pbs,/eagle/lc-mpi/Zhiqing/polaris_ebm/runs_long_k_multinode_sweep/runs/M1_300k/S16/M1_S16_single_fullk_K800_b512_s20k_seed1_to300k,/eagle/lc-mpi/Zhiqing/polaris_ebm/runs_long_k_multinode_sweep/logs/M1_S16_single_fullk_K800_b512_s20k_seed1_to300k.pbs.out,2026-05-29T19:58:46Z,submitted
M1_S32_ddp_fullk_K1600_b1024_s20k_seed1_to300k,resume,7177020.polaris-pbs-01.hsn.cm.polaris.alcf.anl.gov,7176996.polaris-pbs-01.hsn.cm.polaris.alcf.anl.gov,/eagle/lc-mpi/Zhiqing/polaris_ebm/runs_long_k_multinode_sweep/pbs/M1_S32_ddp_fullk_K1600_b1024_s20k_seed1_to300k.pbs,/eagle/lc-mpi/Zhiqing/polaris_ebm/runs_long_k_multinode_sweep/runs/M1_300k/S32/M1_S32_ddp_fullk_K1600_b1024_s20k_seed1_to300k,/eagle/lc-mpi/Zhiqing/polaris_ebm/runs_long_k_multinode_sweep/logs/M1_S32_ddp_fullk_K1600_b1024_s20k_seed1_to300k.pbs.out,2026-05-29T19:58:46Z,submitted
M1_S32_ddp_fullk_K400_b1024_s20k_seed1_to300k,resume,7177021.polaris-pbs-01.hsn.cm.polaris.alcf.anl.gov,7176997.polaris-pbs-01.hsn.cm.polaris.alcf.anl.gov,/eagle/lc-mpi/Zhiqing/polaris_ebm/runs_long_k_multinode_sweep/pbs/M1_S32_ddp_fullk_K400_b1024_s20k_seed1_to300k.pbs,/eagle/lc-mpi/Zhiqing/polaris_ebm/runs_long_k_multinode_sweep/runs/M1_300k/S32/M1_S32_ddp_fullk_K400_b1024_s20k_seed1_to300k,/eagle/lc-mpi/Zhiqing/polaris_ebm/runs_long_k_multinode_sweep/logs/M1_S32_ddp_fullk_K400_b1024_s20k_seed1_to300k.pbs.out,2026-05-29T19:58:46Z,submitted
M1_S32_ddp_fullk_K800_b1024_s20k_seed1_to300k,resume,7177022.polaris-pbs-01.hsn.cm.polaris.alcf.anl.gov,7176998.polaris-pbs-01.hsn.cm.polaris.alcf.anl.gov,/eagle/lc-mpi/Zhiqing/polaris_ebm/runs_long_k_multinode_sweep/pbs/M1_S32_ddp_fullk_K800_b1024_s20k_seed1_to300k.pbs,/eagle/lc-mpi/Zhiqing/polaris_ebm/runs_long_k_multinode_sweep/runs/M1_300k/S32/M1_S32_ddp_fullk_K800_b1024_s20k_seed1_to300k,/eagle/lc-mpi/Zhiqing/polaris_ebm/runs_long_k_multinode_sweep/logs/M1_S32_ddp_fullk_K800_b1024_s20k_seed1_to300k.pbs.out,2026-05-29T19:58:46Z,submitted
M1_S32_pipe_P32_equal_K1600_b1024_s20k_seed1_to300k,resume,7177023.polaris-pbs-01.hsn.cm.polaris.alcf.anl.gov,7176999.polaris-pbs-01.hsn.cm.polaris.alcf.anl.gov,/eagle/lc-mpi/Zhiqing/polaris_ebm/runs_long_k_multinode_sweep/pbs/M1_S32_pipe_P32_equal_K1600_b1024_s20k_seed1_to300k.pbs,/eagle/lc-mpi/Zhiqing/polaris_ebm/runs_long_k_multinode_sweep/runs/M1_300k/S32/M1_S32_pipe_P32_equal_K1600_b1024_s20k_seed1_to300k,/eagle/lc-mpi/Zhiqing/polaris_ebm/runs_long_k_multinode_sweep/logs/M1_S32_pipe_P32_equal_K1600_b1024_s20k_seed1_to300k.pbs.out,2026-05-29T19:58:46Z,submitted
M1_S32_pipe_P32_equal_K400_b1024_s20k_seed1_to300k,resume,7177024.polaris-pbs-01.hsn.cm.polaris.alcf.anl.gov,7177000.polaris-pbs-01.hsn.cm.polaris.alcf.anl.gov,/eagle/lc-mpi/Zhiqing/polaris_ebm/runs_long_k_multinode_sweep/pbs/M1_S32_pipe_P32_equal_K400_b1024_s20k_seed1_to300k.pbs,/eagle/lc-mpi/Zhiqing/polaris_ebm/runs_long_k_multinode_sweep/runs/M1_300k/S32/M1_S32_pipe_P32_equal_K400_b1024_s20k_seed1_to300k,/eagle/lc-mpi/Zhiqing/polaris_ebm/runs_long_k_multinode_sweep/logs/M1_S32_pipe_P32_equal_K400_b1024_s20k_seed1_to300k.pbs.out,2026-05-29T19:58:46Z,submitted
M1_S32_pipe_P32_equal_K800_b1024_s20k_seed1_to300k,resume,7177025.polaris-pbs-01.hsn.cm.polaris.alcf.anl.gov,7177001.polaris-pbs-01.hsn.cm.polaris.alcf.anl.gov,/eagle/lc-mpi/Zhiqing/polaris_ebm/runs_long_k_multinode_sweep/pbs/M1_S32_pipe_P32_equal_K800_b1024_s20k_seed1_to300k.pbs,/eagle/lc-mpi/Zhiqing/polaris_ebm/runs_long_k_multinode_sweep/runs/M1_300k/S32/M1_S32_pipe_P32_equal_K800_b1024_s20k_seed1_to300k,/eagle/lc-mpi/Zhiqing/polaris_ebm/runs_long_k_multinode_sweep/logs/M1_S32_pipe_P32_equal_K800_b1024_s20k_seed1_to300k.pbs.out,2026-05-29T19:58:46Z,submitted
M1_S32_single_fullk_K1600_b1024_s20k_seed1_to300k,resume,7177026.polaris-pbs-01.hsn.cm.polaris.alcf.anl.gov,7177002.polaris-pbs-01.hsn.cm.polaris.alcf.anl.gov,/eagle/lc-mpi/Zhiqing/polaris_ebm/runs_long_k_multinode_sweep/pbs/M1_S32_single_fullk_K1600_b1024_s20k_seed1_to300k.pbs,/eagle/lc-mpi/Zhiqing/polaris_ebm/runs_long_k_multinode_sweep/runs/M1_300k/S32/M1_S32_single_fullk_K1600_b1024_s20k_seed1_to300k,/eagle/lc-mpi/Zhiqing/polaris_ebm/runs_long_k_multinode_sweep/logs/M1_S32_single_fullk_K1600_b1024_s20k_seed1_to300k.pbs.out,2026-05-29T19:58:46Z,submitted
M1_S32_single_fullk_K400_b1024_s20k_seed1_to300k,resume,7177027.polaris-pbs-01.hsn.cm.polaris.alcf.anl.gov,7177003.polaris-pbs-01.hsn.cm.polaris.alcf.anl.gov,/eagle/lc-mpi/Zhiqing/polaris_ebm/runs_long_k_multinode_sweep/pbs/M1_S32_single_fullk_K400_b1024_s20k_seed1_to300k.pbs,/eagle/lc-mpi/Zhiqing/polaris_ebm/runs_long_k_multinode_sweep/runs/M1_300k/S32/M1_S32_single_fullk_K400_b1024_s20k_seed1_to300k,/eagle/lc-mpi/Zhiqing/polaris_ebm/runs_long_k_multinode_sweep/logs/M1_S32_single_fullk_K400_b1024_s20k_seed1_to300k.pbs.out,2026-05-29T19:58:46Z,submitted
M1_S32_single_fullk_K800_b1024_s20k_seed1_to300k,resume,7177028.polaris-pbs-01.hsn.cm.polaris.alcf.anl.gov,7177004.polaris-pbs-01.hsn.cm.polaris.alcf.anl.gov,/eagle/lc-mpi/Zhiqing/polaris_ebm/runs_long_k_multinode_sweep/pbs/M1_S32_single_fullk_K800_b1024_s20k_seed1_to300k.pbs,/eagle/lc-mpi/Zhiqing/polaris_ebm/runs_long_k_multinode_sweep/runs/M1_300k/S32/M1_S32_single_fullk_K800_b1024_s20k_seed1_to300k,/eagle/lc-mpi/Zhiqing/polaris_ebm/runs_long_k_multinode_sweep/logs/M1_S32_single_fullk_K800_b1024_s20k_seed1_to300k.pbs.out,2026-05-29T19:58:46Z,submitted
M1_S16_pipe_P16_equal_K1600_b512_s20k_seed1_to300k,resume,7177188.polaris-pbs-01.hsn.cm.polaris.alcf.anl.gov,7177014.polaris-pbs-01.hsn.cm.polaris.alcf.anl.gov,/eagle/lc-mpi/Zhiqing/polaris_ebm/runs_long_k_multinode_sweep/pbs/M1_S16_pipe_P16_equal_K1600_b512_s20k_seed1_to300k.pbs,/eagle/lc-mpi/Zhiqing/polaris_ebm/runs_long_k_multinode_sweep/runs/M1_300k/S16/M1_S16_pipe_P16_equal_K1600_b512_s20k_seed1_to300k,/eagle/lc-mpi/Zhiqing/polaris_ebm/runs_long_k_multinode_sweep/logs/M1_S16_pipe_P16_equal_K1600_b512_s20k_seed1_to300k.pbs.out,2026-05-29T22:21:11Z,submitted
M1_S16_ddp_fullk_K1600_b512_s20k_seed1_to300k,resume,7178535.polaris-pbs-01.hsn.cm.polaris.alcf.anl.gov,7177011.polaris-pbs-01.hsn.cm.polaris.alcf.anl.gov,/eagle/lc-mpi/Zhiqing/polaris_ebm/runs_long_k_multinode_sweep/pbs/M1_S16_ddp_fullk_K1600_b512_s20k_seed1_to300k.pbs,/eagle/lc-mpi/Zhiqing/polaris_ebm/runs_long_k_multinode_sweep/runs/M1_300k/S16/M1_S16_ddp_fullk_K1600_b512_s20k_seed1_to300k,/eagle/lc-mpi/Zhiqing/polaris_ebm/runs_long_k_multinode_sweep/logs/M1_S16_ddp_fullk_K1600_b512_s20k_seed1_to300k.pbs.out,2026-05-31T08:01:01Z,submitted
M1_S16_ddp_fullk_K400_b512_s20k_seed1_to300k,resume,7178536.polaris-pbs-01.hsn.cm.polaris.alcf.anl.gov,7177012.polaris-pbs-01.hsn.cm.polaris.alcf.anl.gov,/eagle/lc-mpi/Zhiqing/polaris_ebm/runs_long_k_multinode_sweep/pbs/M1_S16_ddp_fullk_K400_b512_s20k_seed1_to300k.pbs,/eagle/lc-mpi/Zhiqing/polaris_ebm/runs_long_k_multinode_sweep/runs/M1_300k/S16/M1_S16_ddp_fullk_K400_b512_s20k_seed1_to300k,/eagle/lc-mpi/Zhiqing/polaris_ebm/runs_long_k_multinode_sweep/logs/M1_S16_ddp_fullk_K400_b512_s20k_seed1_to300k.pbs.out,2026-05-31T08:01:01Z,submitted
M1_S16_ddp_fullk_K800_b512_s20k_seed1_to300k,resume,7178537.polaris-pbs-01.hsn.cm.polaris.alcf.anl.gov,7177013.polaris-pbs-01.hsn.cm.polaris.alcf.anl.gov,/eagle/lc-mpi/Zhiqing/polaris_ebm/runs_long_k_multinode_sweep/pbs/M1_S16_ddp_fullk_K800_b512_s20k_seed1_to300k.pbs,/eagle/lc-mpi/Zhiqing/polaris_ebm/runs_long_k_multinode_sweep/runs/M1_300k/S16/M1_S16_ddp_fullk_K800_b512_s20k_seed1_to300k,/eagle/lc-mpi/Zhiqing/polaris_ebm/runs_long_k_multinode_sweep/logs/M1_S16_ddp_fullk_K800_b512_s20k_seed1_to300k.pbs.out,2026-05-31T08:01:01Z,submitted
M1_S16_single_fullk_K1600_b512_s20k_seed1_to300k,resume,7178538.polaris-pbs-01.hsn.cm.polaris.alcf.anl.gov,7177017.polaris-pbs-01.hsn.cm.polaris.alcf.anl.gov,/eagle/lc-mpi/Zhiqing/polaris_ebm/runs_long_k_multinode_sweep/pbs/M1_S16_single_fullk_K1600_b512_s20k_seed1_to300k.pbs,/eagle/lc-mpi/Zhiqing/polaris_ebm/runs_long_k_multinode_sweep/runs/M1_300k/S16/M1_S16_single_fullk_K1600_b512_s20k_seed1_to300k,/eagle/lc-mpi/Zhiqing/polaris_ebm/runs_long_k_multinode_sweep/logs/M1_S16_single_fullk_K1600_b512_s20k_seed1_to300k.pbs.out,2026-05-31T08:31:25Z,submitted
M1_S16_single_fullk_K400_b512_s20k_seed1_to300k,resume,7178539.polaris-pbs-01.hsn.cm.polaris.alcf.anl.gov,7177018.polaris-pbs-01.hsn.cm.polaris.alcf.anl.gov,/eagle/lc-mpi/Zhiqing/polaris_ebm/runs_long_k_multinode_sweep/pbs/M1_S16_single_fullk_K400_b512_s20k_seed1_to300k.pbs,/eagle/lc-mpi/Zhiqing/polaris_ebm/runs_long_k_multinode_sweep/runs/M1_300k/S16/M1_S16_single_fullk_K400_b512_s20k_seed1_to300k,/eagle/lc-mpi/Zhiqing/polaris_ebm/runs_long_k_multinode_sweep/logs/M1_S16_single_fullk_K400_b512_s20k_seed1_to300k.pbs.out,2026-05-31T08:31:25Z,submitted
M1_S16_single_fullk_K800_b512_s20k_seed1_to300k,resume,7178540.polaris-pbs-01.hsn.cm.polaris.alcf.anl.gov,7177019.polaris-pbs-01.hsn.cm.polaris.alcf.anl.gov,/eagle/lc-mpi/Zhiqing/polaris_ebm/runs_long_k_multinode_sweep/pbs/M1_S16_single_fullk_K800_b512_s20k_seed1_to300k.pbs,/eagle/lc-mpi/Zhiqing/polaris_ebm/runs_long_k_multinode_sweep/runs/M1_300k/S16/M1_S16_single_fullk_K800_b512_s20k_seed1_to300k,/eagle/lc-mpi/Zhiqing/polaris_ebm/runs_long_k_multinode_sweep/logs/M1_S16_single_fullk_K800_b512_s20k_seed1_to300k.pbs.out,2026-05-31T08:31:25Z,submitted
M1_S32_single_fullk_K1600_b1024_s20k_seed1_to300k,resume,7178541.polaris-pbs-01.hsn.cm.polaris.alcf.anl.gov,7177026.polaris-pbs-01.hsn.cm.polaris.alcf.anl.gov,/eagle/lc-mpi/Zhiqing/polaris_ebm/runs_long_k_multinode_sweep/pbs/M1_S32_single_fullk_K1600_b1024_s20k_seed1_to300k.pbs,/eagle/lc-mpi/Zhiqing/polaris_ebm/runs_long_k_multinode_sweep/runs/M1_300k/S32/M1_S32_single_fullk_K1600_b1024_s20k_seed1_to300k,/eagle/lc-mpi/Zhiqing/polaris_ebm/runs_long_k_multinode_sweep/logs/M1_S32_single_fullk_K1600_b1024_s20k_seed1_to300k.pbs.out,2026-05-31T08:31:25Z,submitted
M1_S32_single_fullk_K400_b1024_s20k_seed1_to300k,resume,7178542.polaris-pbs-01.hsn.cm.polaris.alcf.anl.gov,7177027.polaris-pbs-01.hsn.cm.polaris.alcf.anl.gov,/eagle/lc-mpi/Zhiqing/polaris_ebm/runs_long_k_multinode_sweep/pbs/M1_S32_single_fullk_K400_b1024_s20k_seed1_to300k.pbs,/eagle/lc-mpi/Zhiqing/polaris_ebm/runs_long_k_multinode_sweep/runs/M1_300k/S32/M1_S32_single_fullk_K400_b1024_s20k_seed1_to300k,/eagle/lc-mpi/Zhiqing/polaris_ebm/runs_long_k_multinode_sweep/logs/M1_S32_single_fullk_K400_b1024_s20k_seed1_to300k.pbs.out,2026-05-31T08:31:25Z,submitted
M1_S32_single_fullk_K800_b1024_s20k_seed1_to300k,resume,7178543.polaris-pbs-01.hsn.cm.polaris.alcf.anl.gov,7177028.polaris-pbs-01.hsn.cm.polaris.alcf.anl.gov,/eagle/lc-mpi/Zhiqing/polaris_ebm/runs_long_k_multinode_sweep/pbs/M1_S32_single_fullk_K800_b1024_s20k_seed1_to300k.pbs,/eagle/lc-mpi/Zhiqing/polaris_ebm/runs_long_k_multinode_sweep/runs/M1_300k/S32/M1_S32_single_fullk_K800_b1024_s20k_seed1_to300k,/eagle/lc-mpi/Zhiqing/polaris_ebm/runs_long_k_multinode_sweep/logs/M1_S32_single_fullk_K800_b1024_s20k_seed1_to300k.pbs.out,2026-05-31T08:31:25Z,submitted
M1_S16_ddp_fullk_K1600_b512_s20k_seed1_to300k,resume,7185512.polaris-pbs-01.hsn.cm.polaris.alcf.anl.gov,7178535.polaris-pbs-01.hsn.cm.polaris.alcf.anl.gov,/eagle/lc-mpi/Zhiqing/polaris_ebm/runs_long_k_multinode_sweep/pbs/M1_S16_ddp_fullk_K1600_b512_s20k_seed1_to300k.pbs,/eagle/lc-mpi/Zhiqing/polaris_ebm/runs_long_k_multinode_sweep/runs/M1_300k/S16/M1_S16_ddp_fullk_K1600_b512_s20k_seed1_to300k,/eagle/lc-mpi/Zhiqing/polaris_ebm/runs_long_k_multinode_sweep/logs/M1_S16_ddp_fullk_K1600_b512_s20k_seed1_to300k.pbs.out,2026-06-05T02:49:28Z,submitted
M1_S16_ddp_fullk_K400_b512_s20k_seed1_to300k,resume,7185514.polaris-pbs-01.hsn.cm.polaris.alcf.anl.gov,7178536.polaris-pbs-01.hsn.cm.polaris.alcf.anl.gov,/eagle/lc-mpi/Zhiqing/polaris_ebm/runs_long_k_multinode_sweep/pbs/M1_S16_ddp_fullk_K400_b512_s20k_seed1_to300k.pbs,/eagle/lc-mpi/Zhiqing/polaris_ebm/runs_long_k_multinode_sweep/runs/M1_300k/S16/M1_S16_ddp_fullk_K400_b512_s20k_seed1_to300k,/eagle/lc-mpi/Zhiqing/polaris_ebm/runs_long_k_multinode_sweep/logs/M1_S16_ddp_fullk_K400_b512_s20k_seed1_to300k.pbs.out,2026-06-05T02:49:28Z,submitted
M1_S16_ddp_fullk_K800_b512_s20k_seed1_to300k,resume,7185516.polaris-pbs-01.hsn.cm.polaris.alcf.anl.gov,7178537.polaris-pbs-01.hsn.cm.polaris.alcf.anl.gov,/eagle/lc-mpi/Zhiqing/polaris_ebm/runs_long_k_multinode_sweep/pbs/M1_S16_ddp_fullk_K800_b512_s20k_seed1_to300k.pbs,/eagle/lc-mpi/Zhiqing/polaris_ebm/runs_long_k_multinode_sweep/runs/M1_300k/S16/M1_S16_ddp_fullk_K800_b512_s20k_seed1_to300k,/eagle/lc-mpi/Zhiqing/polaris_ebm/runs_long_k_multinode_sweep/logs/M1_S16_ddp_fullk_K800_b512_s20k_seed1_to300k.pbs.out,2026-06-05T02:49:28Z,submitted
M1_S16_pipe_P16_equal_K1600_b512_s20k_seed1_to300k,resume,7185518.polaris-pbs-01.hsn.cm.polaris.alcf.anl.gov,7177188.polaris-pbs-01.hsn.cm.polaris.alcf.anl.gov,/eagle/lc-mpi/Zhiqing/polaris_ebm/runs_long_k_multinode_sweep/pbs/M1_S16_pipe_P16_equal_K1600_b512_s20k_seed1_to300k.pbs,/eagle/lc-mpi/Zhiqing/polaris_ebm/runs_long_k_multinode_sweep/runs/M1_300k/S16/M1_S16_pipe_P16_equal_K1600_b512_s20k_seed1_to300k,/eagle/lc-mpi/Zhiqing/polaris_ebm/runs_long_k_multinode_sweep/logs/M1_S16_pipe_P16_equal_K1600_b512_s20k_seed1_to300k.pbs.out,2026-06-05T02:49:28Z,submitted
M1_S16_pipe_P16_equal_K800_b512_s20k_seed1_to300k,resume,7185521.polaris-pbs-01.hsn.cm.polaris.alcf.anl.gov,7177016.polaris-pbs-01.hsn.cm.polaris.alcf.anl.gov,/eagle/lc-mpi/Zhiqing/polaris_ebm/runs_long_k_multinode_sweep/pbs/M1_S16_pipe_P16_equal_K800_b512_s20k_seed1_to300k.pbs,/eagle/lc-mpi/Zhiqing/polaris_ebm/runs_long_k_multinode_sweep/runs/M1_300k/S16/M1_S16_pipe_P16_equal_K800_b512_s20k_seed1_to300k,/eagle/lc-mpi/Zhiqing/polaris_ebm/runs_long_k_multinode_sweep/logs/M1_S16_pipe_P16_equal_K800_b512_s20k_seed1_to300k.pbs.out,2026-06-05T02:49:28Z,submitted
M1_S16_single_fullk_K1600_b512_s20k_seed1_to300k,resume,7185522.polaris-pbs-01.hsn.cm.polaris.alcf.anl.gov,7178538.polaris-pbs-01.hsn.cm.polaris.alcf.anl.gov,/eagle/lc-mpi/Zhiqing/polaris_ebm/runs_long_k_multinode_sweep/pbs/M1_S16_single_fullk_K1600_b512_s20k_seed1_to300k.pbs,/eagle/lc-mpi/Zhiqing/polaris_ebm/runs_long_k_multinode_sweep/runs/M1_300k/S16/M1_S16_single_fullk_K1600_b512_s20k_seed1_to300k,/eagle/lc-mpi/Zhiqing/polaris_ebm/runs_long_k_multinode_sweep/logs/M1_S16_single_fullk_K1600_b512_s20k_seed1_to300k.pbs.out,2026-06-05T02:49:28Z,submitted
M1_S16_single_fullk_K400_b512_s20k_seed1_to300k,resume,7185523.polaris-pbs-01.hsn.cm.polaris.alcf.anl.gov,7178539.polaris-pbs-01.hsn.cm.polaris.alcf.anl.gov,/eagle/lc-mpi/Zhiqing/polaris_ebm/runs_long_k_multinode_sweep/pbs/M1_S16_single_fullk_K400_b512_s20k_seed1_to300k.pbs,/eagle/lc-mpi/Zhiqing/polaris_ebm/runs_long_k_multinode_sweep/runs/M1_300k/S16/M1_S16_single_fullk_K400_b512_s20k_seed1_to300k,/eagle/lc-mpi/Zhiqing/polaris_ebm/runs_long_k_multinode_sweep/logs/M1_S16_single_fullk_K400_b512_s20k_seed1_to300k.pbs.out,2026-06-05T02:49:28Z,submitted
M1_S16_single_fullk_K800_b512_s20k_seed1_to300k,resume,7185524.polaris-pbs-01.hsn.cm.polaris.alcf.anl.gov,7178540.polaris-pbs-01.hsn.cm.polaris.alcf.anl.gov,/eagle/lc-mpi/Zhiqing/polaris_ebm/runs_long_k_multinode_sweep/pbs/M1_S16_single_fullk_K800_b512_s20k_seed1_to300k.pbs,/eagle/lc-mpi/Zhiqing/polaris_ebm/runs_long_k_multinode_sweep/runs/M1_300k/S16/M1_S16_single_fullk_K800_b512_s20k_seed1_to300k,/eagle/lc-mpi/Zhiqing/polaris_ebm/runs_long_k_multinode_sweep/logs/M1_S16_single_fullk_K800_b512_s20k_seed1_to300k.pbs.out,2026-06-05T02:49:28Z,submitted
M1_S32_ddp_fullk_K1600_b1024_s20k_seed1_to300k,resume,7185525.polaris-pbs-01.hsn.cm.polaris.alcf.anl.gov,7177020.polaris-pbs-01.hsn.cm.polaris.alcf.anl.gov,/eagle/lc-mpi/Zhiqing/polaris_ebm/runs_long_k_multinode_sweep/pbs/M1_S32_ddp_fullk_K1600_b1024_s20k_seed1_to300k.pbs,/eagle/lc-mpi/Zhiqing/polaris_ebm/runs_long_k_multinode_sweep/runs/M1_300k/S32/M1_S32_ddp_fullk_K1600_b1024_s20k_seed1_to300k,/eagle/lc-mpi/Zhiqing/polaris_ebm/runs_long_k_multinode_sweep/logs/M1_S32_ddp_fullk_K1600_b1024_s20k_seed1_to300k.pbs.out,2026-06-05T02:49:28Z,submitted
M1_S32_ddp_fullk_K400_b1024_s20k_seed1_to300k,resume,7185526.polaris-pbs-01.hsn.cm.polaris.alcf.anl.gov,7177021.polaris-pbs-01.hsn.cm.polaris.alcf.anl.gov,/eagle/lc-mpi/Zhiqing/polaris_ebm/runs_long_k_multinode_sweep/pbs/M1_S32_ddp_fullk_K400_b1024_s20k_seed1_to300k.pbs,/eagle/lc-mpi/Zhiqing/polaris_ebm/runs_long_k_multinode_sweep/runs/M1_300k/S32/M1_S32_ddp_fullk_K400_b1024_s20k_seed1_to300k,/eagle/lc-mpi/Zhiqing/polaris_ebm/runs_long_k_multinode_sweep/logs/M1_S32_ddp_fullk_K400_b1024_s20k_seed1_to300k.pbs.out,2026-06-05T02:49:28Z,submitted
M1_S32_ddp_fullk_K800_b1024_s20k_seed1_to300k,resume,7185527.polaris-pbs-01.hsn.cm.polaris.alcf.anl.gov,7177022.polaris-pbs-01.hsn.cm.polaris.alcf.anl.gov,/eagle/lc-mpi/Zhiqing/polaris_ebm/runs_long_k_multinode_sweep/pbs/M1_S32_ddp_fullk_K800_b1024_s20k_seed1_to300k.pbs,/eagle/lc-mpi/Zhiqing/polaris_ebm/runs_long_k_multinode_sweep/runs/M1_300k/S32/M1_S32_ddp_fullk_K800_b1024_s20k_seed1_to300k,/eagle/lc-mpi/Zhiqing/polaris_ebm/runs_long_k_multinode_sweep/logs/M1_S32_ddp_fullk_K800_b1024_s20k_seed1_to300k.pbs.out,2026-06-05T02:49:28Z,submitted
M1_S32_pipe_P32_equal_K1600_b1024_s20k_seed1_to300k,resume,7185528.polaris-pbs-01.hsn.cm.polaris.alcf.anl.gov,7177023.polaris-pbs-01.hsn.cm.polaris.alcf.anl.gov,/eagle/lc-mpi/Zhiqing/polaris_ebm/runs_long_k_multinode_sweep/pbs/M1_S32_pipe_P32_equal_K1600_b1024_s20k_seed1_to300k.pbs,/eagle/lc-mpi/Zhiqing/polaris_ebm/runs_long_k_multinode_sweep/runs/M1_300k/S32/M1_S32_pipe_P32_equal_K1600_b1024_s20k_seed1_to300k,/eagle/lc-mpi/Zhiqing/polaris_ebm/runs_long_k_multinode_sweep/logs/M1_S32_pipe_P32_equal_K1600_b1024_s20k_seed1_to300k.pbs.out,2026-06-05T02:49:28Z,submitted
M1_S32_pipe_P32_equal_K400_b1024_s20k_seed1_to300k,resume,7185529.polaris-pbs-01.hsn.cm.polaris.alcf.anl.gov,7177024.polaris-pbs-01.hsn.cm.polaris.alcf.anl.gov,/eagle/lc-mpi/Zhiqing/polaris_ebm/runs_long_k_multinode_sweep/pbs/M1_S32_pipe_P32_equal_K400_b1024_s20k_seed1_to300k.pbs,/eagle/lc-mpi/Zhiqing/polaris_ebm/runs_long_k_multinode_sweep/runs/M1_300k/S32/M1_S32_pipe_P32_equal_K400_b1024_s20k_seed1_to300k,/eagle/lc-mpi/Zhiqing/polaris_ebm/runs_long_k_multinode_sweep/logs/M1_S32_pipe_P32_equal_K400_b1024_s20k_seed1_to300k.pbs.out,2026-06-05T02:49:28Z,submitted
M1_S32_pipe_P32_equal_K800_b1024_s20k_seed1_to300k,resume,7185530.polaris-pbs-01.hsn.cm.polaris.alcf.anl.gov,7177025.polaris-pbs-01.hsn.cm.polaris.alcf.anl.gov,/eagle/lc-mpi/Zhiqing/polaris_ebm/runs_long_k_multinode_sweep/pbs/M1_S32_pipe_P32_equal_K800_b1024_s20k_seed1_to300k.pbs,/eagle/lc-mpi/Zhiqing/polaris_ebm/runs_long_k_multinode_sweep/runs/M1_300k/S32/M1_S32_pipe_P32_equal_K800_b1024_s20k_seed1_to300k,/eagle/lc-mpi/Zhiqing/polaris_ebm/runs_long_k_multinode_sweep/logs/M1_S32_pipe_P32_equal_K800_b1024_s20k_seed1_to300k.pbs.out,2026-06-05T02:49:28Z,submitted
M1_S16_ddp_fullk_K1600_b512_s20k_seed1_to300k,manual_72h_resubmit,7185546.polaris-pbs-01.hsn.cm.polaris.alcf.anl.gov,7185512.polaris-pbs-01.hsn.cm.polaris.alcf.anl.gov,/eagle/lc-mpi/Zhiqing/polaris_ebm/runs_long_k_multinode_sweep/pbs/M1_S16_ddp_fullk_K1600_b512_s20k_seed1_to300k.pbs,/eagle/lc-mpi/Zhiqing/polaris_ebm/runs_long_k_multinode_sweep/runs/M1_300k/S16/M1_S16_ddp_fullk_K1600_b512_s20k_seed1_to300k,/eagle/lc-mpi/Zhiqing/polaris_ebm/runs_long_k_multinode_sweep/logs/M1_S16_ddp_fullk_K1600_b512_s20k_seed1_to300k.pbs.out,2026-06-05T03:01:46Z,submitted
M1_S16_ddp_fullk_K400_b512_s20k_seed1_to300k,manual_72h_resubmit,7185547.polaris-pbs-01.hsn.cm.polaris.alcf.anl.gov,7185514.polaris-pbs-01.hsn.cm.polaris.alcf.anl.gov,/eagle/lc-mpi/Zhiqing/polaris_ebm/runs_long_k_multinode_sweep/pbs/M1_S16_ddp_fullk_K400_b512_s20k_seed1_to300k.pbs,/eagle/lc-mpi/Zhiqing/polaris_ebm/runs_long_k_multinode_sweep/runs/M1_300k/S16/M1_S16_ddp_fullk_K400_b512_s20k_seed1_to300k,/eagle/lc-mpi/Zhiqing/polaris_ebm/runs_long_k_multinode_sweep/logs/M1_S16_ddp_fullk_K400_b512_s20k_seed1_to300k.pbs.out,2026-06-05T03:01:46Z,submitted
M1_S16_ddp_fullk_K800_b512_s20k_seed1_to300k,manual_72h_resubmit,7185548.polaris-pbs-01.hsn.cm.polaris.alcf.anl.gov,7185516.polaris-pbs-01.hsn.cm.polaris.alcf.anl.gov,/eagle/lc-mpi/Zhiqing/polaris_ebm/runs_long_k_multinode_sweep/pbs/M1_S16_ddp_fullk_K800_b512_s20k_seed1_to300k.pbs,/eagle/lc-mpi/Zhiqing/polaris_ebm/runs_long_k_multinode_sweep/runs/M1_300k/S16/M1_S16_ddp_fullk_K800_b512_s20k_seed1_to300k,/eagle/lc-mpi/Zhiqing/polaris_ebm/runs_long_k_multinode_sweep/logs/M1_S16_ddp_fullk_K800_b512_s20k_seed1_to300k.pbs.out,2026-06-05T03:01:46Z,submitted
M1_S16_pipe_P16_equal_K1600_b512_s20k_seed1_to300k,manual_72h_resubmit,7185549.polaris-pbs-01.hsn.cm.polaris.alcf.anl.gov,7185518.polaris-pbs-01.hsn.cm.polaris.alcf.anl.gov,/eagle/lc-mpi/Zhiqing/polaris_ebm/runs_long_k_multinode_sweep/pbs/M1_S16_pipe_P16_equal_K1600_b512_s20k_seed1_to300k.pbs,/eagle/lc-mpi/Zhiqing/polaris_ebm/runs_long_k_multinode_sweep/runs/M1_300k/S16/M1_S16_pipe_P16_equal_K1600_b512_s20k_seed1_to300k,/eagle/lc-mpi/Zhiqing/polaris_ebm/runs_long_k_multinode_sweep/logs/M1_S16_pipe_P16_equal_K1600_b512_s20k_seed1_to300k.pbs.out,2026-06-05T03:01:46Z,submitted
M1_S16_pipe_P16_equal_K800_b512_s20k_seed1_to300k,manual_72h_resubmit,7185550.polaris-pbs-01.hsn.cm.polaris.alcf.anl.gov,7185521.polaris-pbs-01.hsn.cm.polaris.alcf.anl.gov,/eagle/lc-mpi/Zhiqing/polaris_ebm/runs_long_k_multinode_sweep/pbs/M1_S16_pipe_P16_equal_K800_b512_s20k_seed1_to300k.pbs,/eagle/lc-mpi/Zhiqing/polaris_ebm/runs_long_k_multinode_sweep/runs/M1_300k/S16/M1_S16_pipe_P16_equal_K800_b512_s20k_seed1_to300k,/eagle/lc-mpi/Zhiqing/polaris_ebm/runs_long_k_multinode_sweep/logs/M1_S16_pipe_P16_equal_K800_b512_s20k_seed1_to300k.pbs.out,2026-06-05T03:01:46Z,submitted
M1_S16_single_fullk_K1600_b512_s20k_seed1_to300k,manual_72h_resubmit,7185551.polaris-pbs-01.hsn.cm.polaris.alcf.anl.gov,7185522.polaris-pbs-01.hsn.cm.polaris.alcf.anl.gov,/eagle/lc-mpi/Zhiqing/polaris_ebm/runs_long_k_multinode_sweep/pbs/M1_S16_single_fullk_K1600_b512_s20k_seed1_to300k.pbs,/eagle/lc-mpi/Zhiqing/polaris_ebm/runs_long_k_multinode_sweep/runs/M1_300k/S16/M1_S16_single_fullk_K1600_b512_s20k_seed1_to300k,/eagle/lc-mpi/Zhiqing/polaris_ebm/runs_long_k_multinode_sweep/logs/M1_S16_single_fullk_K1600_b512_s20k_seed1_to300k.pbs.out,2026-06-05T03:01:46Z,submitted
M1_S16_single_fullk_K400_b512_s20k_seed1_to300k,manual_72h_resubmit,7185552.polaris-pbs-01.hsn.cm.polaris.alcf.anl.gov,7185523.polaris-pbs-01.hsn.cm.polaris.alcf.anl.gov,/eagle/lc-mpi/Zhiqing/polaris_ebm/runs_long_k_multinode_sweep/pbs/M1_S16_single_fullk_K400_b512_s20k_seed1_to300k.pbs,/eagle/lc-mpi/Zhiqing/polaris_ebm/runs_long_k_multinode_sweep/runs/M1_300k/S16/M1_S16_single_fullk_K400_b512_s20k_seed1_to300k,/eagle/lc-mpi/Zhiqing/polaris_ebm/runs_long_k_multinode_sweep/logs/M1_S16_single_fullk_K400_b512_s20k_seed1_to300k.pbs.out,2026-06-05T03:01:46Z,submitted
M1_S16_single_fullk_K800_b512_s20k_seed1_to300k,manual_72h_resubmit,7185553.polaris-pbs-01.hsn.cm.polaris.alcf.anl.gov,7185524.polaris-pbs-01.hsn.cm.polaris.alcf.anl.gov,/eagle/lc-mpi/Zhiqing/polaris_ebm/runs_long_k_multinode_sweep/pbs/M1_S16_single_fullk_K800_b512_s20k_seed1_to300k.pbs,/eagle/lc-mpi/Zhiqing/polaris_ebm/runs_long_k_multinode_sweep/runs/M1_300k/S16/M1_S16_single_fullk_K800_b512_s20k_seed1_to300k,/eagle/lc-mpi/Zhiqing/polaris_ebm/runs_long_k_multinode_sweep/logs/M1_S16_single_fullk_K800_b512_s20k_seed1_to300k.pbs.out,2026-06-05T03:01:46Z,submitted
M1_S32_ddp_fullk_K1600_b1024_s20k_seed1_to300k,manual_72h_resubmit,7185554.polaris-pbs-01.hsn.cm.polaris.alcf.anl.gov,7185525.polaris-pbs-01.hsn.cm.polaris.alcf.anl.gov,/eagle/lc-mpi/Zhiqing/polaris_ebm/runs_long_k_multinode_sweep/pbs/M1_S32_ddp_fullk_K1600_b1024_s20k_seed1_to300k.pbs,/eagle/lc-mpi/Zhiqing/polaris_ebm/runs_long_k_multinode_sweep/runs/M1_300k/S32/M1_S32_ddp_fullk_K1600_b1024_s20k_seed1_to300k,/eagle/lc-mpi/Zhiqing/polaris_ebm/runs_long_k_multinode_sweep/logs/M1_S32_ddp_fullk_K1600_b1024_s20k_seed1_to300k.pbs.out,2026-06-05T03:01:46Z,submitted
M1_S32_ddp_fullk_K400_b1024_s20k_seed1_to300k,manual_72h_resubmit,7185555.polaris-pbs-01.hsn.cm.polaris.alcf.anl.gov,7185526.polaris-pbs-01.hsn.cm.polaris.alcf.anl.gov,/eagle/lc-mpi/Zhiqing/polaris_ebm/runs_long_k_multinode_sweep/pbs/M1_S32_ddp_fullk_K400_b1024_s20k_seed1_to300k.pbs,/eagle/lc-mpi/Zhiqing/polaris_ebm/runs_long_k_multinode_sweep/runs/M1_300k/S32/M1_S32_ddp_fullk_K400_b1024_s20k_seed1_to300k,/eagle/lc-mpi/Zhiqing/polaris_ebm/runs_long_k_multinode_sweep/logs/M1_S32_ddp_fullk_K400_b1024_s20k_seed1_to300k.pbs.out,2026-06-05T03:01:46Z,submitted
M1_S32_ddp_fullk_K800_b1024_s20k_seed1_to300k,manual_72h_resubmit,7185556.polaris-pbs-01.hsn.cm.polaris.alcf.anl.gov,7185527.polaris-pbs-01.hsn.cm.polaris.alcf.anl.gov,/eagle/lc-mpi/Zhiqing/polaris_ebm/runs_long_k_multinode_sweep/pbs/M1_S32_ddp_fullk_K800_b1024_s20k_seed1_to300k.pbs,/eagle/lc-mpi/Zhiqing/polaris_ebm/runs_long_k_multinode_sweep/runs/M1_300k/S32/M1_S32_ddp_fullk_K800_b1024_s20k_seed1_to300k,/eagle/lc-mpi/Zhiqing/polaris_ebm/runs_long_k_multinode_sweep/logs/M1_S32_ddp_fullk_K800_b1024_s20k_seed1_to300k.pbs.out,2026-06-05T03:01:46Z,submitted
M1_S32_pipe_P32_equal_K1600_b1024_s20k_seed1_to300k,manual_72h_resubmit,7185557.polaris-pbs-01.hsn.cm.polaris.alcf.anl.gov,7185528.polaris-pbs-01.hsn.cm.polaris.alcf.anl.gov,/eagle/lc-mpi/Zhiqing/polaris_ebm/runs_long_k_multinode_sweep/pbs/M1_S32_pipe_P32_equal_K1600_b1024_s20k_seed1_to300k.pbs,/eagle/lc-mpi/Zhiqing/polaris_ebm/runs_long_k_multinode_sweep/runs/M1_300k/S32/M1_S32_pipe_P32_equal_K1600_b1024_s20k_seed1_to300k,/eagle/lc-mpi/Zhiqing/polaris_ebm/runs_long_k_multinode_sweep/logs/M1_S32_pipe_P32_equal_K1600_b1024_s20k_seed1_to300k.pbs.out,2026-06-05T03:01:46Z,submitted
M1_S32_pipe_P32_equal_K400_b1024_s20k_seed1_to300k,manual_72h_resubmit,7185558.polaris-pbs-01.hsn.cm.polaris.alcf.anl.gov,7185529.polaris-pbs-01.hsn.cm.polaris.alcf.anl.gov,/eagle/lc-mpi/Zhiqing/polaris_ebm/runs_long_k_multinode_sweep/pbs/M1_S32_pipe_P32_equal_K400_b1024_s20k_seed1_to300k.pbs,/eagle/lc-mpi/Zhiqing/polaris_ebm/runs_long_k_multinode_sweep/runs/M1_300k/S32/M1_S32_pipe_P32_equal_K400_b1024_s20k_seed1_to300k,/eagle/lc-mpi/Zhiqing/polaris_ebm/runs_long_k_multinode_sweep/logs/M1_S32_pipe_P32_equal_K400_b1024_s20k_seed1_to300k.pbs.out,2026-06-05T03:01:46Z,submitted
M1_S32_pipe_P32_equal_K800_b1024_s20k_seed1_to300k,manual_72h_resubmit,7185559.polaris-pbs-01.hsn.cm.polaris.alcf.anl.gov,7185530.polaris-pbs-01.hsn.cm.polaris.alcf.anl.gov,/eagle/lc-mpi/Zhiqing/polaris_ebm/runs_long_k_multinode_sweep/pbs/M1_S32_pipe_P32_equal_K800_b1024_s20k_seed1_to300k.pbs,/eagle/lc-mpi/Zhiqing/polaris_ebm/runs_long_k_multinode_sweep/runs/M1_300k/S32/M1_S32_pipe_P32_equal_K800_b1024_s20k_seed1_to300k,/eagle/lc-mpi/Zhiqing/polaris_ebm/runs_long_k_multinode_sweep/logs/M1_S32_pipe_P32_equal_K800_b1024_s20k_seed1_to300k.pbs.out,2026-06-05T03:01:46Z,submitted
