old_job_id,new_job_id,exp_id,latest_step_before_resume,latest_checkpoint_before_resume,pbs_path,train_run_dir,pbs_output_log,preserved_old_pbs_output,submitted_at
7173318.polaris-pbs-01.hsn.cm.polaris.alcf.anl.gov,7173643.polaris-pbs-01.hsn.cm.polaris.alcf.anl.gov,S16_single_fullk_K400_b512_s20k_seed1,235,,/eagle/lc-mpi/Zhiqing/polaris_ebm/runs_long_k_multinode_sweep/pbs/S16_single_fullk_K400_b512_s20k_seed1.pbs,/eagle/lc-mpi/Zhiqing/polaris_ebm/runs_long_k_multinode_sweep/runs/M0/S16/S16_single_fullk_K400_b512_s20k_seed1,/eagle/lc-mpi/Zhiqing/polaris_ebm/runs_long_k_multinode_sweep/logs/S16_single_fullk_K400_b512_s20k_seed1.pbs.out,/eagle/lc-mpi/Zhiqing/polaris_ebm/runs_long_k_multinode_sweep/logs/S16_single_fullk_K400_b512_s20k_seed1.pbs.out.prev_7173318_20260527_204114,2026-05-27T20:41:14Z
7173319.polaris-pbs-01.hsn.cm.polaris.alcf.anl.gov,7173644.polaris-pbs-01.hsn.cm.polaris.alcf.anl.gov,S16_ddp_fullk_K400_b512_s20k_seed1,271,,/eagle/lc-mpi/Zhiqing/polaris_ebm/runs_long_k_multinode_sweep/pbs/S16_ddp_fullk_K400_b512_s20k_seed1.pbs,/eagle/lc-mpi/Zhiqing/polaris_ebm/runs_long_k_multinode_sweep/runs/M0/S16/S16_ddp_fullk_K400_b512_s20k_seed1,/eagle/lc-mpi/Zhiqing/polaris_ebm/runs_long_k_multinode_sweep/logs/S16_ddp_fullk_K400_b512_s20k_seed1.pbs.out,/eagle/lc-mpi/Zhiqing/polaris_ebm/runs_long_k_multinode_sweep/logs/S16_ddp_fullk_K400_b512_s20k_seed1.pbs.out.prev_7173319_20260527_204114,2026-05-27T20:41:14Z
7173320.polaris-pbs-01.hsn.cm.polaris.alcf.anl.gov,7173645.polaris-pbs-01.hsn.cm.polaris.alcf.anl.gov,S16_pipe_P16_equal_K400_b512_s20k_seed1,7252,/eagle/lc-mpi/Zhiqing/polaris_ebm/runs_long_k_multinode_sweep/runs/M0/S16/S16_pipe_P16_equal_K400_b512_s20k_seed1/checkpoints/ckpt_step4999.pt,/eagle/lc-mpi/Zhiqing/polaris_ebm/runs_long_k_multinode_sweep/pbs/S16_pipe_P16_equal_K400_b512_s20k_seed1.pbs,/eagle/lc-mpi/Zhiqing/polaris_ebm/runs_long_k_multinode_sweep/runs/M0/S16/S16_pipe_P16_equal_K400_b512_s20k_seed1,/eagle/lc-mpi/Zhiqing/polaris_ebm/runs_long_k_multinode_sweep/logs/S16_pipe_P16_equal_K400_b512_s20k_seed1.pbs.out,/eagle/lc-mpi/Zhiqing/polaris_ebm/runs_long_k_multinode_sweep/logs/S16_pipe_P16_equal_K400_b512_s20k_seed1.pbs.out.prev_7173320_20260527_204114,2026-05-27T20:41:14Z
7173321.polaris-pbs-01.hsn.cm.polaris.alcf.anl.gov,7173646.polaris-pbs-01.hsn.cm.polaris.alcf.anl.gov,S16_single_fullk_K800_b512_s20k_seed1,818,,/eagle/lc-mpi/Zhiqing/polaris_ebm/runs_long_k_multinode_sweep/pbs/S16_single_fullk_K800_b512_s20k_seed1.pbs,/eagle/lc-mpi/Zhiqing/polaris_ebm/runs_long_k_multinode_sweep/runs/M0/S16/S16_single_fullk_K800_b512_s20k_seed1,/eagle/lc-mpi/Zhiqing/polaris_ebm/runs_long_k_multinode_sweep/logs/S16_single_fullk_K800_b512_s20k_seed1.pbs.out,/eagle/lc-mpi/Zhiqing/polaris_ebm/runs_long_k_multinode_sweep/logs/S16_single_fullk_K800_b512_s20k_seed1.pbs.out.prev_7173321_20260527_204114,2026-05-27T20:41:14Z
7173322.polaris-pbs-01.hsn.cm.polaris.alcf.anl.gov,7173647.polaris-pbs-01.hsn.cm.polaris.alcf.anl.gov,S16_ddp_fullk_K800_b512_s20k_seed1,1086,,/eagle/lc-mpi/Zhiqing/polaris_ebm/runs_long_k_multinode_sweep/pbs/S16_ddp_fullk_K800_b512_s20k_seed1.pbs,/eagle/lc-mpi/Zhiqing/polaris_ebm/runs_long_k_multinode_sweep/runs/M0/S16/S16_ddp_fullk_K800_b512_s20k_seed1,/eagle/lc-mpi/Zhiqing/polaris_ebm/runs_long_k_multinode_sweep/logs/S16_ddp_fullk_K800_b512_s20k_seed1.pbs.out,/eagle/lc-mpi/Zhiqing/polaris_ebm/runs_long_k_multinode_sweep/logs/S16_ddp_fullk_K800_b512_s20k_seed1.pbs.out.prev_7173322_20260527_204114,2026-05-27T20:41:14Z
7173323.polaris-pbs-01.hsn.cm.polaris.alcf.anl.gov,7173648.polaris-pbs-01.hsn.cm.polaris.alcf.anl.gov,S16_pipe_P16_equal_K800_b512_s20k_seed1,3193,,/eagle/lc-mpi/Zhiqing/polaris_ebm/runs_long_k_multinode_sweep/pbs/S16_pipe_P16_equal_K800_b512_s20k_seed1.pbs,/eagle/lc-mpi/Zhiqing/polaris_ebm/runs_long_k_multinode_sweep/runs/M0/S16/S16_pipe_P16_equal_K800_b512_s20k_seed1,/eagle/lc-mpi/Zhiqing/polaris_ebm/runs_long_k_multinode_sweep/logs/S16_pipe_P16_equal_K800_b512_s20k_seed1.pbs.out,/eagle/lc-mpi/Zhiqing/polaris_ebm/runs_long_k_multinode_sweep/logs/S16_pipe_P16_equal_K800_b512_s20k_seed1.pbs.out.prev_7173323_20260527_204114,2026-05-27T20:41:14Z
7173324.polaris-pbs-01.hsn.cm.polaris.alcf.anl.gov,7173649.polaris-pbs-01.hsn.cm.polaris.alcf.anl.gov,S16_single_fullk_K1600_b512_s20k_seed1,49,,/eagle/lc-mpi/Zhiqing/polaris_ebm/runs_long_k_multinode_sweep/pbs/S16_single_fullk_K1600_b512_s20k_seed1.pbs,/eagle/lc-mpi/Zhiqing/polaris_ebm/runs_long_k_multinode_sweep/runs/M0/S16/S16_single_fullk_K1600_b512_s20k_seed1,/eagle/lc-mpi/Zhiqing/polaris_ebm/runs_long_k_multinode_sweep/logs/S16_single_fullk_K1600_b512_s20k_seed1.pbs.out,/eagle/lc-mpi/Zhiqing/polaris_ebm/runs_long_k_multinode_sweep/logs/S16_single_fullk_K1600_b512_s20k_seed1.pbs.out.prev_7173324_20260527_204114,2026-05-27T20:41:14Z
7173325.polaris-pbs-01.hsn.cm.polaris.alcf.anl.gov,7173733.polaris-pbs-01.hsn.cm.polaris.alcf.anl.gov,S16_ddp_fullk_K1600_b512_s20k_seed1,143,,/eagle/lc-mpi/Zhiqing/polaris_ebm/runs_long_k_multinode_sweep/pbs/S16_ddp_fullk_K1600_b512_s20k_seed1.pbs,/eagle/lc-mpi/Zhiqing/polaris_ebm/runs_long_k_multinode_sweep/runs/M0/S16/S16_ddp_fullk_K1600_b512_s20k_seed1,/eagle/lc-mpi/Zhiqing/polaris_ebm/runs_long_k_multinode_sweep/logs/S16_ddp_fullk_K1600_b512_s20k_seed1.pbs.out,/eagle/lc-mpi/Zhiqing/polaris_ebm/runs_long_k_multinode_sweep/logs/S16_ddp_fullk_K1600_b512_s20k_seed1.pbs.out.prev_7173325_20260527_212736,2026-05-27T21:27:36Z,submitted,
7173329.polaris-pbs-01.hsn.cm.polaris.alcf.anl.gov,7173734.polaris-pbs-01.hsn.cm.polaris.alcf.anl.gov,S32_pipe_P32_equal_K400_b1024_s20k_seed1,1727,,/eagle/lc-mpi/Zhiqing/polaris_ebm/runs_long_k_multinode_sweep/pbs/S32_pipe_P32_equal_K400_b1024_s20k_seed1.pbs,/eagle/lc-mpi/Zhiqing/polaris_ebm/runs_long_k_multinode_sweep/runs/M0/S32/S32_pipe_P32_equal_K400_b1024_s20k_seed1,/eagle/lc-mpi/Zhiqing/polaris_ebm/runs_long_k_multinode_sweep/logs/S32_pipe_P32_equal_K400_b1024_s20k_seed1.pbs.out,/eagle/lc-mpi/Zhiqing/polaris_ebm/runs_long_k_multinode_sweep/logs/S32_pipe_P32_equal_K400_b1024_s20k_seed1.pbs.out.prev_7173329_20260527_212736,2026-05-27T21:27:36Z,submitted,
7173327.polaris-pbs-01.hsn.cm.polaris.alcf.anl.gov,7173735.polaris-pbs-01.hsn.cm.polaris.alcf.anl.gov,S32_single_fullk_K400_b1024_s20k_seed1,212,,/eagle/lc-mpi/Zhiqing/polaris_ebm/runs_long_k_multinode_sweep/pbs/S32_single_fullk_K400_b1024_s20k_seed1.pbs,/eagle/lc-mpi/Zhiqing/polaris_ebm/runs_long_k_multinode_sweep/runs/M0/S32/S32_single_fullk_K400_b1024_s20k_seed1,/eagle/lc-mpi/Zhiqing/polaris_ebm/runs_long_k_multinode_sweep/logs/S32_single_fullk_K400_b1024_s20k_seed1.pbs.out,/eagle/lc-mpi/Zhiqing/polaris_ebm/runs_long_k_multinode_sweep/logs/S32_single_fullk_K400_b1024_s20k_seed1.pbs.out.prev_7173327_20260527_212736,2026-05-27T21:27:36Z,submitted,
7173330.polaris-pbs-01.hsn.cm.polaris.alcf.anl.gov,7173736.polaris-pbs-01.hsn.cm.polaris.alcf.anl.gov,S32_single_fullk_K800_b1024_s20k_seed1,107,,/eagle/lc-mpi/Zhiqing/polaris_ebm/runs_long_k_multinode_sweep/pbs/S32_single_fullk_K800_b1024_s20k_seed1.pbs,/eagle/lc-mpi/Zhiqing/polaris_ebm/runs_long_k_multinode_sweep/runs/M0/S32/S32_single_fullk_K800_b1024_s20k_seed1,/eagle/lc-mpi/Zhiqing/polaris_ebm/runs_long_k_multinode_sweep/logs/S32_single_fullk_K800_b1024_s20k_seed1.pbs.out,/eagle/lc-mpi/Zhiqing/polaris_ebm/runs_long_k_multinode_sweep/logs/S32_single_fullk_K800_b1024_s20k_seed1.pbs.out.prev_7173330_20260527_212736,2026-05-27T21:27:36Z,submitted,
7173733.polaris-pbs-01.hsn.cm.polaris.alcf.anl.gov,7173876.polaris-pbs-01.hsn.cm.polaris.alcf.anl.gov,S16_ddp_fullk_K1600_b512_s20k_seed1,143,,/eagle/lc-mpi/Zhiqing/polaris_ebm/runs_long_k_multinode_sweep/pbs/S16_ddp_fullk_K1600_b512_s20k_seed1.pbs,/eagle/lc-mpi/Zhiqing/polaris_ebm/runs_long_k_multinode_sweep/runs/M0/S16/S16_ddp_fullk_K1600_b512_s20k_seed1,/eagle/lc-mpi/Zhiqing/polaris_ebm/runs_long_k_multinode_sweep/logs/S16_ddp_fullk_K1600_b512_s20k_seed1.pbs.out,/eagle/lc-mpi/Zhiqing/polaris_ebm/runs_long_k_multinode_sweep/logs/S16_ddp_fullk_K1600_b512_s20k_seed1.pbs.out.prev_7173733_20260527_232311,2026-05-27T23:23:11Z,submitted,
7173644.polaris-pbs-01.hsn.cm.polaris.alcf.anl.gov,7173877.polaris-pbs-01.hsn.cm.polaris.alcf.anl.gov,S16_ddp_fullk_K400_b512_s20k_seed1,56,,/eagle/lc-mpi/Zhiqing/polaris_ebm/runs_long_k_multinode_sweep/pbs/S16_ddp_fullk_K400_b512_s20k_seed1.pbs,/eagle/lc-mpi/Zhiqing/polaris_ebm/runs_long_k_multinode_sweep/runs/M0/S16/S16_ddp_fullk_K400_b512_s20k_seed1,/eagle/lc-mpi/Zhiqing/polaris_ebm/runs_long_k_multinode_sweep/logs/S16_ddp_fullk_K400_b512_s20k_seed1.pbs.out,/eagle/lc-mpi/Zhiqing/polaris_ebm/runs_long_k_multinode_sweep/logs/S16_ddp_fullk_K400_b512_s20k_seed1.pbs.out.prev_7173644_20260527_232311,2026-05-27T23:23:11Z,submitted,
7173647.polaris-pbs-01.hsn.cm.polaris.alcf.anl.gov,7173878.polaris-pbs-01.hsn.cm.polaris.alcf.anl.gov,S16_ddp_fullk_K800_b512_s20k_seed1,124,,/eagle/lc-mpi/Zhiqing/polaris_ebm/runs_long_k_multinode_sweep/pbs/S16_ddp_fullk_K800_b512_s20k_seed1.pbs,/eagle/lc-mpi/Zhiqing/polaris_ebm/runs_long_k_multinode_sweep/runs/M0/S16/S16_ddp_fullk_K800_b512_s20k_seed1,/eagle/lc-mpi/Zhiqing/polaris_ebm/runs_long_k_multinode_sweep/logs/S16_ddp_fullk_K800_b512_s20k_seed1.pbs.out,/eagle/lc-mpi/Zhiqing/polaris_ebm/runs_long_k_multinode_sweep/logs/S16_ddp_fullk_K800_b512_s20k_seed1.pbs.out.prev_7173647_20260527_232311,2026-05-27T23:23:11Z,submitted,
7173326.polaris-pbs-01.hsn.cm.polaris.alcf.anl.gov,7173879.polaris-pbs-01.hsn.cm.polaris.alcf.anl.gov,S16_pipe_P16_equal_K1600_b512_s20k_seed1,1073,,/eagle/lc-mpi/Zhiqing/polaris_ebm/runs_long_k_multinode_sweep/pbs/S16_pipe_P16_equal_K1600_b512_s20k_seed1.pbs,/eagle/lc-mpi/Zhiqing/polaris_ebm/runs_long_k_multinode_sweep/runs/M0/S16/S16_pipe_P16_equal_K1600_b512_s20k_seed1,/eagle/lc-mpi/Zhiqing/polaris_ebm/runs_long_k_multinode_sweep/logs/S16_pipe_P16_equal_K1600_b512_s20k_seed1.pbs.out,/eagle/lc-mpi/Zhiqing/polaris_ebm/runs_long_k_multinode_sweep/logs/S16_pipe_P16_equal_K1600_b512_s20k_seed1.pbs.out.prev_7173326_20260527_232311,2026-05-27T23:23:11Z,submitted,
7173645.polaris-pbs-01.hsn.cm.polaris.alcf.anl.gov,7173880.polaris-pbs-01.hsn.cm.polaris.alcf.anl.gov,S16_pipe_P16_equal_K400_b512_s20k_seed1,6766,/eagle/lc-mpi/Zhiqing/polaris_ebm/runs_long_k_multinode_sweep/runs/M0/S16/S16_pipe_P16_equal_K400_b512_s20k_seed1/checkpoints/ckpt_step4999.pt,/eagle/lc-mpi/Zhiqing/polaris_ebm/runs_long_k_multinode_sweep/pbs/S16_pipe_P16_equal_K400_b512_s20k_seed1.pbs,/eagle/lc-mpi/Zhiqing/polaris_ebm/runs_long_k_multinode_sweep/runs/M0/S16/S16_pipe_P16_equal_K400_b512_s20k_seed1,/eagle/lc-mpi/Zhiqing/polaris_ebm/runs_long_k_multinode_sweep/logs/S16_pipe_P16_equal_K400_b512_s20k_seed1.pbs.out,/eagle/lc-mpi/Zhiqing/polaris_ebm/runs_long_k_multinode_sweep/logs/S16_pipe_P16_equal_K400_b512_s20k_seed1.pbs.out.prev_7173645_20260527_232311,2026-05-27T23:23:11Z,submitted,
7173648.polaris-pbs-01.hsn.cm.polaris.alcf.anl.gov,7173881.polaris-pbs-01.hsn.cm.polaris.alcf.anl.gov,S16_pipe_P16_equal_K800_b512_s20k_seed1,121,,/eagle/lc-mpi/Zhiqing/polaris_ebm/runs_long_k_multinode_sweep/pbs/S16_pipe_P16_equal_K800_b512_s20k_seed1.pbs,/eagle/lc-mpi/Zhiqing/polaris_ebm/runs_long_k_multinode_sweep/runs/M0/S16/S16_pipe_P16_equal_K800_b512_s20k_seed1,/eagle/lc-mpi/Zhiqing/polaris_ebm/runs_long_k_multinode_sweep/logs/S16_pipe_P16_equal_K800_b512_s20k_seed1.pbs.out,/eagle/lc-mpi/Zhiqing/polaris_ebm/runs_long_k_multinode_sweep/logs/S16_pipe_P16_equal_K800_b512_s20k_seed1.pbs.out.prev_7173648_20260527_232311,2026-05-27T23:23:11Z,submitted,
7173649.polaris-pbs-01.hsn.cm.polaris.alcf.anl.gov,7173882.polaris-pbs-01.hsn.cm.polaris.alcf.anl.gov,S16_single_fullk_K1600_b512_s20k_seed1,49,,/eagle/lc-mpi/Zhiqing/polaris_ebm/runs_long_k_multinode_sweep/pbs/S16_single_fullk_K1600_b512_s20k_seed1.pbs,/eagle/lc-mpi/Zhiqing/polaris_ebm/runs_long_k_multinode_sweep/runs/M0/S16/S16_single_fullk_K1600_b512_s20k_seed1,/eagle/lc-mpi/Zhiqing/polaris_ebm/runs_long_k_multinode_sweep/logs/S16_single_fullk_K1600_b512_s20k_seed1.pbs.out,/eagle/lc-mpi/Zhiqing/polaris_ebm/runs_long_k_multinode_sweep/logs/S16_single_fullk_K1600_b512_s20k_seed1.pbs.out.prev_7173649_20260527_232311,2026-05-27T23:23:11Z,submitted,
7173643.polaris-pbs-01.hsn.cm.polaris.alcf.anl.gov,7173883.polaris-pbs-01.hsn.cm.polaris.alcf.anl.gov,S16_single_fullk_K400_b512_s20k_seed1,341,,/eagle/lc-mpi/Zhiqing/polaris_ebm/runs_long_k_multinode_sweep/pbs/S16_single_fullk_K400_b512_s20k_seed1.pbs,/eagle/lc-mpi/Zhiqing/polaris_ebm/runs_long_k_multinode_sweep/runs/M0/S16/S16_single_fullk_K400_b512_s20k_seed1,/eagle/lc-mpi/Zhiqing/polaris_ebm/runs_long_k_multinode_sweep/logs/S16_single_fullk_K400_b512_s20k_seed1.pbs.out,/eagle/lc-mpi/Zhiqing/polaris_ebm/runs_long_k_multinode_sweep/logs/S16_single_fullk_K400_b512_s20k_seed1.pbs.out.prev_7173643_20260527_232311,2026-05-27T23:23:11Z,submitted,
7173646.polaris-pbs-01.hsn.cm.polaris.alcf.anl.gov,7173884.polaris-pbs-01.hsn.cm.polaris.alcf.anl.gov,S16_single_fullk_K800_b512_s20k_seed1,192,,/eagle/lc-mpi/Zhiqing/polaris_ebm/runs_long_k_multinode_sweep/pbs/S16_single_fullk_K800_b512_s20k_seed1.pbs,/eagle/lc-mpi/Zhiqing/polaris_ebm/runs_long_k_multinode_sweep/runs/M0/S16/S16_single_fullk_K800_b512_s20k_seed1,/eagle/lc-mpi/Zhiqing/polaris_ebm/runs_long_k_multinode_sweep/logs/S16_single_fullk_K800_b512_s20k_seed1.pbs.out,/eagle/lc-mpi/Zhiqing/polaris_ebm/runs_long_k_multinode_sweep/logs/S16_single_fullk_K800_b512_s20k_seed1.pbs.out.prev_7173646_20260527_232311,2026-05-27T23:23:11Z,submitted,
7173334.polaris-pbs-01.hsn.cm.polaris.alcf.anl.gov,7173885.polaris-pbs-01.hsn.cm.polaris.alcf.anl.gov,S32_ddp_fullk_K1600_b1024_s20k_seed1,2,,/eagle/lc-mpi/Zhiqing/polaris_ebm/runs_long_k_multinode_sweep/pbs/S32_ddp_fullk_K1600_b1024_s20k_seed1.pbs,/eagle/lc-mpi/Zhiqing/polaris_ebm/runs_long_k_multinode_sweep/runs/M0/S32/S32_ddp_fullk_K1600_b1024_s20k_seed1,/eagle/lc-mpi/Zhiqing/polaris_ebm/runs_long_k_multinode_sweep/logs/S32_ddp_fullk_K1600_b1024_s20k_seed1.pbs.out,/eagle/lc-mpi/Zhiqing/polaris_ebm/runs_long_k_multinode_sweep/logs/S32_ddp_fullk_K1600_b1024_s20k_seed1.pbs.out.prev_7173334_20260527_232311,2026-05-27T23:23:11Z,submitted,
7173328.polaris-pbs-01.hsn.cm.polaris.alcf.anl.gov,7173886.polaris-pbs-01.hsn.cm.polaris.alcf.anl.gov,S32_ddp_fullk_K400_b1024_s20k_seed1,629,,/eagle/lc-mpi/Zhiqing/polaris_ebm/runs_long_k_multinode_sweep/pbs/S32_ddp_fullk_K400_b1024_s20k_seed1.pbs,/eagle/lc-mpi/Zhiqing/polaris_ebm/runs_long_k_multinode_sweep/runs/M0/S32/S32_ddp_fullk_K400_b1024_s20k_seed1,/eagle/lc-mpi/Zhiqing/polaris_ebm/runs_long_k_multinode_sweep/logs/S32_ddp_fullk_K400_b1024_s20k_seed1.pbs.out,/eagle/lc-mpi/Zhiqing/polaris_ebm/runs_long_k_multinode_sweep/logs/S32_ddp_fullk_K400_b1024_s20k_seed1.pbs.out.prev_7173328_20260527_232311,2026-05-27T23:23:11Z,submitted,
7173331.polaris-pbs-01.hsn.cm.polaris.alcf.anl.gov,7173887.polaris-pbs-01.hsn.cm.polaris.alcf.anl.gov,S32_ddp_fullk_K800_b1024_s20k_seed1,234,,/eagle/lc-mpi/Zhiqing/polaris_ebm/runs_long_k_multinode_sweep/pbs/S32_ddp_fullk_K800_b1024_s20k_seed1.pbs,/eagle/lc-mpi/Zhiqing/polaris_ebm/runs_long_k_multinode_sweep/runs/M0/S32/S32_ddp_fullk_K800_b1024_s20k_seed1,/eagle/lc-mpi/Zhiqing/polaris_ebm/runs_long_k_multinode_sweep/logs/S32_ddp_fullk_K800_b1024_s20k_seed1.pbs.out,/eagle/lc-mpi/Zhiqing/polaris_ebm/runs_long_k_multinode_sweep/logs/S32_ddp_fullk_K800_b1024_s20k_seed1.pbs.out.prev_7173331_20260527_232311,2026-05-27T23:23:11Z,submitted,
7173335.polaris-pbs-01.hsn.cm.polaris.alcf.anl.gov,7173888.polaris-pbs-01.hsn.cm.polaris.alcf.anl.gov,S32_pipe_P32_equal_K1600_b1024_s20k_seed1,109,,/eagle/lc-mpi/Zhiqing/polaris_ebm/runs_long_k_multinode_sweep/pbs/S32_pipe_P32_equal_K1600_b1024_s20k_seed1.pbs,/eagle/lc-mpi/Zhiqing/polaris_ebm/runs_long_k_multinode_sweep/runs/M0/S32/S32_pipe_P32_equal_K1600_b1024_s20k_seed1,/eagle/lc-mpi/Zhiqing/polaris_ebm/runs_long_k_multinode_sweep/logs/S32_pipe_P32_equal_K1600_b1024_s20k_seed1.pbs.out,/eagle/lc-mpi/Zhiqing/polaris_ebm/runs_long_k_multinode_sweep/logs/S32_pipe_P32_equal_K1600_b1024_s20k_seed1.pbs.out.prev_7173335_20260527_232311,2026-05-27T23:23:11Z,submitted,
7173734.polaris-pbs-01.hsn.cm.polaris.alcf.anl.gov,7173889.polaris-pbs-01.hsn.cm.polaris.alcf.anl.gov,S32_pipe_P32_equal_K400_b1024_s20k_seed1,9,,/eagle/lc-mpi/Zhiqing/polaris_ebm/runs_long_k_multinode_sweep/pbs/S32_pipe_P32_equal_K400_b1024_s20k_seed1.pbs,/eagle/lc-mpi/Zhiqing/polaris_ebm/runs_long_k_multinode_sweep/runs/M0/S32/S32_pipe_P32_equal_K400_b1024_s20k_seed1,/eagle/lc-mpi/Zhiqing/polaris_ebm/runs_long_k_multinode_sweep/logs/S32_pipe_P32_equal_K400_b1024_s20k_seed1.pbs.out,/eagle/lc-mpi/Zhiqing/polaris_ebm/runs_long_k_multinode_sweep/logs/S32_pipe_P32_equal_K400_b1024_s20k_seed1.pbs.out.prev_7173734_20260527_232311,2026-05-27T23:23:11Z,submitted,
7173332.polaris-pbs-01.hsn.cm.polaris.alcf.anl.gov,7173890.polaris-pbs-01.hsn.cm.polaris.alcf.anl.gov,S32_pipe_P32_equal_K800_b1024_s20k_seed1,99,,/eagle/lc-mpi/Zhiqing/polaris_ebm/runs_long_k_multinode_sweep/pbs/S32_pipe_P32_equal_K800_b1024_s20k_seed1.pbs,/eagle/lc-mpi/Zhiqing/polaris_ebm/runs_long_k_multinode_sweep/runs/M0/S32/S32_pipe_P32_equal_K800_b1024_s20k_seed1,/eagle/lc-mpi/Zhiqing/polaris_ebm/runs_long_k_multinode_sweep/logs/S32_pipe_P32_equal_K800_b1024_s20k_seed1.pbs.out,/eagle/lc-mpi/Zhiqing/polaris_ebm/runs_long_k_multinode_sweep/logs/S32_pipe_P32_equal_K800_b1024_s20k_seed1.pbs.out.prev_7173332_20260527_232311,2026-05-27T23:23:11Z,submitted,
7173333.polaris-pbs-01.hsn.cm.polaris.alcf.anl.gov,7173891.polaris-pbs-01.hsn.cm.polaris.alcf.anl.gov,S32_single_fullk_K1600_b1024_s20k_seed1,17,,/eagle/lc-mpi/Zhiqing/polaris_ebm/runs_long_k_multinode_sweep/pbs/S32_single_fullk_K1600_b1024_s20k_seed1.pbs,/eagle/lc-mpi/Zhiqing/polaris_ebm/runs_long_k_multinode_sweep/runs/M0/S32/S32_single_fullk_K1600_b1024_s20k_seed1,/eagle/lc-mpi/Zhiqing/polaris_ebm/runs_long_k_multinode_sweep/logs/S32_single_fullk_K1600_b1024_s20k_seed1.pbs.out,/eagle/lc-mpi/Zhiqing/polaris_ebm/runs_long_k_multinode_sweep/logs/S32_single_fullk_K1600_b1024_s20k_seed1.pbs.out.prev_7173333_20260527_232311,2026-05-27T23:23:11Z,submitted,
7173735.polaris-pbs-01.hsn.cm.polaris.alcf.anl.gov,7173892.polaris-pbs-01.hsn.cm.polaris.alcf.anl.gov,S32_single_fullk_K400_b1024_s20k_seed1,184,,/eagle/lc-mpi/Zhiqing/polaris_ebm/runs_long_k_multinode_sweep/pbs/S32_single_fullk_K400_b1024_s20k_seed1.pbs,/eagle/lc-mpi/Zhiqing/polaris_ebm/runs_long_k_multinode_sweep/runs/M0/S32/S32_single_fullk_K400_b1024_s20k_seed1,/eagle/lc-mpi/Zhiqing/polaris_ebm/runs_long_k_multinode_sweep/logs/S32_single_fullk_K400_b1024_s20k_seed1.pbs.out,/eagle/lc-mpi/Zhiqing/polaris_ebm/runs_long_k_multinode_sweep/logs/S32_single_fullk_K400_b1024_s20k_seed1.pbs.out.prev_7173735_20260527_232311,2026-05-27T23:23:11Z,submitted,
7173736.polaris-pbs-01.hsn.cm.polaris.alcf.anl.gov,7173893.polaris-pbs-01.hsn.cm.polaris.alcf.anl.gov,S32_single_fullk_K800_b1024_s20k_seed1,72,,/eagle/lc-mpi/Zhiqing/polaris_ebm/runs_long_k_multinode_sweep/pbs/S32_single_fullk_K800_b1024_s20k_seed1.pbs,/eagle/lc-mpi/Zhiqing/polaris_ebm/runs_long_k_multinode_sweep/runs/M0/S32/S32_single_fullk_K800_b1024_s20k_seed1,/eagle/lc-mpi/Zhiqing/polaris_ebm/runs_long_k_multinode_sweep/logs/S32_single_fullk_K800_b1024_s20k_seed1.pbs.out,/eagle/lc-mpi/Zhiqing/polaris_ebm/runs_long_k_multinode_sweep/logs/S32_single_fullk_K800_b1024_s20k_seed1.pbs.out.prev_7173736_20260527_232311,2026-05-27T23:23:11Z,submitted,
7173876.polaris-pbs-01.hsn.cm.polaris.alcf.anl.gov,7173930.polaris-pbs-01.hsn.cm.polaris.alcf.anl.gov,S16_ddp_fullk_K1600_b512_s20k_seed1,138,,/eagle/lc-mpi/Zhiqing/polaris_ebm/runs_long_k_multinode_sweep/pbs/S16_ddp_fullk_K1600_b512_s20k_seed1.pbs,/eagle/lc-mpi/Zhiqing/polaris_ebm/runs_long_k_multinode_sweep/runs/M0/S16/S16_ddp_fullk_K1600_b512_s20k_seed1,/eagle/lc-mpi/Zhiqing/polaris_ebm/runs_long_k_multinode_sweep/logs/S16_ddp_fullk_K1600_b512_s20k_seed1.pbs.out,/eagle/lc-mpi/Zhiqing/polaris_ebm/runs_long_k_multinode_sweep/logs/S16_ddp_fullk_K1600_b512_s20k_seed1.pbs.out.prev_7173876_20260527_235556,2026-05-27T23:55:56Z,submitted,
7173877.polaris-pbs-01.hsn.cm.polaris.alcf.anl.gov,7173931.polaris-pbs-01.hsn.cm.polaris.alcf.anl.gov,S16_ddp_fullk_K400_b512_s20k_seed1,56,,/eagle/lc-mpi/Zhiqing/polaris_ebm/runs_long_k_multinode_sweep/pbs/S16_ddp_fullk_K400_b512_s20k_seed1.pbs,/eagle/lc-mpi/Zhiqing/polaris_ebm/runs_long_k_multinode_sweep/runs/M0/S16/S16_ddp_fullk_K400_b512_s20k_seed1,/eagle/lc-mpi/Zhiqing/polaris_ebm/runs_long_k_multinode_sweep/logs/S16_ddp_fullk_K400_b512_s20k_seed1.pbs.out,/eagle/lc-mpi/Zhiqing/polaris_ebm/runs_long_k_multinode_sweep/logs/S16_ddp_fullk_K400_b512_s20k_seed1.pbs.out.prev_7173877_20260527_235556,2026-05-27T23:55:56Z,submitted,
7173878.polaris-pbs-01.hsn.cm.polaris.alcf.anl.gov,7173932.polaris-pbs-01.hsn.cm.polaris.alcf.anl.gov,S16_ddp_fullk_K800_b512_s20k_seed1,78,,/eagle/lc-mpi/Zhiqing/polaris_ebm/runs_long_k_multinode_sweep/pbs/S16_ddp_fullk_K800_b512_s20k_seed1.pbs,/eagle/lc-mpi/Zhiqing/polaris_ebm/runs_long_k_multinode_sweep/runs/M0/S16/S16_ddp_fullk_K800_b512_s20k_seed1,/eagle/lc-mpi/Zhiqing/polaris_ebm/runs_long_k_multinode_sweep/logs/S16_ddp_fullk_K800_b512_s20k_seed1.pbs.out,/eagle/lc-mpi/Zhiqing/polaris_ebm/runs_long_k_multinode_sweep/logs/S16_ddp_fullk_K800_b512_s20k_seed1.pbs.out.prev_7173878_20260527_235556,2026-05-27T23:55:56Z,submitted,
7173879.polaris-pbs-01.hsn.cm.polaris.alcf.anl.gov,7173933.polaris-pbs-01.hsn.cm.polaris.alcf.anl.gov,S16_pipe_P16_equal_K1600_b512_s20k_seed1,168,,/eagle/lc-mpi/Zhiqing/polaris_ebm/runs_long_k_multinode_sweep/pbs/S16_pipe_P16_equal_K1600_b512_s20k_seed1.pbs,/eagle/lc-mpi/Zhiqing/polaris_ebm/runs_long_k_multinode_sweep/runs/M0/S16/S16_pipe_P16_equal_K1600_b512_s20k_seed1,/eagle/lc-mpi/Zhiqing/polaris_ebm/runs_long_k_multinode_sweep/logs/S16_pipe_P16_equal_K1600_b512_s20k_seed1.pbs.out,/eagle/lc-mpi/Zhiqing/polaris_ebm/runs_long_k_multinode_sweep/logs/S16_pipe_P16_equal_K1600_b512_s20k_seed1.pbs.out.prev_7173879_20260527_235556,2026-05-27T23:55:56Z,submitted,
7173880.polaris-pbs-01.hsn.cm.polaris.alcf.anl.gov,7173934.polaris-pbs-01.hsn.cm.polaris.alcf.anl.gov,S16_pipe_P16_equal_K400_b512_s20k_seed1,5269,/eagle/lc-mpi/Zhiqing/polaris_ebm/runs_long_k_multinode_sweep/runs/M0/S16/S16_pipe_P16_equal_K400_b512_s20k_seed1/checkpoints/ckpt_step4999.pt,/eagle/lc-mpi/Zhiqing/polaris_ebm/runs_long_k_multinode_sweep/pbs/S16_pipe_P16_equal_K400_b512_s20k_seed1.pbs,/eagle/lc-mpi/Zhiqing/polaris_ebm/runs_long_k_multinode_sweep/runs/M0/S16/S16_pipe_P16_equal_K400_b512_s20k_seed1,/eagle/lc-mpi/Zhiqing/polaris_ebm/runs_long_k_multinode_sweep/logs/S16_pipe_P16_equal_K400_b512_s20k_seed1.pbs.out,/eagle/lc-mpi/Zhiqing/polaris_ebm/runs_long_k_multinode_sweep/logs/S16_pipe_P16_equal_K400_b512_s20k_seed1.pbs.out.prev_7173880_20260527_235556,2026-05-27T23:55:56Z,submitted,
7173881.polaris-pbs-01.hsn.cm.polaris.alcf.anl.gov,7173935.polaris-pbs-01.hsn.cm.polaris.alcf.anl.gov,S16_pipe_P16_equal_K800_b512_s20k_seed1,121,,/eagle/lc-mpi/Zhiqing/polaris_ebm/runs_long_k_multinode_sweep/pbs/S16_pipe_P16_equal_K800_b512_s20k_seed1.pbs,/eagle/lc-mpi/Zhiqing/polaris_ebm/runs_long_k_multinode_sweep/runs/M0/S16/S16_pipe_P16_equal_K800_b512_s20k_seed1,/eagle/lc-mpi/Zhiqing/polaris_ebm/runs_long_k_multinode_sweep/logs/S16_pipe_P16_equal_K800_b512_s20k_seed1.pbs.out,/eagle/lc-mpi/Zhiqing/polaris_ebm/runs_long_k_multinode_sweep/logs/S16_pipe_P16_equal_K800_b512_s20k_seed1.pbs.out.prev_7173881_20260527_235556,2026-05-27T23:55:56Z,submitted,
7173882.polaris-pbs-01.hsn.cm.polaris.alcf.anl.gov,7173936.polaris-pbs-01.hsn.cm.polaris.alcf.anl.gov,S16_single_fullk_K1600_b512_s20k_seed1,73,,/eagle/lc-mpi/Zhiqing/polaris_ebm/runs_long_k_multinode_sweep/pbs/S16_single_fullk_K1600_b512_s20k_seed1.pbs,/eagle/lc-mpi/Zhiqing/polaris_ebm/runs_long_k_multinode_sweep/runs/M0/S16/S16_single_fullk_K1600_b512_s20k_seed1,/eagle/lc-mpi/Zhiqing/polaris_ebm/runs_long_k_multinode_sweep/logs/S16_single_fullk_K1600_b512_s20k_seed1.pbs.out,/eagle/lc-mpi/Zhiqing/polaris_ebm/runs_long_k_multinode_sweep/logs/S16_single_fullk_K1600_b512_s20k_seed1.pbs.out.prev_7173882_20260527_235556,2026-05-27T23:55:56Z,submitted,
7173883.polaris-pbs-01.hsn.cm.polaris.alcf.anl.gov,7173960.polaris-pbs-01.hsn.cm.polaris.alcf.anl.gov,S16_single_fullk_K400_b512_s20k_seed1,183,,/eagle/lc-mpi/Zhiqing/polaris_ebm/runs_long_k_multinode_sweep/pbs/S16_single_fullk_K400_b512_s20k_seed1.pbs,/eagle/lc-mpi/Zhiqing/polaris_ebm/runs_long_k_multinode_sweep/runs/M0/S16/S16_single_fullk_K400_b512_s20k_seed1,/eagle/lc-mpi/Zhiqing/polaris_ebm/runs_long_k_multinode_sweep/logs/S16_single_fullk_K400_b512_s20k_seed1.pbs.out,/eagle/lc-mpi/Zhiqing/polaris_ebm/runs_long_k_multinode_sweep/logs/S16_single_fullk_K400_b512_s20k_seed1.pbs.out.prev_7173883_20260528_002559,2026-05-28T00:25:59Z,submitted,
7173884.polaris-pbs-01.hsn.cm.polaris.alcf.anl.gov,7173961.polaris-pbs-01.hsn.cm.polaris.alcf.anl.gov,S16_single_fullk_K800_b512_s20k_seed1,287,,/eagle/lc-mpi/Zhiqing/polaris_ebm/runs_long_k_multinode_sweep/pbs/S16_single_fullk_K800_b512_s20k_seed1.pbs,/eagle/lc-mpi/Zhiqing/polaris_ebm/runs_long_k_multinode_sweep/runs/M0/S16/S16_single_fullk_K800_b512_s20k_seed1,/eagle/lc-mpi/Zhiqing/polaris_ebm/runs_long_k_multinode_sweep/logs/S16_single_fullk_K800_b512_s20k_seed1.pbs.out,/eagle/lc-mpi/Zhiqing/polaris_ebm/runs_long_k_multinode_sweep/logs/S16_single_fullk_K800_b512_s20k_seed1.pbs.out.prev_7173884_20260528_002559,2026-05-28T00:25:59Z,submitted,
7173885.polaris-pbs-01.hsn.cm.polaris.alcf.anl.gov,7173962.polaris-pbs-01.hsn.cm.polaris.alcf.anl.gov,S32_ddp_fullk_K1600_b1024_s20k_seed1,76,,/eagle/lc-mpi/Zhiqing/polaris_ebm/runs_long_k_multinode_sweep/pbs/S32_ddp_fullk_K1600_b1024_s20k_seed1.pbs,/eagle/lc-mpi/Zhiqing/polaris_ebm/runs_long_k_multinode_sweep/runs/M0/S32/S32_ddp_fullk_K1600_b1024_s20k_seed1,/eagle/lc-mpi/Zhiqing/polaris_ebm/runs_long_k_multinode_sweep/logs/S32_ddp_fullk_K1600_b1024_s20k_seed1.pbs.out,/eagle/lc-mpi/Zhiqing/polaris_ebm/runs_long_k_multinode_sweep/logs/S32_ddp_fullk_K1600_b1024_s20k_seed1.pbs.out.prev_7173885_20260528_002559,2026-05-28T00:25:59Z,submitted,
7173886.polaris-pbs-01.hsn.cm.polaris.alcf.anl.gov,7173963.polaris-pbs-01.hsn.cm.polaris.alcf.anl.gov,S32_ddp_fullk_K400_b1024_s20k_seed1,119,,/eagle/lc-mpi/Zhiqing/polaris_ebm/runs_long_k_multinode_sweep/pbs/S32_ddp_fullk_K400_b1024_s20k_seed1.pbs,/eagle/lc-mpi/Zhiqing/polaris_ebm/runs_long_k_multinode_sweep/runs/M0/S32/S32_ddp_fullk_K400_b1024_s20k_seed1,/eagle/lc-mpi/Zhiqing/polaris_ebm/runs_long_k_multinode_sweep/logs/S32_ddp_fullk_K400_b1024_s20k_seed1.pbs.out,/eagle/lc-mpi/Zhiqing/polaris_ebm/runs_long_k_multinode_sweep/logs/S32_ddp_fullk_K400_b1024_s20k_seed1.pbs.out.prev_7173886_20260528_002559,2026-05-28T00:25:59Z,submitted,
7173887.polaris-pbs-01.hsn.cm.polaris.alcf.anl.gov,7173969.polaris-pbs-01.hsn.cm.polaris.alcf.anl.gov,S32_ddp_fullk_K800_b1024_s20k_seed1,21,,/eagle/lc-mpi/Zhiqing/polaris_ebm/runs_long_k_multinode_sweep/pbs/S32_ddp_fullk_K800_b1024_s20k_seed1.pbs,/eagle/lc-mpi/Zhiqing/polaris_ebm/runs_long_k_multinode_sweep/runs/M0/S32/S32_ddp_fullk_K800_b1024_s20k_seed1,/eagle/lc-mpi/Zhiqing/polaris_ebm/runs_long_k_multinode_sweep/logs/S32_ddp_fullk_K800_b1024_s20k_seed1.pbs.out,/eagle/lc-mpi/Zhiqing/polaris_ebm/runs_long_k_multinode_sweep/logs/S32_ddp_fullk_K800_b1024_s20k_seed1.pbs.out.prev_7173887_20260528_003520,2026-05-28T00:35:20Z,submitted,
7173891.polaris-pbs-01.hsn.cm.polaris.alcf.anl.gov,7173970.polaris-pbs-01.hsn.cm.polaris.alcf.anl.gov,S32_single_fullk_K1600_b1024_s20k_seed1,11,,/eagle/lc-mpi/Zhiqing/polaris_ebm/runs_long_k_multinode_sweep/pbs/S32_single_fullk_K1600_b1024_s20k_seed1.pbs,/eagle/lc-mpi/Zhiqing/polaris_ebm/runs_long_k_multinode_sweep/runs/M0/S32/S32_single_fullk_K1600_b1024_s20k_seed1,/eagle/lc-mpi/Zhiqing/polaris_ebm/runs_long_k_multinode_sweep/logs/S32_single_fullk_K1600_b1024_s20k_seed1.pbs.out,/eagle/lc-mpi/Zhiqing/polaris_ebm/runs_long_k_multinode_sweep/logs/S32_single_fullk_K1600_b1024_s20k_seed1.pbs.out.prev_7173891_20260528_003520,2026-05-28T00:35:20Z,submitted,
7173892.polaris-pbs-01.hsn.cm.polaris.alcf.anl.gov,7173971.polaris-pbs-01.hsn.cm.polaris.alcf.anl.gov,S32_single_fullk_K400_b1024_s20k_seed1,48,,/eagle/lc-mpi/Zhiqing/polaris_ebm/runs_long_k_multinode_sweep/pbs/S32_single_fullk_K400_b1024_s20k_seed1.pbs,/eagle/lc-mpi/Zhiqing/polaris_ebm/runs_long_k_multinode_sweep/runs/M0/S32/S32_single_fullk_K400_b1024_s20k_seed1,/eagle/lc-mpi/Zhiqing/polaris_ebm/runs_long_k_multinode_sweep/logs/S32_single_fullk_K400_b1024_s20k_seed1.pbs.out,/eagle/lc-mpi/Zhiqing/polaris_ebm/runs_long_k_multinode_sweep/logs/S32_single_fullk_K400_b1024_s20k_seed1.pbs.out.prev_7173892_20260528_003520,2026-05-28T00:35:20Z,submitted,
7173888.polaris-pbs-01.hsn.cm.polaris.alcf.anl.gov,7173982.polaris-pbs-01.hsn.cm.polaris.alcf.anl.gov,S32_pipe_P32_equal_K1600_b1024_s20k_seed1,408,,/eagle/lc-mpi/Zhiqing/polaris_ebm/runs_long_k_multinode_sweep/pbs/S32_pipe_P32_equal_K1600_b1024_s20k_seed1.pbs,/eagle/lc-mpi/Zhiqing/polaris_ebm/runs_long_k_multinode_sweep/runs/M0/S32/S32_pipe_P32_equal_K1600_b1024_s20k_seed1,/eagle/lc-mpi/Zhiqing/polaris_ebm/runs_long_k_multinode_sweep/logs/S32_pipe_P32_equal_K1600_b1024_s20k_seed1.pbs.out,/eagle/lc-mpi/Zhiqing/polaris_ebm/runs_long_k_multinode_sweep/logs/S32_pipe_P32_equal_K1600_b1024_s20k_seed1.pbs.out.prev_7173888_20260528_005601,2026-05-28T00:56:01Z,submitted,
7173932.polaris-pbs-01.hsn.cm.polaris.alcf.anl.gov,7174004.polaris-pbs-01.hsn.cm.polaris.alcf.anl.gov,S16_ddp_fullk_K800_b512_s20k_seed1,78,,/eagle/lc-mpi/Zhiqing/polaris_ebm/runs_long_k_multinode_sweep/pbs/S16_ddp_fullk_K800_b512_s20k_seed1.pbs,/eagle/lc-mpi/Zhiqing/polaris_ebm/runs_long_k_multinode_sweep/runs/M0/S16/S16_ddp_fullk_K800_b512_s20k_seed1,/eagle/lc-mpi/Zhiqing/polaris_ebm/runs_long_k_multinode_sweep/logs/S16_ddp_fullk_K800_b512_s20k_seed1.pbs.out,/eagle/lc-mpi/Zhiqing/polaris_ebm/runs_long_k_multinode_sweep/logs/S16_ddp_fullk_K800_b512_s20k_seed1.pbs.out.prev_7173932_20260528_012603,2026-05-28T01:26:03Z,submitted,
7173933.polaris-pbs-01.hsn.cm.polaris.alcf.anl.gov,7174005.polaris-pbs-01.hsn.cm.polaris.alcf.anl.gov,S16_pipe_P16_equal_K1600_b512_s20k_seed1,83,,/eagle/lc-mpi/Zhiqing/polaris_ebm/runs_long_k_multinode_sweep/pbs/S16_pipe_P16_equal_K1600_b512_s20k_seed1.pbs,/eagle/lc-mpi/Zhiqing/polaris_ebm/runs_long_k_multinode_sweep/runs/M0/S16/S16_pipe_P16_equal_K1600_b512_s20k_seed1,/eagle/lc-mpi/Zhiqing/polaris_ebm/runs_long_k_multinode_sweep/logs/S16_pipe_P16_equal_K1600_b512_s20k_seed1.pbs.out,/eagle/lc-mpi/Zhiqing/polaris_ebm/runs_long_k_multinode_sweep/logs/S16_pipe_P16_equal_K1600_b512_s20k_seed1.pbs.out.prev_7173933_20260528_012603,2026-05-28T01:26:03Z,submitted,
7173934.polaris-pbs-01.hsn.cm.polaris.alcf.anl.gov,7174006.polaris-pbs-01.hsn.cm.polaris.alcf.anl.gov,S16_pipe_P16_equal_K400_b512_s20k_seed1,5559,/eagle/lc-mpi/Zhiqing/polaris_ebm/runs_long_k_multinode_sweep/runs/M0/S16/S16_pipe_P16_equal_K400_b512_s20k_seed1/checkpoints/ckpt_step4999.pt,/eagle/lc-mpi/Zhiqing/polaris_ebm/runs_long_k_multinode_sweep/pbs/S16_pipe_P16_equal_K400_b512_s20k_seed1.pbs,/eagle/lc-mpi/Zhiqing/polaris_ebm/runs_long_k_multinode_sweep/runs/M0/S16/S16_pipe_P16_equal_K400_b512_s20k_seed1,/eagle/lc-mpi/Zhiqing/polaris_ebm/runs_long_k_multinode_sweep/logs/S16_pipe_P16_equal_K400_b512_s20k_seed1.pbs.out,/eagle/lc-mpi/Zhiqing/polaris_ebm/runs_long_k_multinode_sweep/logs/S16_pipe_P16_equal_K400_b512_s20k_seed1.pbs.out.prev_7173934_20260528_012603,2026-05-28T01:26:03Z,submitted,
7173889.polaris-pbs-01.hsn.cm.polaris.alcf.anl.gov,7174007.polaris-pbs-01.hsn.cm.polaris.alcf.anl.gov,S32_pipe_P32_equal_K400_b1024_s20k_seed1,759,,/eagle/lc-mpi/Zhiqing/polaris_ebm/runs_long_k_multinode_sweep/pbs/S32_pipe_P32_equal_K400_b1024_s20k_seed1.pbs,/eagle/lc-mpi/Zhiqing/polaris_ebm/runs_long_k_multinode_sweep/runs/M0/S32/S32_pipe_P32_equal_K400_b1024_s20k_seed1,/eagle/lc-mpi/Zhiqing/polaris_ebm/runs_long_k_multinode_sweep/logs/S32_pipe_P32_equal_K400_b1024_s20k_seed1.pbs.out,/eagle/lc-mpi/Zhiqing/polaris_ebm/runs_long_k_multinode_sweep/logs/S32_pipe_P32_equal_K400_b1024_s20k_seed1.pbs.out.prev_7173889_20260528_012603,2026-05-28T01:26:03Z,submitted,
7173962.polaris-pbs-01.hsn.cm.polaris.alcf.anl.gov,7174049.polaris-pbs-01.hsn.cm.polaris.alcf.anl.gov,S32_ddp_fullk_K1600_b1024_s20k_seed1,40,,/eagle/lc-mpi/Zhiqing/polaris_ebm/runs_long_k_multinode_sweep/pbs/S32_ddp_fullk_K1600_b1024_s20k_seed1.pbs,/eagle/lc-mpi/Zhiqing/polaris_ebm/runs_long_k_multinode_sweep/runs/M0/S32/S32_ddp_fullk_K1600_b1024_s20k_seed1,/eagle/lc-mpi/Zhiqing/polaris_ebm/runs_long_k_multinode_sweep/logs/S32_ddp_fullk_K1600_b1024_s20k_seed1.pbs.out,/eagle/lc-mpi/Zhiqing/polaris_ebm/runs_long_k_multinode_sweep/logs/S32_ddp_fullk_K1600_b1024_s20k_seed1.pbs.out.prev_7173962_20260528_015609,2026-05-28T01:56:09Z,submitted,
7173963.polaris-pbs-01.hsn.cm.polaris.alcf.anl.gov,7174050.polaris-pbs-01.hsn.cm.polaris.alcf.anl.gov,S32_ddp_fullk_K400_b1024_s20k_seed1,4,,/eagle/lc-mpi/Zhiqing/polaris_ebm/runs_long_k_multinode_sweep/pbs/S32_ddp_fullk_K400_b1024_s20k_seed1.pbs,/eagle/lc-mpi/Zhiqing/polaris_ebm/runs_long_k_multinode_sweep/runs/M0/S32/S32_ddp_fullk_K400_b1024_s20k_seed1,/eagle/lc-mpi/Zhiqing/polaris_ebm/runs_long_k_multinode_sweep/logs/S32_ddp_fullk_K400_b1024_s20k_seed1.pbs.out,/eagle/lc-mpi/Zhiqing/polaris_ebm/runs_long_k_multinode_sweep/logs/S32_ddp_fullk_K400_b1024_s20k_seed1.pbs.out.prev_7173963_20260528_015609,2026-05-28T01:56:09Z,submitted,
7173971.polaris-pbs-01.hsn.cm.polaris.alcf.anl.gov,7174051.polaris-pbs-01.hsn.cm.polaris.alcf.anl.gov,S32_single_fullk_K400_b1024_s20k_seed1,-1,,/eagle/lc-mpi/Zhiqing/polaris_ebm/runs_long_k_multinode_sweep/pbs/S32_single_fullk_K400_b1024_s20k_seed1.pbs,/eagle/lc-mpi/Zhiqing/polaris_ebm/runs_long_k_multinode_sweep/runs/M0/S32/S32_single_fullk_K400_b1024_s20k_seed1,/eagle/lc-mpi/Zhiqing/polaris_ebm/runs_long_k_multinode_sweep/logs/S32_single_fullk_K400_b1024_s20k_seed1.pbs.out,/eagle/lc-mpi/Zhiqing/polaris_ebm/runs_long_k_multinode_sweep/logs/S32_single_fullk_K400_b1024_s20k_seed1.pbs.out.prev_7173971_20260528_015609,2026-05-28T01:56:09Z,submitted,
7173930.polaris-pbs-01.hsn.cm.polaris.alcf.anl.gov,7174075.polaris-pbs-01.hsn.cm.polaris.alcf.anl.gov,S16_ddp_fullk_K1600_b512_s20k_seed1,11,,/eagle/lc-mpi/Zhiqing/polaris_ebm/runs_long_k_multinode_sweep/pbs/S16_ddp_fullk_K1600_b512_s20k_seed1.pbs,/eagle/lc-mpi/Zhiqing/polaris_ebm/runs_long_k_multinode_sweep/runs/M0/S16/S16_ddp_fullk_K1600_b512_s20k_seed1,/eagle/lc-mpi/Zhiqing/polaris_ebm/runs_long_k_multinode_sweep/logs/S16_ddp_fullk_K1600_b512_s20k_seed1.pbs.out,/eagle/lc-mpi/Zhiqing/polaris_ebm/runs_long_k_multinode_sweep/logs/S16_ddp_fullk_K1600_b512_s20k_seed1.pbs.out.prev_7173930_20260528_022618,2026-05-28T02:26:18Z,submitted,
7173931.polaris-pbs-01.hsn.cm.polaris.alcf.anl.gov,7174076.polaris-pbs-01.hsn.cm.polaris.alcf.anl.gov,S16_ddp_fullk_K400_b512_s20k_seed1,34,,/eagle/lc-mpi/Zhiqing/polaris_ebm/runs_long_k_multinode_sweep/pbs/S16_ddp_fullk_K400_b512_s20k_seed1.pbs,/eagle/lc-mpi/Zhiqing/polaris_ebm/runs_long_k_multinode_sweep/runs/M0/S16/S16_ddp_fullk_K400_b512_s20k_seed1,/eagle/lc-mpi/Zhiqing/polaris_ebm/runs_long_k_multinode_sweep/logs/S16_ddp_fullk_K400_b512_s20k_seed1.pbs.out,/eagle/lc-mpi/Zhiqing/polaris_ebm/runs_long_k_multinode_sweep/logs/S16_ddp_fullk_K400_b512_s20k_seed1.pbs.out.prev_7173931_20260528_022618,2026-05-28T02:26:18Z,submitted,
7174006.polaris-pbs-01.hsn.cm.polaris.alcf.anl.gov,7174077.polaris-pbs-01.hsn.cm.polaris.alcf.anl.gov,S16_pipe_P16_equal_K400_b512_s20k_seed1,5416,/eagle/lc-mpi/Zhiqing/polaris_ebm/runs_long_k_multinode_sweep/runs/M0/S16/S16_pipe_P16_equal_K400_b512_s20k_seed1/checkpoints/ckpt_step4999.pt,/eagle/lc-mpi/Zhiqing/polaris_ebm/runs_long_k_multinode_sweep/pbs/S16_pipe_P16_equal_K400_b512_s20k_seed1.pbs,/eagle/lc-mpi/Zhiqing/polaris_ebm/runs_long_k_multinode_sweep/runs/M0/S16/S16_pipe_P16_equal_K400_b512_s20k_seed1,/eagle/lc-mpi/Zhiqing/polaris_ebm/runs_long_k_multinode_sweep/logs/S16_pipe_P16_equal_K400_b512_s20k_seed1.pbs.out,/eagle/lc-mpi/Zhiqing/polaris_ebm/runs_long_k_multinode_sweep/logs/S16_pipe_P16_equal_K400_b512_s20k_seed1.pbs.out.prev_7174006_20260528_022618,2026-05-28T02:26:18Z,submitted,
7173935.polaris-pbs-01.hsn.cm.polaris.alcf.anl.gov,7174078.polaris-pbs-01.hsn.cm.polaris.alcf.anl.gov,S16_pipe_P16_equal_K800_b512_s20k_seed1,-1,,/eagle/lc-mpi/Zhiqing/polaris_ebm/runs_long_k_multinode_sweep/pbs/S16_pipe_P16_equal_K800_b512_s20k_seed1.pbs,/eagle/lc-mpi/Zhiqing/polaris_ebm/runs_long_k_multinode_sweep/runs/M0/S16/S16_pipe_P16_equal_K800_b512_s20k_seed1,/eagle/lc-mpi/Zhiqing/polaris_ebm/runs_long_k_multinode_sweep/logs/S16_pipe_P16_equal_K800_b512_s20k_seed1.pbs.out,/eagle/lc-mpi/Zhiqing/polaris_ebm/runs_long_k_multinode_sweep/logs/S16_pipe_P16_equal_K800_b512_s20k_seed1.pbs.out.prev_7173935_20260528_022618,2026-05-28T02:26:18Z,submitted,
7174007.polaris-pbs-01.hsn.cm.polaris.alcf.anl.gov,7174079.polaris-pbs-01.hsn.cm.polaris.alcf.anl.gov,S32_pipe_P32_equal_K400_b1024_s20k_seed1,525,,/eagle/lc-mpi/Zhiqing/polaris_ebm/runs_long_k_multinode_sweep/pbs/S32_pipe_P32_equal_K400_b1024_s20k_seed1.pbs,/eagle/lc-mpi/Zhiqing/polaris_ebm/runs_long_k_multinode_sweep/runs/M0/S32/S32_pipe_P32_equal_K400_b1024_s20k_seed1,/eagle/lc-mpi/Zhiqing/polaris_ebm/runs_long_k_multinode_sweep/logs/S32_pipe_P32_equal_K400_b1024_s20k_seed1.pbs.out,/eagle/lc-mpi/Zhiqing/polaris_ebm/runs_long_k_multinode_sweep/logs/S32_pipe_P32_equal_K400_b1024_s20k_seed1.pbs.out.prev_7174007_20260528_022618,2026-05-28T02:26:18Z,submitted,
7173960.polaris-pbs-01.hsn.cm.polaris.alcf.anl.gov,7174103.polaris-pbs-01.hsn.cm.polaris.alcf.anl.gov,S16_single_fullk_K400_b512_s20k_seed1,161,,/eagle/lc-mpi/Zhiqing/polaris_ebm/runs_long_k_multinode_sweep/pbs/S16_single_fullk_K400_b512_s20k_seed1.pbs,/eagle/lc-mpi/Zhiqing/polaris_ebm/runs_long_k_multinode_sweep/runs/M0/S16/S16_single_fullk_K400_b512_s20k_seed1,/eagle/lc-mpi/Zhiqing/polaris_ebm/runs_long_k_multinode_sweep/logs/S16_single_fullk_K400_b512_s20k_seed1.pbs.out,/eagle/lc-mpi/Zhiqing/polaris_ebm/runs_long_k_multinode_sweep/logs/S16_single_fullk_K400_b512_s20k_seed1.pbs.out.prev_7173960_20260528_025628,2026-05-28T02:56:28Z,submitted,
7173961.polaris-pbs-01.hsn.cm.polaris.alcf.anl.gov,7174104.polaris-pbs-01.hsn.cm.polaris.alcf.anl.gov,S16_single_fullk_K800_b512_s20k_seed1,8,,/eagle/lc-mpi/Zhiqing/polaris_ebm/runs_long_k_multinode_sweep/pbs/S16_single_fullk_K800_b512_s20k_seed1.pbs,/eagle/lc-mpi/Zhiqing/polaris_ebm/runs_long_k_multinode_sweep/runs/M0/S16/S16_single_fullk_K800_b512_s20k_seed1,/eagle/lc-mpi/Zhiqing/polaris_ebm/runs_long_k_multinode_sweep/logs/S16_single_fullk_K800_b512_s20k_seed1.pbs.out,/eagle/lc-mpi/Zhiqing/polaris_ebm/runs_long_k_multinode_sweep/logs/S16_single_fullk_K800_b512_s20k_seed1.pbs.out.prev_7173961_20260528_025628,2026-05-28T02:56:28Z,submitted,
7173969.polaris-pbs-01.hsn.cm.polaris.alcf.anl.gov,7174105.polaris-pbs-01.hsn.cm.polaris.alcf.anl.gov,S32_ddp_fullk_K800_b1024_s20k_seed1,22,,/eagle/lc-mpi/Zhiqing/polaris_ebm/runs_long_k_multinode_sweep/pbs/S32_ddp_fullk_K800_b1024_s20k_seed1.pbs,/eagle/lc-mpi/Zhiqing/polaris_ebm/runs_long_k_multinode_sweep/runs/M0/S32/S32_ddp_fullk_K800_b1024_s20k_seed1,/eagle/lc-mpi/Zhiqing/polaris_ebm/runs_long_k_multinode_sweep/logs/S32_ddp_fullk_K800_b1024_s20k_seed1.pbs.out,/eagle/lc-mpi/Zhiqing/polaris_ebm/runs_long_k_multinode_sweep/logs/S32_ddp_fullk_K800_b1024_s20k_seed1.pbs.out.prev_7173969_20260528_025628,2026-05-28T02:56:28Z,submitted,
7173982.polaris-pbs-01.hsn.cm.polaris.alcf.anl.gov,7174106.polaris-pbs-01.hsn.cm.polaris.alcf.anl.gov,S32_pipe_P32_equal_K1600_b1024_s20k_seed1,17,,/eagle/lc-mpi/Zhiqing/polaris_ebm/runs_long_k_multinode_sweep/pbs/S32_pipe_P32_equal_K1600_b1024_s20k_seed1.pbs,/eagle/lc-mpi/Zhiqing/polaris_ebm/runs_long_k_multinode_sweep/runs/M0/S32/S32_pipe_P32_equal_K1600_b1024_s20k_seed1,/eagle/lc-mpi/Zhiqing/polaris_ebm/runs_long_k_multinode_sweep/logs/S32_pipe_P32_equal_K1600_b1024_s20k_seed1.pbs.out,/eagle/lc-mpi/Zhiqing/polaris_ebm/runs_long_k_multinode_sweep/logs/S32_pipe_P32_equal_K1600_b1024_s20k_seed1.pbs.out.prev_7173982_20260528_025628,2026-05-28T02:56:28Z,submitted,
7174004.polaris-pbs-01.hsn.cm.polaris.alcf.anl.gov,7174135.polaris-pbs-01.hsn.cm.polaris.alcf.anl.gov,S16_ddp_fullk_K800_b512_s20k_seed1,78,,/eagle/lc-mpi/Zhiqing/polaris_ebm/runs_long_k_multinode_sweep/pbs/S16_ddp_fullk_K800_b512_s20k_seed1.pbs,/eagle/lc-mpi/Zhiqing/polaris_ebm/runs_long_k_multinode_sweep/runs/M0/S16/S16_ddp_fullk_K800_b512_s20k_seed1,/eagle/lc-mpi/Zhiqing/polaris_ebm/runs_long_k_multinode_sweep/logs/S16_ddp_fullk_K800_b512_s20k_seed1.pbs.out,/eagle/lc-mpi/Zhiqing/polaris_ebm/runs_long_k_multinode_sweep/logs/S16_ddp_fullk_K800_b512_s20k_seed1.pbs.out.prev_7174004_20260528_032630,2026-05-28T03:26:30Z,submitted,
7174077.polaris-pbs-01.hsn.cm.polaris.alcf.anl.gov,7174136.polaris-pbs-01.hsn.cm.polaris.alcf.anl.gov,S16_pipe_P16_equal_K400_b512_s20k_seed1,5009,/eagle/lc-mpi/Zhiqing/polaris_ebm/runs_long_k_multinode_sweep/runs/M0/S16/S16_pipe_P16_equal_K400_b512_s20k_seed1/checkpoints/ckpt_step4999.pt,/eagle/lc-mpi/Zhiqing/polaris_ebm/runs_long_k_multinode_sweep/pbs/S16_pipe_P16_equal_K400_b512_s20k_seed1.pbs,/eagle/lc-mpi/Zhiqing/polaris_ebm/runs_long_k_multinode_sweep/runs/M0/S16/S16_pipe_P16_equal_K400_b512_s20k_seed1,/eagle/lc-mpi/Zhiqing/polaris_ebm/runs_long_k_multinode_sweep/logs/S16_pipe_P16_equal_K400_b512_s20k_seed1.pbs.out,/eagle/lc-mpi/Zhiqing/polaris_ebm/runs_long_k_multinode_sweep/logs/S16_pipe_P16_equal_K400_b512_s20k_seed1.pbs.out.prev_7174077_20260528_032630,2026-05-28T03:26:30Z,submitted,
7174105.polaris-pbs-01.hsn.cm.polaris.alcf.anl.gov,7174137.polaris-pbs-01.hsn.cm.polaris.alcf.anl.gov,S32_ddp_fullk_K800_b1024_s20k_seed1,19,,/eagle/lc-mpi/Zhiqing/polaris_ebm/runs_long_k_multinode_sweep/pbs/S32_ddp_fullk_K800_b1024_s20k_seed1.pbs,/eagle/lc-mpi/Zhiqing/polaris_ebm/runs_long_k_multinode_sweep/runs/M0/S32/S32_ddp_fullk_K800_b1024_s20k_seed1,/eagle/lc-mpi/Zhiqing/polaris_ebm/runs_long_k_multinode_sweep/logs/S32_ddp_fullk_K800_b1024_s20k_seed1.pbs.out,/eagle/lc-mpi/Zhiqing/polaris_ebm/runs_long_k_multinode_sweep/logs/S32_ddp_fullk_K800_b1024_s20k_seed1.pbs.out.prev_7174105_20260528_032630,2026-05-28T03:26:30Z,submitted,
7174079.polaris-pbs-01.hsn.cm.polaris.alcf.anl.gov,7174138.polaris-pbs-01.hsn.cm.polaris.alcf.anl.gov,S32_pipe_P32_equal_K400_b1024_s20k_seed1,126,,/eagle/lc-mpi/Zhiqing/polaris_ebm/runs_long_k_multinode_sweep/pbs/S32_pipe_P32_equal_K400_b1024_s20k_seed1.pbs,/eagle/lc-mpi/Zhiqing/polaris_ebm/runs_long_k_multinode_sweep/runs/M0/S32/S32_pipe_P32_equal_K400_b1024_s20k_seed1,/eagle/lc-mpi/Zhiqing/polaris_ebm/runs_long_k_multinode_sweep/logs/S32_pipe_P32_equal_K400_b1024_s20k_seed1.pbs.out,/eagle/lc-mpi/Zhiqing/polaris_ebm/runs_long_k_multinode_sweep/logs/S32_pipe_P32_equal_K400_b1024_s20k_seed1.pbs.out.prev_7174079_20260528_032630,2026-05-28T03:26:30Z,submitted,
7174005.polaris-pbs-01.hsn.cm.polaris.alcf.anl.gov,7174186.polaris-pbs-01.hsn.cm.polaris.alcf.anl.gov,S16_pipe_P16_equal_K1600_b512_s20k_seed1,532,,/eagle/lc-mpi/Zhiqing/polaris_ebm/runs_long_k_multinode_sweep/pbs/S16_pipe_P16_equal_K1600_b512_s20k_seed1.pbs,/eagle/lc-mpi/Zhiqing/polaris_ebm/runs_long_k_multinode_sweep/runs/M0/S16/S16_pipe_P16_equal_K1600_b512_s20k_seed1,/eagle/lc-mpi/Zhiqing/polaris_ebm/runs_long_k_multinode_sweep/logs/S16_pipe_P16_equal_K1600_b512_s20k_seed1.pbs.out,/eagle/lc-mpi/Zhiqing/polaris_ebm/runs_long_k_multinode_sweep/logs/S16_pipe_P16_equal_K1600_b512_s20k_seed1.pbs.out.prev_7174005_20260528_035633,2026-05-28T03:56:33Z,submitted,
7174136.polaris-pbs-01.hsn.cm.polaris.alcf.anl.gov,7174187.polaris-pbs-01.hsn.cm.polaris.alcf.anl.gov,S16_pipe_P16_equal_K400_b512_s20k_seed1,5172,/eagle/lc-mpi/Zhiqing/polaris_ebm/runs_long_k_multinode_sweep/runs/M0/S16/S16_pipe_P16_equal_K400_b512_s20k_seed1/checkpoints/ckpt_step4999.pt,/eagle/lc-mpi/Zhiqing/polaris_ebm/runs_long_k_multinode_sweep/pbs/S16_pipe_P16_equal_K400_b512_s20k_seed1.pbs,/eagle/lc-mpi/Zhiqing/polaris_ebm/runs_long_k_multinode_sweep/runs/M0/S16/S16_pipe_P16_equal_K400_b512_s20k_seed1,/eagle/lc-mpi/Zhiqing/polaris_ebm/runs_long_k_multinode_sweep/logs/S16_pipe_P16_equal_K400_b512_s20k_seed1.pbs.out,/eagle/lc-mpi/Zhiqing/polaris_ebm/runs_long_k_multinode_sweep/logs/S16_pipe_P16_equal_K400_b512_s20k_seed1.pbs.out.prev_7174136_20260528_035633,2026-05-28T03:56:33Z,submitted,
7174049.polaris-pbs-01.hsn.cm.polaris.alcf.anl.gov,7174188.polaris-pbs-01.hsn.cm.polaris.alcf.anl.gov,S32_ddp_fullk_K1600_b1024_s20k_seed1,12,,/eagle/lc-mpi/Zhiqing/polaris_ebm/runs_long_k_multinode_sweep/pbs/S32_ddp_fullk_K1600_b1024_s20k_seed1.pbs,/eagle/lc-mpi/Zhiqing/polaris_ebm/runs_long_k_multinode_sweep/runs/M0/S32/S32_ddp_fullk_K1600_b1024_s20k_seed1,/eagle/lc-mpi/Zhiqing/polaris_ebm/runs_long_k_multinode_sweep/logs/S32_ddp_fullk_K1600_b1024_s20k_seed1.pbs.out,/eagle/lc-mpi/Zhiqing/polaris_ebm/runs_long_k_multinode_sweep/logs/S32_ddp_fullk_K1600_b1024_s20k_seed1.pbs.out.prev_7174049_20260528_035633,2026-05-28T03:56:33Z,submitted,
7174106.polaris-pbs-01.hsn.cm.polaris.alcf.anl.gov,7174189.polaris-pbs-01.hsn.cm.polaris.alcf.anl.gov,S32_pipe_P32_equal_K1600_b1024_s20k_seed1,124,,/eagle/lc-mpi/Zhiqing/polaris_ebm/runs_long_k_multinode_sweep/pbs/S32_pipe_P32_equal_K1600_b1024_s20k_seed1.pbs,/eagle/lc-mpi/Zhiqing/polaris_ebm/runs_long_k_multinode_sweep/runs/M0/S32/S32_pipe_P32_equal_K1600_b1024_s20k_seed1,/eagle/lc-mpi/Zhiqing/polaris_ebm/runs_long_k_multinode_sweep/logs/S32_pipe_P32_equal_K1600_b1024_s20k_seed1.pbs.out,/eagle/lc-mpi/Zhiqing/polaris_ebm/runs_long_k_multinode_sweep/logs/S32_pipe_P32_equal_K1600_b1024_s20k_seed1.pbs.out.prev_7174106_20260528_035633,2026-05-28T03:56:33Z,submitted,
7174137.polaris-pbs-01.hsn.cm.polaris.alcf.anl.gov,7174336.polaris-pbs-01.hsn.cm.polaris.alcf.anl.gov,S32_ddp_fullk_K800_b1024_s20k_seed1,76,,/eagle/lc-mpi/Zhiqing/polaris_ebm/runs_long_k_multinode_sweep/pbs/S32_ddp_fullk_K800_b1024_s20k_seed1.pbs,/eagle/lc-mpi/Zhiqing/polaris_ebm/runs_long_k_multinode_sweep/runs/M0/S32/S32_ddp_fullk_K800_b1024_s20k_seed1,/eagle/lc-mpi/Zhiqing/polaris_ebm/runs_long_k_multinode_sweep/logs/S32_ddp_fullk_K800_b1024_s20k_seed1.pbs.out,/eagle/lc-mpi/Zhiqing/polaris_ebm/runs_long_k_multinode_sweep/logs/S32_ddp_fullk_K800_b1024_s20k_seed1.pbs.out.prev_7174137_20260528_062656,2026-05-28T06:26:56Z,submitted,
7174138.polaris-pbs-01.hsn.cm.polaris.alcf.anl.gov,7174358.polaris-pbs-01.hsn.cm.polaris.alcf.anl.gov,S32_pipe_P32_equal_K400_b1024_s20k_seed1,2557,,/eagle/lc-mpi/Zhiqing/polaris_ebm/runs_long_k_multinode_sweep/pbs/S32_pipe_P32_equal_K400_b1024_s20k_seed1.pbs,/eagle/lc-mpi/Zhiqing/polaris_ebm/runs_long_k_multinode_sweep/runs/M0/S32/S32_pipe_P32_equal_K400_b1024_s20k_seed1,/eagle/lc-mpi/Zhiqing/polaris_ebm/runs_long_k_multinode_sweep/logs/S32_pipe_P32_equal_K400_b1024_s20k_seed1.pbs.out,/eagle/lc-mpi/Zhiqing/polaris_ebm/runs_long_k_multinode_sweep/logs/S32_pipe_P32_equal_K400_b1024_s20k_seed1.pbs.out.prev_7174138_20260528_065706,2026-05-28T06:57:06Z,submitted,
7174186.polaris-pbs-01.hsn.cm.polaris.alcf.anl.gov,7174406.polaris-pbs-01.hsn.cm.polaris.alcf.anl.gov,S16_pipe_P16_equal_K1600_b512_s20k_seed1,78,,/eagle/lc-mpi/Zhiqing/polaris_ebm/runs_long_k_multinode_sweep/pbs/S16_pipe_P16_equal_K1600_b512_s20k_seed1.pbs,/eagle/lc-mpi/Zhiqing/polaris_ebm/runs_long_k_multinode_sweep/runs/M0/S16/S16_pipe_P16_equal_K1600_b512_s20k_seed1,/eagle/lc-mpi/Zhiqing/polaris_ebm/runs_long_k_multinode_sweep/logs/S16_pipe_P16_equal_K1600_b512_s20k_seed1.pbs.out,/eagle/lc-mpi/Zhiqing/polaris_ebm/runs_long_k_multinode_sweep/logs/S16_pipe_P16_equal_K1600_b512_s20k_seed1.pbs.out.prev_7174186_20260528_072708,2026-05-28T07:27:08Z,submitted,
7174050.polaris-pbs-01.hsn.cm.polaris.alcf.anl.gov,7174407.polaris-pbs-01.hsn.cm.polaris.alcf.anl.gov,S32_ddp_fullk_K400_b1024_s20k_seed1,23,,/eagle/lc-mpi/Zhiqing/polaris_ebm/runs_long_k_multinode_sweep/pbs/S32_ddp_fullk_K400_b1024_s20k_seed1.pbs,/eagle/lc-mpi/Zhiqing/polaris_ebm/runs_long_k_multinode_sweep/runs/M0/S32/S32_ddp_fullk_K400_b1024_s20k_seed1,/eagle/lc-mpi/Zhiqing/polaris_ebm/runs_long_k_multinode_sweep/logs/S32_ddp_fullk_K400_b1024_s20k_seed1.pbs.out,/eagle/lc-mpi/Zhiqing/polaris_ebm/runs_long_k_multinode_sweep/logs/S32_ddp_fullk_K400_b1024_s20k_seed1.pbs.out.prev_7174050_20260528_072708,2026-05-28T07:27:08Z,submitted,
7174188.polaris-pbs-01.hsn.cm.polaris.alcf.anl.gov,7174458.polaris-pbs-01.hsn.cm.polaris.alcf.anl.gov,S32_ddp_fullk_K1600_b1024_s20k_seed1,12,,/eagle/lc-mpi/Zhiqing/polaris_ebm/runs_long_k_multinode_sweep/pbs/S32_ddp_fullk_K1600_b1024_s20k_seed1.pbs,/eagle/lc-mpi/Zhiqing/polaris_ebm/runs_long_k_multinode_sweep/runs/M0/S32/S32_ddp_fullk_K1600_b1024_s20k_seed1,/eagle/lc-mpi/Zhiqing/polaris_ebm/runs_long_k_multinode_sweep/logs/S32_ddp_fullk_K1600_b1024_s20k_seed1.pbs.out,/eagle/lc-mpi/Zhiqing/polaris_ebm/runs_long_k_multinode_sweep/logs/S32_ddp_fullk_K1600_b1024_s20k_seed1.pbs.out.prev_7174188_20260528_075710,2026-05-28T07:57:10Z,submitted,
7174075.polaris-pbs-01.hsn.cm.polaris.alcf.anl.gov,7174778.polaris-pbs-01.hsn.cm.polaris.alcf.anl.gov,S16_ddp_fullk_K1600_b512_s20k_seed1,4667,,/eagle/lc-mpi/Zhiqing/polaris_ebm/runs_long_k_multinode_sweep/pbs/S16_ddp_fullk_K1600_b512_s20k_seed1.pbs,/eagle/lc-mpi/Zhiqing/polaris_ebm/runs_long_k_multinode_sweep/runs/M0/S16/S16_ddp_fullk_K1600_b512_s20k_seed1,/eagle/lc-mpi/Zhiqing/polaris_ebm/runs_long_k_multinode_sweep/logs/S16_ddp_fullk_K1600_b512_s20k_seed1.pbs.out,/eagle/lc-mpi/Zhiqing/polaris_ebm/runs_long_k_multinode_sweep/logs/S16_ddp_fullk_K1600_b512_s20k_seed1.pbs.out.prev_7174075_20260528_155824,2026-05-28T15:58:24Z,submitted,
7174076.polaris-pbs-01.hsn.cm.polaris.alcf.anl.gov,7174779.polaris-pbs-01.hsn.cm.polaris.alcf.anl.gov,S16_ddp_fullk_K400_b512_s20k_seed1,8389,/eagle/lc-mpi/Zhiqing/polaris_ebm/runs_long_k_multinode_sweep/runs/M0/S16/S16_ddp_fullk_K400_b512_s20k_seed1/checkpoints/ckpt_step4999.pt,/eagle/lc-mpi/Zhiqing/polaris_ebm/runs_long_k_multinode_sweep/pbs/S16_ddp_fullk_K400_b512_s20k_seed1.pbs,/eagle/lc-mpi/Zhiqing/polaris_ebm/runs_long_k_multinode_sweep/runs/M0/S16/S16_ddp_fullk_K400_b512_s20k_seed1,/eagle/lc-mpi/Zhiqing/polaris_ebm/runs_long_k_multinode_sweep/logs/S16_ddp_fullk_K400_b512_s20k_seed1.pbs.out,/eagle/lc-mpi/Zhiqing/polaris_ebm/runs_long_k_multinode_sweep/logs/S16_ddp_fullk_K400_b512_s20k_seed1.pbs.out.prev_7174076_20260528_155824,2026-05-28T15:58:24Z,submitted,
7174135.polaris-pbs-01.hsn.cm.polaris.alcf.anl.gov,7174780.polaris-pbs-01.hsn.cm.polaris.alcf.anl.gov,S16_ddp_fullk_K800_b512_s20k_seed1,4675,,/eagle/lc-mpi/Zhiqing/polaris_ebm/runs_long_k_multinode_sweep/pbs/S16_ddp_fullk_K800_b512_s20k_seed1.pbs,/eagle/lc-mpi/Zhiqing/polaris_ebm/runs_long_k_multinode_sweep/runs/M0/S16/S16_ddp_fullk_K800_b512_s20k_seed1,/eagle/lc-mpi/Zhiqing/polaris_ebm/runs_long_k_multinode_sweep/logs/S16_ddp_fullk_K800_b512_s20k_seed1.pbs.out,/eagle/lc-mpi/Zhiqing/polaris_ebm/runs_long_k_multinode_sweep/logs/S16_ddp_fullk_K800_b512_s20k_seed1.pbs.out.prev_7174135_20260528_155824,2026-05-28T15:58:24Z,submitted,
7173936.polaris-pbs-01.hsn.cm.polaris.alcf.anl.gov,7174781.polaris-pbs-01.hsn.cm.polaris.alcf.anl.gov,S16_single_fullk_K1600_b512_s20k_seed1,5956,/eagle/lc-mpi/Zhiqing/polaris_ebm/runs_long_k_multinode_sweep/runs/M0/S16/S16_single_fullk_K1600_b512_s20k_seed1/checkpoints/ckpt_step4999.pt,/eagle/lc-mpi/Zhiqing/polaris_ebm/runs_long_k_multinode_sweep/pbs/S16_single_fullk_K1600_b512_s20k_seed1.pbs,/eagle/lc-mpi/Zhiqing/polaris_ebm/runs_long_k_multinode_sweep/runs/M0/S16/S16_single_fullk_K1600_b512_s20k_seed1,/eagle/lc-mpi/Zhiqing/polaris_ebm/runs_long_k_multinode_sweep/logs/S16_single_fullk_K1600_b512_s20k_seed1.pbs.out,/eagle/lc-mpi/Zhiqing/polaris_ebm/runs_long_k_multinode_sweep/logs/S16_single_fullk_K1600_b512_s20k_seed1.pbs.out.prev_7173936_20260528_155824,2026-05-28T15:58:24Z,submitted,
7174104.polaris-pbs-01.hsn.cm.polaris.alcf.anl.gov,7174782.polaris-pbs-01.hsn.cm.polaris.alcf.anl.gov,S16_single_fullk_K800_b512_s20k_seed1,3494,,/eagle/lc-mpi/Zhiqing/polaris_ebm/runs_long_k_multinode_sweep/pbs/S16_single_fullk_K800_b512_s20k_seed1.pbs,/eagle/lc-mpi/Zhiqing/polaris_ebm/runs_long_k_multinode_sweep/runs/M0/S16/S16_single_fullk_K800_b512_s20k_seed1,/eagle/lc-mpi/Zhiqing/polaris_ebm/runs_long_k_multinode_sweep/logs/S16_single_fullk_K800_b512_s20k_seed1.pbs.out,/eagle/lc-mpi/Zhiqing/polaris_ebm/runs_long_k_multinode_sweep/logs/S16_single_fullk_K800_b512_s20k_seed1.pbs.out.prev_7174104_20260528_155824,2026-05-28T15:58:24Z,submitted,
7174458.polaris-pbs-01.hsn.cm.polaris.alcf.anl.gov,7174783.polaris-pbs-01.hsn.cm.polaris.alcf.anl.gov,S32_ddp_fullk_K1600_b1024_s20k_seed1,19,,/eagle/lc-mpi/Zhiqing/polaris_ebm/runs_long_k_multinode_sweep/pbs/S32_ddp_fullk_K1600_b1024_s20k_seed1.pbs,/eagle/lc-mpi/Zhiqing/polaris_ebm/runs_long_k_multinode_sweep/runs/M0/S32/S32_ddp_fullk_K1600_b1024_s20k_seed1,/eagle/lc-mpi/Zhiqing/polaris_ebm/runs_long_k_multinode_sweep/logs/S32_ddp_fullk_K1600_b1024_s20k_seed1.pbs.out,/eagle/lc-mpi/Zhiqing/polaris_ebm/runs_long_k_multinode_sweep/logs/S32_ddp_fullk_K1600_b1024_s20k_seed1.pbs.out.prev_7174458_20260528_155824,2026-05-28T15:58:24Z,submitted,
7174407.polaris-pbs-01.hsn.cm.polaris.alcf.anl.gov,7174784.polaris-pbs-01.hsn.cm.polaris.alcf.anl.gov,S32_ddp_fullk_K400_b1024_s20k_seed1,13385,/eagle/lc-mpi/Zhiqing/polaris_ebm/runs_long_k_multinode_sweep/runs/M0/S32/S32_ddp_fullk_K400_b1024_s20k_seed1/checkpoints/ckpt_step9999.pt,/eagle/lc-mpi/Zhiqing/polaris_ebm/runs_long_k_multinode_sweep/pbs/S32_ddp_fullk_K400_b1024_s20k_seed1.pbs,/eagle/lc-mpi/Zhiqing/polaris_ebm/runs_long_k_multinode_sweep/runs/M0/S32/S32_ddp_fullk_K400_b1024_s20k_seed1,/eagle/lc-mpi/Zhiqing/polaris_ebm/runs_long_k_multinode_sweep/logs/S32_ddp_fullk_K400_b1024_s20k_seed1.pbs.out,/eagle/lc-mpi/Zhiqing/polaris_ebm/runs_long_k_multinode_sweep/logs/S32_ddp_fullk_K400_b1024_s20k_seed1.pbs.out.prev_7174407_20260528_155824,2026-05-28T15:58:24Z,submitted,
7174336.polaris-pbs-01.hsn.cm.polaris.alcf.anl.gov,7174785.polaris-pbs-01.hsn.cm.polaris.alcf.anl.gov,S32_ddp_fullk_K800_b1024_s20k_seed1,10,,/eagle/lc-mpi/Zhiqing/polaris_ebm/runs_long_k_multinode_sweep/pbs/S32_ddp_fullk_K800_b1024_s20k_seed1.pbs,/eagle/lc-mpi/Zhiqing/polaris_ebm/runs_long_k_multinode_sweep/runs/M0/S32/S32_ddp_fullk_K800_b1024_s20k_seed1,/eagle/lc-mpi/Zhiqing/polaris_ebm/runs_long_k_multinode_sweep/logs/S32_ddp_fullk_K800_b1024_s20k_seed1.pbs.out,/eagle/lc-mpi/Zhiqing/polaris_ebm/runs_long_k_multinode_sweep/logs/S32_ddp_fullk_K800_b1024_s20k_seed1.pbs.out.prev_7174336_20260528_155824,2026-05-28T15:58:24Z,submitted,
7173970.polaris-pbs-01.hsn.cm.polaris.alcf.anl.gov,7174786.polaris-pbs-01.hsn.cm.polaris.alcf.anl.gov,S32_single_fullk_K1600_b1024_s20k_seed1,3251,,/eagle/lc-mpi/Zhiqing/polaris_ebm/runs_long_k_multinode_sweep/pbs/S32_single_fullk_K1600_b1024_s20k_seed1.pbs,/eagle/lc-mpi/Zhiqing/polaris_ebm/runs_long_k_multinode_sweep/runs/M0/S32/S32_single_fullk_K1600_b1024_s20k_seed1,/eagle/lc-mpi/Zhiqing/polaris_ebm/runs_long_k_multinode_sweep/logs/S32_single_fullk_K1600_b1024_s20k_seed1.pbs.out,/eagle/lc-mpi/Zhiqing/polaris_ebm/runs_long_k_multinode_sweep/logs/S32_single_fullk_K1600_b1024_s20k_seed1.pbs.out.prev_7173970_20260528_155824,2026-05-28T15:58:24Z,submitted,
7174051.polaris-pbs-01.hsn.cm.polaris.alcf.anl.gov,7174787.polaris-pbs-01.hsn.cm.polaris.alcf.anl.gov,S32_single_fullk_K400_b1024_s20k_seed1,6920,/eagle/lc-mpi/Zhiqing/polaris_ebm/runs_long_k_multinode_sweep/runs/M0/S32/S32_single_fullk_K400_b1024_s20k_seed1/checkpoints/ckpt_step4999.pt,/eagle/lc-mpi/Zhiqing/polaris_ebm/runs_long_k_multinode_sweep/pbs/S32_single_fullk_K400_b1024_s20k_seed1.pbs,/eagle/lc-mpi/Zhiqing/polaris_ebm/runs_long_k_multinode_sweep/runs/M0/S32/S32_single_fullk_K400_b1024_s20k_seed1,/eagle/lc-mpi/Zhiqing/polaris_ebm/runs_long_k_multinode_sweep/logs/S32_single_fullk_K400_b1024_s20k_seed1.pbs.out,/eagle/lc-mpi/Zhiqing/polaris_ebm/runs_long_k_multinode_sweep/logs/S32_single_fullk_K400_b1024_s20k_seed1.pbs.out.prev_7174051_20260528_155824,2026-05-28T15:58:24Z,submitted,
7174778.polaris-pbs-01.hsn.cm.polaris.alcf.anl.gov,7174825.polaris-pbs-01.hsn.cm.polaris.alcf.anl.gov,S16_ddp_fullk_K1600_b512_s20k_seed1,8,,/eagle/lc-mpi/Zhiqing/polaris_ebm/runs_long_k_multinode_sweep/pbs/S16_ddp_fullk_K1600_b512_s20k_seed1.pbs,/eagle/lc-mpi/Zhiqing/polaris_ebm/runs_long_k_multinode_sweep/runs/M0/S16/S16_ddp_fullk_K1600_b512_s20k_seed1,/eagle/lc-mpi/Zhiqing/polaris_ebm/runs_long_k_multinode_sweep/logs/S16_ddp_fullk_K1600_b512_s20k_seed1.pbs.out,/eagle/lc-mpi/Zhiqing/polaris_ebm/runs_long_k_multinode_sweep/logs/S16_ddp_fullk_K1600_b512_s20k_seed1.pbs.out.prev_7174778_20260528_162831,2026-05-28T16:28:31Z,submitted,
7174779.polaris-pbs-01.hsn.cm.polaris.alcf.anl.gov,7174826.polaris-pbs-01.hsn.cm.polaris.alcf.anl.gov,S16_ddp_fullk_K400_b512_s20k_seed1,5015,/eagle/lc-mpi/Zhiqing/polaris_ebm/runs_long_k_multinode_sweep/runs/M0/S16/S16_ddp_fullk_K400_b512_s20k_seed1/checkpoints/ckpt_step4999.pt,/eagle/lc-mpi/Zhiqing/polaris_ebm/runs_long_k_multinode_sweep/pbs/S16_ddp_fullk_K400_b512_s20k_seed1.pbs,/eagle/lc-mpi/Zhiqing/polaris_ebm/runs_long_k_multinode_sweep/runs/M0/S16/S16_ddp_fullk_K400_b512_s20k_seed1,/eagle/lc-mpi/Zhiqing/polaris_ebm/runs_long_k_multinode_sweep/logs/S16_ddp_fullk_K400_b512_s20k_seed1.pbs.out,/eagle/lc-mpi/Zhiqing/polaris_ebm/runs_long_k_multinode_sweep/logs/S16_ddp_fullk_K400_b512_s20k_seed1.pbs.out.prev_7174779_20260528_162831,2026-05-28T16:28:31Z,submitted,
7174780.polaris-pbs-01.hsn.cm.polaris.alcf.anl.gov,7174827.polaris-pbs-01.hsn.cm.polaris.alcf.anl.gov,S16_ddp_fullk_K800_b512_s20k_seed1,259,,/eagle/lc-mpi/Zhiqing/polaris_ebm/runs_long_k_multinode_sweep/pbs/S16_ddp_fullk_K800_b512_s20k_seed1.pbs,/eagle/lc-mpi/Zhiqing/polaris_ebm/runs_long_k_multinode_sweep/runs/M0/S16/S16_ddp_fullk_K800_b512_s20k_seed1,/eagle/lc-mpi/Zhiqing/polaris_ebm/runs_long_k_multinode_sweep/logs/S16_ddp_fullk_K800_b512_s20k_seed1.pbs.out,/eagle/lc-mpi/Zhiqing/polaris_ebm/runs_long_k_multinode_sweep/logs/S16_ddp_fullk_K800_b512_s20k_seed1.pbs.out.prev_7174780_20260528_162831,2026-05-28T16:28:31Z,submitted,
7174406.polaris-pbs-01.hsn.cm.polaris.alcf.anl.gov,7174828.polaris-pbs-01.hsn.cm.polaris.alcf.anl.gov,S16_pipe_P16_equal_K1600_b512_s20k_seed1,1344,,/eagle/lc-mpi/Zhiqing/polaris_ebm/runs_long_k_multinode_sweep/pbs/S16_pipe_P16_equal_K1600_b512_s20k_seed1.pbs,/eagle/lc-mpi/Zhiqing/polaris_ebm/runs_long_k_multinode_sweep/runs/M0/S16/S16_pipe_P16_equal_K1600_b512_s20k_seed1,/eagle/lc-mpi/Zhiqing/polaris_ebm/runs_long_k_multinode_sweep/logs/S16_pipe_P16_equal_K1600_b512_s20k_seed1.pbs.out,/eagle/lc-mpi/Zhiqing/polaris_ebm/runs_long_k_multinode_sweep/logs/S16_pipe_P16_equal_K1600_b512_s20k_seed1.pbs.out.prev_7174406_20260528_162831,2026-05-28T16:28:31Z,submitted,
7174187.polaris-pbs-01.hsn.cm.polaris.alcf.anl.gov,7174829.polaris-pbs-01.hsn.cm.polaris.alcf.anl.gov,S16_pipe_P16_equal_K400_b512_s20k_seed1,7773,/eagle/lc-mpi/Zhiqing/polaris_ebm/runs_long_k_multinode_sweep/runs/M0/S16/S16_pipe_P16_equal_K400_b512_s20k_seed1/checkpoints/ckpt_step4999.pt,/eagle/lc-mpi/Zhiqing/polaris_ebm/runs_long_k_multinode_sweep/pbs/S16_pipe_P16_equal_K400_b512_s20k_seed1.pbs,/eagle/lc-mpi/Zhiqing/polaris_ebm/runs_long_k_multinode_sweep/runs/M0/S16/S16_pipe_P16_equal_K400_b512_s20k_seed1,/eagle/lc-mpi/Zhiqing/polaris_ebm/runs_long_k_multinode_sweep/logs/S16_pipe_P16_equal_K400_b512_s20k_seed1.pbs.out,/eagle/lc-mpi/Zhiqing/polaris_ebm/runs_long_k_multinode_sweep/logs/S16_pipe_P16_equal_K400_b512_s20k_seed1.pbs.out.prev_7174187_20260528_162831,2026-05-28T16:28:31Z,submitted,
7174783.polaris-pbs-01.hsn.cm.polaris.alcf.anl.gov,7174830.polaris-pbs-01.hsn.cm.polaris.alcf.anl.gov,S32_ddp_fullk_K1600_b1024_s20k_seed1,19,,/eagle/lc-mpi/Zhiqing/polaris_ebm/runs_long_k_multinode_sweep/pbs/S32_ddp_fullk_K1600_b1024_s20k_seed1.pbs,/eagle/lc-mpi/Zhiqing/polaris_ebm/runs_long_k_multinode_sweep/runs/M0/S32/S32_ddp_fullk_K1600_b1024_s20k_seed1,/eagle/lc-mpi/Zhiqing/polaris_ebm/runs_long_k_multinode_sweep/logs/S32_ddp_fullk_K1600_b1024_s20k_seed1.pbs.out,/eagle/lc-mpi/Zhiqing/polaris_ebm/runs_long_k_multinode_sweep/logs/S32_ddp_fullk_K1600_b1024_s20k_seed1.pbs.out.prev_7174783_20260528_162831,2026-05-28T16:28:31Z,submitted,
7174785.polaris-pbs-01.hsn.cm.polaris.alcf.anl.gov,7174831.polaris-pbs-01.hsn.cm.polaris.alcf.anl.gov,S32_ddp_fullk_K800_b1024_s20k_seed1,57,,/eagle/lc-mpi/Zhiqing/polaris_ebm/runs_long_k_multinode_sweep/pbs/S32_ddp_fullk_K800_b1024_s20k_seed1.pbs,/eagle/lc-mpi/Zhiqing/polaris_ebm/runs_long_k_multinode_sweep/runs/M0/S32/S32_ddp_fullk_K800_b1024_s20k_seed1,/eagle/lc-mpi/Zhiqing/polaris_ebm/runs_long_k_multinode_sweep/logs/S32_ddp_fullk_K800_b1024_s20k_seed1.pbs.out,/eagle/lc-mpi/Zhiqing/polaris_ebm/runs_long_k_multinode_sweep/logs/S32_ddp_fullk_K800_b1024_s20k_seed1.pbs.out.prev_7174785_20260528_162831,2026-05-28T16:28:31Z,submitted,
7174358.polaris-pbs-01.hsn.cm.polaris.alcf.anl.gov,7174832.polaris-pbs-01.hsn.cm.polaris.alcf.anl.gov,S32_pipe_P32_equal_K400_b1024_s20k_seed1,1945,,/eagle/lc-mpi/Zhiqing/polaris_ebm/runs_long_k_multinode_sweep/pbs/S32_pipe_P32_equal_K400_b1024_s20k_seed1.pbs,/eagle/lc-mpi/Zhiqing/polaris_ebm/runs_long_k_multinode_sweep/runs/M0/S32/S32_pipe_P32_equal_K400_b1024_s20k_seed1,/eagle/lc-mpi/Zhiqing/polaris_ebm/runs_long_k_multinode_sweep/logs/S32_pipe_P32_equal_K400_b1024_s20k_seed1.pbs.out,/eagle/lc-mpi/Zhiqing/polaris_ebm/runs_long_k_multinode_sweep/logs/S32_pipe_P32_equal_K400_b1024_s20k_seed1.pbs.out.prev_7174358_20260528_162831,2026-05-28T16:28:31Z,submitted,
7174787.polaris-pbs-01.hsn.cm.polaris.alcf.anl.gov,7174833.polaris-pbs-01.hsn.cm.polaris.alcf.anl.gov,S32_single_fullk_K400_b1024_s20k_seed1,5021,/eagle/lc-mpi/Zhiqing/polaris_ebm/runs_long_k_multinode_sweep/runs/M0/S32/S32_single_fullk_K400_b1024_s20k_seed1/checkpoints/ckpt_step4999.pt,/eagle/lc-mpi/Zhiqing/polaris_ebm/runs_long_k_multinode_sweep/pbs/S32_single_fullk_K400_b1024_s20k_seed1.pbs,/eagle/lc-mpi/Zhiqing/polaris_ebm/runs_long_k_multinode_sweep/runs/M0/S32/S32_single_fullk_K400_b1024_s20k_seed1,/eagle/lc-mpi/Zhiqing/polaris_ebm/runs_long_k_multinode_sweep/logs/S32_single_fullk_K400_b1024_s20k_seed1.pbs.out,/eagle/lc-mpi/Zhiqing/polaris_ebm/runs_long_k_multinode_sweep/logs/S32_single_fullk_K400_b1024_s20k_seed1.pbs.out.prev_7174787_20260528_162831,2026-05-28T16:28:31Z,submitted,
7173893.polaris-pbs-01.hsn.cm.polaris.alcf.anl.gov,7174834.polaris-pbs-01.hsn.cm.polaris.alcf.anl.gov,S32_single_fullk_K800_b1024_s20k_seed1,6811,/eagle/lc-mpi/Zhiqing/polaris_ebm/runs_long_k_multinode_sweep/runs/M0/S32/S32_single_fullk_K800_b1024_s20k_seed1/checkpoints/ckpt_step4999.pt,/eagle/lc-mpi/Zhiqing/polaris_ebm/runs_long_k_multinode_sweep/pbs/S32_single_fullk_K800_b1024_s20k_seed1.pbs,/eagle/lc-mpi/Zhiqing/polaris_ebm/runs_long_k_multinode_sweep/runs/M0/S32/S32_single_fullk_K800_b1024_s20k_seed1,/eagle/lc-mpi/Zhiqing/polaris_ebm/runs_long_k_multinode_sweep/logs/S32_single_fullk_K800_b1024_s20k_seed1.pbs.out,/eagle/lc-mpi/Zhiqing/polaris_ebm/runs_long_k_multinode_sweep/logs/S32_single_fullk_K800_b1024_s20k_seed1.pbs.out.prev_7173893_20260528_162831,2026-05-28T16:28:31Z,submitted,
7174826.polaris-pbs-01.hsn.cm.polaris.alcf.anl.gov,7174862.polaris-pbs-01.hsn.cm.polaris.alcf.anl.gov,S16_ddp_fullk_K400_b512_s20k_seed1,5113,/eagle/lc-mpi/Zhiqing/polaris_ebm/runs_long_k_multinode_sweep/runs/M0/S16/S16_ddp_fullk_K400_b512_s20k_seed1/checkpoints/ckpt_step4999.pt,/eagle/lc-mpi/Zhiqing/polaris_ebm/runs_long_k_multinode_sweep/pbs/S16_ddp_fullk_K400_b512_s20k_seed1.pbs,/eagle/lc-mpi/Zhiqing/polaris_ebm/runs_long_k_multinode_sweep/runs/M0/S16/S16_ddp_fullk_K400_b512_s20k_seed1,/eagle/lc-mpi/Zhiqing/polaris_ebm/runs_long_k_multinode_sweep/logs/S16_ddp_fullk_K400_b512_s20k_seed1.pbs.out,/eagle/lc-mpi/Zhiqing/polaris_ebm/runs_long_k_multinode_sweep/logs/S16_ddp_fullk_K400_b512_s20k_seed1.pbs.out.prev_7174826_20260528_165837,2026-05-28T16:58:37Z,submitted,
7174827.polaris-pbs-01.hsn.cm.polaris.alcf.anl.gov,7174863.polaris-pbs-01.hsn.cm.polaris.alcf.anl.gov,S16_ddp_fullk_K800_b512_s20k_seed1,63,,/eagle/lc-mpi/Zhiqing/polaris_ebm/runs_long_k_multinode_sweep/pbs/S16_ddp_fullk_K800_b512_s20k_seed1.pbs,/eagle/lc-mpi/Zhiqing/polaris_ebm/runs_long_k_multinode_sweep/runs/M0/S16/S16_ddp_fullk_K800_b512_s20k_seed1,/eagle/lc-mpi/Zhiqing/polaris_ebm/runs_long_k_multinode_sweep/logs/S16_ddp_fullk_K800_b512_s20k_seed1.pbs.out,/eagle/lc-mpi/Zhiqing/polaris_ebm/runs_long_k_multinode_sweep/logs/S16_ddp_fullk_K800_b512_s20k_seed1.pbs.out.prev_7174827_20260528_165837,2026-05-28T16:58:37Z,submitted,
7174828.polaris-pbs-01.hsn.cm.polaris.alcf.anl.gov,7174864.polaris-pbs-01.hsn.cm.polaris.alcf.anl.gov,S16_pipe_P16_equal_K1600_b512_s20k_seed1,1344,,/eagle/lc-mpi/Zhiqing/polaris_ebm/runs_long_k_multinode_sweep/pbs/S16_pipe_P16_equal_K1600_b512_s20k_seed1.pbs,/eagle/lc-mpi/Zhiqing/polaris_ebm/runs_long_k_multinode_sweep/runs/M0/S16/S16_pipe_P16_equal_K1600_b512_s20k_seed1,/eagle/lc-mpi/Zhiqing/polaris_ebm/runs_long_k_multinode_sweep/logs/S16_pipe_P16_equal_K1600_b512_s20k_seed1.pbs.out,/eagle/lc-mpi/Zhiqing/polaris_ebm/runs_long_k_multinode_sweep/logs/S16_pipe_P16_equal_K1600_b512_s20k_seed1.pbs.out.prev_7174828_20260528_165837,2026-05-28T16:58:37Z,submitted,
7174833.polaris-pbs-01.hsn.cm.polaris.alcf.anl.gov,7174865.polaris-pbs-01.hsn.cm.polaris.alcf.anl.gov,S32_single_fullk_K400_b1024_s20k_seed1,5010,/eagle/lc-mpi/Zhiqing/polaris_ebm/runs_long_k_multinode_sweep/runs/M0/S32/S32_single_fullk_K400_b1024_s20k_seed1/checkpoints/ckpt_step4999.pt,/eagle/lc-mpi/Zhiqing/polaris_ebm/runs_long_k_multinode_sweep/pbs/S32_single_fullk_K400_b1024_s20k_seed1.pbs,/eagle/lc-mpi/Zhiqing/polaris_ebm/runs_long_k_multinode_sweep/runs/M0/S32/S32_single_fullk_K400_b1024_s20k_seed1,/eagle/lc-mpi/Zhiqing/polaris_ebm/runs_long_k_multinode_sweep/logs/S32_single_fullk_K400_b1024_s20k_seed1.pbs.out,/eagle/lc-mpi/Zhiqing/polaris_ebm/runs_long_k_multinode_sweep/logs/S32_single_fullk_K400_b1024_s20k_seed1.pbs.out.prev_7174833_20260528_165837,2026-05-28T16:58:37Z,submitted,
7174825.polaris-pbs-01.hsn.cm.polaris.alcf.anl.gov,7174890.polaris-pbs-01.hsn.cm.polaris.alcf.anl.gov,S16_ddp_fullk_K1600_b512_s20k_seed1,349,,/eagle/lc-mpi/Zhiqing/polaris_ebm/runs_long_k_multinode_sweep/pbs/S16_ddp_fullk_K1600_b512_s20k_seed1.pbs,/eagle/lc-mpi/Zhiqing/polaris_ebm/runs_long_k_multinode_sweep/runs/M0/S16/S16_ddp_fullk_K1600_b512_s20k_seed1,/eagle/lc-mpi/Zhiqing/polaris_ebm/runs_long_k_multinode_sweep/logs/S16_ddp_fullk_K1600_b512_s20k_seed1.pbs.out,/eagle/lc-mpi/Zhiqing/polaris_ebm/runs_long_k_multinode_sweep/logs/S16_ddp_fullk_K1600_b512_s20k_seed1.pbs.out.prev_7174825_20260528_172839,2026-05-28T17:28:39Z,submitted,
7174829.polaris-pbs-01.hsn.cm.polaris.alcf.anl.gov,7174891.polaris-pbs-01.hsn.cm.polaris.alcf.anl.gov,S16_pipe_P16_equal_K400_b512_s20k_seed1,7689,/eagle/lc-mpi/Zhiqing/polaris_ebm/runs_long_k_multinode_sweep/runs/M0/S16/S16_pipe_P16_equal_K400_b512_s20k_seed1/checkpoints/ckpt_step4999.pt,/eagle/lc-mpi/Zhiqing/polaris_ebm/runs_long_k_multinode_sweep/pbs/S16_pipe_P16_equal_K400_b512_s20k_seed1.pbs,/eagle/lc-mpi/Zhiqing/polaris_ebm/runs_long_k_multinode_sweep/runs/M0/S16/S16_pipe_P16_equal_K400_b512_s20k_seed1,/eagle/lc-mpi/Zhiqing/polaris_ebm/runs_long_k_multinode_sweep/logs/S16_pipe_P16_equal_K400_b512_s20k_seed1.pbs.out,/eagle/lc-mpi/Zhiqing/polaris_ebm/runs_long_k_multinode_sweep/logs/S16_pipe_P16_equal_K400_b512_s20k_seed1.pbs.out.prev_7174829_20260528_172839,2026-05-28T17:28:39Z,submitted,
7174784.polaris-pbs-01.hsn.cm.polaris.alcf.anl.gov,7174892.polaris-pbs-01.hsn.cm.polaris.alcf.anl.gov,S32_ddp_fullk_K400_b1024_s20k_seed1,11949,/eagle/lc-mpi/Zhiqing/polaris_ebm/runs_long_k_multinode_sweep/runs/M0/S32/S32_ddp_fullk_K400_b1024_s20k_seed1/checkpoints/ckpt_step9999.pt,/eagle/lc-mpi/Zhiqing/polaris_ebm/runs_long_k_multinode_sweep/pbs/S32_ddp_fullk_K400_b1024_s20k_seed1.pbs,/eagle/lc-mpi/Zhiqing/polaris_ebm/runs_long_k_multinode_sweep/runs/M0/S32/S32_ddp_fullk_K400_b1024_s20k_seed1,/eagle/lc-mpi/Zhiqing/polaris_ebm/runs_long_k_multinode_sweep/logs/S32_ddp_fullk_K400_b1024_s20k_seed1.pbs.out,/eagle/lc-mpi/Zhiqing/polaris_ebm/runs_long_k_multinode_sweep/logs/S32_ddp_fullk_K400_b1024_s20k_seed1.pbs.out.prev_7174784_20260528_172839,2026-05-28T17:28:39Z,submitted,
7174890.polaris-pbs-01.hsn.cm.polaris.alcf.anl.gov,7174927.polaris-pbs-01.hsn.cm.polaris.alcf.anl.gov,S16_ddp_fullk_K1600_b512_s20k_seed1,68,,/eagle/lc-mpi/Zhiqing/polaris_ebm/runs_long_k_multinode_sweep/pbs/S16_ddp_fullk_K1600_b512_s20k_seed1.pbs,/eagle/lc-mpi/Zhiqing/polaris_ebm/runs_long_k_multinode_sweep/runs/M0/S16/S16_ddp_fullk_K1600_b512_s20k_seed1,/eagle/lc-mpi/Zhiqing/polaris_ebm/runs_long_k_multinode_sweep/logs/S16_ddp_fullk_K1600_b512_s20k_seed1.pbs.out,/eagle/lc-mpi/Zhiqing/polaris_ebm/runs_long_k_multinode_sweep/logs/S16_ddp_fullk_K1600_b512_s20k_seed1.pbs.out.prev_7174890_20260528_175842,2026-05-28T17:58:42Z,submitted,
7174862.polaris-pbs-01.hsn.cm.polaris.alcf.anl.gov,7174928.polaris-pbs-01.hsn.cm.polaris.alcf.anl.gov,S16_ddp_fullk_K400_b512_s20k_seed1,5087,/eagle/lc-mpi/Zhiqing/polaris_ebm/runs_long_k_multinode_sweep/runs/M0/S16/S16_ddp_fullk_K400_b512_s20k_seed1/checkpoints/ckpt_step4999.pt,/eagle/lc-mpi/Zhiqing/polaris_ebm/runs_long_k_multinode_sweep/pbs/S16_ddp_fullk_K400_b512_s20k_seed1.pbs,/eagle/lc-mpi/Zhiqing/polaris_ebm/runs_long_k_multinode_sweep/runs/M0/S16/S16_ddp_fullk_K400_b512_s20k_seed1,/eagle/lc-mpi/Zhiqing/polaris_ebm/runs_long_k_multinode_sweep/logs/S16_ddp_fullk_K400_b512_s20k_seed1.pbs.out,/eagle/lc-mpi/Zhiqing/polaris_ebm/runs_long_k_multinode_sweep/logs/S16_ddp_fullk_K400_b512_s20k_seed1.pbs.out.prev_7174862_20260528_175842,2026-05-28T17:58:42Z,submitted,
7174863.polaris-pbs-01.hsn.cm.polaris.alcf.anl.gov,7174929.polaris-pbs-01.hsn.cm.polaris.alcf.anl.gov,S16_ddp_fullk_K800_b512_s20k_seed1,12,,/eagle/lc-mpi/Zhiqing/polaris_ebm/runs_long_k_multinode_sweep/pbs/S16_ddp_fullk_K800_b512_s20k_seed1.pbs,/eagle/lc-mpi/Zhiqing/polaris_ebm/runs_long_k_multinode_sweep/runs/M0/S16/S16_ddp_fullk_K800_b512_s20k_seed1,/eagle/lc-mpi/Zhiqing/polaris_ebm/runs_long_k_multinode_sweep/logs/S16_ddp_fullk_K800_b512_s20k_seed1.pbs.out,/eagle/lc-mpi/Zhiqing/polaris_ebm/runs_long_k_multinode_sweep/logs/S16_ddp_fullk_K800_b512_s20k_seed1.pbs.out.prev_7174863_20260528_175842,2026-05-28T17:58:42Z,submitted,
7174864.polaris-pbs-01.hsn.cm.polaris.alcf.anl.gov,7174930.polaris-pbs-01.hsn.cm.polaris.alcf.anl.gov,S16_pipe_P16_equal_K1600_b512_s20k_seed1,36,,/eagle/lc-mpi/Zhiqing/polaris_ebm/runs_long_k_multinode_sweep/pbs/S16_pipe_P16_equal_K1600_b512_s20k_seed1.pbs,/eagle/lc-mpi/Zhiqing/polaris_ebm/runs_long_k_multinode_sweep/runs/M0/S16/S16_pipe_P16_equal_K1600_b512_s20k_seed1,/eagle/lc-mpi/Zhiqing/polaris_ebm/runs_long_k_multinode_sweep/logs/S16_pipe_P16_equal_K1600_b512_s20k_seed1.pbs.out,/eagle/lc-mpi/Zhiqing/polaris_ebm/runs_long_k_multinode_sweep/logs/S16_pipe_P16_equal_K1600_b512_s20k_seed1.pbs.out.prev_7174864_20260528_175842,2026-05-28T17:58:42Z,submitted,
7174891.polaris-pbs-01.hsn.cm.polaris.alcf.anl.gov,7174931.polaris-pbs-01.hsn.cm.polaris.alcf.anl.gov,S16_pipe_P16_equal_K400_b512_s20k_seed1,5901,/eagle/lc-mpi/Zhiqing/polaris_ebm/runs_long_k_multinode_sweep/runs/M0/S16/S16_pipe_P16_equal_K400_b512_s20k_seed1/checkpoints/ckpt_step4999.pt,/eagle/lc-mpi/Zhiqing/polaris_ebm/runs_long_k_multinode_sweep/pbs/S16_pipe_P16_equal_K400_b512_s20k_seed1.pbs,/eagle/lc-mpi/Zhiqing/polaris_ebm/runs_long_k_multinode_sweep/runs/M0/S16/S16_pipe_P16_equal_K400_b512_s20k_seed1,/eagle/lc-mpi/Zhiqing/polaris_ebm/runs_long_k_multinode_sweep/logs/S16_pipe_P16_equal_K400_b512_s20k_seed1.pbs.out,/eagle/lc-mpi/Zhiqing/polaris_ebm/runs_long_k_multinode_sweep/logs/S16_pipe_P16_equal_K400_b512_s20k_seed1.pbs.out.prev_7174891_20260528_175842,2026-05-28T17:58:42Z,submitted,
7174830.polaris-pbs-01.hsn.cm.polaris.alcf.anl.gov,7174932.polaris-pbs-01.hsn.cm.polaris.alcf.anl.gov,S32_ddp_fullk_K1600_b1024_s20k_seed1,225,,/eagle/lc-mpi/Zhiqing/polaris_ebm/runs_long_k_multinode_sweep/pbs/S32_ddp_fullk_K1600_b1024_s20k_seed1.pbs,/eagle/lc-mpi/Zhiqing/polaris_ebm/runs_long_k_multinode_sweep/runs/M0/S32/S32_ddp_fullk_K1600_b1024_s20k_seed1,/eagle/lc-mpi/Zhiqing/polaris_ebm/runs_long_k_multinode_sweep/logs/S32_ddp_fullk_K1600_b1024_s20k_seed1.pbs.out,/eagle/lc-mpi/Zhiqing/polaris_ebm/runs_long_k_multinode_sweep/logs/S32_ddp_fullk_K1600_b1024_s20k_seed1.pbs.out.prev_7174830_20260528_175842,2026-05-28T17:58:42Z,submitted,
7174831.polaris-pbs-01.hsn.cm.polaris.alcf.anl.gov,7174933.polaris-pbs-01.hsn.cm.polaris.alcf.anl.gov,S32_ddp_fullk_K800_b1024_s20k_seed1,421,,/eagle/lc-mpi/Zhiqing/polaris_ebm/runs_long_k_multinode_sweep/pbs/S32_ddp_fullk_K800_b1024_s20k_seed1.pbs,/eagle/lc-mpi/Zhiqing/polaris_ebm/runs_long_k_multinode_sweep/runs/M0/S32/S32_ddp_fullk_K800_b1024_s20k_seed1,/eagle/lc-mpi/Zhiqing/polaris_ebm/runs_long_k_multinode_sweep/logs/S32_ddp_fullk_K800_b1024_s20k_seed1.pbs.out,/eagle/lc-mpi/Zhiqing/polaris_ebm/runs_long_k_multinode_sweep/logs/S32_ddp_fullk_K800_b1024_s20k_seed1.pbs.out.prev_7174831_20260528_175842,2026-05-28T17:58:42Z,submitted,
7174832.polaris-pbs-01.hsn.cm.polaris.alcf.anl.gov,7174934.polaris-pbs-01.hsn.cm.polaris.alcf.anl.gov,S32_pipe_P32_equal_K400_b1024_s20k_seed1,1869,,/eagle/lc-mpi/Zhiqing/polaris_ebm/runs_long_k_multinode_sweep/pbs/S32_pipe_P32_equal_K400_b1024_s20k_seed1.pbs,/eagle/lc-mpi/Zhiqing/polaris_ebm/runs_long_k_multinode_sweep/runs/M0/S32/S32_pipe_P32_equal_K400_b1024_s20k_seed1,/eagle/lc-mpi/Zhiqing/polaris_ebm/runs_long_k_multinode_sweep/logs/S32_pipe_P32_equal_K400_b1024_s20k_seed1.pbs.out,/eagle/lc-mpi/Zhiqing/polaris_ebm/runs_long_k_multinode_sweep/logs/S32_pipe_P32_equal_K400_b1024_s20k_seed1.pbs.out.prev_7174832_20260528_175842,2026-05-28T17:58:42Z,submitted,
7174927.polaris-pbs-01.hsn.cm.polaris.alcf.anl.gov,7174961.polaris-pbs-01.hsn.cm.polaris.alcf.anl.gov,S16_ddp_fullk_K1600_b512_s20k_seed1,131,,/eagle/lc-mpi/Zhiqing/polaris_ebm/runs_long_k_multinode_sweep/pbs/S16_ddp_fullk_K1600_b512_s20k_seed1.pbs,/eagle/lc-mpi/Zhiqing/polaris_ebm/runs_long_k_multinode_sweep/runs/M0/S16/S16_ddp_fullk_K1600_b512_s20k_seed1,/eagle/lc-mpi/Zhiqing/polaris_ebm/runs_long_k_multinode_sweep/logs/S16_ddp_fullk_K1600_b512_s20k_seed1.pbs.out,/eagle/lc-mpi/Zhiqing/polaris_ebm/runs_long_k_multinode_sweep/logs/S16_ddp_fullk_K1600_b512_s20k_seed1.pbs.out.prev_7174927_20260528_182847,2026-05-28T18:28:47Z,submitted,
7174892.polaris-pbs-01.hsn.cm.polaris.alcf.anl.gov,7174962.polaris-pbs-01.hsn.cm.polaris.alcf.anl.gov,S32_ddp_fullk_K400_b1024_s20k_seed1,10359,/eagle/lc-mpi/Zhiqing/polaris_ebm/runs_long_k_multinode_sweep/runs/M0/S32/S32_ddp_fullk_K400_b1024_s20k_seed1/checkpoints/ckpt_step9999.pt,/eagle/lc-mpi/Zhiqing/polaris_ebm/runs_long_k_multinode_sweep/pbs/S32_ddp_fullk_K400_b1024_s20k_seed1.pbs,/eagle/lc-mpi/Zhiqing/polaris_ebm/runs_long_k_multinode_sweep/runs/M0/S32/S32_ddp_fullk_K400_b1024_s20k_seed1,/eagle/lc-mpi/Zhiqing/polaris_ebm/runs_long_k_multinode_sweep/logs/S32_ddp_fullk_K400_b1024_s20k_seed1.pbs.out,/eagle/lc-mpi/Zhiqing/polaris_ebm/runs_long_k_multinode_sweep/logs/S32_ddp_fullk_K400_b1024_s20k_seed1.pbs.out.prev_7174892_20260528_182847,2026-05-28T18:28:47Z,submitted,
7174865.polaris-pbs-01.hsn.cm.polaris.alcf.anl.gov,7174963.polaris-pbs-01.hsn.cm.polaris.alcf.anl.gov,S32_single_fullk_K400_b1024_s20k_seed1,6048,/eagle/lc-mpi/Zhiqing/polaris_ebm/runs_long_k_multinode_sweep/runs/M0/S32/S32_single_fullk_K400_b1024_s20k_seed1/checkpoints/ckpt_step4999.pt,/eagle/lc-mpi/Zhiqing/polaris_ebm/runs_long_k_multinode_sweep/pbs/S32_single_fullk_K400_b1024_s20k_seed1.pbs,/eagle/lc-mpi/Zhiqing/polaris_ebm/runs_long_k_multinode_sweep/runs/M0/S32/S32_single_fullk_K400_b1024_s20k_seed1,/eagle/lc-mpi/Zhiqing/polaris_ebm/runs_long_k_multinode_sweep/logs/S32_single_fullk_K400_b1024_s20k_seed1.pbs.out,/eagle/lc-mpi/Zhiqing/polaris_ebm/runs_long_k_multinode_sweep/logs/S32_single_fullk_K400_b1024_s20k_seed1.pbs.out.prev_7174865_20260528_182847,2026-05-28T18:28:47Z,submitted,
7174928.polaris-pbs-01.hsn.cm.polaris.alcf.anl.gov,7174988.polaris-pbs-01.hsn.cm.polaris.alcf.anl.gov,S16_ddp_fullk_K400_b512_s20k_seed1,5854,/eagle/lc-mpi/Zhiqing/polaris_ebm/runs_long_k_multinode_sweep/runs/M0/S16/S16_ddp_fullk_K400_b512_s20k_seed1/checkpoints/ckpt_step4999.pt,/eagle/lc-mpi/Zhiqing/polaris_ebm/runs_long_k_multinode_sweep/pbs/S16_ddp_fullk_K400_b512_s20k_seed1.pbs,/eagle/lc-mpi/Zhiqing/polaris_ebm/runs_long_k_multinode_sweep/runs/M0/S16/S16_ddp_fullk_K400_b512_s20k_seed1,/eagle/lc-mpi/Zhiqing/polaris_ebm/runs_long_k_multinode_sweep/logs/S16_ddp_fullk_K400_b512_s20k_seed1.pbs.out,/eagle/lc-mpi/Zhiqing/polaris_ebm/runs_long_k_multinode_sweep/logs/S16_ddp_fullk_K400_b512_s20k_seed1.pbs.out.prev_7174928_20260528_185858,2026-05-28T18:58:58Z,submitted,
7174929.polaris-pbs-01.hsn.cm.polaris.alcf.anl.gov,7174989.polaris-pbs-01.hsn.cm.polaris.alcf.anl.gov,S16_ddp_fullk_K800_b512_s20k_seed1,338,,/eagle/lc-mpi/Zhiqing/polaris_ebm/runs_long_k_multinode_sweep/pbs/S16_ddp_fullk_K800_b512_s20k_seed1.pbs,/eagle/lc-mpi/Zhiqing/polaris_ebm/runs_long_k_multinode_sweep/runs/M0/S16/S16_ddp_fullk_K800_b512_s20k_seed1,/eagle/lc-mpi/Zhiqing/polaris_ebm/runs_long_k_multinode_sweep/logs/S16_ddp_fullk_K800_b512_s20k_seed1.pbs.out,/eagle/lc-mpi/Zhiqing/polaris_ebm/runs_long_k_multinode_sweep/logs/S16_ddp_fullk_K800_b512_s20k_seed1.pbs.out.prev_7174929_20260528_185858,2026-05-28T18:58:58Z,submitted,
7174930.polaris-pbs-01.hsn.cm.polaris.alcf.anl.gov,7175018.polaris-pbs-01.hsn.cm.polaris.alcf.anl.gov,S16_pipe_P16_equal_K1600_b512_s20k_seed1,451,,/eagle/lc-mpi/Zhiqing/polaris_ebm/runs_long_k_multinode_sweep/pbs/S16_pipe_P16_equal_K1600_b512_s20k_seed1.pbs,/eagle/lc-mpi/Zhiqing/polaris_ebm/runs_long_k_multinode_sweep/runs/M0/S16/S16_pipe_P16_equal_K1600_b512_s20k_seed1,/eagle/lc-mpi/Zhiqing/polaris_ebm/runs_long_k_multinode_sweep/logs/S16_pipe_P16_equal_K1600_b512_s20k_seed1.pbs.out,/eagle/lc-mpi/Zhiqing/polaris_ebm/runs_long_k_multinode_sweep/logs/S16_pipe_P16_equal_K1600_b512_s20k_seed1.pbs.out.prev_7174930_20260528_192900,2026-05-28T19:29:00Z,submitted,
7174931.polaris-pbs-01.hsn.cm.polaris.alcf.anl.gov,7175019.polaris-pbs-01.hsn.cm.polaris.alcf.anl.gov,S16_pipe_P16_equal_K400_b512_s20k_seed1,5735,/eagle/lc-mpi/Zhiqing/polaris_ebm/runs_long_k_multinode_sweep/runs/M0/S16/S16_pipe_P16_equal_K400_b512_s20k_seed1/checkpoints/ckpt_step4999.pt,/eagle/lc-mpi/Zhiqing/polaris_ebm/runs_long_k_multinode_sweep/pbs/S16_pipe_P16_equal_K400_b512_s20k_seed1.pbs,/eagle/lc-mpi/Zhiqing/polaris_ebm/runs_long_k_multinode_sweep/runs/M0/S16/S16_pipe_P16_equal_K400_b512_s20k_seed1,/eagle/lc-mpi/Zhiqing/polaris_ebm/runs_long_k_multinode_sweep/logs/S16_pipe_P16_equal_K400_b512_s20k_seed1.pbs.out,/eagle/lc-mpi/Zhiqing/polaris_ebm/runs_long_k_multinode_sweep/logs/S16_pipe_P16_equal_K400_b512_s20k_seed1.pbs.out.prev_7174931_20260528_192900,2026-05-28T19:29:00Z,submitted,
7174934.polaris-pbs-01.hsn.cm.polaris.alcf.anl.gov,7175020.polaris-pbs-01.hsn.cm.polaris.alcf.anl.gov,S32_pipe_P32_equal_K400_b1024_s20k_seed1,959,,/eagle/lc-mpi/Zhiqing/polaris_ebm/runs_long_k_multinode_sweep/pbs/S32_pipe_P32_equal_K400_b1024_s20k_seed1.pbs,/eagle/lc-mpi/Zhiqing/polaris_ebm/runs_long_k_multinode_sweep/runs/M0/S32/S32_pipe_P32_equal_K400_b1024_s20k_seed1,/eagle/lc-mpi/Zhiqing/polaris_ebm/runs_long_k_multinode_sweep/logs/S32_pipe_P32_equal_K400_b1024_s20k_seed1.pbs.out,/eagle/lc-mpi/Zhiqing/polaris_ebm/runs_long_k_multinode_sweep/logs/S32_pipe_P32_equal_K400_b1024_s20k_seed1.pbs.out.prev_7174934_20260528_192900,2026-05-28T19:29:00Z,submitted,
7174932.polaris-pbs-01.hsn.cm.polaris.alcf.anl.gov,7175049.polaris-pbs-01.hsn.cm.polaris.alcf.anl.gov,S32_ddp_fullk_K1600_b1024_s20k_seed1,142,,/eagle/lc-mpi/Zhiqing/polaris_ebm/runs_long_k_multinode_sweep/pbs/S32_ddp_fullk_K1600_b1024_s20k_seed1.pbs,/eagle/lc-mpi/Zhiqing/polaris_ebm/runs_long_k_multinode_sweep/runs/M0/S32/S32_ddp_fullk_K1600_b1024_s20k_seed1,/eagle/lc-mpi/Zhiqing/polaris_ebm/runs_long_k_multinode_sweep/logs/S32_ddp_fullk_K1600_b1024_s20k_seed1.pbs.out,/eagle/lc-mpi/Zhiqing/polaris_ebm/runs_long_k_multinode_sweep/logs/S32_ddp_fullk_K1600_b1024_s20k_seed1.pbs.out.prev_7174932_20260528_195903,2026-05-28T19:59:03Z,submitted,
7174933.polaris-pbs-01.hsn.cm.polaris.alcf.anl.gov,7175134.polaris-pbs-01.hsn.cm.polaris.alcf.anl.gov,S32_ddp_fullk_K800_b1024_s20k_seed1,1626,,/eagle/lc-mpi/Zhiqing/polaris_ebm/runs_long_k_multinode_sweep/pbs/S32_ddp_fullk_K800_b1024_s20k_seed1.pbs,/eagle/lc-mpi/Zhiqing/polaris_ebm/runs_long_k_multinode_sweep/runs/M0/S32/S32_ddp_fullk_K800_b1024_s20k_seed1,/eagle/lc-mpi/Zhiqing/polaris_ebm/runs_long_k_multinode_sweep/logs/S32_ddp_fullk_K800_b1024_s20k_seed1.pbs.out,/eagle/lc-mpi/Zhiqing/polaris_ebm/runs_long_k_multinode_sweep/logs/S32_ddp_fullk_K800_b1024_s20k_seed1.pbs.out.prev_7174933_20260528_212907,2026-05-28T21:29:07Z,submitted,
7174961.polaris-pbs-01.hsn.cm.polaris.alcf.anl.gov,7175148.polaris-pbs-01.hsn.cm.polaris.alcf.anl.gov,S16_ddp_fullk_K1600_b512_s20k_seed1,177,,/eagle/lc-mpi/Zhiqing/polaris_ebm/runs_long_k_multinode_sweep/pbs/S16_ddp_fullk_K1600_b512_s20k_seed1.pbs,/eagle/lc-mpi/Zhiqing/polaris_ebm/runs_long_k_multinode_sweep/runs/M0/S16/S16_ddp_fullk_K1600_b512_s20k_seed1,/eagle/lc-mpi/Zhiqing/polaris_ebm/runs_long_k_multinode_sweep/logs/S16_ddp_fullk_K1600_b512_s20k_seed1.pbs.out,/eagle/lc-mpi/Zhiqing/polaris_ebm/runs_long_k_multinode_sweep/logs/S16_ddp_fullk_K1600_b512_s20k_seed1.pbs.out.prev_7174961_20260528_215908,2026-05-28T21:59:08Z,submitted,
7174988.polaris-pbs-01.hsn.cm.polaris.alcf.anl.gov,7175149.polaris-pbs-01.hsn.cm.polaris.alcf.anl.gov,S16_ddp_fullk_K400_b512_s20k_seed1,5593,/eagle/lc-mpi/Zhiqing/polaris_ebm/runs_long_k_multinode_sweep/runs/M0/S16/S16_ddp_fullk_K400_b512_s20k_seed1/checkpoints/ckpt_step4999.pt,/eagle/lc-mpi/Zhiqing/polaris_ebm/runs_long_k_multinode_sweep/pbs/S16_ddp_fullk_K400_b512_s20k_seed1.pbs,/eagle/lc-mpi/Zhiqing/polaris_ebm/runs_long_k_multinode_sweep/runs/M0/S16/S16_ddp_fullk_K400_b512_s20k_seed1,/eagle/lc-mpi/Zhiqing/polaris_ebm/runs_long_k_multinode_sweep/logs/S16_ddp_fullk_K400_b512_s20k_seed1.pbs.out,/eagle/lc-mpi/Zhiqing/polaris_ebm/runs_long_k_multinode_sweep/logs/S16_ddp_fullk_K400_b512_s20k_seed1.pbs.out.prev_7174988_20260528_215908,2026-05-28T21:59:08Z,submitted,
7175018.polaris-pbs-01.hsn.cm.polaris.alcf.anl.gov,7175150.polaris-pbs-01.hsn.cm.polaris.alcf.anl.gov,S16_pipe_P16_equal_K1600_b512_s20k_seed1,1026,,/eagle/lc-mpi/Zhiqing/polaris_ebm/runs_long_k_multinode_sweep/pbs/S16_pipe_P16_equal_K1600_b512_s20k_seed1.pbs,/eagle/lc-mpi/Zhiqing/polaris_ebm/runs_long_k_multinode_sweep/runs/M0/S16/S16_pipe_P16_equal_K1600_b512_s20k_seed1,/eagle/lc-mpi/Zhiqing/polaris_ebm/runs_long_k_multinode_sweep/logs/S16_pipe_P16_equal_K1600_b512_s20k_seed1.pbs.out,/eagle/lc-mpi/Zhiqing/polaris_ebm/runs_long_k_multinode_sweep/logs/S16_pipe_P16_equal_K1600_b512_s20k_seed1.pbs.out.prev_7175018_20260528_215908,2026-05-28T21:59:08Z,submitted,
7174962.polaris-pbs-01.hsn.cm.polaris.alcf.anl.gov,7175151.polaris-pbs-01.hsn.cm.polaris.alcf.anl.gov,S32_ddp_fullk_K400_b1024_s20k_seed1,10024,/eagle/lc-mpi/Zhiqing/polaris_ebm/runs_long_k_multinode_sweep/runs/M0/S32/S32_ddp_fullk_K400_b1024_s20k_seed1/checkpoints/ckpt_step9999.pt,/eagle/lc-mpi/Zhiqing/polaris_ebm/runs_long_k_multinode_sweep/pbs/S32_ddp_fullk_K400_b1024_s20k_seed1.pbs,/eagle/lc-mpi/Zhiqing/polaris_ebm/runs_long_k_multinode_sweep/runs/M0/S32/S32_ddp_fullk_K400_b1024_s20k_seed1,/eagle/lc-mpi/Zhiqing/polaris_ebm/runs_long_k_multinode_sweep/logs/S32_ddp_fullk_K400_b1024_s20k_seed1.pbs.out,/eagle/lc-mpi/Zhiqing/polaris_ebm/runs_long_k_multinode_sweep/logs/S32_ddp_fullk_K400_b1024_s20k_seed1.pbs.out.prev_7174962_20260528_215908,2026-05-28T21:59:08Z,submitted,
7175049.polaris-pbs-01.hsn.cm.polaris.alcf.anl.gov,7175169.polaris-pbs-01.hsn.cm.polaris.alcf.anl.gov,S32_ddp_fullk_K1600_b1024_s20k_seed1,120,,/eagle/lc-mpi/Zhiqing/polaris_ebm/runs_long_k_multinode_sweep/pbs/S32_ddp_fullk_K1600_b1024_s20k_seed1.pbs,/eagle/lc-mpi/Zhiqing/polaris_ebm/runs_long_k_multinode_sweep/runs/M0/S32/S32_ddp_fullk_K1600_b1024_s20k_seed1,/eagle/lc-mpi/Zhiqing/polaris_ebm/runs_long_k_multinode_sweep/logs/S32_ddp_fullk_K1600_b1024_s20k_seed1.pbs.out,/eagle/lc-mpi/Zhiqing/polaris_ebm/runs_long_k_multinode_sweep/logs/S32_ddp_fullk_K1600_b1024_s20k_seed1.pbs.out.prev_7175049_20260528_222912,2026-05-28T22:29:12Z,submitted,
7174989.polaris-pbs-01.hsn.cm.polaris.alcf.anl.gov,7175214.polaris-pbs-01.hsn.cm.polaris.alcf.anl.gov,S16_ddp_fullk_K800_b512_s20k_seed1,247,,/eagle/lc-mpi/Zhiqing/polaris_ebm/runs_long_k_multinode_sweep/pbs/S16_ddp_fullk_K800_b512_s20k_seed1.pbs,/eagle/lc-mpi/Zhiqing/polaris_ebm/runs_long_k_multinode_sweep/runs/M0/S16/S16_ddp_fullk_K800_b512_s20k_seed1,/eagle/lc-mpi/Zhiqing/polaris_ebm/runs_long_k_multinode_sweep/logs/S16_ddp_fullk_K800_b512_s20k_seed1.pbs.out,/eagle/lc-mpi/Zhiqing/polaris_ebm/runs_long_k_multinode_sweep/logs/S16_ddp_fullk_K800_b512_s20k_seed1.pbs.out.prev_7174989_20260528_225914,2026-05-28T22:59:14Z,submitted,
7175019.polaris-pbs-01.hsn.cm.polaris.alcf.anl.gov,7175215.polaris-pbs-01.hsn.cm.polaris.alcf.anl.gov,S16_pipe_P16_equal_K400_b512_s20k_seed1,6715,/eagle/lc-mpi/Zhiqing/polaris_ebm/runs_long_k_multinode_sweep/runs/M0/S16/S16_pipe_P16_equal_K400_b512_s20k_seed1/checkpoints/ckpt_step4999.pt,/eagle/lc-mpi/Zhiqing/polaris_ebm/runs_long_k_multinode_sweep/pbs/S16_pipe_P16_equal_K400_b512_s20k_seed1.pbs,/eagle/lc-mpi/Zhiqing/polaris_ebm/runs_long_k_multinode_sweep/runs/M0/S16/S16_pipe_P16_equal_K400_b512_s20k_seed1,/eagle/lc-mpi/Zhiqing/polaris_ebm/runs_long_k_multinode_sweep/logs/S16_pipe_P16_equal_K400_b512_s20k_seed1.pbs.out,/eagle/lc-mpi/Zhiqing/polaris_ebm/runs_long_k_multinode_sweep/logs/S16_pipe_P16_equal_K400_b512_s20k_seed1.pbs.out.prev_7175019_20260528_225914,2026-05-28T22:59:14Z,submitted,
7175134.polaris-pbs-01.hsn.cm.polaris.alcf.anl.gov,7175216.polaris-pbs-01.hsn.cm.polaris.alcf.anl.gov,S32_ddp_fullk_K800_b1024_s20k_seed1,229,,/eagle/lc-mpi/Zhiqing/polaris_ebm/runs_long_k_multinode_sweep/pbs/S32_ddp_fullk_K800_b1024_s20k_seed1.pbs,/eagle/lc-mpi/Zhiqing/polaris_ebm/runs_long_k_multinode_sweep/runs/M0/S32/S32_ddp_fullk_K800_b1024_s20k_seed1,/eagle/lc-mpi/Zhiqing/polaris_ebm/runs_long_k_multinode_sweep/logs/S32_ddp_fullk_K800_b1024_s20k_seed1.pbs.out,/eagle/lc-mpi/Zhiqing/polaris_ebm/runs_long_k_multinode_sweep/logs/S32_ddp_fullk_K800_b1024_s20k_seed1.pbs.out.prev_7175134_20260528_225914,2026-05-28T22:59:14Z,submitted,
7175150.polaris-pbs-01.hsn.cm.polaris.alcf.anl.gov,7175232.polaris-pbs-01.hsn.cm.polaris.alcf.anl.gov,S16_pipe_P16_equal_K1600_b512_s20k_seed1,1435,,/eagle/lc-mpi/Zhiqing/polaris_ebm/runs_long_k_multinode_sweep/pbs/S16_pipe_P16_equal_K1600_b512_s20k_seed1.pbs,/eagle/lc-mpi/Zhiqing/polaris_ebm/runs_long_k_multinode_sweep/runs/M0/S16/S16_pipe_P16_equal_K1600_b512_s20k_seed1,/eagle/lc-mpi/Zhiqing/polaris_ebm/runs_long_k_multinode_sweep/logs/S16_pipe_P16_equal_K1600_b512_s20k_seed1.pbs.out,/eagle/lc-mpi/Zhiqing/polaris_ebm/runs_long_k_multinode_sweep/logs/S16_pipe_P16_equal_K1600_b512_s20k_seed1.pbs.out.prev_7175150_20260528_232917,2026-05-28T23:29:17Z,submitted,
7175148.polaris-pbs-01.hsn.cm.polaris.alcf.anl.gov,7175254.polaris-pbs-01.hsn.cm.polaris.alcf.anl.gov,S16_ddp_fullk_K1600_b512_s20k_seed1,130,,/eagle/lc-mpi/Zhiqing/polaris_ebm/runs_long_k_multinode_sweep/pbs/S16_ddp_fullk_K1600_b512_s20k_seed1.pbs,/eagle/lc-mpi/Zhiqing/polaris_ebm/runs_long_k_multinode_sweep/runs/M0/S16/S16_ddp_fullk_K1600_b512_s20k_seed1,/eagle/lc-mpi/Zhiqing/polaris_ebm/runs_long_k_multinode_sweep/logs/S16_ddp_fullk_K1600_b512_s20k_seed1.pbs.out,/eagle/lc-mpi/Zhiqing/polaris_ebm/runs_long_k_multinode_sweep/logs/S16_ddp_fullk_K1600_b512_s20k_seed1.pbs.out.prev_7175148_20260528_235918,2026-05-28T23:59:18Z,submitted,
7175149.polaris-pbs-01.hsn.cm.polaris.alcf.anl.gov,7175255.polaris-pbs-01.hsn.cm.polaris.alcf.anl.gov,S16_ddp_fullk_K400_b512_s20k_seed1,5229,/eagle/lc-mpi/Zhiqing/polaris_ebm/runs_long_k_multinode_sweep/runs/M0/S16/S16_ddp_fullk_K400_b512_s20k_seed1/checkpoints/ckpt_step4999.pt,/eagle/lc-mpi/Zhiqing/polaris_ebm/runs_long_k_multinode_sweep/pbs/S16_ddp_fullk_K400_b512_s20k_seed1.pbs,/eagle/lc-mpi/Zhiqing/polaris_ebm/runs_long_k_multinode_sweep/runs/M0/S16/S16_ddp_fullk_K400_b512_s20k_seed1,/eagle/lc-mpi/Zhiqing/polaris_ebm/runs_long_k_multinode_sweep/logs/S16_ddp_fullk_K400_b512_s20k_seed1.pbs.out,/eagle/lc-mpi/Zhiqing/polaris_ebm/runs_long_k_multinode_sweep/logs/S16_ddp_fullk_K400_b512_s20k_seed1.pbs.out.prev_7175149_20260528_235918,2026-05-28T23:59:18Z,submitted,
7175215.polaris-pbs-01.hsn.cm.polaris.alcf.anl.gov,7175256.polaris-pbs-01.hsn.cm.polaris.alcf.anl.gov,S16_pipe_P16_equal_K400_b512_s20k_seed1,6169,/eagle/lc-mpi/Zhiqing/polaris_ebm/runs_long_k_multinode_sweep/runs/M0/S16/S16_pipe_P16_equal_K400_b512_s20k_seed1/checkpoints/ckpt_step4999.pt,/eagle/lc-mpi/Zhiqing/polaris_ebm/runs_long_k_multinode_sweep/pbs/S16_pipe_P16_equal_K400_b512_s20k_seed1.pbs,/eagle/lc-mpi/Zhiqing/polaris_ebm/runs_long_k_multinode_sweep/runs/M0/S16/S16_pipe_P16_equal_K400_b512_s20k_seed1,/eagle/lc-mpi/Zhiqing/polaris_ebm/runs_long_k_multinode_sweep/logs/S16_pipe_P16_equal_K400_b512_s20k_seed1.pbs.out,/eagle/lc-mpi/Zhiqing/polaris_ebm/runs_long_k_multinode_sweep/logs/S16_pipe_P16_equal_K400_b512_s20k_seed1.pbs.out.prev_7175215_20260528_235918,2026-05-28T23:59:18Z,submitted,
7175254.polaris-pbs-01.hsn.cm.polaris.alcf.anl.gov,,S16_ddp_fullk_K1600_b512_s20k_seed1,130,,/eagle/lc-mpi/Zhiqing/polaris_ebm/runs_long_k_multinode_sweep/pbs/S16_ddp_fullk_K1600_b512_s20k_seed1.pbs,/eagle/lc-mpi/Zhiqing/polaris_ebm/runs_long_k_multinode_sweep/runs/M0/S16/S16_ddp_fullk_K1600_b512_s20k_seed1,/eagle/lc-mpi/Zhiqing/polaris_ebm/runs_long_k_multinode_sweep/logs/S16_ddp_fullk_K1600_b512_s20k_seed1.pbs.out,/eagle/lc-mpi/Zhiqing/polaris_ebm/runs_long_k_multinode_sweep/logs/S16_ddp_fullk_K1600_b512_s20k_seed1.pbs.out.prev_7175254_20260529_012926,2026-05-29T01:29:26Z,qsub_failed,"Connection refused
qsub: cannot connect to server polaris (errno=15010)"
7175255.polaris-pbs-01.hsn.cm.polaris.alcf.anl.gov,,S16_ddp_fullk_K400_b512_s20k_seed1,5229,/eagle/lc-mpi/Zhiqing/polaris_ebm/runs_long_k_multinode_sweep/runs/M0/S16/S16_ddp_fullk_K400_b512_s20k_seed1/checkpoints/ckpt_step4999.pt,/eagle/lc-mpi/Zhiqing/polaris_ebm/runs_long_k_multinode_sweep/pbs/S16_ddp_fullk_K400_b512_s20k_seed1.pbs,/eagle/lc-mpi/Zhiqing/polaris_ebm/runs_long_k_multinode_sweep/runs/M0/S16/S16_ddp_fullk_K400_b512_s20k_seed1,/eagle/lc-mpi/Zhiqing/polaris_ebm/runs_long_k_multinode_sweep/logs/S16_ddp_fullk_K400_b512_s20k_seed1.pbs.out,/eagle/lc-mpi/Zhiqing/polaris_ebm/runs_long_k_multinode_sweep/logs/S16_ddp_fullk_K400_b512_s20k_seed1.pbs.out.prev_7175255_20260529_012926,2026-05-29T01:29:26Z,qsub_failed,"Connection refused
qsub: cannot connect to server polaris (errno=15010)"
7175214.polaris-pbs-01.hsn.cm.polaris.alcf.anl.gov,,S16_ddp_fullk_K800_b512_s20k_seed1,247,,/eagle/lc-mpi/Zhiqing/polaris_ebm/runs_long_k_multinode_sweep/pbs/S16_ddp_fullk_K800_b512_s20k_seed1.pbs,/eagle/lc-mpi/Zhiqing/polaris_ebm/runs_long_k_multinode_sweep/runs/M0/S16/S16_ddp_fullk_K800_b512_s20k_seed1,/eagle/lc-mpi/Zhiqing/polaris_ebm/runs_long_k_multinode_sweep/logs/S16_ddp_fullk_K800_b512_s20k_seed1.pbs.out,/eagle/lc-mpi/Zhiqing/polaris_ebm/runs_long_k_multinode_sweep/logs/S16_ddp_fullk_K800_b512_s20k_seed1.pbs.out.prev_7175214_20260529_012926,2026-05-29T01:29:26Z,qsub_failed,"Connection refused
qsub: cannot connect to server polaris (errno=15010)"
7175232.polaris-pbs-01.hsn.cm.polaris.alcf.anl.gov,,S16_pipe_P16_equal_K1600_b512_s20k_seed1,1435,,/eagle/lc-mpi/Zhiqing/polaris_ebm/runs_long_k_multinode_sweep/pbs/S16_pipe_P16_equal_K1600_b512_s20k_seed1.pbs,/eagle/lc-mpi/Zhiqing/polaris_ebm/runs_long_k_multinode_sweep/runs/M0/S16/S16_pipe_P16_equal_K1600_b512_s20k_seed1,/eagle/lc-mpi/Zhiqing/polaris_ebm/runs_long_k_multinode_sweep/logs/S16_pipe_P16_equal_K1600_b512_s20k_seed1.pbs.out,/eagle/lc-mpi/Zhiqing/polaris_ebm/runs_long_k_multinode_sweep/logs/S16_pipe_P16_equal_K1600_b512_s20k_seed1.pbs.out.prev_7175232_20260529_012926,2026-05-29T01:29:26Z,qsub_failed,"Connection refused
qsub: cannot connect to server polaris (errno=15010)"
7175256.polaris-pbs-01.hsn.cm.polaris.alcf.anl.gov,,S16_pipe_P16_equal_K400_b512_s20k_seed1,6169,/eagle/lc-mpi/Zhiqing/polaris_ebm/runs_long_k_multinode_sweep/runs/M0/S16/S16_pipe_P16_equal_K400_b512_s20k_seed1/checkpoints/ckpt_step4999.pt,/eagle/lc-mpi/Zhiqing/polaris_ebm/runs_long_k_multinode_sweep/pbs/S16_pipe_P16_equal_K400_b512_s20k_seed1.pbs,/eagle/lc-mpi/Zhiqing/polaris_ebm/runs_long_k_multinode_sweep/runs/M0/S16/S16_pipe_P16_equal_K400_b512_s20k_seed1,/eagle/lc-mpi/Zhiqing/polaris_ebm/runs_long_k_multinode_sweep/logs/S16_pipe_P16_equal_K400_b512_s20k_seed1.pbs.out,/eagle/lc-mpi/Zhiqing/polaris_ebm/runs_long_k_multinode_sweep/logs/S16_pipe_P16_equal_K400_b512_s20k_seed1.pbs.out.prev_7175256_20260529_012926,2026-05-29T01:29:26Z,qsub_failed,"Connection refused
qsub: cannot connect to server polaris (errno=15010)"
7174781.polaris-pbs-01.hsn.cm.polaris.alcf.anl.gov,,S16_single_fullk_K1600_b512_s20k_seed1,9289,/eagle/lc-mpi/Zhiqing/polaris_ebm/runs_long_k_multinode_sweep/runs/M0/S16/S16_single_fullk_K1600_b512_s20k_seed1/checkpoints/ckpt_step4999.pt,/eagle/lc-mpi/Zhiqing/polaris_ebm/runs_long_k_multinode_sweep/pbs/S16_single_fullk_K1600_b512_s20k_seed1.pbs,/eagle/lc-mpi/Zhiqing/polaris_ebm/runs_long_k_multinode_sweep/runs/M0/S16/S16_single_fullk_K1600_b512_s20k_seed1,/eagle/lc-mpi/Zhiqing/polaris_ebm/runs_long_k_multinode_sweep/logs/S16_single_fullk_K1600_b512_s20k_seed1.pbs.out,/eagle/lc-mpi/Zhiqing/polaris_ebm/runs_long_k_multinode_sweep/logs/S16_single_fullk_K1600_b512_s20k_seed1.pbs.out.prev_7174781_20260529_012926,2026-05-29T01:29:26Z,qsub_failed,"Connection refused
qsub: cannot connect to server polaris (errno=15010)"
7174782.polaris-pbs-01.hsn.cm.polaris.alcf.anl.gov,,S16_single_fullk_K800_b512_s20k_seed1,8467,/eagle/lc-mpi/Zhiqing/polaris_ebm/runs_long_k_multinode_sweep/runs/M0/S16/S16_single_fullk_K800_b512_s20k_seed1/checkpoints/ckpt_step4999.pt,/eagle/lc-mpi/Zhiqing/polaris_ebm/runs_long_k_multinode_sweep/pbs/S16_single_fullk_K800_b512_s20k_seed1.pbs,/eagle/lc-mpi/Zhiqing/polaris_ebm/runs_long_k_multinode_sweep/runs/M0/S16/S16_single_fullk_K800_b512_s20k_seed1,/eagle/lc-mpi/Zhiqing/polaris_ebm/runs_long_k_multinode_sweep/logs/S16_single_fullk_K800_b512_s20k_seed1.pbs.out,/eagle/lc-mpi/Zhiqing/polaris_ebm/runs_long_k_multinode_sweep/logs/S16_single_fullk_K800_b512_s20k_seed1.pbs.out.prev_7174782_20260529_012926,2026-05-29T01:29:26Z,qsub_failed,"Connection refused
qsub: cannot connect to server polaris (errno=15010)"
7175169.polaris-pbs-01.hsn.cm.polaris.alcf.anl.gov,,S32_ddp_fullk_K1600_b1024_s20k_seed1,120,,/eagle/lc-mpi/Zhiqing/polaris_ebm/runs_long_k_multinode_sweep/pbs/S32_ddp_fullk_K1600_b1024_s20k_seed1.pbs,/eagle/lc-mpi/Zhiqing/polaris_ebm/runs_long_k_multinode_sweep/runs/M0/S32/S32_ddp_fullk_K1600_b1024_s20k_seed1,/eagle/lc-mpi/Zhiqing/polaris_ebm/runs_long_k_multinode_sweep/logs/S32_ddp_fullk_K1600_b1024_s20k_seed1.pbs.out,/eagle/lc-mpi/Zhiqing/polaris_ebm/runs_long_k_multinode_sweep/logs/S32_ddp_fullk_K1600_b1024_s20k_seed1.pbs.out.prev_7175169_20260529_012926,2026-05-29T01:29:26Z,qsub_failed,"Connection refused
qsub: cannot connect to server polaris (errno=15010)"
7175151.polaris-pbs-01.hsn.cm.polaris.alcf.anl.gov,,S32_ddp_fullk_K400_b1024_s20k_seed1,11455,/eagle/lc-mpi/Zhiqing/polaris_ebm/runs_long_k_multinode_sweep/runs/M0/S32/S32_ddp_fullk_K400_b1024_s20k_seed1/checkpoints/ckpt_step9999.pt,/eagle/lc-mpi/Zhiqing/polaris_ebm/runs_long_k_multinode_sweep/pbs/S32_ddp_fullk_K400_b1024_s20k_seed1.pbs,/eagle/lc-mpi/Zhiqing/polaris_ebm/runs_long_k_multinode_sweep/runs/M0/S32/S32_ddp_fullk_K400_b1024_s20k_seed1,/eagle/lc-mpi/Zhiqing/polaris_ebm/runs_long_k_multinode_sweep/logs/S32_ddp_fullk_K400_b1024_s20k_seed1.pbs.out,/eagle/lc-mpi/Zhiqing/polaris_ebm/runs_long_k_multinode_sweep/logs/S32_ddp_fullk_K400_b1024_s20k_seed1.pbs.out.prev_7175151_20260529_012926,2026-05-29T01:29:26Z,qsub_failed,"Connection refused
qsub: cannot connect to server polaris (errno=15010)"
7175216.polaris-pbs-01.hsn.cm.polaris.alcf.anl.gov,,S32_ddp_fullk_K800_b1024_s20k_seed1,229,,/eagle/lc-mpi/Zhiqing/polaris_ebm/runs_long_k_multinode_sweep/pbs/S32_ddp_fullk_K800_b1024_s20k_seed1.pbs,/eagle/lc-mpi/Zhiqing/polaris_ebm/runs_long_k_multinode_sweep/runs/M0/S32/S32_ddp_fullk_K800_b1024_s20k_seed1,/eagle/lc-mpi/Zhiqing/polaris_ebm/runs_long_k_multinode_sweep/logs/S32_ddp_fullk_K800_b1024_s20k_seed1.pbs.out,/eagle/lc-mpi/Zhiqing/polaris_ebm/runs_long_k_multinode_sweep/logs/S32_ddp_fullk_K800_b1024_s20k_seed1.pbs.out.prev_7175216_20260529_012926,2026-05-29T01:29:26Z,qsub_failed,"Connection refused
qsub: cannot connect to server polaris (errno=15010)"
7175020.polaris-pbs-01.hsn.cm.polaris.alcf.anl.gov,,S32_pipe_P32_equal_K400_b1024_s20k_seed1,959,,/eagle/lc-mpi/Zhiqing/polaris_ebm/runs_long_k_multinode_sweep/pbs/S32_pipe_P32_equal_K400_b1024_s20k_seed1.pbs,/eagle/lc-mpi/Zhiqing/polaris_ebm/runs_long_k_multinode_sweep/runs/M0/S32/S32_pipe_P32_equal_K400_b1024_s20k_seed1,/eagle/lc-mpi/Zhiqing/polaris_ebm/runs_long_k_multinode_sweep/logs/S32_pipe_P32_equal_K400_b1024_s20k_seed1.pbs.out,/eagle/lc-mpi/Zhiqing/polaris_ebm/runs_long_k_multinode_sweep/logs/S32_pipe_P32_equal_K400_b1024_s20k_seed1.pbs.out.prev_7175020_20260529_012926,2026-05-29T01:29:26Z,qsub_failed,"Connection refused
qsub: cannot connect to server polaris (errno=15010)"
7174786.polaris-pbs-01.hsn.cm.polaris.alcf.anl.gov,,S32_single_fullk_K1600_b1024_s20k_seed1,2177,,/eagle/lc-mpi/Zhiqing/polaris_ebm/runs_long_k_multinode_sweep/pbs/S32_single_fullk_K1600_b1024_s20k_seed1.pbs,/eagle/lc-mpi/Zhiqing/polaris_ebm/runs_long_k_multinode_sweep/runs/M0/S32/S32_single_fullk_K1600_b1024_s20k_seed1,/eagle/lc-mpi/Zhiqing/polaris_ebm/runs_long_k_multinode_sweep/logs/S32_single_fullk_K1600_b1024_s20k_seed1.pbs.out,/eagle/lc-mpi/Zhiqing/polaris_ebm/runs_long_k_multinode_sweep/logs/S32_single_fullk_K1600_b1024_s20k_seed1.pbs.out.prev_7174786_20260529_012926,2026-05-29T01:29:26Z,qsub_failed,"Connection refused
qsub: cannot connect to server polaris (errno=15010)"
7174963.polaris-pbs-01.hsn.cm.polaris.alcf.anl.gov,,S32_single_fullk_K400_b1024_s20k_seed1,11407,/eagle/lc-mpi/Zhiqing/polaris_ebm/runs_long_k_multinode_sweep/runs/M0/S32/S32_single_fullk_K400_b1024_s20k_seed1/checkpoints/ckpt_step9999.pt,/eagle/lc-mpi/Zhiqing/polaris_ebm/runs_long_k_multinode_sweep/pbs/S32_single_fullk_K400_b1024_s20k_seed1.pbs,/eagle/lc-mpi/Zhiqing/polaris_ebm/runs_long_k_multinode_sweep/runs/M0/S32/S32_single_fullk_K400_b1024_s20k_seed1,/eagle/lc-mpi/Zhiqing/polaris_ebm/runs_long_k_multinode_sweep/logs/S32_single_fullk_K400_b1024_s20k_seed1.pbs.out,/eagle/lc-mpi/Zhiqing/polaris_ebm/runs_long_k_multinode_sweep/logs/S32_single_fullk_K400_b1024_s20k_seed1.pbs.out.prev_7174963_20260529_012926,2026-05-29T01:29:26Z,qsub_failed,"Connection refused
qsub: cannot connect to server polaris (errno=15010)"
7174834.polaris-pbs-01.hsn.cm.polaris.alcf.anl.gov,,S32_single_fullk_K800_b1024_s20k_seed1,9129,/eagle/lc-mpi/Zhiqing/polaris_ebm/runs_long_k_multinode_sweep/runs/M0/S32/S32_single_fullk_K800_b1024_s20k_seed1/checkpoints/ckpt_step4999.pt,/eagle/lc-mpi/Zhiqing/polaris_ebm/runs_long_k_multinode_sweep/pbs/S32_single_fullk_K800_b1024_s20k_seed1.pbs,/eagle/lc-mpi/Zhiqing/polaris_ebm/runs_long_k_multinode_sweep/runs/M0/S32/S32_single_fullk_K800_b1024_s20k_seed1,/eagle/lc-mpi/Zhiqing/polaris_ebm/runs_long_k_multinode_sweep/logs/S32_single_fullk_K800_b1024_s20k_seed1.pbs.out,/eagle/lc-mpi/Zhiqing/polaris_ebm/runs_long_k_multinode_sweep/logs/S32_single_fullk_K800_b1024_s20k_seed1.pbs.out.prev_7174834_20260529_012926,2026-05-29T01:29:26Z,qsub_failed,"Connection refused
qsub: cannot connect to server polaris (errno=15010)"
7175254.polaris-pbs-01.hsn.cm.polaris.alcf.anl.gov,7177063.polaris-pbs-01.hsn.cm.polaris.alcf.anl.gov,S16_ddp_fullk_K1600_b512_s20k_seed1,130,,/eagle/lc-mpi/Zhiqing/polaris_ebm/runs_long_k_multinode_sweep/pbs/S16_ddp_fullk_K1600_b512_s20k_seed1.pbs,/eagle/lc-mpi/Zhiqing/polaris_ebm/runs_long_k_multinode_sweep/runs/M0/S16/S16_ddp_fullk_K1600_b512_s20k_seed1,/eagle/lc-mpi/Zhiqing/polaris_ebm/runs_long_k_multinode_sweep/logs/S16_ddp_fullk_K1600_b512_s20k_seed1.pbs.out,/eagle/lc-mpi/Zhiqing/polaris_ebm/runs_long_k_multinode_sweep/logs/S16_ddp_fullk_K1600_b512_s20k_seed1.pbs.out.prev_7175254_20260529_203654,2026-05-29T20:36:54Z,submitted,
7175255.polaris-pbs-01.hsn.cm.polaris.alcf.anl.gov,7177064.polaris-pbs-01.hsn.cm.polaris.alcf.anl.gov,S16_ddp_fullk_K400_b512_s20k_seed1,5229,/eagle/lc-mpi/Zhiqing/polaris_ebm/runs_long_k_multinode_sweep/runs/M0/S16/S16_ddp_fullk_K400_b512_s20k_seed1/checkpoints/ckpt_step4999.pt,/eagle/lc-mpi/Zhiqing/polaris_ebm/runs_long_k_multinode_sweep/pbs/S16_ddp_fullk_K400_b512_s20k_seed1.pbs,/eagle/lc-mpi/Zhiqing/polaris_ebm/runs_long_k_multinode_sweep/runs/M0/S16/S16_ddp_fullk_K400_b512_s20k_seed1,/eagle/lc-mpi/Zhiqing/polaris_ebm/runs_long_k_multinode_sweep/logs/S16_ddp_fullk_K400_b512_s20k_seed1.pbs.out,/eagle/lc-mpi/Zhiqing/polaris_ebm/runs_long_k_multinode_sweep/logs/S16_ddp_fullk_K400_b512_s20k_seed1.pbs.out.prev_7175255_20260529_203654,2026-05-29T20:36:54Z,submitted,
7175214.polaris-pbs-01.hsn.cm.polaris.alcf.anl.gov,,S16_ddp_fullk_K800_b512_s20k_seed1,247,,/eagle/lc-mpi/Zhiqing/polaris_ebm/runs_long_k_multinode_sweep/pbs/S16_ddp_fullk_K800_b512_s20k_seed1.pbs,/eagle/lc-mpi/Zhiqing/polaris_ebm/runs_long_k_multinode_sweep/runs/M0/S16/S16_ddp_fullk_K800_b512_s20k_seed1,/eagle/lc-mpi/Zhiqing/polaris_ebm/runs_long_k_multinode_sweep/logs/S16_ddp_fullk_K800_b512_s20k_seed1.pbs.out,/eagle/lc-mpi/Zhiqing/polaris_ebm/runs_long_k_multinode_sweep/logs/S16_ddp_fullk_K800_b512_s20k_seed1.pbs.out.prev_7175214_20260529_203654,2026-05-29T20:36:54Z,qsub_failed,qsub: would exceed queue generic's per-user limit
7175232.polaris-pbs-01.hsn.cm.polaris.alcf.anl.gov,,S16_pipe_P16_equal_K1600_b512_s20k_seed1,1435,,/eagle/lc-mpi/Zhiqing/polaris_ebm/runs_long_k_multinode_sweep/pbs/S16_pipe_P16_equal_K1600_b512_s20k_seed1.pbs,/eagle/lc-mpi/Zhiqing/polaris_ebm/runs_long_k_multinode_sweep/runs/M0/S16/S16_pipe_P16_equal_K1600_b512_s20k_seed1,/eagle/lc-mpi/Zhiqing/polaris_ebm/runs_long_k_multinode_sweep/logs/S16_pipe_P16_equal_K1600_b512_s20k_seed1.pbs.out,/eagle/lc-mpi/Zhiqing/polaris_ebm/runs_long_k_multinode_sweep/logs/S16_pipe_P16_equal_K1600_b512_s20k_seed1.pbs.out.prev_7175232_20260529_203654,2026-05-29T20:36:54Z,qsub_failed,qsub: would exceed queue generic's per-user limit
7175256.polaris-pbs-01.hsn.cm.polaris.alcf.anl.gov,,S16_pipe_P16_equal_K400_b512_s20k_seed1,6169,/eagle/lc-mpi/Zhiqing/polaris_ebm/runs_long_k_multinode_sweep/runs/M0/S16/S16_pipe_P16_equal_K400_b512_s20k_seed1/checkpoints/ckpt_step4999.pt,/eagle/lc-mpi/Zhiqing/polaris_ebm/runs_long_k_multinode_sweep/pbs/S16_pipe_P16_equal_K400_b512_s20k_seed1.pbs,/eagle/lc-mpi/Zhiqing/polaris_ebm/runs_long_k_multinode_sweep/runs/M0/S16/S16_pipe_P16_equal_K400_b512_s20k_seed1,/eagle/lc-mpi/Zhiqing/polaris_ebm/runs_long_k_multinode_sweep/logs/S16_pipe_P16_equal_K400_b512_s20k_seed1.pbs.out,/eagle/lc-mpi/Zhiqing/polaris_ebm/runs_long_k_multinode_sweep/logs/S16_pipe_P16_equal_K400_b512_s20k_seed1.pbs.out.prev_7175256_20260529_203654,2026-05-29T20:36:54Z,qsub_failed,qsub: would exceed queue generic's per-user limit
7174781.polaris-pbs-01.hsn.cm.polaris.alcf.anl.gov,,S16_single_fullk_K1600_b512_s20k_seed1,15475,/eagle/lc-mpi/Zhiqing/polaris_ebm/runs_long_k_multinode_sweep/runs/M0/S16/S16_single_fullk_K1600_b512_s20k_seed1/checkpoints/ckpt_step14999.pt,/eagle/lc-mpi/Zhiqing/polaris_ebm/runs_long_k_multinode_sweep/pbs/S16_single_fullk_K1600_b512_s20k_seed1.pbs,/eagle/lc-mpi/Zhiqing/polaris_ebm/runs_long_k_multinode_sweep/runs/M0/S16/S16_single_fullk_K1600_b512_s20k_seed1,/eagle/lc-mpi/Zhiqing/polaris_ebm/runs_long_k_multinode_sweep/logs/S16_single_fullk_K1600_b512_s20k_seed1.pbs.out,/eagle/lc-mpi/Zhiqing/polaris_ebm/runs_long_k_multinode_sweep/logs/S16_single_fullk_K1600_b512_s20k_seed1.pbs.out.prev_7174781_20260529_203654,2026-05-29T20:36:54Z,qsub_failed,qsub: would exceed queue generic's per-user limit
7175169.polaris-pbs-01.hsn.cm.polaris.alcf.anl.gov,,S32_ddp_fullk_K1600_b1024_s20k_seed1,120,,/eagle/lc-mpi/Zhiqing/polaris_ebm/runs_long_k_multinode_sweep/pbs/S32_ddp_fullk_K1600_b1024_s20k_seed1.pbs,/eagle/lc-mpi/Zhiqing/polaris_ebm/runs_long_k_multinode_sweep/runs/M0/S32/S32_ddp_fullk_K1600_b1024_s20k_seed1,/eagle/lc-mpi/Zhiqing/polaris_ebm/runs_long_k_multinode_sweep/logs/S32_ddp_fullk_K1600_b1024_s20k_seed1.pbs.out,/eagle/lc-mpi/Zhiqing/polaris_ebm/runs_long_k_multinode_sweep/logs/S32_ddp_fullk_K1600_b1024_s20k_seed1.pbs.out.prev_7175169_20260529_203654,2026-05-29T20:36:54Z,qsub_failed,qsub: would exceed queue generic's per-user limit
7175216.polaris-pbs-01.hsn.cm.polaris.alcf.anl.gov,,S32_ddp_fullk_K800_b1024_s20k_seed1,229,,/eagle/lc-mpi/Zhiqing/polaris_ebm/runs_long_k_multinode_sweep/pbs/S32_ddp_fullk_K800_b1024_s20k_seed1.pbs,/eagle/lc-mpi/Zhiqing/polaris_ebm/runs_long_k_multinode_sweep/runs/M0/S32/S32_ddp_fullk_K800_b1024_s20k_seed1,/eagle/lc-mpi/Zhiqing/polaris_ebm/runs_long_k_multinode_sweep/logs/S32_ddp_fullk_K800_b1024_s20k_seed1.pbs.out,/eagle/lc-mpi/Zhiqing/polaris_ebm/runs_long_k_multinode_sweep/logs/S32_ddp_fullk_K800_b1024_s20k_seed1.pbs.out.prev_7175216_20260529_203654,2026-05-29T20:36:54Z,qsub_failed,qsub: would exceed queue generic's per-user limit
7175020.polaris-pbs-01.hsn.cm.polaris.alcf.anl.gov,,S32_pipe_P32_equal_K400_b1024_s20k_seed1,959,,/eagle/lc-mpi/Zhiqing/polaris_ebm/runs_long_k_multinode_sweep/pbs/S32_pipe_P32_equal_K400_b1024_s20k_seed1.pbs,/eagle/lc-mpi/Zhiqing/polaris_ebm/runs_long_k_multinode_sweep/runs/M0/S32/S32_pipe_P32_equal_K400_b1024_s20k_seed1,/eagle/lc-mpi/Zhiqing/polaris_ebm/runs_long_k_multinode_sweep/logs/S32_pipe_P32_equal_K400_b1024_s20k_seed1.pbs.out,/eagle/lc-mpi/Zhiqing/polaris_ebm/runs_long_k_multinode_sweep/logs/S32_pipe_P32_equal_K400_b1024_s20k_seed1.pbs.out.prev_7175020_20260529_203654,2026-05-29T20:36:54Z,qsub_failed,qsub: would exceed queue generic's per-user limit
7174786.polaris-pbs-01.hsn.cm.polaris.alcf.anl.gov,,S32_single_fullk_K1600_b1024_s20k_seed1,5400,/eagle/lc-mpi/Zhiqing/polaris_ebm/runs_long_k_multinode_sweep/runs/M0/S32/S32_single_fullk_K1600_b1024_s20k_seed1/checkpoints/ckpt_step4999.pt,/eagle/lc-mpi/Zhiqing/polaris_ebm/runs_long_k_multinode_sweep/pbs/S32_single_fullk_K1600_b1024_s20k_seed1.pbs,/eagle/lc-mpi/Zhiqing/polaris_ebm/runs_long_k_multinode_sweep/runs/M0/S32/S32_single_fullk_K1600_b1024_s20k_seed1,/eagle/lc-mpi/Zhiqing/polaris_ebm/runs_long_k_multinode_sweep/logs/S32_single_fullk_K1600_b1024_s20k_seed1.pbs.out,/eagle/lc-mpi/Zhiqing/polaris_ebm/runs_long_k_multinode_sweep/logs/S32_single_fullk_K1600_b1024_s20k_seed1.pbs.out.prev_7174786_20260529_203654,2026-05-29T20:36:54Z,qsub_failed,qsub: would exceed queue generic's per-user limit
7174834.polaris-pbs-01.hsn.cm.polaris.alcf.anl.gov,,S32_single_fullk_K800_b1024_s20k_seed1,15466,/eagle/lc-mpi/Zhiqing/polaris_ebm/runs_long_k_multinode_sweep/runs/M0/S32/S32_single_fullk_K800_b1024_s20k_seed1/checkpoints/ckpt_step14999.pt,/eagle/lc-mpi/Zhiqing/polaris_ebm/runs_long_k_multinode_sweep/pbs/S32_single_fullk_K800_b1024_s20k_seed1.pbs,/eagle/lc-mpi/Zhiqing/polaris_ebm/runs_long_k_multinode_sweep/runs/M0/S32/S32_single_fullk_K800_b1024_s20k_seed1,/eagle/lc-mpi/Zhiqing/polaris_ebm/runs_long_k_multinode_sweep/logs/S32_single_fullk_K800_b1024_s20k_seed1.pbs.out,/eagle/lc-mpi/Zhiqing/polaris_ebm/runs_long_k_multinode_sweep/logs/S32_single_fullk_K800_b1024_s20k_seed1.pbs.out.prev_7174834_20260529_203654,2026-05-29T20:36:54Z,qsub_failed,qsub: would exceed queue generic's per-user limit
7175214.polaris-pbs-01.hsn.cm.polaris.alcf.anl.gov,,S16_ddp_fullk_K800_b512_s20k_seed1,247,,/eagle/lc-mpi/Zhiqing/polaris_ebm/runs_long_k_multinode_sweep/pbs/S16_ddp_fullk_K800_b512_s20k_seed1.pbs,/eagle/lc-mpi/Zhiqing/polaris_ebm/runs_long_k_multinode_sweep/runs/M0/S16/S16_ddp_fullk_K800_b512_s20k_seed1,/eagle/lc-mpi/Zhiqing/polaris_ebm/runs_long_k_multinode_sweep/logs/S16_ddp_fullk_K800_b512_s20k_seed1.pbs.out,/eagle/lc-mpi/Zhiqing/polaris_ebm/runs_long_k_multinode_sweep/logs/S16_ddp_fullk_K800_b512_s20k_seed1.pbs.out.prev_7175214_20260529_203904,2026-05-29T20:39:04Z,qsub_failed,qsub: would exceed queue generic's per-user limit
7175232.polaris-pbs-01.hsn.cm.polaris.alcf.anl.gov,,S16_pipe_P16_equal_K1600_b512_s20k_seed1,1435,,/eagle/lc-mpi/Zhiqing/polaris_ebm/runs_long_k_multinode_sweep/pbs/S16_pipe_P16_equal_K1600_b512_s20k_seed1.pbs,/eagle/lc-mpi/Zhiqing/polaris_ebm/runs_long_k_multinode_sweep/runs/M0/S16/S16_pipe_P16_equal_K1600_b512_s20k_seed1,/eagle/lc-mpi/Zhiqing/polaris_ebm/runs_long_k_multinode_sweep/logs/S16_pipe_P16_equal_K1600_b512_s20k_seed1.pbs.out,/eagle/lc-mpi/Zhiqing/polaris_ebm/runs_long_k_multinode_sweep/logs/S16_pipe_P16_equal_K1600_b512_s20k_seed1.pbs.out.prev_7175232_20260529_203904,2026-05-29T20:39:04Z,qsub_failed,qsub: would exceed queue generic's per-user limit
7175256.polaris-pbs-01.hsn.cm.polaris.alcf.anl.gov,,S16_pipe_P16_equal_K400_b512_s20k_seed1,6169,/eagle/lc-mpi/Zhiqing/polaris_ebm/runs_long_k_multinode_sweep/runs/M0/S16/S16_pipe_P16_equal_K400_b512_s20k_seed1/checkpoints/ckpt_step4999.pt,/eagle/lc-mpi/Zhiqing/polaris_ebm/runs_long_k_multinode_sweep/pbs/S16_pipe_P16_equal_K400_b512_s20k_seed1.pbs,/eagle/lc-mpi/Zhiqing/polaris_ebm/runs_long_k_multinode_sweep/runs/M0/S16/S16_pipe_P16_equal_K400_b512_s20k_seed1,/eagle/lc-mpi/Zhiqing/polaris_ebm/runs_long_k_multinode_sweep/logs/S16_pipe_P16_equal_K400_b512_s20k_seed1.pbs.out,/eagle/lc-mpi/Zhiqing/polaris_ebm/runs_long_k_multinode_sweep/logs/S16_pipe_P16_equal_K400_b512_s20k_seed1.pbs.out.prev_7175256_20260529_203904,2026-05-29T20:39:04Z,qsub_failed,qsub: would exceed queue generic's per-user limit
7174781.polaris-pbs-01.hsn.cm.polaris.alcf.anl.gov,,S16_single_fullk_K1600_b512_s20k_seed1,15475,/eagle/lc-mpi/Zhiqing/polaris_ebm/runs_long_k_multinode_sweep/runs/M0/S16/S16_single_fullk_K1600_b512_s20k_seed1/checkpoints/ckpt_step14999.pt,/eagle/lc-mpi/Zhiqing/polaris_ebm/runs_long_k_multinode_sweep/pbs/S16_single_fullk_K1600_b512_s20k_seed1.pbs,/eagle/lc-mpi/Zhiqing/polaris_ebm/runs_long_k_multinode_sweep/runs/M0/S16/S16_single_fullk_K1600_b512_s20k_seed1,/eagle/lc-mpi/Zhiqing/polaris_ebm/runs_long_k_multinode_sweep/logs/S16_single_fullk_K1600_b512_s20k_seed1.pbs.out,/eagle/lc-mpi/Zhiqing/polaris_ebm/runs_long_k_multinode_sweep/logs/S16_single_fullk_K1600_b512_s20k_seed1.pbs.out.prev_7174781_20260529_203904,2026-05-29T20:39:04Z,qsub_failed,qsub: would exceed queue generic's per-user limit
7175169.polaris-pbs-01.hsn.cm.polaris.alcf.anl.gov,,S32_ddp_fullk_K1600_b1024_s20k_seed1,120,,/eagle/lc-mpi/Zhiqing/polaris_ebm/runs_long_k_multinode_sweep/pbs/S32_ddp_fullk_K1600_b1024_s20k_seed1.pbs,/eagle/lc-mpi/Zhiqing/polaris_ebm/runs_long_k_multinode_sweep/runs/M0/S32/S32_ddp_fullk_K1600_b1024_s20k_seed1,/eagle/lc-mpi/Zhiqing/polaris_ebm/runs_long_k_multinode_sweep/logs/S32_ddp_fullk_K1600_b1024_s20k_seed1.pbs.out,/eagle/lc-mpi/Zhiqing/polaris_ebm/runs_long_k_multinode_sweep/logs/S32_ddp_fullk_K1600_b1024_s20k_seed1.pbs.out.prev_7175169_20260529_203904,2026-05-29T20:39:04Z,qsub_failed,qsub: would exceed queue generic's per-user limit
7175216.polaris-pbs-01.hsn.cm.polaris.alcf.anl.gov,,S32_ddp_fullk_K800_b1024_s20k_seed1,229,,/eagle/lc-mpi/Zhiqing/polaris_ebm/runs_long_k_multinode_sweep/pbs/S32_ddp_fullk_K800_b1024_s20k_seed1.pbs,/eagle/lc-mpi/Zhiqing/polaris_ebm/runs_long_k_multinode_sweep/runs/M0/S32/S32_ddp_fullk_K800_b1024_s20k_seed1,/eagle/lc-mpi/Zhiqing/polaris_ebm/runs_long_k_multinode_sweep/logs/S32_ddp_fullk_K800_b1024_s20k_seed1.pbs.out,/eagle/lc-mpi/Zhiqing/polaris_ebm/runs_long_k_multinode_sweep/logs/S32_ddp_fullk_K800_b1024_s20k_seed1.pbs.out.prev_7175216_20260529_203904,2026-05-29T20:39:04Z,qsub_failed,qsub: would exceed queue generic's per-user limit
7175020.polaris-pbs-01.hsn.cm.polaris.alcf.anl.gov,,S32_pipe_P32_equal_K400_b1024_s20k_seed1,959,,/eagle/lc-mpi/Zhiqing/polaris_ebm/runs_long_k_multinode_sweep/pbs/S32_pipe_P32_equal_K400_b1024_s20k_seed1.pbs,/eagle/lc-mpi/Zhiqing/polaris_ebm/runs_long_k_multinode_sweep/runs/M0/S32/S32_pipe_P32_equal_K400_b1024_s20k_seed1,/eagle/lc-mpi/Zhiqing/polaris_ebm/runs_long_k_multinode_sweep/logs/S32_pipe_P32_equal_K400_b1024_s20k_seed1.pbs.out,/eagle/lc-mpi/Zhiqing/polaris_ebm/runs_long_k_multinode_sweep/logs/S32_pipe_P32_equal_K400_b1024_s20k_seed1.pbs.out.prev_7175020_20260529_203904,2026-05-29T20:39:04Z,qsub_failed,qsub: would exceed queue generic's per-user limit
7174786.polaris-pbs-01.hsn.cm.polaris.alcf.anl.gov,,S32_single_fullk_K1600_b1024_s20k_seed1,5400,/eagle/lc-mpi/Zhiqing/polaris_ebm/runs_long_k_multinode_sweep/runs/M0/S32/S32_single_fullk_K1600_b1024_s20k_seed1/checkpoints/ckpt_step4999.pt,/eagle/lc-mpi/Zhiqing/polaris_ebm/runs_long_k_multinode_sweep/pbs/S32_single_fullk_K1600_b1024_s20k_seed1.pbs,/eagle/lc-mpi/Zhiqing/polaris_ebm/runs_long_k_multinode_sweep/runs/M0/S32/S32_single_fullk_K1600_b1024_s20k_seed1,/eagle/lc-mpi/Zhiqing/polaris_ebm/runs_long_k_multinode_sweep/logs/S32_single_fullk_K1600_b1024_s20k_seed1.pbs.out,/eagle/lc-mpi/Zhiqing/polaris_ebm/runs_long_k_multinode_sweep/logs/S32_single_fullk_K1600_b1024_s20k_seed1.pbs.out.prev_7174786_20260529_203904,2026-05-29T20:39:04Z,qsub_failed,qsub: would exceed queue generic's per-user limit
7174834.polaris-pbs-01.hsn.cm.polaris.alcf.anl.gov,,S32_single_fullk_K800_b1024_s20k_seed1,15466,/eagle/lc-mpi/Zhiqing/polaris_ebm/runs_long_k_multinode_sweep/runs/M0/S32/S32_single_fullk_K800_b1024_s20k_seed1/checkpoints/ckpt_step14999.pt,/eagle/lc-mpi/Zhiqing/polaris_ebm/runs_long_k_multinode_sweep/pbs/S32_single_fullk_K800_b1024_s20k_seed1.pbs,/eagle/lc-mpi/Zhiqing/polaris_ebm/runs_long_k_multinode_sweep/runs/M0/S32/S32_single_fullk_K800_b1024_s20k_seed1,/eagle/lc-mpi/Zhiqing/polaris_ebm/runs_long_k_multinode_sweep/logs/S32_single_fullk_K800_b1024_s20k_seed1.pbs.out,/eagle/lc-mpi/Zhiqing/polaris_ebm/runs_long_k_multinode_sweep/logs/S32_single_fullk_K800_b1024_s20k_seed1.pbs.out.prev_7174834_20260529_203904,2026-05-29T20:39:04Z,qsub_failed,qsub: would exceed queue generic's per-user limit
7175214.polaris-pbs-01.hsn.cm.polaris.alcf.anl.gov,,S16_ddp_fullk_K800_b512_s20k_seed1,247,,/eagle/lc-mpi/Zhiqing/polaris_ebm/runs_long_k_multinode_sweep/pbs/S16_ddp_fullk_K800_b512_s20k_seed1.pbs,/eagle/lc-mpi/Zhiqing/polaris_ebm/runs_long_k_multinode_sweep/runs/M0/S16/S16_ddp_fullk_K800_b512_s20k_seed1,/eagle/lc-mpi/Zhiqing/polaris_ebm/runs_long_k_multinode_sweep/logs/S16_ddp_fullk_K800_b512_s20k_seed1.pbs.out,/eagle/lc-mpi/Zhiqing/polaris_ebm/runs_long_k_multinode_sweep/logs/S16_ddp_fullk_K800_b512_s20k_seed1.pbs.out.prev_7175214_20260529_210909,2026-05-29T21:09:09Z,qsub_failed,qsub: would exceed queue generic's per-user limit
7175232.polaris-pbs-01.hsn.cm.polaris.alcf.anl.gov,,S16_pipe_P16_equal_K1600_b512_s20k_seed1,1435,,/eagle/lc-mpi/Zhiqing/polaris_ebm/runs_long_k_multinode_sweep/pbs/S16_pipe_P16_equal_K1600_b512_s20k_seed1.pbs,/eagle/lc-mpi/Zhiqing/polaris_ebm/runs_long_k_multinode_sweep/runs/M0/S16/S16_pipe_P16_equal_K1600_b512_s20k_seed1,/eagle/lc-mpi/Zhiqing/polaris_ebm/runs_long_k_multinode_sweep/logs/S16_pipe_P16_equal_K1600_b512_s20k_seed1.pbs.out,/eagle/lc-mpi/Zhiqing/polaris_ebm/runs_long_k_multinode_sweep/logs/S16_pipe_P16_equal_K1600_b512_s20k_seed1.pbs.out.prev_7175232_20260529_210909,2026-05-29T21:09:09Z,qsub_failed,qsub: would exceed queue generic's per-user limit
7175256.polaris-pbs-01.hsn.cm.polaris.alcf.anl.gov,,S16_pipe_P16_equal_K400_b512_s20k_seed1,6169,/eagle/lc-mpi/Zhiqing/polaris_ebm/runs_long_k_multinode_sweep/runs/M0/S16/S16_pipe_P16_equal_K400_b512_s20k_seed1/checkpoints/ckpt_step4999.pt,/eagle/lc-mpi/Zhiqing/polaris_ebm/runs_long_k_multinode_sweep/pbs/S16_pipe_P16_equal_K400_b512_s20k_seed1.pbs,/eagle/lc-mpi/Zhiqing/polaris_ebm/runs_long_k_multinode_sweep/runs/M0/S16/S16_pipe_P16_equal_K400_b512_s20k_seed1,/eagle/lc-mpi/Zhiqing/polaris_ebm/runs_long_k_multinode_sweep/logs/S16_pipe_P16_equal_K400_b512_s20k_seed1.pbs.out,/eagle/lc-mpi/Zhiqing/polaris_ebm/runs_long_k_multinode_sweep/logs/S16_pipe_P16_equal_K400_b512_s20k_seed1.pbs.out.prev_7175256_20260529_210909,2026-05-29T21:09:09Z,qsub_failed,qsub: would exceed queue generic's per-user limit
7174781.polaris-pbs-01.hsn.cm.polaris.alcf.anl.gov,,S16_single_fullk_K1600_b512_s20k_seed1,15475,/eagle/lc-mpi/Zhiqing/polaris_ebm/runs_long_k_multinode_sweep/runs/M0/S16/S16_single_fullk_K1600_b512_s20k_seed1/checkpoints/ckpt_step14999.pt,/eagle/lc-mpi/Zhiqing/polaris_ebm/runs_long_k_multinode_sweep/pbs/S16_single_fullk_K1600_b512_s20k_seed1.pbs,/eagle/lc-mpi/Zhiqing/polaris_ebm/runs_long_k_multinode_sweep/runs/M0/S16/S16_single_fullk_K1600_b512_s20k_seed1,/eagle/lc-mpi/Zhiqing/polaris_ebm/runs_long_k_multinode_sweep/logs/S16_single_fullk_K1600_b512_s20k_seed1.pbs.out,/eagle/lc-mpi/Zhiqing/polaris_ebm/runs_long_k_multinode_sweep/logs/S16_single_fullk_K1600_b512_s20k_seed1.pbs.out.prev_7174781_20260529_210909,2026-05-29T21:09:09Z,qsub_failed,qsub: would exceed queue generic's per-user limit
7175169.polaris-pbs-01.hsn.cm.polaris.alcf.anl.gov,,S32_ddp_fullk_K1600_b1024_s20k_seed1,120,,/eagle/lc-mpi/Zhiqing/polaris_ebm/runs_long_k_multinode_sweep/pbs/S32_ddp_fullk_K1600_b1024_s20k_seed1.pbs,/eagle/lc-mpi/Zhiqing/polaris_ebm/runs_long_k_multinode_sweep/runs/M0/S32/S32_ddp_fullk_K1600_b1024_s20k_seed1,/eagle/lc-mpi/Zhiqing/polaris_ebm/runs_long_k_multinode_sweep/logs/S32_ddp_fullk_K1600_b1024_s20k_seed1.pbs.out,/eagle/lc-mpi/Zhiqing/polaris_ebm/runs_long_k_multinode_sweep/logs/S32_ddp_fullk_K1600_b1024_s20k_seed1.pbs.out.prev_7175169_20260529_210909,2026-05-29T21:09:09Z,qsub_failed,qsub: would exceed queue generic's per-user limit
7175216.polaris-pbs-01.hsn.cm.polaris.alcf.anl.gov,,S32_ddp_fullk_K800_b1024_s20k_seed1,229,,/eagle/lc-mpi/Zhiqing/polaris_ebm/runs_long_k_multinode_sweep/pbs/S32_ddp_fullk_K800_b1024_s20k_seed1.pbs,/eagle/lc-mpi/Zhiqing/polaris_ebm/runs_long_k_multinode_sweep/runs/M0/S32/S32_ddp_fullk_K800_b1024_s20k_seed1,/eagle/lc-mpi/Zhiqing/polaris_ebm/runs_long_k_multinode_sweep/logs/S32_ddp_fullk_K800_b1024_s20k_seed1.pbs.out,/eagle/lc-mpi/Zhiqing/polaris_ebm/runs_long_k_multinode_sweep/logs/S32_ddp_fullk_K800_b1024_s20k_seed1.pbs.out.prev_7175216_20260529_210909,2026-05-29T21:09:09Z,qsub_failed,qsub: would exceed queue generic's per-user limit
7175020.polaris-pbs-01.hsn.cm.polaris.alcf.anl.gov,,S32_pipe_P32_equal_K400_b1024_s20k_seed1,959,,/eagle/lc-mpi/Zhiqing/polaris_ebm/runs_long_k_multinode_sweep/pbs/S32_pipe_P32_equal_K400_b1024_s20k_seed1.pbs,/eagle/lc-mpi/Zhiqing/polaris_ebm/runs_long_k_multinode_sweep/runs/M0/S32/S32_pipe_P32_equal_K400_b1024_s20k_seed1,/eagle/lc-mpi/Zhiqing/polaris_ebm/runs_long_k_multinode_sweep/logs/S32_pipe_P32_equal_K400_b1024_s20k_seed1.pbs.out,/eagle/lc-mpi/Zhiqing/polaris_ebm/runs_long_k_multinode_sweep/logs/S32_pipe_P32_equal_K400_b1024_s20k_seed1.pbs.out.prev_7175020_20260529_210909,2026-05-29T21:09:09Z,qsub_failed,qsub: would exceed queue generic's per-user limit
7174786.polaris-pbs-01.hsn.cm.polaris.alcf.anl.gov,,S32_single_fullk_K1600_b1024_s20k_seed1,5400,/eagle/lc-mpi/Zhiqing/polaris_ebm/runs_long_k_multinode_sweep/runs/M0/S32/S32_single_fullk_K1600_b1024_s20k_seed1/checkpoints/ckpt_step4999.pt,/eagle/lc-mpi/Zhiqing/polaris_ebm/runs_long_k_multinode_sweep/pbs/S32_single_fullk_K1600_b1024_s20k_seed1.pbs,/eagle/lc-mpi/Zhiqing/polaris_ebm/runs_long_k_multinode_sweep/runs/M0/S32/S32_single_fullk_K1600_b1024_s20k_seed1,/eagle/lc-mpi/Zhiqing/polaris_ebm/runs_long_k_multinode_sweep/logs/S32_single_fullk_K1600_b1024_s20k_seed1.pbs.out,/eagle/lc-mpi/Zhiqing/polaris_ebm/runs_long_k_multinode_sweep/logs/S32_single_fullk_K1600_b1024_s20k_seed1.pbs.out.prev_7174786_20260529_210909,2026-05-29T21:09:09Z,qsub_failed,qsub: would exceed queue generic's per-user limit
7174834.polaris-pbs-01.hsn.cm.polaris.alcf.anl.gov,,S32_single_fullk_K800_b1024_s20k_seed1,15466,/eagle/lc-mpi/Zhiqing/polaris_ebm/runs_long_k_multinode_sweep/runs/M0/S32/S32_single_fullk_K800_b1024_s20k_seed1/checkpoints/ckpt_step14999.pt,/eagle/lc-mpi/Zhiqing/polaris_ebm/runs_long_k_multinode_sweep/pbs/S32_single_fullk_K800_b1024_s20k_seed1.pbs,/eagle/lc-mpi/Zhiqing/polaris_ebm/runs_long_k_multinode_sweep/runs/M0/S32/S32_single_fullk_K800_b1024_s20k_seed1,/eagle/lc-mpi/Zhiqing/polaris_ebm/runs_long_k_multinode_sweep/logs/S32_single_fullk_K800_b1024_s20k_seed1.pbs.out,/eagle/lc-mpi/Zhiqing/polaris_ebm/runs_long_k_multinode_sweep/logs/S32_single_fullk_K800_b1024_s20k_seed1.pbs.out.prev_7174834_20260529_210909,2026-05-29T21:09:09Z,qsub_failed,qsub: would exceed queue generic's per-user limit
7175214.polaris-pbs-01.hsn.cm.polaris.alcf.anl.gov,,S16_ddp_fullk_K800_b512_s20k_seed1,247,,/eagle/lc-mpi/Zhiqing/polaris_ebm/runs_long_k_multinode_sweep/pbs/S16_ddp_fullk_K800_b512_s20k_seed1.pbs,/eagle/lc-mpi/Zhiqing/polaris_ebm/runs_long_k_multinode_sweep/runs/M0/S16/S16_ddp_fullk_K800_b512_s20k_seed1,/eagle/lc-mpi/Zhiqing/polaris_ebm/runs_long_k_multinode_sweep/logs/S16_ddp_fullk_K800_b512_s20k_seed1.pbs.out,/eagle/lc-mpi/Zhiqing/polaris_ebm/runs_long_k_multinode_sweep/logs/S16_ddp_fullk_K800_b512_s20k_seed1.pbs.out.prev_7175214_20260529_213913,2026-05-29T21:39:13Z,qsub_failed,qsub: would exceed queue generic's per-user limit
7175232.polaris-pbs-01.hsn.cm.polaris.alcf.anl.gov,,S16_pipe_P16_equal_K1600_b512_s20k_seed1,1435,,/eagle/lc-mpi/Zhiqing/polaris_ebm/runs_long_k_multinode_sweep/pbs/S16_pipe_P16_equal_K1600_b512_s20k_seed1.pbs,/eagle/lc-mpi/Zhiqing/polaris_ebm/runs_long_k_multinode_sweep/runs/M0/S16/S16_pipe_P16_equal_K1600_b512_s20k_seed1,/eagle/lc-mpi/Zhiqing/polaris_ebm/runs_long_k_multinode_sweep/logs/S16_pipe_P16_equal_K1600_b512_s20k_seed1.pbs.out,/eagle/lc-mpi/Zhiqing/polaris_ebm/runs_long_k_multinode_sweep/logs/S16_pipe_P16_equal_K1600_b512_s20k_seed1.pbs.out.prev_7175232_20260529_213913,2026-05-29T21:39:13Z,qsub_failed,qsub: would exceed queue generic's per-user limit
7175256.polaris-pbs-01.hsn.cm.polaris.alcf.anl.gov,,S16_pipe_P16_equal_K400_b512_s20k_seed1,6169,/eagle/lc-mpi/Zhiqing/polaris_ebm/runs_long_k_multinode_sweep/runs/M0/S16/S16_pipe_P16_equal_K400_b512_s20k_seed1/checkpoints/ckpt_step4999.pt,/eagle/lc-mpi/Zhiqing/polaris_ebm/runs_long_k_multinode_sweep/pbs/S16_pipe_P16_equal_K400_b512_s20k_seed1.pbs,/eagle/lc-mpi/Zhiqing/polaris_ebm/runs_long_k_multinode_sweep/runs/M0/S16/S16_pipe_P16_equal_K400_b512_s20k_seed1,/eagle/lc-mpi/Zhiqing/polaris_ebm/runs_long_k_multinode_sweep/logs/S16_pipe_P16_equal_K400_b512_s20k_seed1.pbs.out,/eagle/lc-mpi/Zhiqing/polaris_ebm/runs_long_k_multinode_sweep/logs/S16_pipe_P16_equal_K400_b512_s20k_seed1.pbs.out.prev_7175256_20260529_213913,2026-05-29T21:39:13Z,qsub_failed,qsub: would exceed queue generic's per-user limit
7174781.polaris-pbs-01.hsn.cm.polaris.alcf.anl.gov,,S16_single_fullk_K1600_b512_s20k_seed1,15475,/eagle/lc-mpi/Zhiqing/polaris_ebm/runs_long_k_multinode_sweep/runs/M0/S16/S16_single_fullk_K1600_b512_s20k_seed1/checkpoints/ckpt_step14999.pt,/eagle/lc-mpi/Zhiqing/polaris_ebm/runs_long_k_multinode_sweep/pbs/S16_single_fullk_K1600_b512_s20k_seed1.pbs,/eagle/lc-mpi/Zhiqing/polaris_ebm/runs_long_k_multinode_sweep/runs/M0/S16/S16_single_fullk_K1600_b512_s20k_seed1,/eagle/lc-mpi/Zhiqing/polaris_ebm/runs_long_k_multinode_sweep/logs/S16_single_fullk_K1600_b512_s20k_seed1.pbs.out,/eagle/lc-mpi/Zhiqing/polaris_ebm/runs_long_k_multinode_sweep/logs/S16_single_fullk_K1600_b512_s20k_seed1.pbs.out.prev_7174781_20260529_213913,2026-05-29T21:39:13Z,qsub_failed,qsub: would exceed queue generic's per-user limit
7175169.polaris-pbs-01.hsn.cm.polaris.alcf.anl.gov,,S32_ddp_fullk_K1600_b1024_s20k_seed1,120,,/eagle/lc-mpi/Zhiqing/polaris_ebm/runs_long_k_multinode_sweep/pbs/S32_ddp_fullk_K1600_b1024_s20k_seed1.pbs,/eagle/lc-mpi/Zhiqing/polaris_ebm/runs_long_k_multinode_sweep/runs/M0/S32/S32_ddp_fullk_K1600_b1024_s20k_seed1,/eagle/lc-mpi/Zhiqing/polaris_ebm/runs_long_k_multinode_sweep/logs/S32_ddp_fullk_K1600_b1024_s20k_seed1.pbs.out,/eagle/lc-mpi/Zhiqing/polaris_ebm/runs_long_k_multinode_sweep/logs/S32_ddp_fullk_K1600_b1024_s20k_seed1.pbs.out.prev_7175169_20260529_213913,2026-05-29T21:39:13Z,qsub_failed,qsub: would exceed queue generic's per-user limit
7175216.polaris-pbs-01.hsn.cm.polaris.alcf.anl.gov,,S32_ddp_fullk_K800_b1024_s20k_seed1,229,,/eagle/lc-mpi/Zhiqing/polaris_ebm/runs_long_k_multinode_sweep/pbs/S32_ddp_fullk_K800_b1024_s20k_seed1.pbs,/eagle/lc-mpi/Zhiqing/polaris_ebm/runs_long_k_multinode_sweep/runs/M0/S32/S32_ddp_fullk_K800_b1024_s20k_seed1,/eagle/lc-mpi/Zhiqing/polaris_ebm/runs_long_k_multinode_sweep/logs/S32_ddp_fullk_K800_b1024_s20k_seed1.pbs.out,/eagle/lc-mpi/Zhiqing/polaris_ebm/runs_long_k_multinode_sweep/logs/S32_ddp_fullk_K800_b1024_s20k_seed1.pbs.out.prev_7175216_20260529_213913,2026-05-29T21:39:13Z,qsub_failed,qsub: would exceed queue generic's per-user limit
7175020.polaris-pbs-01.hsn.cm.polaris.alcf.anl.gov,,S32_pipe_P32_equal_K400_b1024_s20k_seed1,959,,/eagle/lc-mpi/Zhiqing/polaris_ebm/runs_long_k_multinode_sweep/pbs/S32_pipe_P32_equal_K400_b1024_s20k_seed1.pbs,/eagle/lc-mpi/Zhiqing/polaris_ebm/runs_long_k_multinode_sweep/runs/M0/S32/S32_pipe_P32_equal_K400_b1024_s20k_seed1,/eagle/lc-mpi/Zhiqing/polaris_ebm/runs_long_k_multinode_sweep/logs/S32_pipe_P32_equal_K400_b1024_s20k_seed1.pbs.out,/eagle/lc-mpi/Zhiqing/polaris_ebm/runs_long_k_multinode_sweep/logs/S32_pipe_P32_equal_K400_b1024_s20k_seed1.pbs.out.prev_7175020_20260529_213913,2026-05-29T21:39:13Z,qsub_failed,qsub: would exceed queue generic's per-user limit
7174786.polaris-pbs-01.hsn.cm.polaris.alcf.anl.gov,,S32_single_fullk_K1600_b1024_s20k_seed1,5400,/eagle/lc-mpi/Zhiqing/polaris_ebm/runs_long_k_multinode_sweep/runs/M0/S32/S32_single_fullk_K1600_b1024_s20k_seed1/checkpoints/ckpt_step4999.pt,/eagle/lc-mpi/Zhiqing/polaris_ebm/runs_long_k_multinode_sweep/pbs/S32_single_fullk_K1600_b1024_s20k_seed1.pbs,/eagle/lc-mpi/Zhiqing/polaris_ebm/runs_long_k_multinode_sweep/runs/M0/S32/S32_single_fullk_K1600_b1024_s20k_seed1,/eagle/lc-mpi/Zhiqing/polaris_ebm/runs_long_k_multinode_sweep/logs/S32_single_fullk_K1600_b1024_s20k_seed1.pbs.out,/eagle/lc-mpi/Zhiqing/polaris_ebm/runs_long_k_multinode_sweep/logs/S32_single_fullk_K1600_b1024_s20k_seed1.pbs.out.prev_7174786_20260529_213913,2026-05-29T21:39:13Z,qsub_failed,qsub: would exceed queue generic's per-user limit
7174834.polaris-pbs-01.hsn.cm.polaris.alcf.anl.gov,,S32_single_fullk_K800_b1024_s20k_seed1,15466,/eagle/lc-mpi/Zhiqing/polaris_ebm/runs_long_k_multinode_sweep/runs/M0/S32/S32_single_fullk_K800_b1024_s20k_seed1/checkpoints/ckpt_step14999.pt,/eagle/lc-mpi/Zhiqing/polaris_ebm/runs_long_k_multinode_sweep/pbs/S32_single_fullk_K800_b1024_s20k_seed1.pbs,/eagle/lc-mpi/Zhiqing/polaris_ebm/runs_long_k_multinode_sweep/runs/M0/S32/S32_single_fullk_K800_b1024_s20k_seed1,/eagle/lc-mpi/Zhiqing/polaris_ebm/runs_long_k_multinode_sweep/logs/S32_single_fullk_K800_b1024_s20k_seed1.pbs.out,/eagle/lc-mpi/Zhiqing/polaris_ebm/runs_long_k_multinode_sweep/logs/S32_single_fullk_K800_b1024_s20k_seed1.pbs.out.prev_7174834_20260529_213913,2026-05-29T21:39:13Z,qsub_failed,qsub: would exceed queue generic's per-user limit
7175214.polaris-pbs-01.hsn.cm.polaris.alcf.anl.gov,,S16_ddp_fullk_K800_b512_s20k_seed1,247,,/eagle/lc-mpi/Zhiqing/polaris_ebm/runs_long_k_multinode_sweep/pbs/S16_ddp_fullk_K800_b512_s20k_seed1.pbs,/eagle/lc-mpi/Zhiqing/polaris_ebm/runs_long_k_multinode_sweep/runs/M0/S16/S16_ddp_fullk_K800_b512_s20k_seed1,/eagle/lc-mpi/Zhiqing/polaris_ebm/runs_long_k_multinode_sweep/logs/S16_ddp_fullk_K800_b512_s20k_seed1.pbs.out,/eagle/lc-mpi/Zhiqing/polaris_ebm/runs_long_k_multinode_sweep/logs/S16_ddp_fullk_K800_b512_s20k_seed1.pbs.out.prev_7175214_20260529_220925,2026-05-29T22:09:25Z,qsub_failed,qsub: would exceed queue generic's per-user limit
7175232.polaris-pbs-01.hsn.cm.polaris.alcf.anl.gov,,S16_pipe_P16_equal_K1600_b512_s20k_seed1,1435,,/eagle/lc-mpi/Zhiqing/polaris_ebm/runs_long_k_multinode_sweep/pbs/S16_pipe_P16_equal_K1600_b512_s20k_seed1.pbs,/eagle/lc-mpi/Zhiqing/polaris_ebm/runs_long_k_multinode_sweep/runs/M0/S16/S16_pipe_P16_equal_K1600_b512_s20k_seed1,/eagle/lc-mpi/Zhiqing/polaris_ebm/runs_long_k_multinode_sweep/logs/S16_pipe_P16_equal_K1600_b512_s20k_seed1.pbs.out,/eagle/lc-mpi/Zhiqing/polaris_ebm/runs_long_k_multinode_sweep/logs/S16_pipe_P16_equal_K1600_b512_s20k_seed1.pbs.out.prev_7175232_20260529_220925,2026-05-29T22:09:25Z,qsub_failed,qsub: would exceed queue generic's per-user limit
7175256.polaris-pbs-01.hsn.cm.polaris.alcf.anl.gov,,S16_pipe_P16_equal_K400_b512_s20k_seed1,6169,/eagle/lc-mpi/Zhiqing/polaris_ebm/runs_long_k_multinode_sweep/runs/M0/S16/S16_pipe_P16_equal_K400_b512_s20k_seed1/checkpoints/ckpt_step4999.pt,/eagle/lc-mpi/Zhiqing/polaris_ebm/runs_long_k_multinode_sweep/pbs/S16_pipe_P16_equal_K400_b512_s20k_seed1.pbs,/eagle/lc-mpi/Zhiqing/polaris_ebm/runs_long_k_multinode_sweep/runs/M0/S16/S16_pipe_P16_equal_K400_b512_s20k_seed1,/eagle/lc-mpi/Zhiqing/polaris_ebm/runs_long_k_multinode_sweep/logs/S16_pipe_P16_equal_K400_b512_s20k_seed1.pbs.out,/eagle/lc-mpi/Zhiqing/polaris_ebm/runs_long_k_multinode_sweep/logs/S16_pipe_P16_equal_K400_b512_s20k_seed1.pbs.out.prev_7175256_20260529_220925,2026-05-29T22:09:25Z,qsub_failed,qsub: would exceed queue generic's per-user limit
7174781.polaris-pbs-01.hsn.cm.polaris.alcf.anl.gov,,S16_single_fullk_K1600_b512_s20k_seed1,15475,/eagle/lc-mpi/Zhiqing/polaris_ebm/runs_long_k_multinode_sweep/runs/M0/S16/S16_single_fullk_K1600_b512_s20k_seed1/checkpoints/ckpt_step14999.pt,/eagle/lc-mpi/Zhiqing/polaris_ebm/runs_long_k_multinode_sweep/pbs/S16_single_fullk_K1600_b512_s20k_seed1.pbs,/eagle/lc-mpi/Zhiqing/polaris_ebm/runs_long_k_multinode_sweep/runs/M0/S16/S16_single_fullk_K1600_b512_s20k_seed1,/eagle/lc-mpi/Zhiqing/polaris_ebm/runs_long_k_multinode_sweep/logs/S16_single_fullk_K1600_b512_s20k_seed1.pbs.out,/eagle/lc-mpi/Zhiqing/polaris_ebm/runs_long_k_multinode_sweep/logs/S16_single_fullk_K1600_b512_s20k_seed1.pbs.out.prev_7174781_20260529_220925,2026-05-29T22:09:25Z,qsub_failed,qsub: would exceed queue generic's per-user limit
7175169.polaris-pbs-01.hsn.cm.polaris.alcf.anl.gov,,S32_ddp_fullk_K1600_b1024_s20k_seed1,120,,/eagle/lc-mpi/Zhiqing/polaris_ebm/runs_long_k_multinode_sweep/pbs/S32_ddp_fullk_K1600_b1024_s20k_seed1.pbs,/eagle/lc-mpi/Zhiqing/polaris_ebm/runs_long_k_multinode_sweep/runs/M0/S32/S32_ddp_fullk_K1600_b1024_s20k_seed1,/eagle/lc-mpi/Zhiqing/polaris_ebm/runs_long_k_multinode_sweep/logs/S32_ddp_fullk_K1600_b1024_s20k_seed1.pbs.out,/eagle/lc-mpi/Zhiqing/polaris_ebm/runs_long_k_multinode_sweep/logs/S32_ddp_fullk_K1600_b1024_s20k_seed1.pbs.out.prev_7175169_20260529_220925,2026-05-29T22:09:25Z,qsub_failed,qsub: would exceed queue generic's per-user limit
7175216.polaris-pbs-01.hsn.cm.polaris.alcf.anl.gov,,S32_ddp_fullk_K800_b1024_s20k_seed1,229,,/eagle/lc-mpi/Zhiqing/polaris_ebm/runs_long_k_multinode_sweep/pbs/S32_ddp_fullk_K800_b1024_s20k_seed1.pbs,/eagle/lc-mpi/Zhiqing/polaris_ebm/runs_long_k_multinode_sweep/runs/M0/S32/S32_ddp_fullk_K800_b1024_s20k_seed1,/eagle/lc-mpi/Zhiqing/polaris_ebm/runs_long_k_multinode_sweep/logs/S32_ddp_fullk_K800_b1024_s20k_seed1.pbs.out,/eagle/lc-mpi/Zhiqing/polaris_ebm/runs_long_k_multinode_sweep/logs/S32_ddp_fullk_K800_b1024_s20k_seed1.pbs.out.prev_7175216_20260529_220925,2026-05-29T22:09:25Z,qsub_failed,qsub: would exceed queue generic's per-user limit
7175020.polaris-pbs-01.hsn.cm.polaris.alcf.anl.gov,,S32_pipe_P32_equal_K400_b1024_s20k_seed1,959,,/eagle/lc-mpi/Zhiqing/polaris_ebm/runs_long_k_multinode_sweep/pbs/S32_pipe_P32_equal_K400_b1024_s20k_seed1.pbs,/eagle/lc-mpi/Zhiqing/polaris_ebm/runs_long_k_multinode_sweep/runs/M0/S32/S32_pipe_P32_equal_K400_b1024_s20k_seed1,/eagle/lc-mpi/Zhiqing/polaris_ebm/runs_long_k_multinode_sweep/logs/S32_pipe_P32_equal_K400_b1024_s20k_seed1.pbs.out,/eagle/lc-mpi/Zhiqing/polaris_ebm/runs_long_k_multinode_sweep/logs/S32_pipe_P32_equal_K400_b1024_s20k_seed1.pbs.out.prev_7175020_20260529_220925,2026-05-29T22:09:25Z,qsub_failed,qsub: would exceed queue generic's per-user limit
7174786.polaris-pbs-01.hsn.cm.polaris.alcf.anl.gov,,S32_single_fullk_K1600_b1024_s20k_seed1,5400,/eagle/lc-mpi/Zhiqing/polaris_ebm/runs_long_k_multinode_sweep/runs/M0/S32/S32_single_fullk_K1600_b1024_s20k_seed1/checkpoints/ckpt_step4999.pt,/eagle/lc-mpi/Zhiqing/polaris_ebm/runs_long_k_multinode_sweep/pbs/S32_single_fullk_K1600_b1024_s20k_seed1.pbs,/eagle/lc-mpi/Zhiqing/polaris_ebm/runs_long_k_multinode_sweep/runs/M0/S32/S32_single_fullk_K1600_b1024_s20k_seed1,/eagle/lc-mpi/Zhiqing/polaris_ebm/runs_long_k_multinode_sweep/logs/S32_single_fullk_K1600_b1024_s20k_seed1.pbs.out,/eagle/lc-mpi/Zhiqing/polaris_ebm/runs_long_k_multinode_sweep/logs/S32_single_fullk_K1600_b1024_s20k_seed1.pbs.out.prev_7174786_20260529_220925,2026-05-29T22:09:25Z,qsub_failed,qsub: would exceed queue generic's per-user limit
7174834.polaris-pbs-01.hsn.cm.polaris.alcf.anl.gov,,S32_single_fullk_K800_b1024_s20k_seed1,15466,/eagle/lc-mpi/Zhiqing/polaris_ebm/runs_long_k_multinode_sweep/runs/M0/S32/S32_single_fullk_K800_b1024_s20k_seed1/checkpoints/ckpt_step14999.pt,/eagle/lc-mpi/Zhiqing/polaris_ebm/runs_long_k_multinode_sweep/pbs/S32_single_fullk_K800_b1024_s20k_seed1.pbs,/eagle/lc-mpi/Zhiqing/polaris_ebm/runs_long_k_multinode_sweep/runs/M0/S32/S32_single_fullk_K800_b1024_s20k_seed1,/eagle/lc-mpi/Zhiqing/polaris_ebm/runs_long_k_multinode_sweep/logs/S32_single_fullk_K800_b1024_s20k_seed1.pbs.out,/eagle/lc-mpi/Zhiqing/polaris_ebm/runs_long_k_multinode_sweep/logs/S32_single_fullk_K800_b1024_s20k_seed1.pbs.out.prev_7174834_20260529_220925,2026-05-29T22:09:25Z,qsub_failed,qsub: would exceed queue generic's per-user limit
7175214.polaris-pbs-01.hsn.cm.polaris.alcf.anl.gov,,S16_ddp_fullk_K800_b512_s20k_seed1,247,,/eagle/lc-mpi/Zhiqing/polaris_ebm/runs_long_k_multinode_sweep/pbs/S16_ddp_fullk_K800_b512_s20k_seed1.pbs,/eagle/lc-mpi/Zhiqing/polaris_ebm/runs_long_k_multinode_sweep/runs/M0/S16/S16_ddp_fullk_K800_b512_s20k_seed1,/eagle/lc-mpi/Zhiqing/polaris_ebm/runs_long_k_multinode_sweep/logs/S16_ddp_fullk_K800_b512_s20k_seed1.pbs.out,/eagle/lc-mpi/Zhiqing/polaris_ebm/runs_long_k_multinode_sweep/logs/S16_ddp_fullk_K800_b512_s20k_seed1.pbs.out.prev_7175214_20260529_223929,2026-05-29T22:39:29Z,qsub_failed,qsub: would exceed queue generic's per-user limit
7175232.polaris-pbs-01.hsn.cm.polaris.alcf.anl.gov,,S16_pipe_P16_equal_K1600_b512_s20k_seed1,1435,,/eagle/lc-mpi/Zhiqing/polaris_ebm/runs_long_k_multinode_sweep/pbs/S16_pipe_P16_equal_K1600_b512_s20k_seed1.pbs,/eagle/lc-mpi/Zhiqing/polaris_ebm/runs_long_k_multinode_sweep/runs/M0/S16/S16_pipe_P16_equal_K1600_b512_s20k_seed1,/eagle/lc-mpi/Zhiqing/polaris_ebm/runs_long_k_multinode_sweep/logs/S16_pipe_P16_equal_K1600_b512_s20k_seed1.pbs.out,/eagle/lc-mpi/Zhiqing/polaris_ebm/runs_long_k_multinode_sweep/logs/S16_pipe_P16_equal_K1600_b512_s20k_seed1.pbs.out.prev_7175232_20260529_223929,2026-05-29T22:39:29Z,qsub_failed,qsub: would exceed queue generic's per-user limit
7175256.polaris-pbs-01.hsn.cm.polaris.alcf.anl.gov,,S16_pipe_P16_equal_K400_b512_s20k_seed1,6169,/eagle/lc-mpi/Zhiqing/polaris_ebm/runs_long_k_multinode_sweep/runs/M0/S16/S16_pipe_P16_equal_K400_b512_s20k_seed1/checkpoints/ckpt_step4999.pt,/eagle/lc-mpi/Zhiqing/polaris_ebm/runs_long_k_multinode_sweep/pbs/S16_pipe_P16_equal_K400_b512_s20k_seed1.pbs,/eagle/lc-mpi/Zhiqing/polaris_ebm/runs_long_k_multinode_sweep/runs/M0/S16/S16_pipe_P16_equal_K400_b512_s20k_seed1,/eagle/lc-mpi/Zhiqing/polaris_ebm/runs_long_k_multinode_sweep/logs/S16_pipe_P16_equal_K400_b512_s20k_seed1.pbs.out,/eagle/lc-mpi/Zhiqing/polaris_ebm/runs_long_k_multinode_sweep/logs/S16_pipe_P16_equal_K400_b512_s20k_seed1.pbs.out.prev_7175256_20260529_223929,2026-05-29T22:39:29Z,qsub_failed,qsub: would exceed queue generic's per-user limit
7174781.polaris-pbs-01.hsn.cm.polaris.alcf.anl.gov,,S16_single_fullk_K1600_b512_s20k_seed1,15475,/eagle/lc-mpi/Zhiqing/polaris_ebm/runs_long_k_multinode_sweep/runs/M0/S16/S16_single_fullk_K1600_b512_s20k_seed1/checkpoints/ckpt_step14999.pt,/eagle/lc-mpi/Zhiqing/polaris_ebm/runs_long_k_multinode_sweep/pbs/S16_single_fullk_K1600_b512_s20k_seed1.pbs,/eagle/lc-mpi/Zhiqing/polaris_ebm/runs_long_k_multinode_sweep/runs/M0/S16/S16_single_fullk_K1600_b512_s20k_seed1,/eagle/lc-mpi/Zhiqing/polaris_ebm/runs_long_k_multinode_sweep/logs/S16_single_fullk_K1600_b512_s20k_seed1.pbs.out,/eagle/lc-mpi/Zhiqing/polaris_ebm/runs_long_k_multinode_sweep/logs/S16_single_fullk_K1600_b512_s20k_seed1.pbs.out.prev_7174781_20260529_223929,2026-05-29T22:39:29Z,qsub_failed,qsub: would exceed queue generic's per-user limit
7175169.polaris-pbs-01.hsn.cm.polaris.alcf.anl.gov,,S32_ddp_fullk_K1600_b1024_s20k_seed1,120,,/eagle/lc-mpi/Zhiqing/polaris_ebm/runs_long_k_multinode_sweep/pbs/S32_ddp_fullk_K1600_b1024_s20k_seed1.pbs,/eagle/lc-mpi/Zhiqing/polaris_ebm/runs_long_k_multinode_sweep/runs/M0/S32/S32_ddp_fullk_K1600_b1024_s20k_seed1,/eagle/lc-mpi/Zhiqing/polaris_ebm/runs_long_k_multinode_sweep/logs/S32_ddp_fullk_K1600_b1024_s20k_seed1.pbs.out,/eagle/lc-mpi/Zhiqing/polaris_ebm/runs_long_k_multinode_sweep/logs/S32_ddp_fullk_K1600_b1024_s20k_seed1.pbs.out.prev_7175169_20260529_223929,2026-05-29T22:39:29Z,qsub_failed,qsub: would exceed queue generic's per-user limit
7175216.polaris-pbs-01.hsn.cm.polaris.alcf.anl.gov,,S32_ddp_fullk_K800_b1024_s20k_seed1,229,,/eagle/lc-mpi/Zhiqing/polaris_ebm/runs_long_k_multinode_sweep/pbs/S32_ddp_fullk_K800_b1024_s20k_seed1.pbs,/eagle/lc-mpi/Zhiqing/polaris_ebm/runs_long_k_multinode_sweep/runs/M0/S32/S32_ddp_fullk_K800_b1024_s20k_seed1,/eagle/lc-mpi/Zhiqing/polaris_ebm/runs_long_k_multinode_sweep/logs/S32_ddp_fullk_K800_b1024_s20k_seed1.pbs.out,/eagle/lc-mpi/Zhiqing/polaris_ebm/runs_long_k_multinode_sweep/logs/S32_ddp_fullk_K800_b1024_s20k_seed1.pbs.out.prev_7175216_20260529_223929,2026-05-29T22:39:29Z,qsub_failed,qsub: would exceed queue generic's per-user limit
7175020.polaris-pbs-01.hsn.cm.polaris.alcf.anl.gov,,S32_pipe_P32_equal_K400_b1024_s20k_seed1,959,,/eagle/lc-mpi/Zhiqing/polaris_ebm/runs_long_k_multinode_sweep/pbs/S32_pipe_P32_equal_K400_b1024_s20k_seed1.pbs,/eagle/lc-mpi/Zhiqing/polaris_ebm/runs_long_k_multinode_sweep/runs/M0/S32/S32_pipe_P32_equal_K400_b1024_s20k_seed1,/eagle/lc-mpi/Zhiqing/polaris_ebm/runs_long_k_multinode_sweep/logs/S32_pipe_P32_equal_K400_b1024_s20k_seed1.pbs.out,/eagle/lc-mpi/Zhiqing/polaris_ebm/runs_long_k_multinode_sweep/logs/S32_pipe_P32_equal_K400_b1024_s20k_seed1.pbs.out.prev_7175020_20260529_223929,2026-05-29T22:39:29Z,qsub_failed,qsub: would exceed queue generic's per-user limit
7174786.polaris-pbs-01.hsn.cm.polaris.alcf.anl.gov,,S32_single_fullk_K1600_b1024_s20k_seed1,5400,/eagle/lc-mpi/Zhiqing/polaris_ebm/runs_long_k_multinode_sweep/runs/M0/S32/S32_single_fullk_K1600_b1024_s20k_seed1/checkpoints/ckpt_step4999.pt,/eagle/lc-mpi/Zhiqing/polaris_ebm/runs_long_k_multinode_sweep/pbs/S32_single_fullk_K1600_b1024_s20k_seed1.pbs,/eagle/lc-mpi/Zhiqing/polaris_ebm/runs_long_k_multinode_sweep/runs/M0/S32/S32_single_fullk_K1600_b1024_s20k_seed1,/eagle/lc-mpi/Zhiqing/polaris_ebm/runs_long_k_multinode_sweep/logs/S32_single_fullk_K1600_b1024_s20k_seed1.pbs.out,/eagle/lc-mpi/Zhiqing/polaris_ebm/runs_long_k_multinode_sweep/logs/S32_single_fullk_K1600_b1024_s20k_seed1.pbs.out.prev_7174786_20260529_223929,2026-05-29T22:39:29Z,qsub_failed,qsub: would exceed queue generic's per-user limit
7174834.polaris-pbs-01.hsn.cm.polaris.alcf.anl.gov,,S32_single_fullk_K800_b1024_s20k_seed1,15466,/eagle/lc-mpi/Zhiqing/polaris_ebm/runs_long_k_multinode_sweep/runs/M0/S32/S32_single_fullk_K800_b1024_s20k_seed1/checkpoints/ckpt_step14999.pt,/eagle/lc-mpi/Zhiqing/polaris_ebm/runs_long_k_multinode_sweep/pbs/S32_single_fullk_K800_b1024_s20k_seed1.pbs,/eagle/lc-mpi/Zhiqing/polaris_ebm/runs_long_k_multinode_sweep/runs/M0/S32/S32_single_fullk_K800_b1024_s20k_seed1,/eagle/lc-mpi/Zhiqing/polaris_ebm/runs_long_k_multinode_sweep/logs/S32_single_fullk_K800_b1024_s20k_seed1.pbs.out,/eagle/lc-mpi/Zhiqing/polaris_ebm/runs_long_k_multinode_sweep/logs/S32_single_fullk_K800_b1024_s20k_seed1.pbs.out.prev_7174834_20260529_223929,2026-05-29T22:39:29Z,qsub_failed,qsub: would exceed queue generic's per-user limit
7175214.polaris-pbs-01.hsn.cm.polaris.alcf.anl.gov,,S16_ddp_fullk_K800_b512_s20k_seed1,247,,/eagle/lc-mpi/Zhiqing/polaris_ebm/runs_long_k_multinode_sweep/pbs/S16_ddp_fullk_K800_b512_s20k_seed1.pbs,/eagle/lc-mpi/Zhiqing/polaris_ebm/runs_long_k_multinode_sweep/runs/M0/S16/S16_ddp_fullk_K800_b512_s20k_seed1,/eagle/lc-mpi/Zhiqing/polaris_ebm/runs_long_k_multinode_sweep/logs/S16_ddp_fullk_K800_b512_s20k_seed1.pbs.out,/eagle/lc-mpi/Zhiqing/polaris_ebm/runs_long_k_multinode_sweep/logs/S16_ddp_fullk_K800_b512_s20k_seed1.pbs.out.prev_7175214_20260529_230933,2026-05-29T23:09:33Z,qsub_failed,qsub: would exceed queue generic's per-user limit
7175232.polaris-pbs-01.hsn.cm.polaris.alcf.anl.gov,,S16_pipe_P16_equal_K1600_b512_s20k_seed1,1435,,/eagle/lc-mpi/Zhiqing/polaris_ebm/runs_long_k_multinode_sweep/pbs/S16_pipe_P16_equal_K1600_b512_s20k_seed1.pbs,/eagle/lc-mpi/Zhiqing/polaris_ebm/runs_long_k_multinode_sweep/runs/M0/S16/S16_pipe_P16_equal_K1600_b512_s20k_seed1,/eagle/lc-mpi/Zhiqing/polaris_ebm/runs_long_k_multinode_sweep/logs/S16_pipe_P16_equal_K1600_b512_s20k_seed1.pbs.out,/eagle/lc-mpi/Zhiqing/polaris_ebm/runs_long_k_multinode_sweep/logs/S16_pipe_P16_equal_K1600_b512_s20k_seed1.pbs.out.prev_7175232_20260529_230933,2026-05-29T23:09:33Z,qsub_failed,qsub: would exceed queue generic's per-user limit
7175256.polaris-pbs-01.hsn.cm.polaris.alcf.anl.gov,,S16_pipe_P16_equal_K400_b512_s20k_seed1,6169,/eagle/lc-mpi/Zhiqing/polaris_ebm/runs_long_k_multinode_sweep/runs/M0/S16/S16_pipe_P16_equal_K400_b512_s20k_seed1/checkpoints/ckpt_step4999.pt,/eagle/lc-mpi/Zhiqing/polaris_ebm/runs_long_k_multinode_sweep/pbs/S16_pipe_P16_equal_K400_b512_s20k_seed1.pbs,/eagle/lc-mpi/Zhiqing/polaris_ebm/runs_long_k_multinode_sweep/runs/M0/S16/S16_pipe_P16_equal_K400_b512_s20k_seed1,/eagle/lc-mpi/Zhiqing/polaris_ebm/runs_long_k_multinode_sweep/logs/S16_pipe_P16_equal_K400_b512_s20k_seed1.pbs.out,/eagle/lc-mpi/Zhiqing/polaris_ebm/runs_long_k_multinode_sweep/logs/S16_pipe_P16_equal_K400_b512_s20k_seed1.pbs.out.prev_7175256_20260529_230933,2026-05-29T23:09:33Z,qsub_failed,qsub: would exceed queue generic's per-user limit
7174781.polaris-pbs-01.hsn.cm.polaris.alcf.anl.gov,,S16_single_fullk_K1600_b512_s20k_seed1,15475,/eagle/lc-mpi/Zhiqing/polaris_ebm/runs_long_k_multinode_sweep/runs/M0/S16/S16_single_fullk_K1600_b512_s20k_seed1/checkpoints/ckpt_step14999.pt,/eagle/lc-mpi/Zhiqing/polaris_ebm/runs_long_k_multinode_sweep/pbs/S16_single_fullk_K1600_b512_s20k_seed1.pbs,/eagle/lc-mpi/Zhiqing/polaris_ebm/runs_long_k_multinode_sweep/runs/M0/S16/S16_single_fullk_K1600_b512_s20k_seed1,/eagle/lc-mpi/Zhiqing/polaris_ebm/runs_long_k_multinode_sweep/logs/S16_single_fullk_K1600_b512_s20k_seed1.pbs.out,/eagle/lc-mpi/Zhiqing/polaris_ebm/runs_long_k_multinode_sweep/logs/S16_single_fullk_K1600_b512_s20k_seed1.pbs.out.prev_7174781_20260529_230933,2026-05-29T23:09:33Z,qsub_failed,qsub: would exceed queue generic's per-user limit
7175169.polaris-pbs-01.hsn.cm.polaris.alcf.anl.gov,,S32_ddp_fullk_K1600_b1024_s20k_seed1,120,,/eagle/lc-mpi/Zhiqing/polaris_ebm/runs_long_k_multinode_sweep/pbs/S32_ddp_fullk_K1600_b1024_s20k_seed1.pbs,/eagle/lc-mpi/Zhiqing/polaris_ebm/runs_long_k_multinode_sweep/runs/M0/S32/S32_ddp_fullk_K1600_b1024_s20k_seed1,/eagle/lc-mpi/Zhiqing/polaris_ebm/runs_long_k_multinode_sweep/logs/S32_ddp_fullk_K1600_b1024_s20k_seed1.pbs.out,/eagle/lc-mpi/Zhiqing/polaris_ebm/runs_long_k_multinode_sweep/logs/S32_ddp_fullk_K1600_b1024_s20k_seed1.pbs.out.prev_7175169_20260529_230933,2026-05-29T23:09:33Z,qsub_failed,qsub: would exceed queue generic's per-user limit
7175216.polaris-pbs-01.hsn.cm.polaris.alcf.anl.gov,,S32_ddp_fullk_K800_b1024_s20k_seed1,229,,/eagle/lc-mpi/Zhiqing/polaris_ebm/runs_long_k_multinode_sweep/pbs/S32_ddp_fullk_K800_b1024_s20k_seed1.pbs,/eagle/lc-mpi/Zhiqing/polaris_ebm/runs_long_k_multinode_sweep/runs/M0/S32/S32_ddp_fullk_K800_b1024_s20k_seed1,/eagle/lc-mpi/Zhiqing/polaris_ebm/runs_long_k_multinode_sweep/logs/S32_ddp_fullk_K800_b1024_s20k_seed1.pbs.out,/eagle/lc-mpi/Zhiqing/polaris_ebm/runs_long_k_multinode_sweep/logs/S32_ddp_fullk_K800_b1024_s20k_seed1.pbs.out.prev_7175216_20260529_230933,2026-05-29T23:09:33Z,qsub_failed,qsub: would exceed queue generic's per-user limit
7175020.polaris-pbs-01.hsn.cm.polaris.alcf.anl.gov,,S32_pipe_P32_equal_K400_b1024_s20k_seed1,959,,/eagle/lc-mpi/Zhiqing/polaris_ebm/runs_long_k_multinode_sweep/pbs/S32_pipe_P32_equal_K400_b1024_s20k_seed1.pbs,/eagle/lc-mpi/Zhiqing/polaris_ebm/runs_long_k_multinode_sweep/runs/M0/S32/S32_pipe_P32_equal_K400_b1024_s20k_seed1,/eagle/lc-mpi/Zhiqing/polaris_ebm/runs_long_k_multinode_sweep/logs/S32_pipe_P32_equal_K400_b1024_s20k_seed1.pbs.out,/eagle/lc-mpi/Zhiqing/polaris_ebm/runs_long_k_multinode_sweep/logs/S32_pipe_P32_equal_K400_b1024_s20k_seed1.pbs.out.prev_7175020_20260529_230933,2026-05-29T23:09:33Z,qsub_failed,qsub: would exceed queue generic's per-user limit
7174786.polaris-pbs-01.hsn.cm.polaris.alcf.anl.gov,,S32_single_fullk_K1600_b1024_s20k_seed1,5400,/eagle/lc-mpi/Zhiqing/polaris_ebm/runs_long_k_multinode_sweep/runs/M0/S32/S32_single_fullk_K1600_b1024_s20k_seed1/checkpoints/ckpt_step4999.pt,/eagle/lc-mpi/Zhiqing/polaris_ebm/runs_long_k_multinode_sweep/pbs/S32_single_fullk_K1600_b1024_s20k_seed1.pbs,/eagle/lc-mpi/Zhiqing/polaris_ebm/runs_long_k_multinode_sweep/runs/M0/S32/S32_single_fullk_K1600_b1024_s20k_seed1,/eagle/lc-mpi/Zhiqing/polaris_ebm/runs_long_k_multinode_sweep/logs/S32_single_fullk_K1600_b1024_s20k_seed1.pbs.out,/eagle/lc-mpi/Zhiqing/polaris_ebm/runs_long_k_multinode_sweep/logs/S32_single_fullk_K1600_b1024_s20k_seed1.pbs.out.prev_7174786_20260529_230933,2026-05-29T23:09:33Z,qsub_failed,qsub: would exceed queue generic's per-user limit
7174834.polaris-pbs-01.hsn.cm.polaris.alcf.anl.gov,,S32_single_fullk_K800_b1024_s20k_seed1,15466,/eagle/lc-mpi/Zhiqing/polaris_ebm/runs_long_k_multinode_sweep/runs/M0/S32/S32_single_fullk_K800_b1024_s20k_seed1/checkpoints/ckpt_step14999.pt,/eagle/lc-mpi/Zhiqing/polaris_ebm/runs_long_k_multinode_sweep/pbs/S32_single_fullk_K800_b1024_s20k_seed1.pbs,/eagle/lc-mpi/Zhiqing/polaris_ebm/runs_long_k_multinode_sweep/runs/M0/S32/S32_single_fullk_K800_b1024_s20k_seed1,/eagle/lc-mpi/Zhiqing/polaris_ebm/runs_long_k_multinode_sweep/logs/S32_single_fullk_K800_b1024_s20k_seed1.pbs.out,/eagle/lc-mpi/Zhiqing/polaris_ebm/runs_long_k_multinode_sweep/logs/S32_single_fullk_K800_b1024_s20k_seed1.pbs.out.prev_7174834_20260529_230933,2026-05-29T23:09:33Z,qsub_failed,qsub: would exceed queue generic's per-user limit
7175214.polaris-pbs-01.hsn.cm.polaris.alcf.anl.gov,,S16_ddp_fullk_K800_b512_s20k_seed1,247,,/eagle/lc-mpi/Zhiqing/polaris_ebm/runs_long_k_multinode_sweep/pbs/S16_ddp_fullk_K800_b512_s20k_seed1.pbs,/eagle/lc-mpi/Zhiqing/polaris_ebm/runs_long_k_multinode_sweep/runs/M0/S16/S16_ddp_fullk_K800_b512_s20k_seed1,/eagle/lc-mpi/Zhiqing/polaris_ebm/runs_long_k_multinode_sweep/logs/S16_ddp_fullk_K800_b512_s20k_seed1.pbs.out,/eagle/lc-mpi/Zhiqing/polaris_ebm/runs_long_k_multinode_sweep/logs/S16_ddp_fullk_K800_b512_s20k_seed1.pbs.out.prev_7175214_20260529_233938,2026-05-29T23:39:38Z,qsub_failed,qsub: would exceed queue generic's per-user limit
7175232.polaris-pbs-01.hsn.cm.polaris.alcf.anl.gov,,S16_pipe_P16_equal_K1600_b512_s20k_seed1,1435,,/eagle/lc-mpi/Zhiqing/polaris_ebm/runs_long_k_multinode_sweep/pbs/S16_pipe_P16_equal_K1600_b512_s20k_seed1.pbs,/eagle/lc-mpi/Zhiqing/polaris_ebm/runs_long_k_multinode_sweep/runs/M0/S16/S16_pipe_P16_equal_K1600_b512_s20k_seed1,/eagle/lc-mpi/Zhiqing/polaris_ebm/runs_long_k_multinode_sweep/logs/S16_pipe_P16_equal_K1600_b512_s20k_seed1.pbs.out,/eagle/lc-mpi/Zhiqing/polaris_ebm/runs_long_k_multinode_sweep/logs/S16_pipe_P16_equal_K1600_b512_s20k_seed1.pbs.out.prev_7175232_20260529_233938,2026-05-29T23:39:38Z,qsub_failed,qsub: would exceed queue generic's per-user limit
7175256.polaris-pbs-01.hsn.cm.polaris.alcf.anl.gov,,S16_pipe_P16_equal_K400_b512_s20k_seed1,6169,/eagle/lc-mpi/Zhiqing/polaris_ebm/runs_long_k_multinode_sweep/runs/M0/S16/S16_pipe_P16_equal_K400_b512_s20k_seed1/checkpoints/ckpt_step4999.pt,/eagle/lc-mpi/Zhiqing/polaris_ebm/runs_long_k_multinode_sweep/pbs/S16_pipe_P16_equal_K400_b512_s20k_seed1.pbs,/eagle/lc-mpi/Zhiqing/polaris_ebm/runs_long_k_multinode_sweep/runs/M0/S16/S16_pipe_P16_equal_K400_b512_s20k_seed1,/eagle/lc-mpi/Zhiqing/polaris_ebm/runs_long_k_multinode_sweep/logs/S16_pipe_P16_equal_K400_b512_s20k_seed1.pbs.out,/eagle/lc-mpi/Zhiqing/polaris_ebm/runs_long_k_multinode_sweep/logs/S16_pipe_P16_equal_K400_b512_s20k_seed1.pbs.out.prev_7175256_20260529_233938,2026-05-29T23:39:38Z,qsub_failed,qsub: would exceed queue generic's per-user limit
7174781.polaris-pbs-01.hsn.cm.polaris.alcf.anl.gov,,S16_single_fullk_K1600_b512_s20k_seed1,15475,/eagle/lc-mpi/Zhiqing/polaris_ebm/runs_long_k_multinode_sweep/runs/M0/S16/S16_single_fullk_K1600_b512_s20k_seed1/checkpoints/ckpt_step14999.pt,/eagle/lc-mpi/Zhiqing/polaris_ebm/runs_long_k_multinode_sweep/pbs/S16_single_fullk_K1600_b512_s20k_seed1.pbs,/eagle/lc-mpi/Zhiqing/polaris_ebm/runs_long_k_multinode_sweep/runs/M0/S16/S16_single_fullk_K1600_b512_s20k_seed1,/eagle/lc-mpi/Zhiqing/polaris_ebm/runs_long_k_multinode_sweep/logs/S16_single_fullk_K1600_b512_s20k_seed1.pbs.out,/eagle/lc-mpi/Zhiqing/polaris_ebm/runs_long_k_multinode_sweep/logs/S16_single_fullk_K1600_b512_s20k_seed1.pbs.out.prev_7174781_20260529_233938,2026-05-29T23:39:38Z,qsub_failed,qsub: would exceed queue generic's per-user limit
7175169.polaris-pbs-01.hsn.cm.polaris.alcf.anl.gov,,S32_ddp_fullk_K1600_b1024_s20k_seed1,120,,/eagle/lc-mpi/Zhiqing/polaris_ebm/runs_long_k_multinode_sweep/pbs/S32_ddp_fullk_K1600_b1024_s20k_seed1.pbs,/eagle/lc-mpi/Zhiqing/polaris_ebm/runs_long_k_multinode_sweep/runs/M0/S32/S32_ddp_fullk_K1600_b1024_s20k_seed1,/eagle/lc-mpi/Zhiqing/polaris_ebm/runs_long_k_multinode_sweep/logs/S32_ddp_fullk_K1600_b1024_s20k_seed1.pbs.out,/eagle/lc-mpi/Zhiqing/polaris_ebm/runs_long_k_multinode_sweep/logs/S32_ddp_fullk_K1600_b1024_s20k_seed1.pbs.out.prev_7175169_20260529_233938,2026-05-29T23:39:38Z,qsub_failed,qsub: would exceed queue generic's per-user limit
7175216.polaris-pbs-01.hsn.cm.polaris.alcf.anl.gov,,S32_ddp_fullk_K800_b1024_s20k_seed1,229,,/eagle/lc-mpi/Zhiqing/polaris_ebm/runs_long_k_multinode_sweep/pbs/S32_ddp_fullk_K800_b1024_s20k_seed1.pbs,/eagle/lc-mpi/Zhiqing/polaris_ebm/runs_long_k_multinode_sweep/runs/M0/S32/S32_ddp_fullk_K800_b1024_s20k_seed1,/eagle/lc-mpi/Zhiqing/polaris_ebm/runs_long_k_multinode_sweep/logs/S32_ddp_fullk_K800_b1024_s20k_seed1.pbs.out,/eagle/lc-mpi/Zhiqing/polaris_ebm/runs_long_k_multinode_sweep/logs/S32_ddp_fullk_K800_b1024_s20k_seed1.pbs.out.prev_7175216_20260529_233938,2026-05-29T23:39:38Z,qsub_failed,qsub: would exceed queue generic's per-user limit
7175020.polaris-pbs-01.hsn.cm.polaris.alcf.anl.gov,,S32_pipe_P32_equal_K400_b1024_s20k_seed1,959,,/eagle/lc-mpi/Zhiqing/polaris_ebm/runs_long_k_multinode_sweep/pbs/S32_pipe_P32_equal_K400_b1024_s20k_seed1.pbs,/eagle/lc-mpi/Zhiqing/polaris_ebm/runs_long_k_multinode_sweep/runs/M0/S32/S32_pipe_P32_equal_K400_b1024_s20k_seed1,/eagle/lc-mpi/Zhiqing/polaris_ebm/runs_long_k_multinode_sweep/logs/S32_pipe_P32_equal_K400_b1024_s20k_seed1.pbs.out,/eagle/lc-mpi/Zhiqing/polaris_ebm/runs_long_k_multinode_sweep/logs/S32_pipe_P32_equal_K400_b1024_s20k_seed1.pbs.out.prev_7175020_20260529_233938,2026-05-29T23:39:38Z,qsub_failed,qsub: would exceed queue generic's per-user limit
7174786.polaris-pbs-01.hsn.cm.polaris.alcf.anl.gov,,S32_single_fullk_K1600_b1024_s20k_seed1,5400,/eagle/lc-mpi/Zhiqing/polaris_ebm/runs_long_k_multinode_sweep/runs/M0/S32/S32_single_fullk_K1600_b1024_s20k_seed1/checkpoints/ckpt_step4999.pt,/eagle/lc-mpi/Zhiqing/polaris_ebm/runs_long_k_multinode_sweep/pbs/S32_single_fullk_K1600_b1024_s20k_seed1.pbs,/eagle/lc-mpi/Zhiqing/polaris_ebm/runs_long_k_multinode_sweep/runs/M0/S32/S32_single_fullk_K1600_b1024_s20k_seed1,/eagle/lc-mpi/Zhiqing/polaris_ebm/runs_long_k_multinode_sweep/logs/S32_single_fullk_K1600_b1024_s20k_seed1.pbs.out,/eagle/lc-mpi/Zhiqing/polaris_ebm/runs_long_k_multinode_sweep/logs/S32_single_fullk_K1600_b1024_s20k_seed1.pbs.out.prev_7174786_20260529_233938,2026-05-29T23:39:38Z,qsub_failed,qsub: would exceed queue generic's per-user limit
7174834.polaris-pbs-01.hsn.cm.polaris.alcf.anl.gov,,S32_single_fullk_K800_b1024_s20k_seed1,15466,/eagle/lc-mpi/Zhiqing/polaris_ebm/runs_long_k_multinode_sweep/runs/M0/S32/S32_single_fullk_K800_b1024_s20k_seed1/checkpoints/ckpt_step14999.pt,/eagle/lc-mpi/Zhiqing/polaris_ebm/runs_long_k_multinode_sweep/pbs/S32_single_fullk_K800_b1024_s20k_seed1.pbs,/eagle/lc-mpi/Zhiqing/polaris_ebm/runs_long_k_multinode_sweep/runs/M0/S32/S32_single_fullk_K800_b1024_s20k_seed1,/eagle/lc-mpi/Zhiqing/polaris_ebm/runs_long_k_multinode_sweep/logs/S32_single_fullk_K800_b1024_s20k_seed1.pbs.out,/eagle/lc-mpi/Zhiqing/polaris_ebm/runs_long_k_multinode_sweep/logs/S32_single_fullk_K800_b1024_s20k_seed1.pbs.out.prev_7174834_20260529_233938,2026-05-29T23:39:38Z,qsub_failed,qsub: would exceed queue generic's per-user limit
7175214.polaris-pbs-01.hsn.cm.polaris.alcf.anl.gov,7177305.polaris-pbs-01.hsn.cm.polaris.alcf.anl.gov,S16_ddp_fullk_K800_b512_s20k_seed1,247,,/eagle/lc-mpi/Zhiqing/polaris_ebm/runs_long_k_multinode_sweep/pbs/S16_ddp_fullk_K800_b512_s20k_seed1.pbs,/eagle/lc-mpi/Zhiqing/polaris_ebm/runs_long_k_multinode_sweep/runs/M0/S16/S16_ddp_fullk_K800_b512_s20k_seed1,/eagle/lc-mpi/Zhiqing/polaris_ebm/runs_long_k_multinode_sweep/logs/S16_ddp_fullk_K800_b512_s20k_seed1.pbs.out,/eagle/lc-mpi/Zhiqing/polaris_ebm/runs_long_k_multinode_sweep/logs/S16_ddp_fullk_K800_b512_s20k_seed1.pbs.out.prev_7175214_20260530_000942,2026-05-30T00:09:42Z,submitted,
7175232.polaris-pbs-01.hsn.cm.polaris.alcf.anl.gov,7177306.polaris-pbs-01.hsn.cm.polaris.alcf.anl.gov,S16_pipe_P16_equal_K1600_b512_s20k_seed1,1435,,/eagle/lc-mpi/Zhiqing/polaris_ebm/runs_long_k_multinode_sweep/pbs/S16_pipe_P16_equal_K1600_b512_s20k_seed1.pbs,/eagle/lc-mpi/Zhiqing/polaris_ebm/runs_long_k_multinode_sweep/runs/M0/S16/S16_pipe_P16_equal_K1600_b512_s20k_seed1,/eagle/lc-mpi/Zhiqing/polaris_ebm/runs_long_k_multinode_sweep/logs/S16_pipe_P16_equal_K1600_b512_s20k_seed1.pbs.out,/eagle/lc-mpi/Zhiqing/polaris_ebm/runs_long_k_multinode_sweep/logs/S16_pipe_P16_equal_K1600_b512_s20k_seed1.pbs.out.prev_7175232_20260530_000942,2026-05-30T00:09:42Z,submitted,
7175256.polaris-pbs-01.hsn.cm.polaris.alcf.anl.gov,7177307.polaris-pbs-01.hsn.cm.polaris.alcf.anl.gov,S16_pipe_P16_equal_K400_b512_s20k_seed1,6169,/eagle/lc-mpi/Zhiqing/polaris_ebm/runs_long_k_multinode_sweep/runs/M0/S16/S16_pipe_P16_equal_K400_b512_s20k_seed1/checkpoints/ckpt_step4999.pt,/eagle/lc-mpi/Zhiqing/polaris_ebm/runs_long_k_multinode_sweep/pbs/S16_pipe_P16_equal_K400_b512_s20k_seed1.pbs,/eagle/lc-mpi/Zhiqing/polaris_ebm/runs_long_k_multinode_sweep/runs/M0/S16/S16_pipe_P16_equal_K400_b512_s20k_seed1,/eagle/lc-mpi/Zhiqing/polaris_ebm/runs_long_k_multinode_sweep/logs/S16_pipe_P16_equal_K400_b512_s20k_seed1.pbs.out,/eagle/lc-mpi/Zhiqing/polaris_ebm/runs_long_k_multinode_sweep/logs/S16_pipe_P16_equal_K400_b512_s20k_seed1.pbs.out.prev_7175256_20260530_000942,2026-05-30T00:09:42Z,submitted,
7174781.polaris-pbs-01.hsn.cm.polaris.alcf.anl.gov,,S16_single_fullk_K1600_b512_s20k_seed1,15475,/eagle/lc-mpi/Zhiqing/polaris_ebm/runs_long_k_multinode_sweep/runs/M0/S16/S16_single_fullk_K1600_b512_s20k_seed1/checkpoints/ckpt_step14999.pt,/eagle/lc-mpi/Zhiqing/polaris_ebm/runs_long_k_multinode_sweep/pbs/S16_single_fullk_K1600_b512_s20k_seed1.pbs,/eagle/lc-mpi/Zhiqing/polaris_ebm/runs_long_k_multinode_sweep/runs/M0/S16/S16_single_fullk_K1600_b512_s20k_seed1,/eagle/lc-mpi/Zhiqing/polaris_ebm/runs_long_k_multinode_sweep/logs/S16_single_fullk_K1600_b512_s20k_seed1.pbs.out,/eagle/lc-mpi/Zhiqing/polaris_ebm/runs_long_k_multinode_sweep/logs/S16_single_fullk_K1600_b512_s20k_seed1.pbs.out.prev_7174781_20260530_000942,2026-05-30T00:09:42Z,qsub_failed,qsub: would exceed queue generic's per-user limit
7175169.polaris-pbs-01.hsn.cm.polaris.alcf.anl.gov,,S32_ddp_fullk_K1600_b1024_s20k_seed1,120,,/eagle/lc-mpi/Zhiqing/polaris_ebm/runs_long_k_multinode_sweep/pbs/S32_ddp_fullk_K1600_b1024_s20k_seed1.pbs,/eagle/lc-mpi/Zhiqing/polaris_ebm/runs_long_k_multinode_sweep/runs/M0/S32/S32_ddp_fullk_K1600_b1024_s20k_seed1,/eagle/lc-mpi/Zhiqing/polaris_ebm/runs_long_k_multinode_sweep/logs/S32_ddp_fullk_K1600_b1024_s20k_seed1.pbs.out,/eagle/lc-mpi/Zhiqing/polaris_ebm/runs_long_k_multinode_sweep/logs/S32_ddp_fullk_K1600_b1024_s20k_seed1.pbs.out.prev_7175169_20260530_000942,2026-05-30T00:09:42Z,qsub_failed,qsub: would exceed queue generic's per-user limit
7175216.polaris-pbs-01.hsn.cm.polaris.alcf.anl.gov,,S32_ddp_fullk_K800_b1024_s20k_seed1,229,,/eagle/lc-mpi/Zhiqing/polaris_ebm/runs_long_k_multinode_sweep/pbs/S32_ddp_fullk_K800_b1024_s20k_seed1.pbs,/eagle/lc-mpi/Zhiqing/polaris_ebm/runs_long_k_multinode_sweep/runs/M0/S32/S32_ddp_fullk_K800_b1024_s20k_seed1,/eagle/lc-mpi/Zhiqing/polaris_ebm/runs_long_k_multinode_sweep/logs/S32_ddp_fullk_K800_b1024_s20k_seed1.pbs.out,/eagle/lc-mpi/Zhiqing/polaris_ebm/runs_long_k_multinode_sweep/logs/S32_ddp_fullk_K800_b1024_s20k_seed1.pbs.out.prev_7175216_20260530_000942,2026-05-30T00:09:42Z,qsub_failed,qsub: would exceed queue generic's per-user limit
7175020.polaris-pbs-01.hsn.cm.polaris.alcf.anl.gov,,S32_pipe_P32_equal_K400_b1024_s20k_seed1,959,,/eagle/lc-mpi/Zhiqing/polaris_ebm/runs_long_k_multinode_sweep/pbs/S32_pipe_P32_equal_K400_b1024_s20k_seed1.pbs,/eagle/lc-mpi/Zhiqing/polaris_ebm/runs_long_k_multinode_sweep/runs/M0/S32/S32_pipe_P32_equal_K400_b1024_s20k_seed1,/eagle/lc-mpi/Zhiqing/polaris_ebm/runs_long_k_multinode_sweep/logs/S32_pipe_P32_equal_K400_b1024_s20k_seed1.pbs.out,/eagle/lc-mpi/Zhiqing/polaris_ebm/runs_long_k_multinode_sweep/logs/S32_pipe_P32_equal_K400_b1024_s20k_seed1.pbs.out.prev_7175020_20260530_000942,2026-05-30T00:09:42Z,qsub_failed,qsub: would exceed queue generic's per-user limit
7174786.polaris-pbs-01.hsn.cm.polaris.alcf.anl.gov,,S32_single_fullk_K1600_b1024_s20k_seed1,5400,/eagle/lc-mpi/Zhiqing/polaris_ebm/runs_long_k_multinode_sweep/runs/M0/S32/S32_single_fullk_K1600_b1024_s20k_seed1/checkpoints/ckpt_step4999.pt,/eagle/lc-mpi/Zhiqing/polaris_ebm/runs_long_k_multinode_sweep/pbs/S32_single_fullk_K1600_b1024_s20k_seed1.pbs,/eagle/lc-mpi/Zhiqing/polaris_ebm/runs_long_k_multinode_sweep/runs/M0/S32/S32_single_fullk_K1600_b1024_s20k_seed1,/eagle/lc-mpi/Zhiqing/polaris_ebm/runs_long_k_multinode_sweep/logs/S32_single_fullk_K1600_b1024_s20k_seed1.pbs.out,/eagle/lc-mpi/Zhiqing/polaris_ebm/runs_long_k_multinode_sweep/logs/S32_single_fullk_K1600_b1024_s20k_seed1.pbs.out.prev_7174786_20260530_000942,2026-05-30T00:09:42Z,qsub_failed,qsub: would exceed queue generic's per-user limit
7174834.polaris-pbs-01.hsn.cm.polaris.alcf.anl.gov,,S32_single_fullk_K800_b1024_s20k_seed1,15466,/eagle/lc-mpi/Zhiqing/polaris_ebm/runs_long_k_multinode_sweep/runs/M0/S32/S32_single_fullk_K800_b1024_s20k_seed1/checkpoints/ckpt_step14999.pt,/eagle/lc-mpi/Zhiqing/polaris_ebm/runs_long_k_multinode_sweep/pbs/S32_single_fullk_K800_b1024_s20k_seed1.pbs,/eagle/lc-mpi/Zhiqing/polaris_ebm/runs_long_k_multinode_sweep/runs/M0/S32/S32_single_fullk_K800_b1024_s20k_seed1,/eagle/lc-mpi/Zhiqing/polaris_ebm/runs_long_k_multinode_sweep/logs/S32_single_fullk_K800_b1024_s20k_seed1.pbs.out,/eagle/lc-mpi/Zhiqing/polaris_ebm/runs_long_k_multinode_sweep/logs/S32_single_fullk_K800_b1024_s20k_seed1.pbs.out.prev_7174834_20260530_000942,2026-05-30T00:09:42Z,qsub_failed,qsub: would exceed queue generic's per-user limit
7174781.polaris-pbs-01.hsn.cm.polaris.alcf.anl.gov,,S16_single_fullk_K1600_b512_s20k_seed1,15475,/eagle/lc-mpi/Zhiqing/polaris_ebm/runs_long_k_multinode_sweep/runs/M0/S16/S16_single_fullk_K1600_b512_s20k_seed1/checkpoints/ckpt_step14999.pt,/eagle/lc-mpi/Zhiqing/polaris_ebm/runs_long_k_multinode_sweep/pbs/S16_single_fullk_K1600_b512_s20k_seed1.pbs,/eagle/lc-mpi/Zhiqing/polaris_ebm/runs_long_k_multinode_sweep/runs/M0/S16/S16_single_fullk_K1600_b512_s20k_seed1,/eagle/lc-mpi/Zhiqing/polaris_ebm/runs_long_k_multinode_sweep/logs/S16_single_fullk_K1600_b512_s20k_seed1.pbs.out,/eagle/lc-mpi/Zhiqing/polaris_ebm/runs_long_k_multinode_sweep/logs/S16_single_fullk_K1600_b512_s20k_seed1.pbs.out.prev_7174781_20260530_003946,2026-05-30T00:39:46Z,qsub_failed,qsub: would exceed queue generic's per-user limit
7175169.polaris-pbs-01.hsn.cm.polaris.alcf.anl.gov,,S32_ddp_fullk_K1600_b1024_s20k_seed1,120,,/eagle/lc-mpi/Zhiqing/polaris_ebm/runs_long_k_multinode_sweep/pbs/S32_ddp_fullk_K1600_b1024_s20k_seed1.pbs,/eagle/lc-mpi/Zhiqing/polaris_ebm/runs_long_k_multinode_sweep/runs/M0/S32/S32_ddp_fullk_K1600_b1024_s20k_seed1,/eagle/lc-mpi/Zhiqing/polaris_ebm/runs_long_k_multinode_sweep/logs/S32_ddp_fullk_K1600_b1024_s20k_seed1.pbs.out,/eagle/lc-mpi/Zhiqing/polaris_ebm/runs_long_k_multinode_sweep/logs/S32_ddp_fullk_K1600_b1024_s20k_seed1.pbs.out.prev_7175169_20260530_003946,2026-05-30T00:39:46Z,qsub_failed,qsub: would exceed queue generic's per-user limit
7175216.polaris-pbs-01.hsn.cm.polaris.alcf.anl.gov,,S32_ddp_fullk_K800_b1024_s20k_seed1,229,,/eagle/lc-mpi/Zhiqing/polaris_ebm/runs_long_k_multinode_sweep/pbs/S32_ddp_fullk_K800_b1024_s20k_seed1.pbs,/eagle/lc-mpi/Zhiqing/polaris_ebm/runs_long_k_multinode_sweep/runs/M0/S32/S32_ddp_fullk_K800_b1024_s20k_seed1,/eagle/lc-mpi/Zhiqing/polaris_ebm/runs_long_k_multinode_sweep/logs/S32_ddp_fullk_K800_b1024_s20k_seed1.pbs.out,/eagle/lc-mpi/Zhiqing/polaris_ebm/runs_long_k_multinode_sweep/logs/S32_ddp_fullk_K800_b1024_s20k_seed1.pbs.out.prev_7175216_20260530_003946,2026-05-30T00:39:46Z,qsub_failed,qsub: would exceed queue generic's per-user limit
7175020.polaris-pbs-01.hsn.cm.polaris.alcf.anl.gov,,S32_pipe_P32_equal_K400_b1024_s20k_seed1,959,,/eagle/lc-mpi/Zhiqing/polaris_ebm/runs_long_k_multinode_sweep/pbs/S32_pipe_P32_equal_K400_b1024_s20k_seed1.pbs,/eagle/lc-mpi/Zhiqing/polaris_ebm/runs_long_k_multinode_sweep/runs/M0/S32/S32_pipe_P32_equal_K400_b1024_s20k_seed1,/eagle/lc-mpi/Zhiqing/polaris_ebm/runs_long_k_multinode_sweep/logs/S32_pipe_P32_equal_K400_b1024_s20k_seed1.pbs.out,/eagle/lc-mpi/Zhiqing/polaris_ebm/runs_long_k_multinode_sweep/logs/S32_pipe_P32_equal_K400_b1024_s20k_seed1.pbs.out.prev_7175020_20260530_003946,2026-05-30T00:39:46Z,qsub_failed,qsub: would exceed queue generic's per-user limit
7174786.polaris-pbs-01.hsn.cm.polaris.alcf.anl.gov,,S32_single_fullk_K1600_b1024_s20k_seed1,5400,/eagle/lc-mpi/Zhiqing/polaris_ebm/runs_long_k_multinode_sweep/runs/M0/S32/S32_single_fullk_K1600_b1024_s20k_seed1/checkpoints/ckpt_step4999.pt,/eagle/lc-mpi/Zhiqing/polaris_ebm/runs_long_k_multinode_sweep/pbs/S32_single_fullk_K1600_b1024_s20k_seed1.pbs,/eagle/lc-mpi/Zhiqing/polaris_ebm/runs_long_k_multinode_sweep/runs/M0/S32/S32_single_fullk_K1600_b1024_s20k_seed1,/eagle/lc-mpi/Zhiqing/polaris_ebm/runs_long_k_multinode_sweep/logs/S32_single_fullk_K1600_b1024_s20k_seed1.pbs.out,/eagle/lc-mpi/Zhiqing/polaris_ebm/runs_long_k_multinode_sweep/logs/S32_single_fullk_K1600_b1024_s20k_seed1.pbs.out.prev_7174786_20260530_003946,2026-05-30T00:39:46Z,qsub_failed,qsub: would exceed queue generic's per-user limit
7174834.polaris-pbs-01.hsn.cm.polaris.alcf.anl.gov,,S32_single_fullk_K800_b1024_s20k_seed1,15466,/eagle/lc-mpi/Zhiqing/polaris_ebm/runs_long_k_multinode_sweep/runs/M0/S32/S32_single_fullk_K800_b1024_s20k_seed1/checkpoints/ckpt_step14999.pt,/eagle/lc-mpi/Zhiqing/polaris_ebm/runs_long_k_multinode_sweep/pbs/S32_single_fullk_K800_b1024_s20k_seed1.pbs,/eagle/lc-mpi/Zhiqing/polaris_ebm/runs_long_k_multinode_sweep/runs/M0/S32/S32_single_fullk_K800_b1024_s20k_seed1,/eagle/lc-mpi/Zhiqing/polaris_ebm/runs_long_k_multinode_sweep/logs/S32_single_fullk_K800_b1024_s20k_seed1.pbs.out,/eagle/lc-mpi/Zhiqing/polaris_ebm/runs_long_k_multinode_sweep/logs/S32_single_fullk_K800_b1024_s20k_seed1.pbs.out.prev_7174834_20260530_003946,2026-05-30T00:39:46Z,qsub_failed,qsub: would exceed queue generic's per-user limit
7174781.polaris-pbs-01.hsn.cm.polaris.alcf.anl.gov,7177459.polaris-pbs-01.hsn.cm.polaris.alcf.anl.gov,S16_single_fullk_K1600_b512_s20k_seed1,15475,/eagle/lc-mpi/Zhiqing/polaris_ebm/runs_long_k_multinode_sweep/runs/M0/S16/S16_single_fullk_K1600_b512_s20k_seed1/checkpoints/ckpt_step14999.pt,/eagle/lc-mpi/Zhiqing/polaris_ebm/runs_long_k_multinode_sweep/pbs/S16_single_fullk_K1600_b512_s20k_seed1.pbs,/eagle/lc-mpi/Zhiqing/polaris_ebm/runs_long_k_multinode_sweep/runs/M0/S16/S16_single_fullk_K1600_b512_s20k_seed1,/eagle/lc-mpi/Zhiqing/polaris_ebm/runs_long_k_multinode_sweep/logs/S16_single_fullk_K1600_b512_s20k_seed1.pbs.out,/eagle/lc-mpi/Zhiqing/polaris_ebm/runs_long_k_multinode_sweep/logs/S16_single_fullk_K1600_b512_s20k_seed1.pbs.out.prev_7174781_20260530_010949,2026-05-30T01:09:49Z,submitted,
7175169.polaris-pbs-01.hsn.cm.polaris.alcf.anl.gov,7177460.polaris-pbs-01.hsn.cm.polaris.alcf.anl.gov,S32_ddp_fullk_K1600_b1024_s20k_seed1,120,,/eagle/lc-mpi/Zhiqing/polaris_ebm/runs_long_k_multinode_sweep/pbs/S32_ddp_fullk_K1600_b1024_s20k_seed1.pbs,/eagle/lc-mpi/Zhiqing/polaris_ebm/runs_long_k_multinode_sweep/runs/M0/S32/S32_ddp_fullk_K1600_b1024_s20k_seed1,/eagle/lc-mpi/Zhiqing/polaris_ebm/runs_long_k_multinode_sweep/logs/S32_ddp_fullk_K1600_b1024_s20k_seed1.pbs.out,/eagle/lc-mpi/Zhiqing/polaris_ebm/runs_long_k_multinode_sweep/logs/S32_ddp_fullk_K1600_b1024_s20k_seed1.pbs.out.prev_7175169_20260530_010949,2026-05-30T01:09:49Z,submitted,
7175216.polaris-pbs-01.hsn.cm.polaris.alcf.anl.gov,7177461.polaris-pbs-01.hsn.cm.polaris.alcf.anl.gov,S32_ddp_fullk_K800_b1024_s20k_seed1,229,,/eagle/lc-mpi/Zhiqing/polaris_ebm/runs_long_k_multinode_sweep/pbs/S32_ddp_fullk_K800_b1024_s20k_seed1.pbs,/eagle/lc-mpi/Zhiqing/polaris_ebm/runs_long_k_multinode_sweep/runs/M0/S32/S32_ddp_fullk_K800_b1024_s20k_seed1,/eagle/lc-mpi/Zhiqing/polaris_ebm/runs_long_k_multinode_sweep/logs/S32_ddp_fullk_K800_b1024_s20k_seed1.pbs.out,/eagle/lc-mpi/Zhiqing/polaris_ebm/runs_long_k_multinode_sweep/logs/S32_ddp_fullk_K800_b1024_s20k_seed1.pbs.out.prev_7175216_20260530_010949,2026-05-30T01:09:49Z,submitted,
7175020.polaris-pbs-01.hsn.cm.polaris.alcf.anl.gov,,S32_pipe_P32_equal_K400_b1024_s20k_seed1,959,,/eagle/lc-mpi/Zhiqing/polaris_ebm/runs_long_k_multinode_sweep/pbs/S32_pipe_P32_equal_K400_b1024_s20k_seed1.pbs,/eagle/lc-mpi/Zhiqing/polaris_ebm/runs_long_k_multinode_sweep/runs/M0/S32/S32_pipe_P32_equal_K400_b1024_s20k_seed1,/eagle/lc-mpi/Zhiqing/polaris_ebm/runs_long_k_multinode_sweep/logs/S32_pipe_P32_equal_K400_b1024_s20k_seed1.pbs.out,/eagle/lc-mpi/Zhiqing/polaris_ebm/runs_long_k_multinode_sweep/logs/S32_pipe_P32_equal_K400_b1024_s20k_seed1.pbs.out.prev_7175020_20260530_010949,2026-05-30T01:09:49Z,qsub_failed,qsub: would exceed queue generic's per-user limit
7174786.polaris-pbs-01.hsn.cm.polaris.alcf.anl.gov,,S32_single_fullk_K1600_b1024_s20k_seed1,5400,/eagle/lc-mpi/Zhiqing/polaris_ebm/runs_long_k_multinode_sweep/runs/M0/S32/S32_single_fullk_K1600_b1024_s20k_seed1/checkpoints/ckpt_step4999.pt,/eagle/lc-mpi/Zhiqing/polaris_ebm/runs_long_k_multinode_sweep/pbs/S32_single_fullk_K1600_b1024_s20k_seed1.pbs,/eagle/lc-mpi/Zhiqing/polaris_ebm/runs_long_k_multinode_sweep/runs/M0/S32/S32_single_fullk_K1600_b1024_s20k_seed1,/eagle/lc-mpi/Zhiqing/polaris_ebm/runs_long_k_multinode_sweep/logs/S32_single_fullk_K1600_b1024_s20k_seed1.pbs.out,/eagle/lc-mpi/Zhiqing/polaris_ebm/runs_long_k_multinode_sweep/logs/S32_single_fullk_K1600_b1024_s20k_seed1.pbs.out.prev_7174786_20260530_010949,2026-05-30T01:09:49Z,qsub_failed,qsub: would exceed queue generic's per-user limit
7174834.polaris-pbs-01.hsn.cm.polaris.alcf.anl.gov,,S32_single_fullk_K800_b1024_s20k_seed1,15466,/eagle/lc-mpi/Zhiqing/polaris_ebm/runs_long_k_multinode_sweep/runs/M0/S32/S32_single_fullk_K800_b1024_s20k_seed1/checkpoints/ckpt_step14999.pt,/eagle/lc-mpi/Zhiqing/polaris_ebm/runs_long_k_multinode_sweep/pbs/S32_single_fullk_K800_b1024_s20k_seed1.pbs,/eagle/lc-mpi/Zhiqing/polaris_ebm/runs_long_k_multinode_sweep/runs/M0/S32/S32_single_fullk_K800_b1024_s20k_seed1,/eagle/lc-mpi/Zhiqing/polaris_ebm/runs_long_k_multinode_sweep/logs/S32_single_fullk_K800_b1024_s20k_seed1.pbs.out,/eagle/lc-mpi/Zhiqing/polaris_ebm/runs_long_k_multinode_sweep/logs/S32_single_fullk_K800_b1024_s20k_seed1.pbs.out.prev_7174834_20260530_010949,2026-05-30T01:09:49Z,qsub_failed,qsub: would exceed queue generic's per-user limit
7175020.polaris-pbs-01.hsn.cm.polaris.alcf.anl.gov,,S32_pipe_P32_equal_K400_b1024_s20k_seed1,959,,/eagle/lc-mpi/Zhiqing/polaris_ebm/runs_long_k_multinode_sweep/pbs/S32_pipe_P32_equal_K400_b1024_s20k_seed1.pbs,/eagle/lc-mpi/Zhiqing/polaris_ebm/runs_long_k_multinode_sweep/runs/M0/S32/S32_pipe_P32_equal_K400_b1024_s20k_seed1,/eagle/lc-mpi/Zhiqing/polaris_ebm/runs_long_k_multinode_sweep/logs/S32_pipe_P32_equal_K400_b1024_s20k_seed1.pbs.out,/eagle/lc-mpi/Zhiqing/polaris_ebm/runs_long_k_multinode_sweep/logs/S32_pipe_P32_equal_K400_b1024_s20k_seed1.pbs.out.prev_7175020_20260530_013952,2026-05-30T01:39:52Z,qsub_failed,qsub: would exceed queue generic's per-user limit
7174786.polaris-pbs-01.hsn.cm.polaris.alcf.anl.gov,,S32_single_fullk_K1600_b1024_s20k_seed1,5400,/eagle/lc-mpi/Zhiqing/polaris_ebm/runs_long_k_multinode_sweep/runs/M0/S32/S32_single_fullk_K1600_b1024_s20k_seed1/checkpoints/ckpt_step4999.pt,/eagle/lc-mpi/Zhiqing/polaris_ebm/runs_long_k_multinode_sweep/pbs/S32_single_fullk_K1600_b1024_s20k_seed1.pbs,/eagle/lc-mpi/Zhiqing/polaris_ebm/runs_long_k_multinode_sweep/runs/M0/S32/S32_single_fullk_K1600_b1024_s20k_seed1,/eagle/lc-mpi/Zhiqing/polaris_ebm/runs_long_k_multinode_sweep/logs/S32_single_fullk_K1600_b1024_s20k_seed1.pbs.out,/eagle/lc-mpi/Zhiqing/polaris_ebm/runs_long_k_multinode_sweep/logs/S32_single_fullk_K1600_b1024_s20k_seed1.pbs.out.prev_7174786_20260530_013952,2026-05-30T01:39:52Z,qsub_failed,qsub: would exceed queue generic's per-user limit
7174834.polaris-pbs-01.hsn.cm.polaris.alcf.anl.gov,,S32_single_fullk_K800_b1024_s20k_seed1,15466,/eagle/lc-mpi/Zhiqing/polaris_ebm/runs_long_k_multinode_sweep/runs/M0/S32/S32_single_fullk_K800_b1024_s20k_seed1/checkpoints/ckpt_step14999.pt,/eagle/lc-mpi/Zhiqing/polaris_ebm/runs_long_k_multinode_sweep/pbs/S32_single_fullk_K800_b1024_s20k_seed1.pbs,/eagle/lc-mpi/Zhiqing/polaris_ebm/runs_long_k_multinode_sweep/runs/M0/S32/S32_single_fullk_K800_b1024_s20k_seed1,/eagle/lc-mpi/Zhiqing/polaris_ebm/runs_long_k_multinode_sweep/logs/S32_single_fullk_K800_b1024_s20k_seed1.pbs.out,/eagle/lc-mpi/Zhiqing/polaris_ebm/runs_long_k_multinode_sweep/logs/S32_single_fullk_K800_b1024_s20k_seed1.pbs.out.prev_7174834_20260530_013952,2026-05-30T01:39:52Z,qsub_failed,qsub: would exceed queue generic's per-user limit
7175020.polaris-pbs-01.hsn.cm.polaris.alcf.anl.gov,7177696.polaris-pbs-01.hsn.cm.polaris.alcf.anl.gov,S32_pipe_P32_equal_K400_b1024_s20k_seed1,959,,/eagle/lc-mpi/Zhiqing/polaris_ebm/runs_long_k_multinode_sweep/pbs/S32_pipe_P32_equal_K400_b1024_s20k_seed1.pbs,/eagle/lc-mpi/Zhiqing/polaris_ebm/runs_long_k_multinode_sweep/runs/M0/S32/S32_pipe_P32_equal_K400_b1024_s20k_seed1,/eagle/lc-mpi/Zhiqing/polaris_ebm/runs_long_k_multinode_sweep/logs/S32_pipe_P32_equal_K400_b1024_s20k_seed1.pbs.out,/eagle/lc-mpi/Zhiqing/polaris_ebm/runs_long_k_multinode_sweep/logs/S32_pipe_P32_equal_K400_b1024_s20k_seed1.pbs.out.prev_7175020_20260530_020954,2026-05-30T02:09:54Z,submitted,
7174786.polaris-pbs-01.hsn.cm.polaris.alcf.anl.gov,7177697.polaris-pbs-01.hsn.cm.polaris.alcf.anl.gov,S32_single_fullk_K1600_b1024_s20k_seed1,5400,/eagle/lc-mpi/Zhiqing/polaris_ebm/runs_long_k_multinode_sweep/runs/M0/S32/S32_single_fullk_K1600_b1024_s20k_seed1/checkpoints/ckpt_step4999.pt,/eagle/lc-mpi/Zhiqing/polaris_ebm/runs_long_k_multinode_sweep/pbs/S32_single_fullk_K1600_b1024_s20k_seed1.pbs,/eagle/lc-mpi/Zhiqing/polaris_ebm/runs_long_k_multinode_sweep/runs/M0/S32/S32_single_fullk_K1600_b1024_s20k_seed1,/eagle/lc-mpi/Zhiqing/polaris_ebm/runs_long_k_multinode_sweep/logs/S32_single_fullk_K1600_b1024_s20k_seed1.pbs.out,/eagle/lc-mpi/Zhiqing/polaris_ebm/runs_long_k_multinode_sweep/logs/S32_single_fullk_K1600_b1024_s20k_seed1.pbs.out.prev_7174786_20260530_020954,2026-05-30T02:09:54Z,submitted,
7174834.polaris-pbs-01.hsn.cm.polaris.alcf.anl.gov,7177698.polaris-pbs-01.hsn.cm.polaris.alcf.anl.gov,S32_single_fullk_K800_b1024_s20k_seed1,15466,/eagle/lc-mpi/Zhiqing/polaris_ebm/runs_long_k_multinode_sweep/runs/M0/S32/S32_single_fullk_K800_b1024_s20k_seed1/checkpoints/ckpt_step14999.pt,/eagle/lc-mpi/Zhiqing/polaris_ebm/runs_long_k_multinode_sweep/pbs/S32_single_fullk_K800_b1024_s20k_seed1.pbs,/eagle/lc-mpi/Zhiqing/polaris_ebm/runs_long_k_multinode_sweep/runs/M0/S32/S32_single_fullk_K800_b1024_s20k_seed1,/eagle/lc-mpi/Zhiqing/polaris_ebm/runs_long_k_multinode_sweep/logs/S32_single_fullk_K800_b1024_s20k_seed1.pbs.out,/eagle/lc-mpi/Zhiqing/polaris_ebm/runs_long_k_multinode_sweep/logs/S32_single_fullk_K800_b1024_s20k_seed1.pbs.out.prev_7174834_20260530_020954,2026-05-30T02:09:54Z,submitted,
7177063.polaris-pbs-01.hsn.cm.polaris.alcf.anl.gov,7185511.polaris-pbs-01.hsn.cm.polaris.alcf.anl.gov,S16_ddp_fullk_K1600_b512_s20k_seed1,217,,/eagle/lc-mpi/Zhiqing/polaris_ebm/runs_long_k_multinode_sweep/pbs/S16_ddp_fullk_K1600_b512_s20k_seed1.pbs,/eagle/lc-mpi/Zhiqing/polaris_ebm/runs_long_k_multinode_sweep/runs/M0/S16/S16_ddp_fullk_K1600_b512_s20k_seed1,/eagle/lc-mpi/Zhiqing/polaris_ebm/runs_long_k_multinode_sweep/logs/S16_ddp_fullk_K1600_b512_s20k_seed1.pbs.out,/eagle/lc-mpi/Zhiqing/polaris_ebm/runs_long_k_multinode_sweep/logs/S16_ddp_fullk_K1600_b512_s20k_seed1.pbs.out.prev_7177063_20260605_024928,2026-06-05T02:49:28Z,submitted,
7177305.polaris-pbs-01.hsn.cm.polaris.alcf.anl.gov,7185513.polaris-pbs-01.hsn.cm.polaris.alcf.anl.gov,S16_ddp_fullk_K800_b512_s20k_seed1,21,,/eagle/lc-mpi/Zhiqing/polaris_ebm/runs_long_k_multinode_sweep/pbs/S16_ddp_fullk_K800_b512_s20k_seed1.pbs,/eagle/lc-mpi/Zhiqing/polaris_ebm/runs_long_k_multinode_sweep/runs/M0/S16/S16_ddp_fullk_K800_b512_s20k_seed1,/eagle/lc-mpi/Zhiqing/polaris_ebm/runs_long_k_multinode_sweep/logs/S16_ddp_fullk_K800_b512_s20k_seed1.pbs.out,/eagle/lc-mpi/Zhiqing/polaris_ebm/runs_long_k_multinode_sweep/logs/S16_ddp_fullk_K800_b512_s20k_seed1.pbs.out.prev_7177305_20260605_024928,2026-06-05T02:49:28Z,submitted,
7177306.polaris-pbs-01.hsn.cm.polaris.alcf.anl.gov,7185515.polaris-pbs-01.hsn.cm.polaris.alcf.anl.gov,S16_pipe_P16_equal_K1600_b512_s20k_seed1,432,,/eagle/lc-mpi/Zhiqing/polaris_ebm/runs_long_k_multinode_sweep/pbs/S16_pipe_P16_equal_K1600_b512_s20k_seed1.pbs,/eagle/lc-mpi/Zhiqing/polaris_ebm/runs_long_k_multinode_sweep/runs/M0/S16/S16_pipe_P16_equal_K1600_b512_s20k_seed1,/eagle/lc-mpi/Zhiqing/polaris_ebm/runs_long_k_multinode_sweep/logs/S16_pipe_P16_equal_K1600_b512_s20k_seed1.pbs.out,/eagle/lc-mpi/Zhiqing/polaris_ebm/runs_long_k_multinode_sweep/logs/S16_pipe_P16_equal_K1600_b512_s20k_seed1.pbs.out.prev_7177306_20260605_024928,2026-06-05T02:49:28Z,submitted,
7177459.polaris-pbs-01.hsn.cm.polaris.alcf.anl.gov,7185517.polaris-pbs-01.hsn.cm.polaris.alcf.anl.gov,S16_single_fullk_K1600_b512_s20k_seed1,15131,/eagle/lc-mpi/Zhiqing/polaris_ebm/runs_long_k_multinode_sweep/runs/M0/S16/S16_single_fullk_K1600_b512_s20k_seed1/checkpoints/ckpt_step14999.pt,/eagle/lc-mpi/Zhiqing/polaris_ebm/runs_long_k_multinode_sweep/pbs/S16_single_fullk_K1600_b512_s20k_seed1.pbs,/eagle/lc-mpi/Zhiqing/polaris_ebm/runs_long_k_multinode_sweep/runs/M0/S16/S16_single_fullk_K1600_b512_s20k_seed1,/eagle/lc-mpi/Zhiqing/polaris_ebm/runs_long_k_multinode_sweep/logs/S16_single_fullk_K1600_b512_s20k_seed1.pbs.out,/eagle/lc-mpi/Zhiqing/polaris_ebm/runs_long_k_multinode_sweep/logs/S16_single_fullk_K1600_b512_s20k_seed1.pbs.out.prev_7177459_20260605_024928,2026-06-05T02:49:28Z,submitted,
7177460.polaris-pbs-01.hsn.cm.polaris.alcf.anl.gov,7185519.polaris-pbs-01.hsn.cm.polaris.alcf.anl.gov,S32_ddp_fullk_K1600_b1024_s20k_seed1,2397,,/eagle/lc-mpi/Zhiqing/polaris_ebm/runs_long_k_multinode_sweep/pbs/S32_ddp_fullk_K1600_b1024_s20k_seed1.pbs,/eagle/lc-mpi/Zhiqing/polaris_ebm/runs_long_k_multinode_sweep/runs/M0/S32/S32_ddp_fullk_K1600_b1024_s20k_seed1,/eagle/lc-mpi/Zhiqing/polaris_ebm/runs_long_k_multinode_sweep/logs/S32_ddp_fullk_K1600_b1024_s20k_seed1.pbs.out,/eagle/lc-mpi/Zhiqing/polaris_ebm/runs_long_k_multinode_sweep/logs/S32_ddp_fullk_K1600_b1024_s20k_seed1.pbs.out.prev_7177460_20260605_024928,2026-06-05T02:49:28Z,submitted,
7177697.polaris-pbs-01.hsn.cm.polaris.alcf.anl.gov,7185520.polaris-pbs-01.hsn.cm.polaris.alcf.anl.gov,S32_single_fullk_K1600_b1024_s20k_seed1,13511,/eagle/lc-mpi/Zhiqing/polaris_ebm/runs_long_k_multinode_sweep/runs/M0/S32/S32_single_fullk_K1600_b1024_s20k_seed1/checkpoints/ckpt_step9999.pt,/eagle/lc-mpi/Zhiqing/polaris_ebm/runs_long_k_multinode_sweep/pbs/S32_single_fullk_K1600_b1024_s20k_seed1.pbs,/eagle/lc-mpi/Zhiqing/polaris_ebm/runs_long_k_multinode_sweep/runs/M0/S32/S32_single_fullk_K1600_b1024_s20k_seed1,/eagle/lc-mpi/Zhiqing/polaris_ebm/runs_long_k_multinode_sweep/logs/S32_single_fullk_K1600_b1024_s20k_seed1.pbs.out,/eagle/lc-mpi/Zhiqing/polaris_ebm/runs_long_k_multinode_sweep/logs/S32_single_fullk_K1600_b1024_s20k_seed1.pbs.out.prev_7177697_20260605_024928,2026-06-05T02:49:28Z,submitted,
