group,exp_id,story,train_mode,seed,step,fid_inception,fid_feature,unique_ratio,trajectory_dir,metrics_path
A0,A0_ddp_strict_300k_ref,Q0 baseline alignment,ddp_fullk,1,5000,135.36547313007082,0.5196035830450789,,/eagle/lc-mpi/Zhiqing/polaris_ebm/runs_analysis/seed1_fid_trajectory/ddp_seed1_local,/eagle/lc-mpi/Zhiqing/polaris_ebm/runs_analysis/seed1_fid_trajectory/ddp_seed1_local/step005000/metrics_compare.json
A0,A0_ddp_strict_300k_ref,Q0 baseline alignment,ddp_fullk,1,10000,116.27965887200565,1.9012129026702347,,/eagle/lc-mpi/Zhiqing/polaris_ebm/runs_analysis/seed1_fid_trajectory/ddp_seed1_local,/eagle/lc-mpi/Zhiqing/polaris_ebm/runs_analysis/seed1_fid_trajectory/ddp_seed1_local/step010000/metrics_compare.json
A0,A0_ddp_strict_300k_ref,Q0 baseline alignment,ddp_fullk,1,15000,105.42142113120764,0.9146589064190529,,/eagle/lc-mpi/Zhiqing/polaris_ebm/runs_analysis/seed1_fid_trajectory/ddp_seed1_local,/eagle/lc-mpi/Zhiqing/polaris_ebm/runs_analysis/seed1_fid_trajectory/ddp_seed1_local/step015000/metrics_compare.json
A0,A0_ddp_strict_300k_ref,Q0 baseline alignment,ddp_fullk,1,20000,116.99832119972098,0.490876825779317,,/eagle/lc-mpi/Zhiqing/polaris_ebm/runs_analysis/seed1_fid_trajectory/ddp_seed1_local,/eagle/lc-mpi/Zhiqing/polaris_ebm/runs_analysis/seed1_fid_trajectory/ddp_seed1_local/step020000/metrics_compare.json
A0,A0_ddp_strict_300k_ref,Q0 baseline alignment,ddp_fullk,1,25000,107.23686245165601,2.090468105831423,,/eagle/lc-mpi/Zhiqing/polaris_ebm/runs_analysis/seed1_fid_trajectory/ddp_seed1_local,/eagle/lc-mpi/Zhiqing/polaris_ebm/runs_analysis/seed1_fid_trajectory/ddp_seed1_local/step025000/metrics_compare.json
A0,A0_ddp_strict_300k_ref,Q0 baseline alignment,ddp_fullk,1,30000,95.19542360442466,0.3548200544516895,,/eagle/lc-mpi/Zhiqing/polaris_ebm/runs_analysis/seed1_fid_trajectory/ddp_seed1_local,/eagle/lc-mpi/Zhiqing/polaris_ebm/runs_analysis/seed1_fid_trajectory/ddp_seed1_local/step030000/metrics_compare.json
A0,A0_ddp_strict_300k_ref,Q0 baseline alignment,ddp_fullk,1,35000,84.70846454190644,0.8671486722519681,,/eagle/lc-mpi/Zhiqing/polaris_ebm/runs_analysis/seed1_fid_trajectory/ddp_seed1_local,/eagle/lc-mpi/Zhiqing/polaris_ebm/runs_analysis/seed1_fid_trajectory/ddp_seed1_local/step035000/metrics_compare.json
A0,A0_ddp_strict_300k_ref,Q0 baseline alignment,ddp_fullk,1,40000,118.93713503286023,1.4031710923723608,,/eagle/lc-mpi/Zhiqing/polaris_ebm/runs_analysis/seed1_fid_trajectory/ddp_seed1_local,/eagle/lc-mpi/Zhiqing/polaris_ebm/runs_analysis/seed1_fid_trajectory/ddp_seed1_local/step040000/metrics_compare.json
A0,A0_ddp_strict_300k_ref,Q0 baseline alignment,ddp_fullk,1,45000,85.4396777481661,2.950366079103908,,/eagle/lc-mpi/Zhiqing/polaris_ebm/runs_analysis/seed1_fid_trajectory/ddp_seed1_local,/eagle/lc-mpi/Zhiqing/polaris_ebm/runs_analysis/seed1_fid_trajectory/ddp_seed1_local/step045000/metrics_compare.json
A0,A0_ddp_strict_300k_ref,Q0 baseline alignment,ddp_fullk,1,50000,88.77465204728333,1.3223190915870617,,/eagle/lc-mpi/Zhiqing/polaris_ebm/runs_analysis/seed1_fid_trajectory/ddp_seed1_local,/eagle/lc-mpi/Zhiqing/polaris_ebm/runs_analysis/seed1_fid_trajectory/ddp_seed1_local/step050000/metrics_compare.json
A0,A0_ddp_strict_300k_ref,Q0 baseline alignment,ddp_fullk,1,55000,85.68522132604852,0.363744089687728,,/eagle/lc-mpi/Zhiqing/polaris_ebm/runs_analysis/seed1_fid_trajectory/ddp_seed1_local,/eagle/lc-mpi/Zhiqing/polaris_ebm/runs_analysis/seed1_fid_trajectory/ddp_seed1_local/step055000/metrics_compare.json
A0,A0_ddp_strict_300k_ref,Q0 baseline alignment,ddp_fullk,1,60000,81.53804281856173,0.42592337530660984,,/eagle/lc-mpi/Zhiqing/polaris_ebm/runs_analysis/seed1_fid_trajectory/ddp_seed1_local,/eagle/lc-mpi/Zhiqing/polaris_ebm/runs_analysis/seed1_fid_trajectory/ddp_seed1_local/step060000/metrics_compare.json
A0,A0_ddp_strict_300k_ref,Q0 baseline alignment,ddp_fullk,1,65000,84.25223793954501,1.1762894651825917,,/eagle/lc-mpi/Zhiqing/polaris_ebm/runs_analysis/seed1_fid_trajectory/ddp_seed1_local,/eagle/lc-mpi/Zhiqing/polaris_ebm/runs_analysis/seed1_fid_trajectory/ddp_seed1_local/step065000/metrics_compare.json
A0,A0_ddp_strict_300k_ref,Q0 baseline alignment,ddp_fullk,1,70000,69.81401188530464,1.0089179651435352,,/eagle/lc-mpi/Zhiqing/polaris_ebm/runs_analysis/seed1_fid_trajectory/ddp_seed1_local,/eagle/lc-mpi/Zhiqing/polaris_ebm/runs_analysis/seed1_fid_trajectory/ddp_seed1_local/step070000/metrics_compare.json
A0,A0_ddp_strict_300k_ref,Q0 baseline alignment,ddp_fullk,1,75000,80.37455505702508,1.6404853864140883,,/eagle/lc-mpi/Zhiqing/polaris_ebm/runs_analysis/seed1_fid_trajectory/ddp_seed1_local,/eagle/lc-mpi/Zhiqing/polaris_ebm/runs_analysis/seed1_fid_trajectory/ddp_seed1_local/step075000/metrics_compare.json
A0,A0_ddp_strict_300k_ref,Q0 baseline alignment,ddp_fullk,1,80000,86.9877508793499,0.48931071337852927,,/eagle/lc-mpi/Zhiqing/polaris_ebm/runs_analysis/seed1_fid_trajectory/ddp_seed1_local,/eagle/lc-mpi/Zhiqing/polaris_ebm/runs_analysis/seed1_fid_trajectory/ddp_seed1_local/step080000/metrics_compare.json
A0,A0_ddp_strict_300k_ref,Q0 baseline alignment,ddp_fullk,1,85000,97.06737646758091,0.31623712216295274,,/eagle/lc-mpi/Zhiqing/polaris_ebm/runs_analysis/seed1_fid_trajectory/ddp_seed1_local,/eagle/lc-mpi/Zhiqing/polaris_ebm/runs_analysis/seed1_fid_trajectory/ddp_seed1_local/step085000/metrics_compare.json
A0,A0_ddp_strict_300k_ref,Q0 baseline alignment,ddp_fullk,1,90000,73.56846430337555,0.33166970933606876,,/eagle/lc-mpi/Zhiqing/polaris_ebm/runs_analysis/seed1_fid_trajectory/ddp_seed1_local,/eagle/lc-mpi/Zhiqing/polaris_ebm/runs_analysis/seed1_fid_trajectory/ddp_seed1_local/step090000/metrics_compare.json
A0,A0_ddp_strict_300k_ref,Q0 baseline alignment,ddp_fullk,1,95000,64.4370022745585,0.40019973403738973,,/eagle/lc-mpi/Zhiqing/polaris_ebm/runs_analysis/seed1_fid_trajectory/ddp_seed1_local,/eagle/lc-mpi/Zhiqing/polaris_ebm/runs_analysis/seed1_fid_trajectory/ddp_seed1_local/step095000/metrics_compare.json
A0,A0_ddp_strict_300k_ref,Q0 baseline alignment,ddp_fullk,1,100000,67.94951567013607,0.8803643225683224,,/eagle/lc-mpi/Zhiqing/polaris_ebm/runs_analysis/seed1_fid_trajectory/ddp_seed1_local,/eagle/lc-mpi/Zhiqing/polaris_ebm/runs_analysis/seed1_fid_trajectory/ddp_seed1_local/step100000/metrics_compare.json
A0,A0_ddp_strict_300k_ref,Q0 baseline alignment,ddp_fullk,1,105000,75.10603769604529,0.3839936649784583,,/eagle/lc-mpi/Zhiqing/polaris_ebm/runs_analysis/seed1_fid_trajectory/ddp_seed1_local,/eagle/lc-mpi/Zhiqing/polaris_ebm/runs_analysis/seed1_fid_trajectory/ddp_seed1_local/step105000/metrics_compare.json
A0,A0_ddp_strict_300k_ref,Q0 baseline alignment,ddp_fullk,1,110000,63.46759923321122,0.312349203865697,,/eagle/lc-mpi/Zhiqing/polaris_ebm/runs_analysis/seed1_fid_trajectory/ddp_seed1_local,/eagle/lc-mpi/Zhiqing/polaris_ebm/runs_analysis/seed1_fid_trajectory/ddp_seed1_local/step110000/metrics_compare.json
A0,A0_ddp_strict_300k_ref,Q0 baseline alignment,ddp_fullk,1,115000,92.596384660039,0.3573275476257507,,/eagle/lc-mpi/Zhiqing/polaris_ebm/runs_analysis/seed1_fid_trajectory/ddp_seed1_local,/eagle/lc-mpi/Zhiqing/polaris_ebm/runs_analysis/seed1_fid_trajectory/ddp_seed1_local/step115000/metrics_compare.json
A0,A0_ddp_strict_300k_ref,Q0 baseline alignment,ddp_fullk,1,120000,74.80906111303977,0.3195908621967156,,/eagle/lc-mpi/Zhiqing/polaris_ebm/runs_analysis/seed1_fid_trajectory/ddp_seed1_local,/eagle/lc-mpi/Zhiqing/polaris_ebm/runs_analysis/seed1_fid_trajectory/ddp_seed1_local/step120000/metrics_compare.json
A0,A0_ddp_strict_300k_ref,Q0 baseline alignment,ddp_fullk,1,125000,75.72544318903999,0.7026306561162876,,/eagle/lc-mpi/Zhiqing/polaris_ebm/runs_analysis/seed1_fid_trajectory/ddp_seed1_local,/eagle/lc-mpi/Zhiqing/polaris_ebm/runs_analysis/seed1_fid_trajectory/ddp_seed1_local/step125000/metrics_compare.json
A0,A0_ddp_strict_300k_ref,Q0 baseline alignment,ddp_fullk,1,130000,78.5177872463754,0.5417944987911625,,/eagle/lc-mpi/Zhiqing/polaris_ebm/runs_analysis/seed1_fid_trajectory/ddp_seed1_local,/eagle/lc-mpi/Zhiqing/polaris_ebm/runs_analysis/seed1_fid_trajectory/ddp_seed1_local/step130000/metrics_compare.json
A0,A0_ddp_strict_300k_ref,Q0 baseline alignment,ddp_fullk,1,135000,74.42444680948142,0.3005989993652243,,/eagle/lc-mpi/Zhiqing/polaris_ebm/runs_analysis/seed1_fid_trajectory/ddp_seed1_local,/eagle/lc-mpi/Zhiqing/polaris_ebm/runs_analysis/seed1_fid_trajectory/ddp_seed1_local/step135000/metrics_compare.json
A0,A0_ddp_strict_300k_ref,Q0 baseline alignment,ddp_fullk,1,140000,74.25719505491804,0.4958003850393382,,/eagle/lc-mpi/Zhiqing/polaris_ebm/runs_analysis/seed1_fid_trajectory/ddp_seed1_local,/eagle/lc-mpi/Zhiqing/polaris_ebm/runs_analysis/seed1_fid_trajectory/ddp_seed1_local/step140000/metrics_compare.json
A0,A0_ddp_strict_300k_ref,Q0 baseline alignment,ddp_fullk,1,145000,69.5005738214835,0.6015326374722747,,/eagle/lc-mpi/Zhiqing/polaris_ebm/runs_analysis/seed1_fid_trajectory/ddp_seed1_local,/eagle/lc-mpi/Zhiqing/polaris_ebm/runs_analysis/seed1_fid_trajectory/ddp_seed1_local/step145000/metrics_compare.json
A0,A0_ddp_strict_300k_ref,Q0 baseline alignment,ddp_fullk,1,150000,80.40403426457897,0.2843590053889429,,/eagle/lc-mpi/Zhiqing/polaris_ebm/runs_analysis/seed1_fid_trajectory/ddp_seed1_local,/eagle/lc-mpi/Zhiqing/polaris_ebm/runs_analysis/seed1_fid_trajectory/ddp_seed1_local/step150000/metrics_compare.json
A0,A0_ddp_strict_300k_ref,Q0 baseline alignment,ddp_fullk,1,155000,69.2443481996907,0.5134626723994451,,/eagle/lc-mpi/Zhiqing/polaris_ebm/runs_analysis/seed1_fid_trajectory/ddp_seed1_local,/eagle/lc-mpi/Zhiqing/polaris_ebm/runs_analysis/seed1_fid_trajectory/ddp_seed1_local/step155000/metrics_compare.json
A0,A0_ddp_strict_300k_ref,Q0 baseline alignment,ddp_fullk,1,160000,75.00412831266863,0.4528483504462102,,/eagle/lc-mpi/Zhiqing/polaris_ebm/runs_analysis/seed1_fid_trajectory/ddp_seed1_local,/eagle/lc-mpi/Zhiqing/polaris_ebm/runs_analysis/seed1_fid_trajectory/ddp_seed1_local/step160000/metrics_compare.json
A0,A0_ddp_strict_300k_ref,Q0 baseline alignment,ddp_fullk,1,165000,72.17621348702613,0.5558389465072402,,/eagle/lc-mpi/Zhiqing/polaris_ebm/runs_analysis/seed1_fid_trajectory/ddp_seed1_local,/eagle/lc-mpi/Zhiqing/polaris_ebm/runs_analysis/seed1_fid_trajectory/ddp_seed1_local/step165000/metrics_compare.json
A0,A0_ddp_strict_300k_ref,Q0 baseline alignment,ddp_fullk,1,170000,61.288271796156664,0.22590822964721013,,/eagle/lc-mpi/Zhiqing/polaris_ebm/runs_analysis/seed1_fid_trajectory/ddp_seed1_local,/eagle/lc-mpi/Zhiqing/polaris_ebm/runs_analysis/seed1_fid_trajectory/ddp_seed1_local/step170000/metrics_compare.json
A0,A0_ddp_strict_300k_ref,Q0 baseline alignment,ddp_fullk,1,175000,76.71922414026062,0.29611168931788256,,/eagle/lc-mpi/Zhiqing/polaris_ebm/runs_analysis/seed1_fid_trajectory/ddp_seed1_local,/eagle/lc-mpi/Zhiqing/polaris_ebm/runs_analysis/seed1_fid_trajectory/ddp_seed1_local/step175000/metrics_compare.json
A0,A0_ddp_strict_300k_ref,Q0 baseline alignment,ddp_fullk,1,180000,71.27905117073897,0.5654302687770318,,/eagle/lc-mpi/Zhiqing/polaris_ebm/runs_analysis/seed1_fid_trajectory/ddp_seed1_local,/eagle/lc-mpi/Zhiqing/polaris_ebm/runs_analysis/seed1_fid_trajectory/ddp_seed1_local/step180000/metrics_compare.json
A0,A0_ddp_strict_300k_ref,Q0 baseline alignment,ddp_fullk,1,185000,74.76635815066686,0.36548035967212655,,/eagle/lc-mpi/Zhiqing/polaris_ebm/runs_analysis/seed1_fid_trajectory/ddp_seed1_local,/eagle/lc-mpi/Zhiqing/polaris_ebm/runs_analysis/seed1_fid_trajectory/ddp_seed1_local/step185000/metrics_compare.json
A0,A0_ddp_strict_300k_ref,Q0 baseline alignment,ddp_fullk,1,190000,76.51291187876404,1.2370983534089746,,/eagle/lc-mpi/Zhiqing/polaris_ebm/runs_analysis/seed1_fid_trajectory/ddp_seed1_local,/eagle/lc-mpi/Zhiqing/polaris_ebm/runs_analysis/seed1_fid_trajectory/ddp_seed1_local/step190000/metrics_compare.json
A0,A0_ddp_strict_300k_ref,Q0 baseline alignment,ddp_fullk,1,195000,61.45384088153776,0.26879410360251654,,/eagle/lc-mpi/Zhiqing/polaris_ebm/runs_analysis/seed1_fid_trajectory/ddp_seed1_local,/eagle/lc-mpi/Zhiqing/polaris_ebm/runs_analysis/seed1_fid_trajectory/ddp_seed1_local/step195000/metrics_compare.json
A0,A0_ddp_strict_300k_ref,Q0 baseline alignment,ddp_fullk,1,200000,65.11546243536509,0.29613927514019167,,/eagle/lc-mpi/Zhiqing/polaris_ebm/runs_analysis/seed1_fid_trajectory/ddp_seed1_local,/eagle/lc-mpi/Zhiqing/polaris_ebm/runs_analysis/seed1_fid_trajectory/ddp_seed1_local/step200000/metrics_compare.json
A0,A0_ddp_strict_300k_ref,Q0 baseline alignment,ddp_fullk,1,205000,64.52959745784023,0.6603788886347246,,/eagle/lc-mpi/Zhiqing/polaris_ebm/runs_analysis/seed1_fid_trajectory/ddp_seed1_local,/eagle/lc-mpi/Zhiqing/polaris_ebm/runs_analysis/seed1_fid_trajectory/ddp_seed1_local/step205000/metrics_compare.json
A0,A0_ddp_strict_300k_ref,Q0 baseline alignment,ddp_fullk,1,210000,61.60428960289687,0.20981319204052085,,/eagle/lc-mpi/Zhiqing/polaris_ebm/runs_analysis/seed1_fid_trajectory/ddp_seed1_local,/eagle/lc-mpi/Zhiqing/polaris_ebm/runs_analysis/seed1_fid_trajectory/ddp_seed1_local/step210000/metrics_compare.json
A0,A0_ddp_strict_300k_ref,Q0 baseline alignment,ddp_fullk,1,215000,61.30017178454665,0.40121101205686927,,/eagle/lc-mpi/Zhiqing/polaris_ebm/runs_analysis/seed1_fid_trajectory/ddp_seed1_local,/eagle/lc-mpi/Zhiqing/polaris_ebm/runs_analysis/seed1_fid_trajectory/ddp_seed1_local/step215000/metrics_compare.json
A0,A0_ddp_strict_300k_ref,Q0 baseline alignment,ddp_fullk,1,220000,71.2395892605926,0.3323360506707189,,/eagle/lc-mpi/Zhiqing/polaris_ebm/runs_analysis/seed1_fid_trajectory/ddp_seed1_local,/eagle/lc-mpi/Zhiqing/polaris_ebm/runs_analysis/seed1_fid_trajectory/ddp_seed1_local/step220000/metrics_compare.json
A0,A0_ddp_strict_300k_ref,Q0 baseline alignment,ddp_fullk,1,225000,67.89187892054304,0.42544586094133763,,/eagle/lc-mpi/Zhiqing/polaris_ebm/runs_analysis/seed1_fid_trajectory/ddp_seed1_local,/eagle/lc-mpi/Zhiqing/polaris_ebm/runs_analysis/seed1_fid_trajectory/ddp_seed1_local/step225000/metrics_compare.json
A0,A0_ddp_strict_300k_ref,Q0 baseline alignment,ddp_fullk,1,230000,64.76471911649986,0.4693801458369471,,/eagle/lc-mpi/Zhiqing/polaris_ebm/runs_analysis/seed1_fid_trajectory/ddp_seed1_local,/eagle/lc-mpi/Zhiqing/polaris_ebm/runs_analysis/seed1_fid_trajectory/ddp_seed1_local/step230000/metrics_compare.json
A0,A0_ddp_strict_300k_ref,Q0 baseline alignment,ddp_fullk,1,235000,72.64131930880899,0.5033847376188092,,/eagle/lc-mpi/Zhiqing/polaris_ebm/runs_analysis/seed1_fid_trajectory/ddp_seed1_local,/eagle/lc-mpi/Zhiqing/polaris_ebm/runs_analysis/seed1_fid_trajectory/ddp_seed1_local/step235000/metrics_compare.json
A0,A0_ddp_strict_300k_ref,Q0 baseline alignment,ddp_fullk,1,240000,82.09494582621744,0.5420775556423649,,/eagle/lc-mpi/Zhiqing/polaris_ebm/runs_analysis/seed1_fid_trajectory/ddp_seed1_local,/eagle/lc-mpi/Zhiqing/polaris_ebm/runs_analysis/seed1_fid_trajectory/ddp_seed1_local/step240000/metrics_compare.json
A0,A0_ddp_strict_300k_ref,Q0 baseline alignment,ddp_fullk,1,245000,66.00157580439009,0.7436501773812623,,/eagle/lc-mpi/Zhiqing/polaris_ebm/runs_analysis/seed1_fid_trajectory/ddp_seed1_local,/eagle/lc-mpi/Zhiqing/polaris_ebm/runs_analysis/seed1_fid_trajectory/ddp_seed1_local/step245000/metrics_compare.json
A0,A0_ddp_strict_300k_ref,Q0 baseline alignment,ddp_fullk,1,250000,66.71413661406183,0.23962623525578763,,/eagle/lc-mpi/Zhiqing/polaris_ebm/runs_analysis/seed1_fid_trajectory/ddp_seed1_local,/eagle/lc-mpi/Zhiqing/polaris_ebm/runs_analysis/seed1_fid_trajectory/ddp_seed1_local/step250000/metrics_compare.json
A0,A0_ddp_strict_300k_ref,Q0 baseline alignment,ddp_fullk,1,255000,61.66193852960703,0.27231857821996996,,/eagle/lc-mpi/Zhiqing/polaris_ebm/runs_analysis/seed1_fid_trajectory/ddp_seed1_local,/eagle/lc-mpi/Zhiqing/polaris_ebm/runs_analysis/seed1_fid_trajectory/ddp_seed1_local/step255000/metrics_compare.json
A0,A0_ddp_strict_300k_ref,Q0 baseline alignment,ddp_fullk,1,260000,71.71654657850337,0.5299349326067073,,/eagle/lc-mpi/Zhiqing/polaris_ebm/runs_analysis/seed1_fid_trajectory/ddp_seed1_local,/eagle/lc-mpi/Zhiqing/polaris_ebm/runs_analysis/seed1_fid_trajectory/ddp_seed1_local/step260000/metrics_compare.json
A0,A0_ddp_strict_300k_ref,Q0 baseline alignment,ddp_fullk,1,265000,69.70922489126792,0.4709614868340033,,/eagle/lc-mpi/Zhiqing/polaris_ebm/runs_analysis/seed1_fid_trajectory/ddp_seed1_local,/eagle/lc-mpi/Zhiqing/polaris_ebm/runs_analysis/seed1_fid_trajectory/ddp_seed1_local/step265000/metrics_compare.json
A0,A0_ddp_strict_300k_ref,Q0 baseline alignment,ddp_fullk,1,270000,59.37083186159492,0.5377232235068021,,/eagle/lc-mpi/Zhiqing/polaris_ebm/runs_analysis/seed1_fid_trajectory/ddp_seed1_local,/eagle/lc-mpi/Zhiqing/polaris_ebm/runs_analysis/seed1_fid_trajectory/ddp_seed1_local/step270000/metrics_compare.json
A0,A0_ddp_strict_300k_ref,Q0 baseline alignment,ddp_fullk,1,275000,78.54739237397712,0.44027264035820224,,/eagle/lc-mpi/Zhiqing/polaris_ebm/runs_analysis/seed1_fid_trajectory/ddp_seed1_local,/eagle/lc-mpi/Zhiqing/polaris_ebm/runs_analysis/seed1_fid_trajectory/ddp_seed1_local/step275000/metrics_compare.json
A0,A0_ddp_strict_300k_ref,Q0 baseline alignment,ddp_fullk,1,280000,54.80543438170548,0.4588828935523992,,/eagle/lc-mpi/Zhiqing/polaris_ebm/runs_analysis/seed1_fid_trajectory/ddp_seed1_local,/eagle/lc-mpi/Zhiqing/polaris_ebm/runs_analysis/seed1_fid_trajectory/ddp_seed1_local/step280000/metrics_compare.json
A0,A0_ddp_strict_300k_ref,Q0 baseline alignment,ddp_fullk,1,285000,66.92371224461351,0.29603485586565625,,/eagle/lc-mpi/Zhiqing/polaris_ebm/runs_analysis/seed1_fid_trajectory/ddp_seed1_local,/eagle/lc-mpi/Zhiqing/polaris_ebm/runs_analysis/seed1_fid_trajectory/ddp_seed1_local/step285000/metrics_compare.json
A0,A0_ddp_strict_300k_ref,Q0 baseline alignment,ddp_fullk,1,290000,64.34583426042832,0.3490397083730059,,/eagle/lc-mpi/Zhiqing/polaris_ebm/runs_analysis/seed1_fid_trajectory/ddp_seed1_local,/eagle/lc-mpi/Zhiqing/polaris_ebm/runs_analysis/seed1_fid_trajectory/ddp_seed1_local/step290000/metrics_compare.json
A0,A0_ddp_strict_300k_ref,Q0 baseline alignment,ddp_fullk,1,295000,62.27793215069903,0.2982043459840469,,/eagle/lc-mpi/Zhiqing/polaris_ebm/runs_analysis/seed1_fid_trajectory/ddp_seed1_local,/eagle/lc-mpi/Zhiqing/polaris_ebm/runs_analysis/seed1_fid_trajectory/ddp_seed1_local/step295000/metrics_compare.json
A0,A0_ddp_strict_300k_ref,Q0 baseline alignment,ddp_fullk,1,300000,66.94092171301946,0.43625693217033046,,/eagle/lc-mpi/Zhiqing/polaris_ebm/runs_analysis/seed1_fid_trajectory/ddp_seed1_local,/eagle/lc-mpi/Zhiqing/polaris_ebm/runs_analysis/seed1_fid_trajectory/ddp_seed1_local/step300000/metrics_compare.json
A0,A0_pipeline_strict_300k_ref,Q0 baseline alignment,pipe_strict,1,5000,154.00775820001854,7.307661347232216,,/eagle/lc-mpi/Zhiqing/polaris_ebm/runs_analysis/seed1_fid_trajectory/pipeline_seed1_local,/eagle/lc-mpi/Zhiqing/polaris_ebm/runs_analysis/seed1_fid_trajectory/pipeline_seed1_local/step005000/metrics_compare.json
A0,A0_pipeline_strict_300k_ref,Q0 baseline alignment,pipe_strict,1,10000,144.83348796911903,3.753978453256387,,/eagle/lc-mpi/Zhiqing/polaris_ebm/runs_analysis/seed1_fid_trajectory/pipeline_seed1_local,/eagle/lc-mpi/Zhiqing/polaris_ebm/runs_analysis/seed1_fid_trajectory/pipeline_seed1_local/step010000/metrics_compare.json
A0,A0_pipeline_strict_300k_ref,Q0 baseline alignment,pipe_strict,1,15000,123.8961326931227,3.8486922622413466,,/eagle/lc-mpi/Zhiqing/polaris_ebm/runs_analysis/seed1_fid_trajectory/pipeline_seed1_local,/eagle/lc-mpi/Zhiqing/polaris_ebm/runs_analysis/seed1_fid_trajectory/pipeline_seed1_local/step015000/metrics_compare.json
A0,A0_pipeline_strict_300k_ref,Q0 baseline alignment,pipe_strict,1,20000,128.74555546370527,1.6016532181808536,,/eagle/lc-mpi/Zhiqing/polaris_ebm/runs_analysis/seed1_fid_trajectory/pipeline_seed1_local,/eagle/lc-mpi/Zhiqing/polaris_ebm/runs_analysis/seed1_fid_trajectory/pipeline_seed1_local/step020000/metrics_compare.json
A0,A0_pipeline_strict_300k_ref,Q0 baseline alignment,pipe_strict,1,25000,170.49948930527358,1.4819990444606255,,/eagle/lc-mpi/Zhiqing/polaris_ebm/runs_analysis/seed1_fid_trajectory/pipeline_seed1_local,/eagle/lc-mpi/Zhiqing/polaris_ebm/runs_analysis/seed1_fid_trajectory/pipeline_seed1_local/step025000/metrics_compare.json
A0,A0_pipeline_strict_300k_ref,Q0 baseline alignment,pipe_strict,1,30000,102.89130511784208,1.8090766822992599,,/eagle/lc-mpi/Zhiqing/polaris_ebm/runs_analysis/seed1_fid_trajectory/pipeline_seed1_local,/eagle/lc-mpi/Zhiqing/polaris_ebm/runs_analysis/seed1_fid_trajectory/pipeline_seed1_local/step030000/metrics_compare.json
A0,A0_pipeline_strict_300k_ref,Q0 baseline alignment,pipe_strict,1,35000,120.23197030227647,1.0587452990666577,,/eagle/lc-mpi/Zhiqing/polaris_ebm/runs_analysis/seed1_fid_trajectory/pipeline_seed1_local,/eagle/lc-mpi/Zhiqing/polaris_ebm/runs_analysis/seed1_fid_trajectory/pipeline_seed1_local/step035000/metrics_compare.json
A0,A0_pipeline_strict_300k_ref,Q0 baseline alignment,pipe_strict,1,40000,87.72900016018099,1.0220236714476592,,/eagle/lc-mpi/Zhiqing/polaris_ebm/runs_analysis/seed1_fid_trajectory/pipeline_seed1_local,/eagle/lc-mpi/Zhiqing/polaris_ebm/runs_analysis/seed1_fid_trajectory/pipeline_seed1_local/step040000/metrics_compare.json
A0,A0_pipeline_strict_300k_ref,Q0 baseline alignment,pipe_strict,1,45000,93.65092404812276,2.871334067048803,,/eagle/lc-mpi/Zhiqing/polaris_ebm/runs_analysis/seed1_fid_trajectory/pipeline_seed1_local,/eagle/lc-mpi/Zhiqing/polaris_ebm/runs_analysis/seed1_fid_trajectory/pipeline_seed1_local/step045000/metrics_compare.json
A0,A0_pipeline_strict_300k_ref,Q0 baseline alignment,pipe_strict,1,50000,100.86613395511927,0.8299801514557537,,/eagle/lc-mpi/Zhiqing/polaris_ebm/runs_analysis/seed1_fid_trajectory/pipeline_seed1_local,/eagle/lc-mpi/Zhiqing/polaris_ebm/runs_analysis/seed1_fid_trajectory/pipeline_seed1_local/step050000/metrics_compare.json
A0,A0_pipeline_strict_300k_ref,Q0 baseline alignment,pipe_strict,1,55000,89.5587490257434,2.5876829697352193,,/eagle/lc-mpi/Zhiqing/polaris_ebm/runs_analysis/seed1_fid_trajectory/pipeline_seed1_local,/eagle/lc-mpi/Zhiqing/polaris_ebm/runs_analysis/seed1_fid_trajectory/pipeline_seed1_local/step055000/metrics_compare.json
A0,A0_pipeline_strict_300k_ref,Q0 baseline alignment,pipe_strict,1,60000,87.0558529741877,0.8318387637037858,,/eagle/lc-mpi/Zhiqing/polaris_ebm/runs_analysis/seed1_fid_trajectory/pipeline_seed1_local,/eagle/lc-mpi/Zhiqing/polaris_ebm/runs_analysis/seed1_fid_trajectory/pipeline_seed1_local/step060000/metrics_compare.json
A0,A0_pipeline_strict_300k_ref,Q0 baseline alignment,pipe_strict,1,65000,84.94114039198695,2.684047503226523,,/eagle/lc-mpi/Zhiqing/polaris_ebm/runs_analysis/seed1_fid_trajectory/pipeline_seed1_local,/eagle/lc-mpi/Zhiqing/polaris_ebm/runs_analysis/seed1_fid_trajectory/pipeline_seed1_local/step065000/metrics_compare.json
A0,A0_pipeline_strict_300k_ref,Q0 baseline alignment,pipe_strict,1,70000,91.68283496029517,1.7408896958891944,,/eagle/lc-mpi/Zhiqing/polaris_ebm/runs_analysis/seed1_fid_trajectory/pipeline_seed1_local,/eagle/lc-mpi/Zhiqing/polaris_ebm/runs_analysis/seed1_fid_trajectory/pipeline_seed1_local/step070000/metrics_compare.json
A0,A0_pipeline_strict_300k_ref,Q0 baseline alignment,pipe_strict,1,75000,129.93972284779863,1.2569042531482104,,/eagle/lc-mpi/Zhiqing/polaris_ebm/runs_analysis/seed1_fid_trajectory/pipeline_seed1_local,/eagle/lc-mpi/Zhiqing/polaris_ebm/runs_analysis/seed1_fid_trajectory/pipeline_seed1_local/step075000/metrics_compare.json
A0,A0_pipeline_strict_300k_ref,Q0 baseline alignment,pipe_strict,1,80000,94.37119800179721,1.8988724443008422,,/eagle/lc-mpi/Zhiqing/polaris_ebm/runs_analysis/seed1_fid_trajectory/pipeline_seed1_local,/eagle/lc-mpi/Zhiqing/polaris_ebm/runs_analysis/seed1_fid_trajectory/pipeline_seed1_local/step080000/metrics_compare.json
A0,A0_pipeline_strict_300k_ref,Q0 baseline alignment,pipe_strict,1,85000,122.36496078195569,1.4837432642401218,,/eagle/lc-mpi/Zhiqing/polaris_ebm/runs_analysis/seed1_fid_trajectory/pipeline_seed1_local,/eagle/lc-mpi/Zhiqing/polaris_ebm/runs_analysis/seed1_fid_trajectory/pipeline_seed1_local/step085000/metrics_compare.json
A0,A0_pipeline_strict_300k_ref,Q0 baseline alignment,pipe_strict,1,90000,87.74123023636298,0.7272134726066994,,/eagle/lc-mpi/Zhiqing/polaris_ebm/runs_analysis/seed1_fid_trajectory/pipeline_seed1_local,/eagle/lc-mpi/Zhiqing/polaris_ebm/runs_analysis/seed1_fid_trajectory/pipeline_seed1_local/step090000/metrics_compare.json
A0,A0_pipeline_strict_300k_ref,Q0 baseline alignment,pipe_strict,1,95000,78.01946980645761,5.388429272272198,,/eagle/lc-mpi/Zhiqing/polaris_ebm/runs_analysis/seed1_fid_trajectory/pipeline_seed1_local,/eagle/lc-mpi/Zhiqing/polaris_ebm/runs_analysis/seed1_fid_trajectory/pipeline_seed1_local/step095000/metrics_compare.json
A0,A0_pipeline_strict_300k_ref,Q0 baseline alignment,pipe_strict,1,100000,102.58732965765864,1.0158078728582396,,/eagle/lc-mpi/Zhiqing/polaris_ebm/runs_analysis/seed1_fid_trajectory/pipeline_seed1_local,/eagle/lc-mpi/Zhiqing/polaris_ebm/runs_analysis/seed1_fid_trajectory/pipeline_seed1_local/step100000/metrics_compare.json
A0,A0_pipeline_strict_300k_ref,Q0 baseline alignment,pipe_strict,1,105000,87.29832935998087,1.7766052694333077,,/eagle/lc-mpi/Zhiqing/polaris_ebm/runs_analysis/seed1_fid_trajectory/pipeline_seed1_local,/eagle/lc-mpi/Zhiqing/polaris_ebm/runs_analysis/seed1_fid_trajectory/pipeline_seed1_local/step105000/metrics_compare.json
A0,A0_pipeline_strict_300k_ref,Q0 baseline alignment,pipe_strict,1,110000,87.46050156456721,2.201650030862549,,/eagle/lc-mpi/Zhiqing/polaris_ebm/runs_analysis/seed1_fid_trajectory/pipeline_seed1_local,/eagle/lc-mpi/Zhiqing/polaris_ebm/runs_analysis/seed1_fid_trajectory/pipeline_seed1_local/step110000/metrics_compare.json
A0,A0_pipeline_strict_300k_ref,Q0 baseline alignment,pipe_strict,1,115000,86.1030549600963,0.7738703822020483,,/eagle/lc-mpi/Zhiqing/polaris_ebm/runs_analysis/seed1_fid_trajectory/pipeline_seed1_local,/eagle/lc-mpi/Zhiqing/polaris_ebm/runs_analysis/seed1_fid_trajectory/pipeline_seed1_local/step115000/metrics_compare.json
A0,A0_pipeline_strict_300k_ref,Q0 baseline alignment,pipe_strict,1,120000,88.25680467027502,0.441835313543848,,/eagle/lc-mpi/Zhiqing/polaris_ebm/runs_analysis/seed1_fid_trajectory/pipeline_seed1_local,/eagle/lc-mpi/Zhiqing/polaris_ebm/runs_analysis/seed1_fid_trajectory/pipeline_seed1_local/step120000/metrics_compare.json
A0,A0_pipeline_strict_300k_ref,Q0 baseline alignment,pipe_strict,1,125000,79.75547394789356,1.4106621251051195,,/eagle/lc-mpi/Zhiqing/polaris_ebm/runs_analysis/seed1_fid_trajectory/pipeline_seed1_local,/eagle/lc-mpi/Zhiqing/polaris_ebm/runs_analysis/seed1_fid_trajectory/pipeline_seed1_local/step125000/metrics_compare.json
A0,A0_pipeline_strict_300k_ref,Q0 baseline alignment,pipe_strict,1,130000,82.23491908275616,0.5545022138591662,,/eagle/lc-mpi/Zhiqing/polaris_ebm/runs_analysis/seed1_fid_trajectory/pipeline_seed1_local,/eagle/lc-mpi/Zhiqing/polaris_ebm/runs_analysis/seed1_fid_trajectory/pipeline_seed1_local/step130000/metrics_compare.json
A0,A0_pipeline_strict_300k_ref,Q0 baseline alignment,pipe_strict,1,135000,81.18238044548224,0.6532788354059811,,/eagle/lc-mpi/Zhiqing/polaris_ebm/runs_analysis/seed1_fid_trajectory/pipeline_seed1_local,/eagle/lc-mpi/Zhiqing/polaris_ebm/runs_analysis/seed1_fid_trajectory/pipeline_seed1_local/step135000/metrics_compare.json
A0,A0_pipeline_strict_300k_ref,Q0 baseline alignment,pipe_strict,1,140000,75.75257882859228,1.2593426682360196,,/eagle/lc-mpi/Zhiqing/polaris_ebm/runs_analysis/seed1_fid_trajectory/pipeline_seed1_local,/eagle/lc-mpi/Zhiqing/polaris_ebm/runs_analysis/seed1_fid_trajectory/pipeline_seed1_local/step140000/metrics_compare.json
A0,A0_pipeline_strict_300k_ref,Q0 baseline alignment,pipe_strict,1,145000,69.27539271599613,1.821054639738513,,/eagle/lc-mpi/Zhiqing/polaris_ebm/runs_analysis/seed1_fid_trajectory/pipeline_seed1_local,/eagle/lc-mpi/Zhiqing/polaris_ebm/runs_analysis/seed1_fid_trajectory/pipeline_seed1_local/step145000/metrics_compare.json
A0,A0_pipeline_strict_300k_ref,Q0 baseline alignment,pipe_strict,1,150000,90.29405092876192,1.769371457613449,,/eagle/lc-mpi/Zhiqing/polaris_ebm/runs_analysis/seed1_fid_trajectory/pipeline_seed1_local,/eagle/lc-mpi/Zhiqing/polaris_ebm/runs_analysis/seed1_fid_trajectory/pipeline_seed1_local/step150000/metrics_compare.json
A0,A0_pipeline_strict_300k_ref,Q0 baseline alignment,pipe_strict,1,155000,68.92334662386145,3.8035336400920077,,/eagle/lc-mpi/Zhiqing/polaris_ebm/runs_analysis/seed1_fid_trajectory/pipeline_seed1_local,/eagle/lc-mpi/Zhiqing/polaris_ebm/runs_analysis/seed1_fid_trajectory/pipeline_seed1_local/step155000/metrics_compare.json
A0,A0_pipeline_strict_300k_ref,Q0 baseline alignment,pipe_strict,1,160000,95.53866076461776,5.155503524039975,,/eagle/lc-mpi/Zhiqing/polaris_ebm/runs_analysis/seed1_fid_trajectory/pipeline_seed1_local,/eagle/lc-mpi/Zhiqing/polaris_ebm/runs_analysis/seed1_fid_trajectory/pipeline_seed1_local/step160000/metrics_compare.json
A0,A0_pipeline_strict_300k_ref,Q0 baseline alignment,pipe_strict,1,165000,79.71059139500869,0.58228045287008,,/eagle/lc-mpi/Zhiqing/polaris_ebm/runs_analysis/seed1_fid_trajectory/pipeline_seed1_local,/eagle/lc-mpi/Zhiqing/polaris_ebm/runs_analysis/seed1_fid_trajectory/pipeline_seed1_local/step165000/metrics_compare.json
A0,A0_pipeline_strict_300k_ref,Q0 baseline alignment,pipe_strict,1,170000,79.16280816443378,1.3889506341608602,,/eagle/lc-mpi/Zhiqing/polaris_ebm/runs_analysis/seed1_fid_trajectory/pipeline_seed1_local,/eagle/lc-mpi/Zhiqing/polaris_ebm/runs_analysis/seed1_fid_trajectory/pipeline_seed1_local/step170000/metrics_compare.json
A0,A0_pipeline_strict_300k_ref,Q0 baseline alignment,pipe_strict,1,175000,64.38495818452054,0.8798565383377941,,/eagle/lc-mpi/Zhiqing/polaris_ebm/runs_analysis/seed1_fid_trajectory/pipeline_seed1_local,/eagle/lc-mpi/Zhiqing/polaris_ebm/runs_analysis/seed1_fid_trajectory/pipeline_seed1_local/step175000/metrics_compare.json
A0,A0_pipeline_strict_300k_ref,Q0 baseline alignment,pipe_strict,1,180000,86.05016907140293,0.5176122301227402,,/eagle/lc-mpi/Zhiqing/polaris_ebm/runs_analysis/seed1_fid_trajectory/pipeline_seed1_local,/eagle/lc-mpi/Zhiqing/polaris_ebm/runs_analysis/seed1_fid_trajectory/pipeline_seed1_local/step180000/metrics_compare.json
A0,A0_pipeline_strict_300k_ref,Q0 baseline alignment,pipe_strict,1,185000,89.62908749399111,4.1406310405502165,,/eagle/lc-mpi/Zhiqing/polaris_ebm/runs_analysis/seed1_fid_trajectory/pipeline_seed1_local,/eagle/lc-mpi/Zhiqing/polaris_ebm/runs_analysis/seed1_fid_trajectory/pipeline_seed1_local/step185000/metrics_compare.json
A0,A0_pipeline_strict_300k_ref,Q0 baseline alignment,pipe_strict,1,190000,84.43446576940482,1.069278936813749,,/eagle/lc-mpi/Zhiqing/polaris_ebm/runs_analysis/seed1_fid_trajectory/pipeline_seed1_local,/eagle/lc-mpi/Zhiqing/polaris_ebm/runs_analysis/seed1_fid_trajectory/pipeline_seed1_local/step190000/metrics_compare.json
A0,A0_pipeline_strict_300k_ref,Q0 baseline alignment,pipe_strict,1,195000,68.89678462475985,1.1709936689583635,,/eagle/lc-mpi/Zhiqing/polaris_ebm/runs_analysis/seed1_fid_trajectory/pipeline_seed1_local,/eagle/lc-mpi/Zhiqing/polaris_ebm/runs_analysis/seed1_fid_trajectory/pipeline_seed1_local/step195000/metrics_compare.json
A0,A0_pipeline_strict_300k_ref,Q0 baseline alignment,pipe_strict,1,200000,73.09368657087373,1.3907859835096836,,/eagle/lc-mpi/Zhiqing/polaris_ebm/runs_analysis/seed1_fid_trajectory/pipeline_seed1_local,/eagle/lc-mpi/Zhiqing/polaris_ebm/runs_analysis/seed1_fid_trajectory/pipeline_seed1_local/step200000/metrics_compare.json
A0,A0_pipeline_strict_300k_ref,Q0 baseline alignment,pipe_strict,1,205000,85.30795508159292,2.084039500890359,,/eagle/lc-mpi/Zhiqing/polaris_ebm/runs_analysis/seed1_fid_trajectory/pipeline_seed1_local,/eagle/lc-mpi/Zhiqing/polaris_ebm/runs_analysis/seed1_fid_trajectory/pipeline_seed1_local/step205000/metrics_compare.json
A0,A0_pipeline_strict_300k_ref,Q0 baseline alignment,pipe_strict,1,210000,69.63331898984558,0.65550500483603,,/eagle/lc-mpi/Zhiqing/polaris_ebm/runs_analysis/seed1_fid_trajectory/pipeline_seed1_local,/eagle/lc-mpi/Zhiqing/polaris_ebm/runs_analysis/seed1_fid_trajectory/pipeline_seed1_local/step210000/metrics_compare.json
A0,A0_pipeline_strict_300k_ref,Q0 baseline alignment,pipe_strict,1,215000,68.40942604550958,0.6540776142140743,,/eagle/lc-mpi/Zhiqing/polaris_ebm/runs_analysis/seed1_fid_trajectory/pipeline_seed1_local,/eagle/lc-mpi/Zhiqing/polaris_ebm/runs_analysis/seed1_fid_trajectory/pipeline_seed1_local/step215000/metrics_compare.json
A0,A0_pipeline_strict_300k_ref,Q0 baseline alignment,pipe_strict,1,220000,79.04306752234999,1.9034833214961786,,/eagle/lc-mpi/Zhiqing/polaris_ebm/runs_analysis/seed1_fid_trajectory/pipeline_seed1_local,/eagle/lc-mpi/Zhiqing/polaris_ebm/runs_analysis/seed1_fid_trajectory/pipeline_seed1_local/step220000/metrics_compare.json
A0,A0_pipeline_strict_300k_ref,Q0 baseline alignment,pipe_strict,1,225000,73.39382509992879,1.0371288022021012,,/eagle/lc-mpi/Zhiqing/polaris_ebm/runs_analysis/seed1_fid_trajectory/pipeline_seed1_local,/eagle/lc-mpi/Zhiqing/polaris_ebm/runs_analysis/seed1_fid_trajectory/pipeline_seed1_local/step225000/metrics_compare.json
A0,A0_pipeline_strict_300k_ref,Q0 baseline alignment,pipe_strict,1,230000,65.7277144801418,1.0029264915455265,,/eagle/lc-mpi/Zhiqing/polaris_ebm/runs_analysis/seed1_fid_trajectory/pipeline_seed1_local,/eagle/lc-mpi/Zhiqing/polaris_ebm/runs_analysis/seed1_fid_trajectory/pipeline_seed1_local/step230000/metrics_compare.json
A0,A0_pipeline_strict_300k_ref,Q0 baseline alignment,pipe_strict,1,235000,68.128499483197,3.9830391602433934,,/eagle/lc-mpi/Zhiqing/polaris_ebm/runs_analysis/seed1_fid_trajectory/pipeline_seed1_local,/eagle/lc-mpi/Zhiqing/polaris_ebm/runs_analysis/seed1_fid_trajectory/pipeline_seed1_local/step235000/metrics_compare.json
A0,A0_pipeline_strict_300k_ref,Q0 baseline alignment,pipe_strict,1,240000,67.90569137346546,0.49853889620607816,,/eagle/lc-mpi/Zhiqing/polaris_ebm/runs_analysis/seed1_fid_trajectory/pipeline_seed1_local,/eagle/lc-mpi/Zhiqing/polaris_ebm/runs_analysis/seed1_fid_trajectory/pipeline_seed1_local/step240000/metrics_compare.json
A0,A0_pipeline_strict_300k_ref,Q0 baseline alignment,pipe_strict,1,245000,72.53786487259157,0.9733610737112244,,/eagle/lc-mpi/Zhiqing/polaris_ebm/runs_analysis/seed1_fid_trajectory/pipeline_seed1_local,/eagle/lc-mpi/Zhiqing/polaris_ebm/runs_analysis/seed1_fid_trajectory/pipeline_seed1_local/step245000/metrics_compare.json
A0,A0_pipeline_strict_300k_ref,Q0 baseline alignment,pipe_strict,1,250000,65.01686888298497,1.01365048061896,,/eagle/lc-mpi/Zhiqing/polaris_ebm/runs_analysis/seed1_fid_trajectory/pipeline_seed1_local,/eagle/lc-mpi/Zhiqing/polaris_ebm/runs_analysis/seed1_fid_trajectory/pipeline_seed1_local/step250000/metrics_compare.json
A0,A0_pipeline_strict_300k_ref,Q0 baseline alignment,pipe_strict,1,255000,80.25715340516064,1.7183798283051104,,/eagle/lc-mpi/Zhiqing/polaris_ebm/runs_analysis/seed1_fid_trajectory/pipeline_seed1_local,/eagle/lc-mpi/Zhiqing/polaris_ebm/runs_analysis/seed1_fid_trajectory/pipeline_seed1_local/step255000/metrics_compare.json
A0,A0_pipeline_strict_300k_ref,Q0 baseline alignment,pipe_strict,1,260000,76.34488865811261,0.5383325876802303,,/eagle/lc-mpi/Zhiqing/polaris_ebm/runs_analysis/seed1_fid_trajectory/pipeline_seed1_local,/eagle/lc-mpi/Zhiqing/polaris_ebm/runs_analysis/seed1_fid_trajectory/pipeline_seed1_local/step260000/metrics_compare.json
A0,A0_pipeline_strict_300k_ref,Q0 baseline alignment,pipe_strict,1,265000,65.09380230882061,3.3670955974066246,,/eagle/lc-mpi/Zhiqing/polaris_ebm/runs_analysis/seed1_fid_trajectory/pipeline_seed1_local,/eagle/lc-mpi/Zhiqing/polaris_ebm/runs_analysis/seed1_fid_trajectory/pipeline_seed1_local/step265000/metrics_compare.json
A0,A0_pipeline_strict_300k_ref,Q0 baseline alignment,pipe_strict,1,270000,65.6657068861985,1.527633724033997,,/eagle/lc-mpi/Zhiqing/polaris_ebm/runs_analysis/seed1_fid_trajectory/pipeline_seed1_local,/eagle/lc-mpi/Zhiqing/polaris_ebm/runs_analysis/seed1_fid_trajectory/pipeline_seed1_local/step270000/metrics_compare.json
A0,A0_pipeline_strict_300k_ref,Q0 baseline alignment,pipe_strict,1,275000,63.46631285950264,2.273868971055741,,/eagle/lc-mpi/Zhiqing/polaris_ebm/runs_analysis/seed1_fid_trajectory/pipeline_seed1_local,/eagle/lc-mpi/Zhiqing/polaris_ebm/runs_analysis/seed1_fid_trajectory/pipeline_seed1_local/step275000/metrics_compare.json
A0,A0_pipeline_strict_300k_ref,Q0 baseline alignment,pipe_strict,1,280000,65.69940860526458,1.2184086425471428,,/eagle/lc-mpi/Zhiqing/polaris_ebm/runs_analysis/seed1_fid_trajectory/pipeline_seed1_local,/eagle/lc-mpi/Zhiqing/polaris_ebm/runs_analysis/seed1_fid_trajectory/pipeline_seed1_local/step280000/metrics_compare.json
A0,A0_pipeline_strict_300k_ref,Q0 baseline alignment,pipe_strict,1,285000,76.9267600483671,0.5955714268460923,,/eagle/lc-mpi/Zhiqing/polaris_ebm/runs_analysis/seed1_fid_trajectory/pipeline_seed1_local,/eagle/lc-mpi/Zhiqing/polaris_ebm/runs_analysis/seed1_fid_trajectory/pipeline_seed1_local/step285000/metrics_compare.json
A0,A0_pipeline_strict_300k_ref,Q0 baseline alignment,pipe_strict,1,290000,90.66790331742266,0.4609150048297508,,/eagle/lc-mpi/Zhiqing/polaris_ebm/runs_analysis/seed1_fid_trajectory/pipeline_seed1_local,/eagle/lc-mpi/Zhiqing/polaris_ebm/runs_analysis/seed1_fid_trajectory/pipeline_seed1_local/step290000/metrics_compare.json
A0,A0_pipeline_strict_300k_ref,Q0 baseline alignment,pipe_strict,1,295000,80.58314844592473,0.6172470058302579,,/eagle/lc-mpi/Zhiqing/polaris_ebm/runs_analysis/seed1_fid_trajectory/pipeline_seed1_local,/eagle/lc-mpi/Zhiqing/polaris_ebm/runs_analysis/seed1_fid_trajectory/pipeline_seed1_local/step295000/metrics_compare.json
A0,A0_pipeline_strict_300k_ref,Q0 baseline alignment,pipe_strict,1,300000,56.03988018206087,0.450248156663406,,/eagle/lc-mpi/Zhiqing/polaris_ebm/runs_analysis/seed1_fid_trajectory/pipeline_seed1_local,/eagle/lc-mpi/Zhiqing/polaris_ebm/runs_analysis/seed1_fid_trajectory/pipeline_seed1_local/step300000/metrics_compare.json
A1,A1_single_fullk_k100_s20k,Q1 weighted_sum factor,single_fullk,1,5000,123.64279573371067,0.5331952365806352,,/eagle/lc-mpi/Zhiqing/polaris_ebm/runs_analysis/ablation_fid_trajectory/A1_single_fullk_k100_s20k_local,/eagle/lc-mpi/Zhiqing/polaris_ebm/runs_analysis/ablation_fid_trajectory/A1_single_fullk_k100_s20k_local/step005000/metrics_compare.json
A1,A1_single_fullk_k100_s20k,Q1 weighted_sum factor,single_fullk,1,10000,115.7918209827626,0.7300252827158538,,/eagle/lc-mpi/Zhiqing/polaris_ebm/runs_analysis/ablation_fid_trajectory/A1_single_fullk_k100_s20k_local,/eagle/lc-mpi/Zhiqing/polaris_ebm/runs_analysis/ablation_fid_trajectory/A1_single_fullk_k100_s20k_local/step010000/metrics_compare.json
A1,A1_single_fullk_k100_s20k,Q1 weighted_sum factor,single_fullk,1,15000,101.39253673666224,0.5236469119189024,,/eagle/lc-mpi/Zhiqing/polaris_ebm/runs_analysis/ablation_fid_trajectory/A1_single_fullk_k100_s20k_local,/eagle/lc-mpi/Zhiqing/polaris_ebm/runs_analysis/ablation_fid_trajectory/A1_single_fullk_k100_s20k_local/step015000/metrics_compare.json
A1,A1_single_fullk_k100_s20k,Q1 weighted_sum factor,single_fullk,1,20000,97.47773963240155,0.32190209980078066,,/eagle/lc-mpi/Zhiqing/polaris_ebm/runs_analysis/ablation_fid_trajectory/A1_single_fullk_k100_s20k_local,/eagle/lc-mpi/Zhiqing/polaris_ebm/runs_analysis/ablation_fid_trajectory/A1_single_fullk_k100_s20k_local/step020000/metrics_compare.json
A1,A1_single_pipe_deep_p4_k100_s20k,Q1 weighted_sum factor,single_pipe_emul,1,5000,178.9840762437386,3.4602192658247066,,/eagle/lc-mpi/Zhiqing/polaris_ebm/runs_ablation_replay/trajectories/A1_single_pipe_deep_p4_k100_s20k,/eagle/lc-mpi/Zhiqing/polaris_ebm/runs_ablation_replay/trajectories/A1_single_pipe_deep_p4_k100_s20k/step005000/metrics_compare.json
A1,A1_single_pipe_deep_p4_k100_s20k,Q1 weighted_sum factor,single_pipe_emul,1,10000,143.22198146169524,5.414344176383679,,/eagle/lc-mpi/Zhiqing/polaris_ebm/runs_ablation_replay/trajectories/A1_single_pipe_deep_p4_k100_s20k,/eagle/lc-mpi/Zhiqing/polaris_ebm/runs_ablation_replay/trajectories/A1_single_pipe_deep_p4_k100_s20k/step010000/metrics_compare.json
A1,A1_single_pipe_deep_p4_k100_s20k,Q1 weighted_sum factor,single_pipe_emul,1,15000,142.89399081008276,4.478497647258784,,/eagle/lc-mpi/Zhiqing/polaris_ebm/runs_ablation_replay/trajectories/A1_single_pipe_deep_p4_k100_s20k,/eagle/lc-mpi/Zhiqing/polaris_ebm/runs_ablation_replay/trajectories/A1_single_pipe_deep_p4_k100_s20k/step015000/metrics_compare.json
A1,A1_single_pipe_deep_p4_k100_s20k,Q1 weighted_sum factor,single_pipe_emul,1,20000,124.03457338535492,5.539836440583002,,/eagle/lc-mpi/Zhiqing/polaris_ebm/runs_ablation_replay/trajectories/A1_single_pipe_deep_p4_k100_s20k,/eagle/lc-mpi/Zhiqing/polaris_ebm/runs_ablation_replay/trajectories/A1_single_pipe_deep_p4_k100_s20k/step020000/metrics_compare.json
A1,A1_single_pipe_last2b001_p4_k100_s20k,Q1 weighted_sum factor,single_pipe_emul,1,5000,211.50613366091005,4.402417450365542,,/eagle/lc-mpi/Zhiqing/polaris_ebm/runs_ablation_replay/trajectories/A1_single_pipe_last2b001_p4_k100_s20k,/eagle/lc-mpi/Zhiqing/polaris_ebm/runs_ablation_replay/trajectories/A1_single_pipe_last2b001_p4_k100_s20k/step005000/metrics_compare.json
A1,A1_single_pipe_last2b001_p4_k100_s20k,Q1 weighted_sum factor,single_pipe_emul,1,10000,161.90145945861735,3.711106593567088,,/eagle/lc-mpi/Zhiqing/polaris_ebm/runs_ablation_replay/trajectories/A1_single_pipe_last2b001_p4_k100_s20k,/eagle/lc-mpi/Zhiqing/polaris_ebm/runs_ablation_replay/trajectories/A1_single_pipe_last2b001_p4_k100_s20k/step010000/metrics_compare.json
A1,A1_single_pipe_last2b001_p4_k100_s20k,Q1 weighted_sum factor,single_pipe_emul,1,15000,136.63969316078897,2.6691144481747884,,/eagle/lc-mpi/Zhiqing/polaris_ebm/runs_ablation_replay/trajectories/A1_single_pipe_last2b001_p4_k100_s20k,/eagle/lc-mpi/Zhiqing/polaris_ebm/runs_ablation_replay/trajectories/A1_single_pipe_last2b001_p4_k100_s20k/step015000/metrics_compare.json
A1,A1_single_pipe_last2b001_p4_k100_s20k,Q1 weighted_sum factor,single_pipe_emul,1,20000,132.86745741906105,2.7350711345034213,,/eagle/lc-mpi/Zhiqing/polaris_ebm/runs_ablation_replay/trajectories/A1_single_pipe_last2b001_p4_k100_s20k,/eagle/lc-mpi/Zhiqing/polaris_ebm/runs_ablation_replay/trajectories/A1_single_pipe_last2b001_p4_k100_s20k/step020000/metrics_compare.json
A1,A1_single_pipe_uniform_p4_k100_s20k,Q1 weighted_sum factor,single_pipe_emul,1,5000,132.89595133565626,4.502620713271,,/eagle/lc-mpi/Zhiqing/polaris_ebm/runs_analysis/ablation_fid_trajectory/A1_single_pipe_uniform_p4_k100_s20k_local,/eagle/lc-mpi/Zhiqing/polaris_ebm/runs_analysis/ablation_fid_trajectory/A1_single_pipe_uniform_p4_k100_s20k_local/step005000/metrics_compare.json
A1,A1_single_pipe_uniform_p4_k100_s20k,Q1 weighted_sum factor,single_pipe_emul,1,10000,137.44168269958948,5.293662910618565,,/eagle/lc-mpi/Zhiqing/polaris_ebm/runs_analysis/ablation_fid_trajectory/A1_single_pipe_uniform_p4_k100_s20k_local,/eagle/lc-mpi/Zhiqing/polaris_ebm/runs_analysis/ablation_fid_trajectory/A1_single_pipe_uniform_p4_k100_s20k_local/step010000/metrics_compare.json
A1,A1_single_pipe_uniform_p4_k100_s20k,Q1 weighted_sum factor,single_pipe_emul,1,15000,98.0815724162253,2.2678186618587794,,/eagle/lc-mpi/Zhiqing/polaris_ebm/runs_analysis/ablation_fid_trajectory/A1_single_pipe_uniform_p4_k100_s20k_local,/eagle/lc-mpi/Zhiqing/polaris_ebm/runs_analysis/ablation_fid_trajectory/A1_single_pipe_uniform_p4_k100_s20k_local/step015000/metrics_compare.json
A1,A1_single_pipe_uniform_p4_k100_s20k,Q1 weighted_sum factor,single_pipe_emul,1,20000,90.51786160910899,1.8822026284447766,,/eagle/lc-mpi/Zhiqing/polaris_ebm/runs_analysis/ablation_fid_trajectory/A1_single_pipe_uniform_p4_k100_s20k_local,/eagle/lc-mpi/Zhiqing/polaris_ebm/runs_analysis/ablation_fid_trajectory/A1_single_pipe_uniform_p4_k100_s20k_local/step020000/metrics_compare.json
A2,A2_pipe_last2b001_p2_k100_s20k,Q2 pipeline factor,pipe_strict,1,5000,166.5617293815452,3.98739875139848,,/eagle/lc-mpi/Zhiqing/polaris_ebm/runs_ablation_replay/trajectories/A2_pipe_last2b001_p2_k100_s20k,/eagle/lc-mpi/Zhiqing/polaris_ebm/runs_ablation_replay/trajectories/A2_pipe_last2b001_p2_k100_s20k/step005000/metrics_compare.json
A2,A2_pipe_last2b001_p2_k100_s20k,Q2 pipeline factor,pipe_strict,1,10000,154.86589626562372,3.49528035360154,,/eagle/lc-mpi/Zhiqing/polaris_ebm/runs_ablation_replay/trajectories/A2_pipe_last2b001_p2_k100_s20k,/eagle/lc-mpi/Zhiqing/polaris_ebm/runs_ablation_replay/trajectories/A2_pipe_last2b001_p2_k100_s20k/step010000/metrics_compare.json
A2,A2_pipe_last2b001_p2_k100_s20k,Q2 pipeline factor,pipe_strict,1,15000,103.71145904318382,1.3816564506636055,,/eagle/lc-mpi/Zhiqing/polaris_ebm/runs_ablation_replay/trajectories/A2_pipe_last2b001_p2_k100_s20k,/eagle/lc-mpi/Zhiqing/polaris_ebm/runs_ablation_replay/trajectories/A2_pipe_last2b001_p2_k100_s20k/step015000/metrics_compare.json
A2,A2_pipe_last2b001_p2_k100_s20k,Q2 pipeline factor,pipe_strict,1,20000,114.20789711782851,1.8398003018980713,,/eagle/lc-mpi/Zhiqing/polaris_ebm/runs_ablation_replay/trajectories/A2_pipe_last2b001_p2_k100_s20k,/eagle/lc-mpi/Zhiqing/polaris_ebm/runs_ablation_replay/trajectories/A2_pipe_last2b001_p2_k100_s20k/step020000/metrics_compare.json
A2,A2_pipe_last2b001_p4_k100_s20k,Q2 pipeline factor,pipe_strict,1,5000,222.5346747802246,4.026296190772104,,/eagle/lc-mpi/Zhiqing/polaris_ebm/runs_ablation_replay/trajectories/A2_pipe_last2b001_p4_k100_s20k,/eagle/lc-mpi/Zhiqing/polaris_ebm/runs_ablation_replay/trajectories/A2_pipe_last2b001_p4_k100_s20k/step005000/metrics_compare.json
A2,A2_pipe_last2b001_p4_k100_s20k,Q2 pipeline factor,pipe_strict,1,10000,164.74106642437854,2.685866568581581,,/eagle/lc-mpi/Zhiqing/polaris_ebm/runs_ablation_replay/trajectories/A2_pipe_last2b001_p4_k100_s20k,/eagle/lc-mpi/Zhiqing/polaris_ebm/runs_ablation_replay/trajectories/A2_pipe_last2b001_p4_k100_s20k/step010000/metrics_compare.json
A2,A2_pipe_last2b001_p4_k100_s20k,Q2 pipeline factor,pipe_strict,1,15000,102.53201465151369,1.2218060751751274,,/eagle/lc-mpi/Zhiqing/polaris_ebm/runs_ablation_replay/trajectories/A2_pipe_last2b001_p4_k100_s20k,/eagle/lc-mpi/Zhiqing/polaris_ebm/runs_ablation_replay/trajectories/A2_pipe_last2b001_p4_k100_s20k/step015000/metrics_compare.json
A2,A2_pipe_last2b001_p4_k100_s20k,Q2 pipeline factor,pipe_strict,1,20000,106.24379781727725,2.695030185113591,,/eagle/lc-mpi/Zhiqing/polaris_ebm/runs_ablation_replay/trajectories/A2_pipe_last2b001_p4_k100_s20k,/eagle/lc-mpi/Zhiqing/polaris_ebm/runs_ablation_replay/trajectories/A2_pipe_last2b001_p4_k100_s20k/step020000/metrics_compare.json
A2,A2_pipe_last2b001_p8_k100_s20k,Q2 pipeline factor,pipe_strict,1,5000,295.61232347451266,10.311191578979578,,/eagle/lc-mpi/Zhiqing/polaris_ebm/runs_ablation_replay/trajectories/A2_pipe_last2b001_p8_k100_s20k,/eagle/lc-mpi/Zhiqing/polaris_ebm/runs_ablation_replay/trajectories/A2_pipe_last2b001_p8_k100_s20k/step005000/metrics_compare.json
A2,A2_pipe_last2b001_p8_k100_s20k,Q2 pipeline factor,pipe_strict,1,10000,174.0484435306808,8.992562532566112,,/eagle/lc-mpi/Zhiqing/polaris_ebm/runs_ablation_replay/trajectories/A2_pipe_last2b001_p8_k100_s20k,/eagle/lc-mpi/Zhiqing/polaris_ebm/runs_ablation_replay/trajectories/A2_pipe_last2b001_p8_k100_s20k/step010000/metrics_compare.json
A2,A2_pipe_last2b001_p8_k100_s20k,Q2 pipeline factor,pipe_strict,1,15000,156.14383196389565,2.6423696200341382,,/eagle/lc-mpi/Zhiqing/polaris_ebm/runs_ablation_replay/trajectories/A2_pipe_last2b001_p8_k100_s20k,/eagle/lc-mpi/Zhiqing/polaris_ebm/runs_ablation_replay/trajectories/A2_pipe_last2b001_p8_k100_s20k/step015000/metrics_compare.json
A2,A2_pipe_last2b001_p8_k100_s20k,Q2 pipeline factor,pipe_strict,1,20000,127.72779753701883,3.2417923237077133,,/eagle/lc-mpi/Zhiqing/polaris_ebm/runs_ablation_replay/trajectories/A2_pipe_last2b001_p8_k100_s20k,/eagle/lc-mpi/Zhiqing/polaris_ebm/runs_ablation_replay/trajectories/A2_pipe_last2b001_p8_k100_s20k/step020000/metrics_compare.json
A2,A2_pipe_uniform_p2_k100_s20k,Q2 pipeline factor,pipe_strict,1,5000,127.14491886726915,1.04856874160496,,/eagle/lc-mpi/Zhiqing/polaris_ebm/runs_ablation_replay/trajectories/A2_pipe_uniform_p2_k100_s20k,/eagle/lc-mpi/Zhiqing/polaris_ebm/runs_ablation_replay/trajectories/A2_pipe_uniform_p2_k100_s20k/step005000/metrics_compare.json
A2,A2_pipe_uniform_p2_k100_s20k,Q2 pipeline factor,pipe_strict,1,10000,103.59606438893678,3.9180157632696897,,/eagle/lc-mpi/Zhiqing/polaris_ebm/runs_ablation_replay/trajectories/A2_pipe_uniform_p2_k100_s20k,/eagle/lc-mpi/Zhiqing/polaris_ebm/runs_ablation_replay/trajectories/A2_pipe_uniform_p2_k100_s20k/step010000/metrics_compare.json
A2,A2_pipe_uniform_p2_k100_s20k,Q2 pipeline factor,pipe_strict,1,15000,79.20439918924313,3.1540470094241932,,/eagle/lc-mpi/Zhiqing/polaris_ebm/runs_ablation_replay/trajectories/A2_pipe_uniform_p2_k100_s20k,/eagle/lc-mpi/Zhiqing/polaris_ebm/runs_ablation_replay/trajectories/A2_pipe_uniform_p2_k100_s20k/step015000/metrics_compare.json
A2,A2_pipe_uniform_p2_k100_s20k,Q2 pipeline factor,pipe_strict,1,20000,108.20203466233642,4.530417060016269,,/eagle/lc-mpi/Zhiqing/polaris_ebm/runs_ablation_replay/trajectories/A2_pipe_uniform_p2_k100_s20k,/eagle/lc-mpi/Zhiqing/polaris_ebm/runs_ablation_replay/trajectories/A2_pipe_uniform_p2_k100_s20k/step020000/metrics_compare.json
A2,A2_pipe_uniform_p4_k100_s20k,Q2 pipeline factor,pipe_strict,1,5000,141.24494331313824,5.740948095347559,,/eagle/lc-mpi/Zhiqing/polaris_ebm/runs_ablation_replay/trajectories/A2_pipe_uniform_p4_k100_s20k,/eagle/lc-mpi/Zhiqing/polaris_ebm/runs_ablation_replay/trajectories/A2_pipe_uniform_p4_k100_s20k/step005000/metrics_compare.json
A2,A2_pipe_uniform_p4_k100_s20k,Q2 pipeline factor,pipe_strict,1,10000,119.3628534130022,2.9802039859250087,,/eagle/lc-mpi/Zhiqing/polaris_ebm/runs_ablation_replay/trajectories/A2_pipe_uniform_p4_k100_s20k,/eagle/lc-mpi/Zhiqing/polaris_ebm/runs_ablation_replay/trajectories/A2_pipe_uniform_p4_k100_s20k/step010000/metrics_compare.json
A2,A2_pipe_uniform_p4_k100_s20k,Q2 pipeline factor,pipe_strict,1,15000,154.1314254337417,5.008362518583187,,/eagle/lc-mpi/Zhiqing/polaris_ebm/runs_ablation_replay/trajectories/A2_pipe_uniform_p4_k100_s20k,/eagle/lc-mpi/Zhiqing/polaris_ebm/runs_ablation_replay/trajectories/A2_pipe_uniform_p4_k100_s20k/step015000/metrics_compare.json
A2,A2_pipe_uniform_p4_k100_s20k,Q2 pipeline factor,pipe_strict,1,20000,88.16785734518692,4.966823012717217,,/eagle/lc-mpi/Zhiqing/polaris_ebm/runs_ablation_replay/trajectories/A2_pipe_uniform_p4_k100_s20k,/eagle/lc-mpi/Zhiqing/polaris_ebm/runs_ablation_replay/trajectories/A2_pipe_uniform_p4_k100_s20k/step020000/metrics_compare.json
A2,A2_pipe_uniform_p8_k100_s20k,Q2 pipeline factor,pipe_strict,1,5000,138.90374392312947,10.013888187933588,,/eagle/lc-mpi/Zhiqing/polaris_ebm/runs_ablation_replay/trajectories/A2_pipe_uniform_p8_k100_s20k,/eagle/lc-mpi/Zhiqing/polaris_ebm/runs_ablation_replay/trajectories/A2_pipe_uniform_p8_k100_s20k/step005000/metrics_compare.json
A2,A2_pipe_uniform_p8_k100_s20k,Q2 pipeline factor,pipe_strict,1,10000,157.36231246952175,10.25525722726794,,/eagle/lc-mpi/Zhiqing/polaris_ebm/runs_ablation_replay/trajectories/A2_pipe_uniform_p8_k100_s20k,/eagle/lc-mpi/Zhiqing/polaris_ebm/runs_ablation_replay/trajectories/A2_pipe_uniform_p8_k100_s20k/step010000/metrics_compare.json
A2,A2_pipe_uniform_p8_k100_s20k,Q2 pipeline factor,pipe_strict,1,15000,108.8709343989899,4.11908705452765,,/eagle/lc-mpi/Zhiqing/polaris_ebm/runs_ablation_replay/trajectories/A2_pipe_uniform_p8_k100_s20k,/eagle/lc-mpi/Zhiqing/polaris_ebm/runs_ablation_replay/trajectories/A2_pipe_uniform_p8_k100_s20k/step015000/metrics_compare.json
A2,A2_pipe_uniform_p8_k100_s20k,Q2 pipeline factor,pipe_strict,1,20000,99.0364127006593,1.9472374236674312,,/eagle/lc-mpi/Zhiqing/polaris_ebm/runs_ablation_replay/trajectories/A2_pipe_uniform_p8_k100_s20k,/eagle/lc-mpi/Zhiqing/polaris_ebm/runs_ablation_replay/trajectories/A2_pipe_uniform_p8_k100_s20k/step020000/metrics_compare.json
A3,A3_ddp_fullk_k100_s20k,Q3 sampling_fidelity factor,ddp_fullk,1,5000,141.23687237287686,0.5854294522254975,,/eagle/lc-mpi/Zhiqing/polaris_ebm/runs_ablation_replay/trajectories/A3_ddp_fullk_k100_s20k,/eagle/lc-mpi/Zhiqing/polaris_ebm/runs_ablation_replay/trajectories/A3_ddp_fullk_k100_s20k/step005000/metrics_compare.json
A3,A3_ddp_fullk_k100_s20k,Q3 sampling_fidelity factor,ddp_fullk,1,10000,115.72494447785289,2.0220742804966605,,/eagle/lc-mpi/Zhiqing/polaris_ebm/runs_ablation_replay/trajectories/A3_ddp_fullk_k100_s20k,/eagle/lc-mpi/Zhiqing/polaris_ebm/runs_ablation_replay/trajectories/A3_ddp_fullk_k100_s20k/step010000/metrics_compare.json
A3,A3_ddp_fullk_k100_s20k,Q3 sampling_fidelity factor,ddp_fullk,1,15000,107.50263987288525,0.923811668921882,,/eagle/lc-mpi/Zhiqing/polaris_ebm/runs_ablation_replay/trajectories/A3_ddp_fullk_k100_s20k,/eagle/lc-mpi/Zhiqing/polaris_ebm/runs_ablation_replay/trajectories/A3_ddp_fullk_k100_s20k/step015000/metrics_compare.json
A3,A3_ddp_fullk_k100_s20k,Q3 sampling_fidelity factor,ddp_fullk,1,20000,118.99333317002953,0.5299142351643802,,/eagle/lc-mpi/Zhiqing/polaris_ebm/runs_ablation_replay/trajectories/A3_ddp_fullk_k100_s20k,/eagle/lc-mpi/Zhiqing/polaris_ebm/runs_ablation_replay/trajectories/A3_ddp_fullk_k100_s20k/step020000/metrics_compare.json
A3,A3_ddp_fullk_k150_s20k,Q3 sampling_fidelity factor,ddp_fullk,1,5000,363.62495728293527,3.982139997117759,,/eagle/lc-mpi/Zhiqing/polaris_ebm/runs_ablation_replay/trajectories/A3_ddp_fullk_k150_s20k,/eagle/lc-mpi/Zhiqing/polaris_ebm/runs_ablation_replay/trajectories/A3_ddp_fullk_k150_s20k/step005000/metrics_compare.json
A3,A3_ddp_fullk_k150_s20k,Q3 sampling_fidelity factor,ddp_fullk,1,10000,350.39215913446776,3.4955346377298238,,/eagle/lc-mpi/Zhiqing/polaris_ebm/runs_ablation_replay/trajectories/A3_ddp_fullk_k150_s20k,/eagle/lc-mpi/Zhiqing/polaris_ebm/runs_ablation_replay/trajectories/A3_ddp_fullk_k150_s20k/step010000/metrics_compare.json
A3,A3_ddp_fullk_k150_s20k,Q3 sampling_fidelity factor,ddp_fullk,1,15000,346.19845376364935,3.5036873796219687,,/eagle/lc-mpi/Zhiqing/polaris_ebm/runs_ablation_replay/trajectories/A3_ddp_fullk_k150_s20k,/eagle/lc-mpi/Zhiqing/polaris_ebm/runs_ablation_replay/trajectories/A3_ddp_fullk_k150_s20k/step015000/metrics_compare.json
A3,A3_ddp_fullk_k150_s20k,Q3 sampling_fidelity factor,ddp_fullk,1,20000,334.9922244874851,3.229188991843184,,/eagle/lc-mpi/Zhiqing/polaris_ebm/runs_ablation_replay/trajectories/A3_ddp_fullk_k150_s20k,/eagle/lc-mpi/Zhiqing/polaris_ebm/runs_ablation_replay/trajectories/A3_ddp_fullk_k150_s20k/step020000/metrics_compare.json
A3,A3_ddp_fullk_k200_s20k,Q3 sampling_fidelity factor,ddp_fullk,1,5000,392.92181513987833,5.616020395147334,,/eagle/lc-mpi/Zhiqing/polaris_ebm/runs_ablation_replay/trajectories/A3_ddp_fullk_k200_s20k,/eagle/lc-mpi/Zhiqing/polaris_ebm/runs_ablation_replay/trajectories/A3_ddp_fullk_k200_s20k/step005000/metrics_compare.json
A3,A3_ddp_fullk_k200_s20k,Q3 sampling_fidelity factor,ddp_fullk,1,10000,385.20913944340884,5.256832354759242,,/eagle/lc-mpi/Zhiqing/polaris_ebm/runs_ablation_replay/trajectories/A3_ddp_fullk_k200_s20k,/eagle/lc-mpi/Zhiqing/polaris_ebm/runs_ablation_replay/trajectories/A3_ddp_fullk_k200_s20k/step010000/metrics_compare.json
A3,A3_ddp_fullk_k200_s20k,Q3 sampling_fidelity factor,ddp_fullk,1,15000,381.1226512859256,5.441882831990135,,/eagle/lc-mpi/Zhiqing/polaris_ebm/runs_ablation_replay/trajectories/A3_ddp_fullk_k200_s20k,/eagle/lc-mpi/Zhiqing/polaris_ebm/runs_ablation_replay/trajectories/A3_ddp_fullk_k200_s20k/step015000/metrics_compare.json
A3,A3_ddp_fullk_k200_s20k,Q3 sampling_fidelity factor,ddp_fullk,1,20000,371.29374273157305,5.11723069887249,,/eagle/lc-mpi/Zhiqing/polaris_ebm/runs_ablation_replay/trajectories/A3_ddp_fullk_k200_s20k,/eagle/lc-mpi/Zhiqing/polaris_ebm/runs_ablation_replay/trajectories/A3_ddp_fullk_k200_s20k/step020000/metrics_compare.json
A3,A3_ddp_fullk_k30_s20k,Q3 sampling_fidelity factor,ddp_fullk,1,5000,373.8748537203449,13.244870554164262,,/eagle/lc-mpi/Zhiqing/polaris_ebm/runs_ablation_replay/trajectories/A3_ddp_fullk_k30_s20k,/eagle/lc-mpi/Zhiqing/polaris_ebm/runs_ablation_replay/trajectories/A3_ddp_fullk_k30_s20k/step005000/metrics_compare.json
A3,A3_ddp_fullk_k30_s20k,Q3 sampling_fidelity factor,ddp_fullk,1,10000,367.3045692887467,15.444793362303896,,/eagle/lc-mpi/Zhiqing/polaris_ebm/runs_ablation_replay/trajectories/A3_ddp_fullk_k30_s20k,/eagle/lc-mpi/Zhiqing/polaris_ebm/runs_ablation_replay/trajectories/A3_ddp_fullk_k30_s20k/step010000/metrics_compare.json
A3,A3_ddp_fullk_k30_s20k,Q3 sampling_fidelity factor,ddp_fullk,1,15000,373.1370942100817,16.357523449526806,,/eagle/lc-mpi/Zhiqing/polaris_ebm/runs_ablation_replay/trajectories/A3_ddp_fullk_k30_s20k,/eagle/lc-mpi/Zhiqing/polaris_ebm/runs_ablation_replay/trajectories/A3_ddp_fullk_k30_s20k/step015000/metrics_compare.json
A3,A3_ddp_fullk_k30_s20k,Q3 sampling_fidelity factor,ddp_fullk,1,20000,372.80360871652675,16.66661143269366,,/eagle/lc-mpi/Zhiqing/polaris_ebm/runs_ablation_replay/trajectories/A3_ddp_fullk_k30_s20k,/eagle/lc-mpi/Zhiqing/polaris_ebm/runs_ablation_replay/trajectories/A3_ddp_fullk_k30_s20k/step020000/metrics_compare.json
A3,A3_ddp_fullk_k400_s20k,Q3 sampling_fidelity factor,ddp_fullk,1,5000,435.04193770516054,7.072449472643216,,/eagle/lc-mpi/Zhiqing/polaris_ebm/runs_ablation_replay/trajectories/A3_ddp_fullk_k400_s20k,/eagle/lc-mpi/Zhiqing/polaris_ebm/runs_ablation_replay/trajectories/A3_ddp_fullk_k400_s20k/step005000/metrics_compare.json
A3,A3_ddp_fullk_k400_s20k,Q3 sampling_fidelity factor,ddp_fullk,1,10000,439.4517666113768,7.107040640992871,,/eagle/lc-mpi/Zhiqing/polaris_ebm/runs_ablation_replay/trajectories/A3_ddp_fullk_k400_s20k,/eagle/lc-mpi/Zhiqing/polaris_ebm/runs_ablation_replay/trajectories/A3_ddp_fullk_k400_s20k/step010000/metrics_compare.json
A3,A3_ddp_fullk_k400_s20k,Q3 sampling_fidelity factor,ddp_fullk,1,15000,435.18920652394115,6.993133717482228,,/eagle/lc-mpi/Zhiqing/polaris_ebm/runs_ablation_replay/trajectories/A3_ddp_fullk_k400_s20k,/eagle/lc-mpi/Zhiqing/polaris_ebm/runs_ablation_replay/trajectories/A3_ddp_fullk_k400_s20k/step015000/metrics_compare.json
A3,A3_ddp_fullk_k400_s20k,Q3 sampling_fidelity factor,ddp_fullk,1,20000,433.11806368672995,7.025137530037195,,/eagle/lc-mpi/Zhiqing/polaris_ebm/runs_ablation_replay/trajectories/A3_ddp_fullk_k400_s20k,/eagle/lc-mpi/Zhiqing/polaris_ebm/runs_ablation_replay/trajectories/A3_ddp_fullk_k400_s20k/step020000/metrics_compare.json
A3,A3_ddp_fullk_k60_s20k,Q3 sampling_fidelity factor,ddp_fullk,1,5000,181.25312424447355,14.545265321661255,,/eagle/lc-mpi/Zhiqing/polaris_ebm/runs_ablation_replay/trajectories/A3_ddp_fullk_k60_s20k,/eagle/lc-mpi/Zhiqing/polaris_ebm/runs_ablation_replay/trajectories/A3_ddp_fullk_k60_s20k/step005000/metrics_compare.json
A3,A3_ddp_fullk_k60_s20k,Q3 sampling_fidelity factor,ddp_fullk,1,10000,156.48622870346952,11.132100469328321,,/eagle/lc-mpi/Zhiqing/polaris_ebm/runs_ablation_replay/trajectories/A3_ddp_fullk_k60_s20k,/eagle/lc-mpi/Zhiqing/polaris_ebm/runs_ablation_replay/trajectories/A3_ddp_fullk_k60_s20k/step010000/metrics_compare.json
A3,A3_ddp_fullk_k60_s20k,Q3 sampling_fidelity factor,ddp_fullk,1,15000,155.39242640642973,9.821473815064309,,/eagle/lc-mpi/Zhiqing/polaris_ebm/runs_ablation_replay/trajectories/A3_ddp_fullk_k60_s20k,/eagle/lc-mpi/Zhiqing/polaris_ebm/runs_ablation_replay/trajectories/A3_ddp_fullk_k60_s20k/step015000/metrics_compare.json
A3,A3_ddp_fullk_k60_s20k,Q3 sampling_fidelity factor,ddp_fullk,1,20000,143.88344284223524,8.907107445060092,,/eagle/lc-mpi/Zhiqing/polaris_ebm/runs_ablation_replay/trajectories/A3_ddp_fullk_k60_s20k,/eagle/lc-mpi/Zhiqing/polaris_ebm/runs_ablation_replay/trajectories/A3_ddp_fullk_k60_s20k/step020000/metrics_compare.json
A3,A3_pipe_last2b001_p4_k100_s20k,Q3 sampling_fidelity factor,pipe_strict,1,5000,181.84241311455037,2.8408897736840864,,/eagle/lc-mpi/Zhiqing/polaris_ebm/runs_ablation_replay/trajectories/A3_pipe_last2b001_p4_k100_s20k,/eagle/lc-mpi/Zhiqing/polaris_ebm/runs_ablation_replay/trajectories/A3_pipe_last2b001_p4_k100_s20k/step005000/metrics_compare.json
A3,A3_pipe_last2b001_p4_k100_s20k,Q3 sampling_fidelity factor,pipe_strict,1,10000,117.23094436486213,1.7697765027957857,,/eagle/lc-mpi/Zhiqing/polaris_ebm/runs_ablation_replay/trajectories/A3_pipe_last2b001_p4_k100_s20k,/eagle/lc-mpi/Zhiqing/polaris_ebm/runs_ablation_replay/trajectories/A3_pipe_last2b001_p4_k100_s20k/step010000/metrics_compare.json
A3,A3_pipe_last2b001_p4_k100_s20k,Q3 sampling_fidelity factor,pipe_strict,1,15000,148.3547130264889,7.08592548305128,,/eagle/lc-mpi/Zhiqing/polaris_ebm/runs_ablation_replay/trajectories/A3_pipe_last2b001_p4_k100_s20k,/eagle/lc-mpi/Zhiqing/polaris_ebm/runs_ablation_replay/trajectories/A3_pipe_last2b001_p4_k100_s20k/step015000/metrics_compare.json
A3,A3_pipe_last2b001_p4_k100_s20k,Q3 sampling_fidelity factor,pipe_strict,1,20000,123.06138065779646,1.4899416275692552,,/eagle/lc-mpi/Zhiqing/polaris_ebm/runs_ablation_replay/trajectories/A3_pipe_last2b001_p4_k100_s20k,/eagle/lc-mpi/Zhiqing/polaris_ebm/runs_ablation_replay/trajectories/A3_pipe_last2b001_p4_k100_s20k/step020000/metrics_compare.json
A3,A3_pipe_last2b001_p4_k150_s20k,Q3 sampling_fidelity factor,pipe_strict,1,5000,318.9980932115568,4.140536674359927,,/eagle/lc-mpi/Zhiqing/polaris_ebm/runs_ablation_replay/trajectories/A3_pipe_last2b001_p4_k150_s20k,/eagle/lc-mpi/Zhiqing/polaris_ebm/runs_ablation_replay/trajectories/A3_pipe_last2b001_p4_k150_s20k/step005000/metrics_compare.json
A3,A3_pipe_last2b001_p4_k150_s20k,Q3 sampling_fidelity factor,pipe_strict,1,10000,322.88837997978067,4.007094962354401,,/eagle/lc-mpi/Zhiqing/polaris_ebm/runs_ablation_replay/trajectories/A3_pipe_last2b001_p4_k150_s20k,/eagle/lc-mpi/Zhiqing/polaris_ebm/runs_ablation_replay/trajectories/A3_pipe_last2b001_p4_k150_s20k/step010000/metrics_compare.json
A3,A3_pipe_last2b001_p4_k150_s20k,Q3 sampling_fidelity factor,pipe_strict,1,15000,327.2588261182066,4.386753817501811,,/eagle/lc-mpi/Zhiqing/polaris_ebm/runs_ablation_replay/trajectories/A3_pipe_last2b001_p4_k150_s20k,/eagle/lc-mpi/Zhiqing/polaris_ebm/runs_ablation_replay/trajectories/A3_pipe_last2b001_p4_k150_s20k/step015000/metrics_compare.json
A3,A3_pipe_last2b001_p4_k150_s20k,Q3 sampling_fidelity factor,pipe_strict,1,20000,327.7624873134597,4.245321799239775,,/eagle/lc-mpi/Zhiqing/polaris_ebm/runs_ablation_replay/trajectories/A3_pipe_last2b001_p4_k150_s20k,/eagle/lc-mpi/Zhiqing/polaris_ebm/runs_ablation_replay/trajectories/A3_pipe_last2b001_p4_k150_s20k/step020000/metrics_compare.json
A3,A3_pipe_last2b001_p4_k200_s20k,Q3 sampling_fidelity factor,pipe_strict,1,5000,377.53618177241435,6.127242281587496,,/eagle/lc-mpi/Zhiqing/polaris_ebm/runs_ablation_replay/trajectories/A3_pipe_last2b001_p4_k200_s20k,/eagle/lc-mpi/Zhiqing/polaris_ebm/runs_ablation_replay/trajectories/A3_pipe_last2b001_p4_k200_s20k/step005000/metrics_compare.json
A3,A3_pipe_last2b001_p4_k200_s20k,Q3 sampling_fidelity factor,pipe_strict,1,10000,388.89941316508134,5.798106296966239,,/eagle/lc-mpi/Zhiqing/polaris_ebm/runs_ablation_replay/trajectories/A3_pipe_last2b001_p4_k200_s20k,/eagle/lc-mpi/Zhiqing/polaris_ebm/runs_ablation_replay/trajectories/A3_pipe_last2b001_p4_k200_s20k/step010000/metrics_compare.json
A3,A3_pipe_last2b001_p4_k200_s20k,Q3 sampling_fidelity factor,pipe_strict,1,15000,374.8545195196657,5.333763195212224,,/eagle/lc-mpi/Zhiqing/polaris_ebm/runs_ablation_replay/trajectories/A3_pipe_last2b001_p4_k200_s20k,/eagle/lc-mpi/Zhiqing/polaris_ebm/runs_ablation_replay/trajectories/A3_pipe_last2b001_p4_k200_s20k/step015000/metrics_compare.json
A3,A3_pipe_last2b001_p4_k200_s20k,Q3 sampling_fidelity factor,pipe_strict,1,20000,370.39810780989376,5.3990478464005776,,/eagle/lc-mpi/Zhiqing/polaris_ebm/runs_ablation_replay/trajectories/A3_pipe_last2b001_p4_k200_s20k,/eagle/lc-mpi/Zhiqing/polaris_ebm/runs_ablation_replay/trajectories/A3_pipe_last2b001_p4_k200_s20k/step020000/metrics_compare.json
A3,A3_pipe_last2b001_p4_k30_s20k,Q3 sampling_fidelity factor,pipe_strict,1,5000,180.62262745776272,17.205195227028263,,/eagle/lc-mpi/Zhiqing/polaris_ebm/runs_ablation_replay/trajectories/A3_pipe_last2b001_p4_k30_s20k,/eagle/lc-mpi/Zhiqing/polaris_ebm/runs_ablation_replay/trajectories/A3_pipe_last2b001_p4_k30_s20k/step005000/metrics_compare.json
A3,A3_pipe_last2b001_p4_k30_s20k,Q3 sampling_fidelity factor,pipe_strict,1,10000,190.90223931220333,14.373703106631105,,/eagle/lc-mpi/Zhiqing/polaris_ebm/runs_ablation_replay/trajectories/A3_pipe_last2b001_p4_k30_s20k,/eagle/lc-mpi/Zhiqing/polaris_ebm/runs_ablation_replay/trajectories/A3_pipe_last2b001_p4_k30_s20k/step010000/metrics_compare.json
A3,A3_pipe_last2b001_p4_k30_s20k,Q3 sampling_fidelity factor,pipe_strict,1,15000,174.66465535939724,15.340456367492209,,/eagle/lc-mpi/Zhiqing/polaris_ebm/runs_ablation_replay/trajectories/A3_pipe_last2b001_p4_k30_s20k,/eagle/lc-mpi/Zhiqing/polaris_ebm/runs_ablation_replay/trajectories/A3_pipe_last2b001_p4_k30_s20k/step015000/metrics_compare.json
A3,A3_pipe_last2b001_p4_k30_s20k,Q3 sampling_fidelity factor,pipe_strict,1,20000,167.28653416269864,13.755454980175564,,/eagle/lc-mpi/Zhiqing/polaris_ebm/runs_ablation_replay/trajectories/A3_pipe_last2b001_p4_k30_s20k,/eagle/lc-mpi/Zhiqing/polaris_ebm/runs_ablation_replay/trajectories/A3_pipe_last2b001_p4_k30_s20k/step020000/metrics_compare.json
A3,A3_pipe_last2b001_p4_k400_s20k,Q3 sampling_fidelity factor,pipe_strict,1,5000,437.61710544219386,7.435373692748829,,/eagle/lc-mpi/Zhiqing/polaris_ebm/runs_ablation_replay/trajectories/A3_pipe_last2b001_p4_k400_s20k,/eagle/lc-mpi/Zhiqing/polaris_ebm/runs_ablation_replay/trajectories/A3_pipe_last2b001_p4_k400_s20k/step005000/metrics_compare.json
A3,A3_pipe_last2b001_p4_k400_s20k,Q3 sampling_fidelity factor,pipe_strict,1,10000,430.1617860345474,7.329016892699001,,/eagle/lc-mpi/Zhiqing/polaris_ebm/runs_ablation_replay/trajectories/A3_pipe_last2b001_p4_k400_s20k,/eagle/lc-mpi/Zhiqing/polaris_ebm/runs_ablation_replay/trajectories/A3_pipe_last2b001_p4_k400_s20k/step010000/metrics_compare.json
A3,A3_pipe_last2b001_p4_k400_s20k,Q3 sampling_fidelity factor,pipe_strict,1,15000,429.4149612764789,7.2797031780145725,,/eagle/lc-mpi/Zhiqing/polaris_ebm/runs_ablation_replay/trajectories/A3_pipe_last2b001_p4_k400_s20k,/eagle/lc-mpi/Zhiqing/polaris_ebm/runs_ablation_replay/trajectories/A3_pipe_last2b001_p4_k400_s20k/step015000/metrics_compare.json
A3,A3_pipe_last2b001_p4_k400_s20k,Q3 sampling_fidelity factor,pipe_strict,1,20000,421.7258763444897,7.141640653490805,,/eagle/lc-mpi/Zhiqing/polaris_ebm/runs_ablation_replay/trajectories/A3_pipe_last2b001_p4_k400_s20k,/eagle/lc-mpi/Zhiqing/polaris_ebm/runs_ablation_replay/trajectories/A3_pipe_last2b001_p4_k400_s20k/step020000/metrics_compare.json
A3,A3_pipe_last2b001_p4_k60_s20k,Q3 sampling_fidelity factor,pipe_strict,1,5000,175.69745643239742,28.871234753711988,,/eagle/lc-mpi/Zhiqing/polaris_ebm/runs_ablation_replay/trajectories/A3_pipe_last2b001_p4_k60_s20k,/eagle/lc-mpi/Zhiqing/polaris_ebm/runs_ablation_replay/trajectories/A3_pipe_last2b001_p4_k60_s20k/step005000/metrics_compare.json
A3,A3_pipe_last2b001_p4_k60_s20k,Q3 sampling_fidelity factor,pipe_strict,1,10000,117.63260392944932,15.495687911654507,,/eagle/lc-mpi/Zhiqing/polaris_ebm/runs_ablation_replay/trajectories/A3_pipe_last2b001_p4_k60_s20k,/eagle/lc-mpi/Zhiqing/polaris_ebm/runs_ablation_replay/trajectories/A3_pipe_last2b001_p4_k60_s20k/step010000/metrics_compare.json
A3,A3_pipe_last2b001_p4_k60_s20k,Q3 sampling_fidelity factor,pipe_strict,1,15000,155.76980361322288,10.050372596635128,,/eagle/lc-mpi/Zhiqing/polaris_ebm/runs_ablation_replay/trajectories/A3_pipe_last2b001_p4_k60_s20k,/eagle/lc-mpi/Zhiqing/polaris_ebm/runs_ablation_replay/trajectories/A3_pipe_last2b001_p4_k60_s20k/step015000/metrics_compare.json
A3,A3_pipe_last2b001_p4_k60_s20k,Q3 sampling_fidelity factor,pipe_strict,1,20000,124.30066886887835,12.207550757593125,,/eagle/lc-mpi/Zhiqing/polaris_ebm/runs_ablation_replay/trajectories/A3_pipe_last2b001_p4_k60_s20k,/eagle/lc-mpi/Zhiqing/polaris_ebm/runs_ablation_replay/trajectories/A3_pipe_last2b001_p4_k60_s20k/step020000/metrics_compare.json
A4,A4_ddp_fullk_eps001_k100_s20k,Q4 step_size factor,ddp_fullk,1,5000,154.47442459214335,1.019471621017317,,/eagle/lc-mpi/Zhiqing/polaris_ebm/runs_ablation_replay/trajectories/A4_ddp_fullk_eps001_k100_s20k,/eagle/lc-mpi/Zhiqing/polaris_ebm/runs_ablation_replay/trajectories/A4_ddp_fullk_eps001_k100_s20k/step005000/metrics_compare.json
A4,A4_ddp_fullk_eps001_k100_s20k,Q4 step_size factor,ddp_fullk,1,10000,144.60065669206188,1.0635522810217388,,/eagle/lc-mpi/Zhiqing/polaris_ebm/runs_ablation_replay/trajectories/A4_ddp_fullk_eps001_k100_s20k,/eagle/lc-mpi/Zhiqing/polaris_ebm/runs_ablation_replay/trajectories/A4_ddp_fullk_eps001_k100_s20k/step010000/metrics_compare.json
A4,A4_ddp_fullk_eps001_k100_s20k,Q4 step_size factor,ddp_fullk,1,15000,122.52621279195944,0.5934548005688036,,/eagle/lc-mpi/Zhiqing/polaris_ebm/runs_ablation_replay/trajectories/A4_ddp_fullk_eps001_k100_s20k,/eagle/lc-mpi/Zhiqing/polaris_ebm/runs_ablation_replay/trajectories/A4_ddp_fullk_eps001_k100_s20k/step015000/metrics_compare.json
A4,A4_ddp_fullk_eps001_k100_s20k,Q4 step_size factor,ddp_fullk,1,20000,118.91948778976086,0.947731027683453,,/eagle/lc-mpi/Zhiqing/polaris_ebm/runs_ablation_replay/trajectories/A4_ddp_fullk_eps001_k100_s20k,/eagle/lc-mpi/Zhiqing/polaris_ebm/runs_ablation_replay/trajectories/A4_ddp_fullk_eps001_k100_s20k/step020000/metrics_compare.json
A4,A4_ddp_fullk_eps002_k100_s20k,Q4 step_size factor,ddp_fullk,1,5000,148.12702597979091,0.8981508092998816,,/eagle/lc-mpi/Zhiqing/polaris_ebm/runs_ablation_replay/trajectories/A4_ddp_fullk_eps002_k100_s20k,/eagle/lc-mpi/Zhiqing/polaris_ebm/runs_ablation_replay/trajectories/A4_ddp_fullk_eps002_k100_s20k/step005000/metrics_compare.json
A4,A4_ddp_fullk_eps002_k100_s20k,Q4 step_size factor,ddp_fullk,1,10000,147.7342991985473,1.3411840080773594,,/eagle/lc-mpi/Zhiqing/polaris_ebm/runs_ablation_replay/trajectories/A4_ddp_fullk_eps002_k100_s20k,/eagle/lc-mpi/Zhiqing/polaris_ebm/runs_ablation_replay/trajectories/A4_ddp_fullk_eps002_k100_s20k/step010000/metrics_compare.json
A4,A4_ddp_fullk_eps002_k100_s20k,Q4 step_size factor,ddp_fullk,1,15000,122.42935600938003,0.6814494638532196,,/eagle/lc-mpi/Zhiqing/polaris_ebm/runs_ablation_replay/trajectories/A4_ddp_fullk_eps002_k100_s20k,/eagle/lc-mpi/Zhiqing/polaris_ebm/runs_ablation_replay/trajectories/A4_ddp_fullk_eps002_k100_s20k/step015000/metrics_compare.json
A4,A4_ddp_fullk_eps002_k100_s20k,Q4 step_size factor,ddp_fullk,1,20000,111.64360546002587,0.5848654488001372,,/eagle/lc-mpi/Zhiqing/polaris_ebm/runs_ablation_replay/trajectories/A4_ddp_fullk_eps002_k100_s20k,/eagle/lc-mpi/Zhiqing/polaris_ebm/runs_ablation_replay/trajectories/A4_ddp_fullk_eps002_k100_s20k/step020000/metrics_compare.json
A4,A4_ddp_fullk_eps005_k100_s20k,Q4 step_size factor,ddp_fullk,1,5000,140.01432028159942,0.9560779820859899,,/eagle/lc-mpi/Zhiqing/polaris_ebm/runs_ablation_replay/trajectories/A4_ddp_fullk_eps005_k100_s20k,/eagle/lc-mpi/Zhiqing/polaris_ebm/runs_ablation_replay/trajectories/A4_ddp_fullk_eps005_k100_s20k/step005000/metrics_compare.json
A4,A4_ddp_fullk_eps005_k100_s20k,Q4 step_size factor,ddp_fullk,1,10000,134.4216426655805,1.968104701347368,,/eagle/lc-mpi/Zhiqing/polaris_ebm/runs_ablation_replay/trajectories/A4_ddp_fullk_eps005_k100_s20k,/eagle/lc-mpi/Zhiqing/polaris_ebm/runs_ablation_replay/trajectories/A4_ddp_fullk_eps005_k100_s20k/step010000/metrics_compare.json
A4,A4_ddp_fullk_eps005_k100_s20k,Q4 step_size factor,ddp_fullk,1,15000,116.50399728495785,0.4586119251077001,,/eagle/lc-mpi/Zhiqing/polaris_ebm/runs_ablation_replay/trajectories/A4_ddp_fullk_eps005_k100_s20k,/eagle/lc-mpi/Zhiqing/polaris_ebm/runs_ablation_replay/trajectories/A4_ddp_fullk_eps005_k100_s20k/step015000/metrics_compare.json
A4,A4_ddp_fullk_eps005_k100_s20k,Q4 step_size factor,ddp_fullk,1,20000,113.48933193366463,0.48804651292779155,,/eagle/lc-mpi/Zhiqing/polaris_ebm/runs_ablation_replay/trajectories/A4_ddp_fullk_eps005_k100_s20k,/eagle/lc-mpi/Zhiqing/polaris_ebm/runs_ablation_replay/trajectories/A4_ddp_fullk_eps005_k100_s20k/step020000/metrics_compare.json
A4,A4_ddp_fullk_eps010_k100_s20k,Q4 step_size factor,ddp_fullk,1,5000,138.09334180256957,0.8354603101084486,,/eagle/lc-mpi/Zhiqing/polaris_ebm/runs_ablation_replay/trajectories/A4_ddp_fullk_eps010_k100_s20k,/eagle/lc-mpi/Zhiqing/polaris_ebm/runs_ablation_replay/trajectories/A4_ddp_fullk_eps010_k100_s20k/step005000/metrics_compare.json
A4,A4_ddp_fullk_eps010_k100_s20k,Q4 step_size factor,ddp_fullk,1,10000,139.87674532638638,1.6608664551833883,,/eagle/lc-mpi/Zhiqing/polaris_ebm/runs_ablation_replay/trajectories/A4_ddp_fullk_eps010_k100_s20k,/eagle/lc-mpi/Zhiqing/polaris_ebm/runs_ablation_replay/trajectories/A4_ddp_fullk_eps010_k100_s20k/step010000/metrics_compare.json
A4,A4_ddp_fullk_eps010_k100_s20k,Q4 step_size factor,ddp_fullk,1,15000,109.60640087570016,0.35732327821375165,,/eagle/lc-mpi/Zhiqing/polaris_ebm/runs_ablation_replay/trajectories/A4_ddp_fullk_eps010_k100_s20k,/eagle/lc-mpi/Zhiqing/polaris_ebm/runs_ablation_replay/trajectories/A4_ddp_fullk_eps010_k100_s20k/step015000/metrics_compare.json
A4,A4_ddp_fullk_eps010_k100_s20k,Q4 step_size factor,ddp_fullk,1,20000,114.96584003376199,0.4964943322931745,,/eagle/lc-mpi/Zhiqing/polaris_ebm/runs_ablation_replay/trajectories/A4_ddp_fullk_eps010_k100_s20k,/eagle/lc-mpi/Zhiqing/polaris_ebm/runs_ablation_replay/trajectories/A4_ddp_fullk_eps010_k100_s20k/step020000/metrics_compare.json
A4,A4_ddp_fullk_eps020_k100_s20k,Q4 step_size factor,ddp_fullk,1,5000,133.06989913731294,1.369919898443687,,/eagle/lc-mpi/Zhiqing/polaris_ebm/runs_ablation_replay/trajectories/A4_ddp_fullk_eps020_k100_s20k,/eagle/lc-mpi/Zhiqing/polaris_ebm/runs_ablation_replay/trajectories/A4_ddp_fullk_eps020_k100_s20k/step005000/metrics_compare.json
A4,A4_ddp_fullk_eps020_k100_s20k,Q4 step_size factor,ddp_fullk,1,10000,127.08091200259057,1.5598280694680504,,/eagle/lc-mpi/Zhiqing/polaris_ebm/runs_ablation_replay/trajectories/A4_ddp_fullk_eps020_k100_s20k,/eagle/lc-mpi/Zhiqing/polaris_ebm/runs_ablation_replay/trajectories/A4_ddp_fullk_eps020_k100_s20k/step010000/metrics_compare.json
A4,A4_ddp_fullk_eps020_k100_s20k,Q4 step_size factor,ddp_fullk,1,15000,114.48750613823285,0.8644490501020812,,/eagle/lc-mpi/Zhiqing/polaris_ebm/runs_ablation_replay/trajectories/A4_ddp_fullk_eps020_k100_s20k,/eagle/lc-mpi/Zhiqing/polaris_ebm/runs_ablation_replay/trajectories/A4_ddp_fullk_eps020_k100_s20k/step015000/metrics_compare.json
A4,A4_ddp_fullk_eps020_k100_s20k,Q4 step_size factor,ddp_fullk,1,20000,117.4047347358246,0.4185422072101588,,/eagle/lc-mpi/Zhiqing/polaris_ebm/runs_ablation_replay/trajectories/A4_ddp_fullk_eps020_k100_s20k,/eagle/lc-mpi/Zhiqing/polaris_ebm/runs_ablation_replay/trajectories/A4_ddp_fullk_eps020_k100_s20k/step020000/metrics_compare.json
A4,A4_pipe_last2b001_p4_eps001_k100_s20k,Q4 step_size factor,pipe_strict,1,5000,164.71977919760937,6.885670202386933,,/eagle/lc-mpi/Zhiqing/polaris_ebm/runs_ablation_replay/trajectories/A4_pipe_last2b001_p4_eps001_k100_s20k,/eagle/lc-mpi/Zhiqing/polaris_ebm/runs_ablation_replay/trajectories/A4_pipe_last2b001_p4_eps001_k100_s20k/step005000/metrics_compare.json
A4,A4_pipe_last2b001_p4_eps001_k100_s20k,Q4 step_size factor,pipe_strict,1,10000,148.55211943259923,4.108576155946206,,/eagle/lc-mpi/Zhiqing/polaris_ebm/runs_ablation_replay/trajectories/A4_pipe_last2b001_p4_eps001_k100_s20k,/eagle/lc-mpi/Zhiqing/polaris_ebm/runs_ablation_replay/trajectories/A4_pipe_last2b001_p4_eps001_k100_s20k/step010000/metrics_compare.json
A4,A4_pipe_last2b001_p4_eps001_k100_s20k,Q4 step_size factor,pipe_strict,1,15000,153.27557779318388,5.334621076577648,,/eagle/lc-mpi/Zhiqing/polaris_ebm/runs_ablation_replay/trajectories/A4_pipe_last2b001_p4_eps001_k100_s20k,/eagle/lc-mpi/Zhiqing/polaris_ebm/runs_ablation_replay/trajectories/A4_pipe_last2b001_p4_eps001_k100_s20k/step015000/metrics_compare.json
A4,A4_pipe_last2b001_p4_eps001_k100_s20k,Q4 step_size factor,pipe_strict,1,20000,125.17390361099268,1.6001884508908475,,/eagle/lc-mpi/Zhiqing/polaris_ebm/runs_ablation_replay/trajectories/A4_pipe_last2b001_p4_eps001_k100_s20k,/eagle/lc-mpi/Zhiqing/polaris_ebm/runs_ablation_replay/trajectories/A4_pipe_last2b001_p4_eps001_k100_s20k/step020000/metrics_compare.json
A4,A4_pipe_last2b001_p4_eps002_k100_s20k,Q4 step_size factor,pipe_strict,1,5000,170.15146919888713,2.8844199472397705,,/eagle/lc-mpi/Zhiqing/polaris_ebm/runs_ablation_replay/trajectories/A4_pipe_last2b001_p4_eps002_k100_s20k,/eagle/lc-mpi/Zhiqing/polaris_ebm/runs_ablation_replay/trajectories/A4_pipe_last2b001_p4_eps002_k100_s20k/step005000/metrics_compare.json
A4,A4_pipe_last2b001_p4_eps002_k100_s20k,Q4 step_size factor,pipe_strict,1,10000,138.1828656455466,4.94276752836176,,/eagle/lc-mpi/Zhiqing/polaris_ebm/runs_ablation_replay/trajectories/A4_pipe_last2b001_p4_eps002_k100_s20k,/eagle/lc-mpi/Zhiqing/polaris_ebm/runs_ablation_replay/trajectories/A4_pipe_last2b001_p4_eps002_k100_s20k/step010000/metrics_compare.json
A4,A4_pipe_last2b001_p4_eps002_k100_s20k,Q4 step_size factor,pipe_strict,1,15000,157.85492029288667,5.167590837183276,,/eagle/lc-mpi/Zhiqing/polaris_ebm/runs_ablation_replay/trajectories/A4_pipe_last2b001_p4_eps002_k100_s20k,/eagle/lc-mpi/Zhiqing/polaris_ebm/runs_ablation_replay/trajectories/A4_pipe_last2b001_p4_eps002_k100_s20k/step015000/metrics_compare.json
A4,A4_pipe_last2b001_p4_eps002_k100_s20k,Q4 step_size factor,pipe_strict,1,20000,115.6404499499518,5.017995298070577,,/eagle/lc-mpi/Zhiqing/polaris_ebm/runs_ablation_replay/trajectories/A4_pipe_last2b001_p4_eps002_k100_s20k,/eagle/lc-mpi/Zhiqing/polaris_ebm/runs_ablation_replay/trajectories/A4_pipe_last2b001_p4_eps002_k100_s20k/step020000/metrics_compare.json
A4,A4_pipe_last2b001_p4_eps005_k100_s20k,Q4 step_size factor,pipe_strict,1,5000,157.24433206022147,2.0183635758027396,,/eagle/lc-mpi/Zhiqing/polaris_ebm/runs_ablation_replay/trajectories/A4_pipe_last2b001_p4_eps005_k100_s20k,/eagle/lc-mpi/Zhiqing/polaris_ebm/runs_ablation_replay/trajectories/A4_pipe_last2b001_p4_eps005_k100_s20k/step005000/metrics_compare.json
A4,A4_pipe_last2b001_p4_eps005_k100_s20k,Q4 step_size factor,pipe_strict,1,10000,144.31421156159254,1.9421274353237266,,/eagle/lc-mpi/Zhiqing/polaris_ebm/runs_ablation_replay/trajectories/A4_pipe_last2b001_p4_eps005_k100_s20k,/eagle/lc-mpi/Zhiqing/polaris_ebm/runs_ablation_replay/trajectories/A4_pipe_last2b001_p4_eps005_k100_s20k/step010000/metrics_compare.json
A4,A4_pipe_last2b001_p4_eps005_k100_s20k,Q4 step_size factor,pipe_strict,1,15000,126.48013832031626,3.5178165086644633,,/eagle/lc-mpi/Zhiqing/polaris_ebm/runs_ablation_replay/trajectories/A4_pipe_last2b001_p4_eps005_k100_s20k,/eagle/lc-mpi/Zhiqing/polaris_ebm/runs_ablation_replay/trajectories/A4_pipe_last2b001_p4_eps005_k100_s20k/step015000/metrics_compare.json
A4,A4_pipe_last2b001_p4_eps005_k100_s20k,Q4 step_size factor,pipe_strict,1,20000,115.56463025164607,3.4181422351919863,,/eagle/lc-mpi/Zhiqing/polaris_ebm/runs_ablation_replay/trajectories/A4_pipe_last2b001_p4_eps005_k100_s20k,/eagle/lc-mpi/Zhiqing/polaris_ebm/runs_ablation_replay/trajectories/A4_pipe_last2b001_p4_eps005_k100_s20k/step020000/metrics_compare.json
A4,A4_pipe_last2b001_p4_eps010_k100_s20k,Q4 step_size factor,pipe_strict,1,5000,191.06781955407675,5.194766031345891,,/eagle/lc-mpi/Zhiqing/polaris_ebm/runs_ablation_replay/trajectories/A4_pipe_last2b001_p4_eps010_k100_s20k,/eagle/lc-mpi/Zhiqing/polaris_ebm/runs_ablation_replay/trajectories/A4_pipe_last2b001_p4_eps010_k100_s20k/step005000/metrics_compare.json
A4,A4_pipe_last2b001_p4_eps010_k100_s20k,Q4 step_size factor,pipe_strict,1,10000,167.1119663154313,4.761692713993817,,/eagle/lc-mpi/Zhiqing/polaris_ebm/runs_ablation_replay/trajectories/A4_pipe_last2b001_p4_eps010_k100_s20k,/eagle/lc-mpi/Zhiqing/polaris_ebm/runs_ablation_replay/trajectories/A4_pipe_last2b001_p4_eps010_k100_s20k/step010000/metrics_compare.json
A4,A4_pipe_last2b001_p4_eps010_k100_s20k,Q4 step_size factor,pipe_strict,1,15000,135.62987848721426,1.2521238817798128,,/eagle/lc-mpi/Zhiqing/polaris_ebm/runs_ablation_replay/trajectories/A4_pipe_last2b001_p4_eps010_k100_s20k,/eagle/lc-mpi/Zhiqing/polaris_ebm/runs_ablation_replay/trajectories/A4_pipe_last2b001_p4_eps010_k100_s20k/step015000/metrics_compare.json
A4,A4_pipe_last2b001_p4_eps010_k100_s20k,Q4 step_size factor,pipe_strict,1,20000,112.5633255734154,1.705671982264839,,/eagle/lc-mpi/Zhiqing/polaris_ebm/runs_ablation_replay/trajectories/A4_pipe_last2b001_p4_eps010_k100_s20k,/eagle/lc-mpi/Zhiqing/polaris_ebm/runs_ablation_replay/trajectories/A4_pipe_last2b001_p4_eps010_k100_s20k/step020000/metrics_compare.json
A4,A4_pipe_last2b001_p4_eps020_k100_s20k,Q4 step_size factor,pipe_strict,1,5000,146.90810511812253,8.379635263479713,,/eagle/lc-mpi/Zhiqing/polaris_ebm/runs_ablation_replay/trajectories/A4_pipe_last2b001_p4_eps020_k100_s20k,/eagle/lc-mpi/Zhiqing/polaris_ebm/runs_ablation_replay/trajectories/A4_pipe_last2b001_p4_eps020_k100_s20k/step005000/metrics_compare.json
A4,A4_pipe_last2b001_p4_eps020_k100_s20k,Q4 step_size factor,pipe_strict,1,10000,153.21235326981542,2.1950119465548408,,/eagle/lc-mpi/Zhiqing/polaris_ebm/runs_ablation_replay/trajectories/A4_pipe_last2b001_p4_eps020_k100_s20k,/eagle/lc-mpi/Zhiqing/polaris_ebm/runs_ablation_replay/trajectories/A4_pipe_last2b001_p4_eps020_k100_s20k/step010000/metrics_compare.json
A4,A4_pipe_last2b001_p4_eps020_k100_s20k,Q4 step_size factor,pipe_strict,1,15000,121.87528460247665,5.649271447634106,,/eagle/lc-mpi/Zhiqing/polaris_ebm/runs_ablation_replay/trajectories/A4_pipe_last2b001_p4_eps020_k100_s20k,/eagle/lc-mpi/Zhiqing/polaris_ebm/runs_ablation_replay/trajectories/A4_pipe_last2b001_p4_eps020_k100_s20k/step015000/metrics_compare.json
A4,A4_pipe_last2b001_p4_eps020_k100_s20k,Q4 step_size factor,pipe_strict,1,20000,149.03757339881847,2.813063163578814,,/eagle/lc-mpi/Zhiqing/polaris_ebm/runs_ablation_replay/trajectories/A4_pipe_last2b001_p4_eps020_k100_s20k,/eagle/lc-mpi/Zhiqing/polaris_ebm/runs_ablation_replay/trajectories/A4_pipe_last2b001_p4_eps020_k100_s20k/step020000/metrics_compare.json
P2A0,ddp_fullk_K100_seed1_300k,Phase2 300k anchors,ddp_fullk,1,5000,135.36547313007082,0.5196035830450789,,/eagle/lc-mpi/Zhiqing/polaris_ebm/runs_analysis/seed1_fid_trajectory/ddp_seed1_local,/eagle/lc-mpi/Zhiqing/polaris_ebm/runs_analysis/seed1_fid_trajectory/ddp_seed1_local/step005000/metrics_compare.json
P2A0,ddp_fullk_K100_seed1_300k,Phase2 300k anchors,ddp_fullk,1,10000,116.27965887200565,1.9012129026702347,,/eagle/lc-mpi/Zhiqing/polaris_ebm/runs_analysis/seed1_fid_trajectory/ddp_seed1_local,/eagle/lc-mpi/Zhiqing/polaris_ebm/runs_analysis/seed1_fid_trajectory/ddp_seed1_local/step010000/metrics_compare.json
P2A0,ddp_fullk_K100_seed1_300k,Phase2 300k anchors,ddp_fullk,1,15000,105.42142113120764,0.9146589064190529,,/eagle/lc-mpi/Zhiqing/polaris_ebm/runs_analysis/seed1_fid_trajectory/ddp_seed1_local,/eagle/lc-mpi/Zhiqing/polaris_ebm/runs_analysis/seed1_fid_trajectory/ddp_seed1_local/step015000/metrics_compare.json
P2A0,ddp_fullk_K100_seed1_300k,Phase2 300k anchors,ddp_fullk,1,20000,116.99832119972098,0.490876825779317,,/eagle/lc-mpi/Zhiqing/polaris_ebm/runs_analysis/seed1_fid_trajectory/ddp_seed1_local,/eagle/lc-mpi/Zhiqing/polaris_ebm/runs_analysis/seed1_fid_trajectory/ddp_seed1_local/step020000/metrics_compare.json
P2A0,ddp_fullk_K100_seed1_300k,Phase2 300k anchors,ddp_fullk,1,25000,107.23686245165601,2.090468105831423,,/eagle/lc-mpi/Zhiqing/polaris_ebm/runs_analysis/seed1_fid_trajectory/ddp_seed1_local,/eagle/lc-mpi/Zhiqing/polaris_ebm/runs_analysis/seed1_fid_trajectory/ddp_seed1_local/step025000/metrics_compare.json
P2A0,ddp_fullk_K100_seed1_300k,Phase2 300k anchors,ddp_fullk,1,30000,95.19542360442466,0.3548200544516895,,/eagle/lc-mpi/Zhiqing/polaris_ebm/runs_analysis/seed1_fid_trajectory/ddp_seed1_local,/eagle/lc-mpi/Zhiqing/polaris_ebm/runs_analysis/seed1_fid_trajectory/ddp_seed1_local/step030000/metrics_compare.json
P2A0,ddp_fullk_K100_seed1_300k,Phase2 300k anchors,ddp_fullk,1,35000,84.70846454190644,0.8671486722519681,,/eagle/lc-mpi/Zhiqing/polaris_ebm/runs_analysis/seed1_fid_trajectory/ddp_seed1_local,/eagle/lc-mpi/Zhiqing/polaris_ebm/runs_analysis/seed1_fid_trajectory/ddp_seed1_local/step035000/metrics_compare.json
P2A0,ddp_fullk_K100_seed1_300k,Phase2 300k anchors,ddp_fullk,1,40000,118.93713503286023,1.4031710923723608,,/eagle/lc-mpi/Zhiqing/polaris_ebm/runs_analysis/seed1_fid_trajectory/ddp_seed1_local,/eagle/lc-mpi/Zhiqing/polaris_ebm/runs_analysis/seed1_fid_trajectory/ddp_seed1_local/step040000/metrics_compare.json
P2A0,ddp_fullk_K100_seed1_300k,Phase2 300k anchors,ddp_fullk,1,45000,85.4396777481661,2.950366079103908,,/eagle/lc-mpi/Zhiqing/polaris_ebm/runs_analysis/seed1_fid_trajectory/ddp_seed1_local,/eagle/lc-mpi/Zhiqing/polaris_ebm/runs_analysis/seed1_fid_trajectory/ddp_seed1_local/step045000/metrics_compare.json
P2A0,ddp_fullk_K100_seed1_300k,Phase2 300k anchors,ddp_fullk,1,50000,88.77465204728333,1.3223190915870617,,/eagle/lc-mpi/Zhiqing/polaris_ebm/runs_analysis/seed1_fid_trajectory/ddp_seed1_local,/eagle/lc-mpi/Zhiqing/polaris_ebm/runs_analysis/seed1_fid_trajectory/ddp_seed1_local/step050000/metrics_compare.json
P2A0,ddp_fullk_K100_seed1_300k,Phase2 300k anchors,ddp_fullk,1,55000,85.68522132604852,0.363744089687728,,/eagle/lc-mpi/Zhiqing/polaris_ebm/runs_analysis/seed1_fid_trajectory/ddp_seed1_local,/eagle/lc-mpi/Zhiqing/polaris_ebm/runs_analysis/seed1_fid_trajectory/ddp_seed1_local/step055000/metrics_compare.json
P2A0,ddp_fullk_K100_seed1_300k,Phase2 300k anchors,ddp_fullk,1,60000,81.53804281856173,0.42592337530660984,,/eagle/lc-mpi/Zhiqing/polaris_ebm/runs_analysis/seed1_fid_trajectory/ddp_seed1_local,/eagle/lc-mpi/Zhiqing/polaris_ebm/runs_analysis/seed1_fid_trajectory/ddp_seed1_local/step060000/metrics_compare.json
P2A0,ddp_fullk_K100_seed1_300k,Phase2 300k anchors,ddp_fullk,1,65000,84.25223793954501,1.1762894651825917,,/eagle/lc-mpi/Zhiqing/polaris_ebm/runs_analysis/seed1_fid_trajectory/ddp_seed1_local,/eagle/lc-mpi/Zhiqing/polaris_ebm/runs_analysis/seed1_fid_trajectory/ddp_seed1_local/step065000/metrics_compare.json
P2A0,ddp_fullk_K100_seed1_300k,Phase2 300k anchors,ddp_fullk,1,70000,69.81401188530464,1.0089179651435352,,/eagle/lc-mpi/Zhiqing/polaris_ebm/runs_analysis/seed1_fid_trajectory/ddp_seed1_local,/eagle/lc-mpi/Zhiqing/polaris_ebm/runs_analysis/seed1_fid_trajectory/ddp_seed1_local/step070000/metrics_compare.json
P2A0,ddp_fullk_K100_seed1_300k,Phase2 300k anchors,ddp_fullk,1,75000,80.37455505702508,1.6404853864140883,,/eagle/lc-mpi/Zhiqing/polaris_ebm/runs_analysis/seed1_fid_trajectory/ddp_seed1_local,/eagle/lc-mpi/Zhiqing/polaris_ebm/runs_analysis/seed1_fid_trajectory/ddp_seed1_local/step075000/metrics_compare.json
P2A0,ddp_fullk_K100_seed1_300k,Phase2 300k anchors,ddp_fullk,1,80000,86.9877508793499,0.48931071337852927,,/eagle/lc-mpi/Zhiqing/polaris_ebm/runs_analysis/seed1_fid_trajectory/ddp_seed1_local,/eagle/lc-mpi/Zhiqing/polaris_ebm/runs_analysis/seed1_fid_trajectory/ddp_seed1_local/step080000/metrics_compare.json
P2A0,ddp_fullk_K100_seed1_300k,Phase2 300k anchors,ddp_fullk,1,85000,97.06737646758091,0.31623712216295274,,/eagle/lc-mpi/Zhiqing/polaris_ebm/runs_analysis/seed1_fid_trajectory/ddp_seed1_local,/eagle/lc-mpi/Zhiqing/polaris_ebm/runs_analysis/seed1_fid_trajectory/ddp_seed1_local/step085000/metrics_compare.json
P2A0,ddp_fullk_K100_seed1_300k,Phase2 300k anchors,ddp_fullk,1,90000,73.56846430337555,0.33166970933606876,,/eagle/lc-mpi/Zhiqing/polaris_ebm/runs_analysis/seed1_fid_trajectory/ddp_seed1_local,/eagle/lc-mpi/Zhiqing/polaris_ebm/runs_analysis/seed1_fid_trajectory/ddp_seed1_local/step090000/metrics_compare.json
P2A0,ddp_fullk_K100_seed1_300k,Phase2 300k anchors,ddp_fullk,1,95000,64.4370022745585,0.40019973403738973,,/eagle/lc-mpi/Zhiqing/polaris_ebm/runs_analysis/seed1_fid_trajectory/ddp_seed1_local,/eagle/lc-mpi/Zhiqing/polaris_ebm/runs_analysis/seed1_fid_trajectory/ddp_seed1_local/step095000/metrics_compare.json
P2A0,ddp_fullk_K100_seed1_300k,Phase2 300k anchors,ddp_fullk,1,100000,67.94951567013607,0.8803643225683224,,/eagle/lc-mpi/Zhiqing/polaris_ebm/runs_analysis/seed1_fid_trajectory/ddp_seed1_local,/eagle/lc-mpi/Zhiqing/polaris_ebm/runs_analysis/seed1_fid_trajectory/ddp_seed1_local/step100000/metrics_compare.json
P2A0,ddp_fullk_K100_seed1_300k,Phase2 300k anchors,ddp_fullk,1,105000,75.10603769604529,0.3839936649784583,,/eagle/lc-mpi/Zhiqing/polaris_ebm/runs_analysis/seed1_fid_trajectory/ddp_seed1_local,/eagle/lc-mpi/Zhiqing/polaris_ebm/runs_analysis/seed1_fid_trajectory/ddp_seed1_local/step105000/metrics_compare.json
P2A0,ddp_fullk_K100_seed1_300k,Phase2 300k anchors,ddp_fullk,1,110000,63.46759923321122,0.312349203865697,,/eagle/lc-mpi/Zhiqing/polaris_ebm/runs_analysis/seed1_fid_trajectory/ddp_seed1_local,/eagle/lc-mpi/Zhiqing/polaris_ebm/runs_analysis/seed1_fid_trajectory/ddp_seed1_local/step110000/metrics_compare.json
P2A0,ddp_fullk_K100_seed1_300k,Phase2 300k anchors,ddp_fullk,1,115000,92.596384660039,0.3573275476257507,,/eagle/lc-mpi/Zhiqing/polaris_ebm/runs_analysis/seed1_fid_trajectory/ddp_seed1_local,/eagle/lc-mpi/Zhiqing/polaris_ebm/runs_analysis/seed1_fid_trajectory/ddp_seed1_local/step115000/metrics_compare.json
P2A0,ddp_fullk_K100_seed1_300k,Phase2 300k anchors,ddp_fullk,1,120000,74.80906111303977,0.3195908621967156,,/eagle/lc-mpi/Zhiqing/polaris_ebm/runs_analysis/seed1_fid_trajectory/ddp_seed1_local,/eagle/lc-mpi/Zhiqing/polaris_ebm/runs_analysis/seed1_fid_trajectory/ddp_seed1_local/step120000/metrics_compare.json
P2A0,ddp_fullk_K100_seed1_300k,Phase2 300k anchors,ddp_fullk,1,125000,75.72544318903999,0.7026306561162876,,/eagle/lc-mpi/Zhiqing/polaris_ebm/runs_analysis/seed1_fid_trajectory/ddp_seed1_local,/eagle/lc-mpi/Zhiqing/polaris_ebm/runs_analysis/seed1_fid_trajectory/ddp_seed1_local/step125000/metrics_compare.json
P2A0,ddp_fullk_K100_seed1_300k,Phase2 300k anchors,ddp_fullk,1,130000,78.5177872463754,0.5417944987911625,,/eagle/lc-mpi/Zhiqing/polaris_ebm/runs_analysis/seed1_fid_trajectory/ddp_seed1_local,/eagle/lc-mpi/Zhiqing/polaris_ebm/runs_analysis/seed1_fid_trajectory/ddp_seed1_local/step130000/metrics_compare.json
P2A0,ddp_fullk_K100_seed1_300k,Phase2 300k anchors,ddp_fullk,1,135000,74.42444680948142,0.3005989993652243,,/eagle/lc-mpi/Zhiqing/polaris_ebm/runs_analysis/seed1_fid_trajectory/ddp_seed1_local,/eagle/lc-mpi/Zhiqing/polaris_ebm/runs_analysis/seed1_fid_trajectory/ddp_seed1_local/step135000/metrics_compare.json
P2A0,ddp_fullk_K100_seed1_300k,Phase2 300k anchors,ddp_fullk,1,140000,74.25719505491804,0.4958003850393382,,/eagle/lc-mpi/Zhiqing/polaris_ebm/runs_analysis/seed1_fid_trajectory/ddp_seed1_local,/eagle/lc-mpi/Zhiqing/polaris_ebm/runs_analysis/seed1_fid_trajectory/ddp_seed1_local/step140000/metrics_compare.json
P2A0,ddp_fullk_K100_seed1_300k,Phase2 300k anchors,ddp_fullk,1,145000,69.5005738214835,0.6015326374722747,,/eagle/lc-mpi/Zhiqing/polaris_ebm/runs_analysis/seed1_fid_trajectory/ddp_seed1_local,/eagle/lc-mpi/Zhiqing/polaris_ebm/runs_analysis/seed1_fid_trajectory/ddp_seed1_local/step145000/metrics_compare.json
P2A0,ddp_fullk_K100_seed1_300k,Phase2 300k anchors,ddp_fullk,1,150000,80.40403426457897,0.2843590053889429,,/eagle/lc-mpi/Zhiqing/polaris_ebm/runs_analysis/seed1_fid_trajectory/ddp_seed1_local,/eagle/lc-mpi/Zhiqing/polaris_ebm/runs_analysis/seed1_fid_trajectory/ddp_seed1_local/step150000/metrics_compare.json
P2A0,ddp_fullk_K100_seed1_300k,Phase2 300k anchors,ddp_fullk,1,155000,69.2443481996907,0.5134626723994451,,/eagle/lc-mpi/Zhiqing/polaris_ebm/runs_analysis/seed1_fid_trajectory/ddp_seed1_local,/eagle/lc-mpi/Zhiqing/polaris_ebm/runs_analysis/seed1_fid_trajectory/ddp_seed1_local/step155000/metrics_compare.json
P2A0,ddp_fullk_K100_seed1_300k,Phase2 300k anchors,ddp_fullk,1,160000,75.00412831266863,0.4528483504462102,,/eagle/lc-mpi/Zhiqing/polaris_ebm/runs_analysis/seed1_fid_trajectory/ddp_seed1_local,/eagle/lc-mpi/Zhiqing/polaris_ebm/runs_analysis/seed1_fid_trajectory/ddp_seed1_local/step160000/metrics_compare.json
P2A0,ddp_fullk_K100_seed1_300k,Phase2 300k anchors,ddp_fullk,1,165000,72.17621348702613,0.5558389465072402,,/eagle/lc-mpi/Zhiqing/polaris_ebm/runs_analysis/seed1_fid_trajectory/ddp_seed1_local,/eagle/lc-mpi/Zhiqing/polaris_ebm/runs_analysis/seed1_fid_trajectory/ddp_seed1_local/step165000/metrics_compare.json
P2A0,ddp_fullk_K100_seed1_300k,Phase2 300k anchors,ddp_fullk,1,170000,61.288271796156664,0.22590822964721013,,/eagle/lc-mpi/Zhiqing/polaris_ebm/runs_analysis/seed1_fid_trajectory/ddp_seed1_local,/eagle/lc-mpi/Zhiqing/polaris_ebm/runs_analysis/seed1_fid_trajectory/ddp_seed1_local/step170000/metrics_compare.json
P2A0,ddp_fullk_K100_seed1_300k,Phase2 300k anchors,ddp_fullk,1,175000,76.71922414026062,0.29611168931788256,,/eagle/lc-mpi/Zhiqing/polaris_ebm/runs_analysis/seed1_fid_trajectory/ddp_seed1_local,/eagle/lc-mpi/Zhiqing/polaris_ebm/runs_analysis/seed1_fid_trajectory/ddp_seed1_local/step175000/metrics_compare.json
P2A0,ddp_fullk_K100_seed1_300k,Phase2 300k anchors,ddp_fullk,1,180000,71.27905117073897,0.5654302687770318,,/eagle/lc-mpi/Zhiqing/polaris_ebm/runs_analysis/seed1_fid_trajectory/ddp_seed1_local,/eagle/lc-mpi/Zhiqing/polaris_ebm/runs_analysis/seed1_fid_trajectory/ddp_seed1_local/step180000/metrics_compare.json
P2A0,ddp_fullk_K100_seed1_300k,Phase2 300k anchors,ddp_fullk,1,185000,74.76635815066686,0.36548035967212655,,/eagle/lc-mpi/Zhiqing/polaris_ebm/runs_analysis/seed1_fid_trajectory/ddp_seed1_local,/eagle/lc-mpi/Zhiqing/polaris_ebm/runs_analysis/seed1_fid_trajectory/ddp_seed1_local/step185000/metrics_compare.json
P2A0,ddp_fullk_K100_seed1_300k,Phase2 300k anchors,ddp_fullk,1,190000,76.51291187876404,1.2370983534089746,,/eagle/lc-mpi/Zhiqing/polaris_ebm/runs_analysis/seed1_fid_trajectory/ddp_seed1_local,/eagle/lc-mpi/Zhiqing/polaris_ebm/runs_analysis/seed1_fid_trajectory/ddp_seed1_local/step190000/metrics_compare.json
P2A0,ddp_fullk_K100_seed1_300k,Phase2 300k anchors,ddp_fullk,1,195000,61.45384088153776,0.26879410360251654,,/eagle/lc-mpi/Zhiqing/polaris_ebm/runs_analysis/seed1_fid_trajectory/ddp_seed1_local,/eagle/lc-mpi/Zhiqing/polaris_ebm/runs_analysis/seed1_fid_trajectory/ddp_seed1_local/step195000/metrics_compare.json
P2A0,ddp_fullk_K100_seed1_300k,Phase2 300k anchors,ddp_fullk,1,200000,65.11546243536509,0.29613927514019167,,/eagle/lc-mpi/Zhiqing/polaris_ebm/runs_analysis/seed1_fid_trajectory/ddp_seed1_local,/eagle/lc-mpi/Zhiqing/polaris_ebm/runs_analysis/seed1_fid_trajectory/ddp_seed1_local/step200000/metrics_compare.json
P2A0,ddp_fullk_K100_seed1_300k,Phase2 300k anchors,ddp_fullk,1,205000,64.52959745784023,0.6603788886347246,,/eagle/lc-mpi/Zhiqing/polaris_ebm/runs_analysis/seed1_fid_trajectory/ddp_seed1_local,/eagle/lc-mpi/Zhiqing/polaris_ebm/runs_analysis/seed1_fid_trajectory/ddp_seed1_local/step205000/metrics_compare.json
P2A0,ddp_fullk_K100_seed1_300k,Phase2 300k anchors,ddp_fullk,1,210000,61.60428960289687,0.20981319204052085,,/eagle/lc-mpi/Zhiqing/polaris_ebm/runs_analysis/seed1_fid_trajectory/ddp_seed1_local,/eagle/lc-mpi/Zhiqing/polaris_ebm/runs_analysis/seed1_fid_trajectory/ddp_seed1_local/step210000/metrics_compare.json
P2A0,ddp_fullk_K100_seed1_300k,Phase2 300k anchors,ddp_fullk,1,215000,61.30017178454665,0.40121101205686927,,/eagle/lc-mpi/Zhiqing/polaris_ebm/runs_analysis/seed1_fid_trajectory/ddp_seed1_local,/eagle/lc-mpi/Zhiqing/polaris_ebm/runs_analysis/seed1_fid_trajectory/ddp_seed1_local/step215000/metrics_compare.json
P2A0,ddp_fullk_K100_seed1_300k,Phase2 300k anchors,ddp_fullk,1,220000,71.2395892605926,0.3323360506707189,,/eagle/lc-mpi/Zhiqing/polaris_ebm/runs_analysis/seed1_fid_trajectory/ddp_seed1_local,/eagle/lc-mpi/Zhiqing/polaris_ebm/runs_analysis/seed1_fid_trajectory/ddp_seed1_local/step220000/metrics_compare.json
P2A0,ddp_fullk_K100_seed1_300k,Phase2 300k anchors,ddp_fullk,1,225000,67.89187892054304,0.42544586094133763,,/eagle/lc-mpi/Zhiqing/polaris_ebm/runs_analysis/seed1_fid_trajectory/ddp_seed1_local,/eagle/lc-mpi/Zhiqing/polaris_ebm/runs_analysis/seed1_fid_trajectory/ddp_seed1_local/step225000/metrics_compare.json
P2A0,ddp_fullk_K100_seed1_300k,Phase2 300k anchors,ddp_fullk,1,230000,64.76471911649986,0.4693801458369471,,/eagle/lc-mpi/Zhiqing/polaris_ebm/runs_analysis/seed1_fid_trajectory/ddp_seed1_local,/eagle/lc-mpi/Zhiqing/polaris_ebm/runs_analysis/seed1_fid_trajectory/ddp_seed1_local/step230000/metrics_compare.json
P2A0,ddp_fullk_K100_seed1_300k,Phase2 300k anchors,ddp_fullk,1,235000,72.64131930880899,0.5033847376188092,,/eagle/lc-mpi/Zhiqing/polaris_ebm/runs_analysis/seed1_fid_trajectory/ddp_seed1_local,/eagle/lc-mpi/Zhiqing/polaris_ebm/runs_analysis/seed1_fid_trajectory/ddp_seed1_local/step235000/metrics_compare.json
P2A0,ddp_fullk_K100_seed1_300k,Phase2 300k anchors,ddp_fullk,1,240000,82.09494582621744,0.5420775556423649,,/eagle/lc-mpi/Zhiqing/polaris_ebm/runs_analysis/seed1_fid_trajectory/ddp_seed1_local,/eagle/lc-mpi/Zhiqing/polaris_ebm/runs_analysis/seed1_fid_trajectory/ddp_seed1_local/step240000/metrics_compare.json
P2A0,ddp_fullk_K100_seed1_300k,Phase2 300k anchors,ddp_fullk,1,245000,66.00157580439009,0.7436501773812623,,/eagle/lc-mpi/Zhiqing/polaris_ebm/runs_analysis/seed1_fid_trajectory/ddp_seed1_local,/eagle/lc-mpi/Zhiqing/polaris_ebm/runs_analysis/seed1_fid_trajectory/ddp_seed1_local/step245000/metrics_compare.json
P2A0,ddp_fullk_K100_seed1_300k,Phase2 300k anchors,ddp_fullk,1,250000,66.71413661406183,0.23962623525578763,,/eagle/lc-mpi/Zhiqing/polaris_ebm/runs_analysis/seed1_fid_trajectory/ddp_seed1_local,/eagle/lc-mpi/Zhiqing/polaris_ebm/runs_analysis/seed1_fid_trajectory/ddp_seed1_local/step250000/metrics_compare.json
P2A0,ddp_fullk_K100_seed1_300k,Phase2 300k anchors,ddp_fullk,1,255000,61.66193852960703,0.27231857821996996,,/eagle/lc-mpi/Zhiqing/polaris_ebm/runs_analysis/seed1_fid_trajectory/ddp_seed1_local,/eagle/lc-mpi/Zhiqing/polaris_ebm/runs_analysis/seed1_fid_trajectory/ddp_seed1_local/step255000/metrics_compare.json
P2A0,ddp_fullk_K100_seed1_300k,Phase2 300k anchors,ddp_fullk,1,260000,71.71654657850337,0.5299349326067073,,/eagle/lc-mpi/Zhiqing/polaris_ebm/runs_analysis/seed1_fid_trajectory/ddp_seed1_local,/eagle/lc-mpi/Zhiqing/polaris_ebm/runs_analysis/seed1_fid_trajectory/ddp_seed1_local/step260000/metrics_compare.json
P2A0,ddp_fullk_K100_seed1_300k,Phase2 300k anchors,ddp_fullk,1,265000,69.70922489126792,0.4709614868340033,,/eagle/lc-mpi/Zhiqing/polaris_ebm/runs_analysis/seed1_fid_trajectory/ddp_seed1_local,/eagle/lc-mpi/Zhiqing/polaris_ebm/runs_analysis/seed1_fid_trajectory/ddp_seed1_local/step265000/metrics_compare.json
P2A0,ddp_fullk_K100_seed1_300k,Phase2 300k anchors,ddp_fullk,1,270000,59.37083186159492,0.5377232235068021,,/eagle/lc-mpi/Zhiqing/polaris_ebm/runs_analysis/seed1_fid_trajectory/ddp_seed1_local,/eagle/lc-mpi/Zhiqing/polaris_ebm/runs_analysis/seed1_fid_trajectory/ddp_seed1_local/step270000/metrics_compare.json
P2A0,ddp_fullk_K100_seed1_300k,Phase2 300k anchors,ddp_fullk,1,275000,78.54739237397712,0.44027264035820224,,/eagle/lc-mpi/Zhiqing/polaris_ebm/runs_analysis/seed1_fid_trajectory/ddp_seed1_local,/eagle/lc-mpi/Zhiqing/polaris_ebm/runs_analysis/seed1_fid_trajectory/ddp_seed1_local/step275000/metrics_compare.json
P2A0,ddp_fullk_K100_seed1_300k,Phase2 300k anchors,ddp_fullk,1,280000,54.80543438170548,0.4588828935523992,,/eagle/lc-mpi/Zhiqing/polaris_ebm/runs_analysis/seed1_fid_trajectory/ddp_seed1_local,/eagle/lc-mpi/Zhiqing/polaris_ebm/runs_analysis/seed1_fid_trajectory/ddp_seed1_local/step280000/metrics_compare.json
P2A0,ddp_fullk_K100_seed1_300k,Phase2 300k anchors,ddp_fullk,1,285000,66.92371224461351,0.29603485586565625,,/eagle/lc-mpi/Zhiqing/polaris_ebm/runs_analysis/seed1_fid_trajectory/ddp_seed1_local,/eagle/lc-mpi/Zhiqing/polaris_ebm/runs_analysis/seed1_fid_trajectory/ddp_seed1_local/step285000/metrics_compare.json
P2A0,ddp_fullk_K100_seed1_300k,Phase2 300k anchors,ddp_fullk,1,290000,64.34583426042832,0.3490397083730059,,/eagle/lc-mpi/Zhiqing/polaris_ebm/runs_analysis/seed1_fid_trajectory/ddp_seed1_local,/eagle/lc-mpi/Zhiqing/polaris_ebm/runs_analysis/seed1_fid_trajectory/ddp_seed1_local/step290000/metrics_compare.json
P2A0,ddp_fullk_K100_seed1_300k,Phase2 300k anchors,ddp_fullk,1,295000,62.27793215069903,0.2982043459840469,,/eagle/lc-mpi/Zhiqing/polaris_ebm/runs_analysis/seed1_fid_trajectory/ddp_seed1_local,/eagle/lc-mpi/Zhiqing/polaris_ebm/runs_analysis/seed1_fid_trajectory/ddp_seed1_local/step295000/metrics_compare.json
P2A0,ddp_fullk_K100_seed1_300k,Phase2 300k anchors,ddp_fullk,1,300000,66.94092171301946,0.43625693217033046,,/eagle/lc-mpi/Zhiqing/polaris_ebm/runs_analysis/seed1_fid_trajectory/ddp_seed1_local,/eagle/lc-mpi/Zhiqing/polaris_ebm/runs_analysis/seed1_fid_trajectory/ddp_seed1_local/step300000/metrics_compare.json
M2,ddp_fullk_K400_seed1_300k,M2 high_K control,ddp_fullk,1,5000,435.5125835612082,7.06799719402362,,/eagle/lc-mpi/Zhiqing/polaris_ebm/runs_ablation_replay/trajectories/ddp_fullk_K400_seed1_300k,/eagle/lc-mpi/Zhiqing/polaris_ebm/runs_ablation_replay/trajectories/ddp_fullk_K400_seed1_300k/step005000/metrics_compare.json
M2,ddp_fullk_K400_seed1_300k,M2 high_K control,ddp_fullk,1,10000,437.5833559186929,7.081650144731583,,/eagle/lc-mpi/Zhiqing/polaris_ebm/runs_ablation_replay/trajectories/ddp_fullk_K400_seed1_300k,/eagle/lc-mpi/Zhiqing/polaris_ebm/runs_ablation_replay/trajectories/ddp_fullk_K400_seed1_300k/step010000/metrics_compare.json
M2,ddp_fullk_K400_seed1_300k,M2 high_K control,ddp_fullk,1,15000,433.8336461769288,6.98776793902452,,/eagle/lc-mpi/Zhiqing/polaris_ebm/runs_ablation_replay/trajectories/ddp_fullk_K400_seed1_300k,/eagle/lc-mpi/Zhiqing/polaris_ebm/runs_ablation_replay/trajectories/ddp_fullk_K400_seed1_300k/step015000/metrics_compare.json
M2,ddp_fullk_K400_seed1_300k,M2 high_K control,ddp_fullk,1,20000,432.72737376495814,7.04258430433413,,/eagle/lc-mpi/Zhiqing/polaris_ebm/runs_ablation_replay/trajectories/ddp_fullk_K400_seed1_300k,/eagle/lc-mpi/Zhiqing/polaris_ebm/runs_ablation_replay/trajectories/ddp_fullk_K400_seed1_300k/step020000/metrics_compare.json
M2,ddp_fullk_K400_seed1_300k,M2 high_K control,ddp_fullk,1,25000,433.21033391023525,6.944546902816444,,/eagle/lc-mpi/Zhiqing/polaris_ebm/runs_ablation_replay/trajectories/ddp_fullk_K400_seed1_300k,/eagle/lc-mpi/Zhiqing/polaris_ebm/runs_ablation_replay/trajectories/ddp_fullk_K400_seed1_300k/step025000/metrics_compare.json
M2,ddp_fullk_K400_seed1_300k,M2 high_K control,ddp_fullk,1,30000,434.8103673925723,6.9598072836482014,,/eagle/lc-mpi/Zhiqing/polaris_ebm/runs_ablation_replay/trajectories/ddp_fullk_K400_seed1_300k,/eagle/lc-mpi/Zhiqing/polaris_ebm/runs_ablation_replay/trajectories/ddp_fullk_K400_seed1_300k/step030000/metrics_compare.json
M2,ddp_fullk_K400_seed1_300k,M2 high_K control,ddp_fullk,1,35000,436.1402283221853,6.911050007076506,,/eagle/lc-mpi/Zhiqing/polaris_ebm/runs_ablation_replay/trajectories/ddp_fullk_K400_seed1_300k,/eagle/lc-mpi/Zhiqing/polaris_ebm/runs_ablation_replay/trajectories/ddp_fullk_K400_seed1_300k/step035000/metrics_compare.json
M2,ddp_fullk_K400_seed1_300k,M2 high_K control,ddp_fullk,1,40000,433.4292054261375,6.922368341268989,,/eagle/lc-mpi/Zhiqing/polaris_ebm/runs_ablation_replay/trajectories/ddp_fullk_K400_seed1_300k,/eagle/lc-mpi/Zhiqing/polaris_ebm/runs_ablation_replay/trajectories/ddp_fullk_K400_seed1_300k/step040000/metrics_compare.json
M2,ddp_fullk_K400_seed1_300k,M2 high_K control,ddp_fullk,1,45000,430.4869895700534,6.873823675554624,,/eagle/lc-mpi/Zhiqing/polaris_ebm/runs_ablation_replay/trajectories/ddp_fullk_K400_seed1_300k,/eagle/lc-mpi/Zhiqing/polaris_ebm/runs_ablation_replay/trajectories/ddp_fullk_K400_seed1_300k/step045000/metrics_compare.json
M2,ddp_fullk_K400_seed1_300k,M2 high_K control,ddp_fullk,1,50000,435.10412326577745,6.890157620501683,,/eagle/lc-mpi/Zhiqing/polaris_ebm/runs_ablation_replay/trajectories/ddp_fullk_K400_seed1_300k,/eagle/lc-mpi/Zhiqing/polaris_ebm/runs_ablation_replay/trajectories/ddp_fullk_K400_seed1_300k/step050000/metrics_compare.json
M2,ddp_fullk_K400_seed1_300k,M2 high_K control,ddp_fullk,1,55000,432.2665600001973,6.965474869247839,,/eagle/lc-mpi/Zhiqing/polaris_ebm/runs_ablation_replay/trajectories/ddp_fullk_K400_seed1_300k,/eagle/lc-mpi/Zhiqing/polaris_ebm/runs_ablation_replay/trajectories/ddp_fullk_K400_seed1_300k/step055000/metrics_compare.json
M2,ddp_fullk_K400_seed1_300k,M2 high_K control,ddp_fullk,1,60000,436.43633350288087,6.845949428726272,,/eagle/lc-mpi/Zhiqing/polaris_ebm/runs_ablation_replay/trajectories/ddp_fullk_K400_seed1_300k,/eagle/lc-mpi/Zhiqing/polaris_ebm/runs_ablation_replay/trajectories/ddp_fullk_K400_seed1_300k/step060000/metrics_compare.json
M2,ddp_fullk_K400_seed1_300k,M2 high_K control,ddp_fullk,1,65000,425.8464248476977,6.777023352124219,,/eagle/lc-mpi/Zhiqing/polaris_ebm/runs_ablation_replay/trajectories/ddp_fullk_K400_seed1_300k,/eagle/lc-mpi/Zhiqing/polaris_ebm/runs_ablation_replay/trajectories/ddp_fullk_K400_seed1_300k/step065000/metrics_compare.json
M2,ddp_fullk_K400_seed1_300k,M2 high_K control,ddp_fullk,1,70000,430.8176756062435,6.743530792184639,,/eagle/lc-mpi/Zhiqing/polaris_ebm/runs_ablation_replay/trajectories/ddp_fullk_K400_seed1_300k,/eagle/lc-mpi/Zhiqing/polaris_ebm/runs_ablation_replay/trajectories/ddp_fullk_K400_seed1_300k/step070000/metrics_compare.json
M2,ddp_fullk_K400_seed1_300k,M2 high_K control,ddp_fullk,1,75000,424.1837190227269,6.673419367471463,,/eagle/lc-mpi/Zhiqing/polaris_ebm/runs_ablation_replay/trajectories/ddp_fullk_K400_seed1_300k,/eagle/lc-mpi/Zhiqing/polaris_ebm/runs_ablation_replay/trajectories/ddp_fullk_K400_seed1_300k/step075000/metrics_compare.json
M2,ddp_fullk_K400_seed1_300k,M2 high_K control,ddp_fullk,1,80000,432.7614891940758,6.732028181448073,,/eagle/lc-mpi/Zhiqing/polaris_ebm/runs_ablation_replay/trajectories/ddp_fullk_K400_seed1_300k,/eagle/lc-mpi/Zhiqing/polaris_ebm/runs_ablation_replay/trajectories/ddp_fullk_K400_seed1_300k/step080000/metrics_compare.json
M2,ddp_fullk_K400_seed1_300k,M2 high_K control,ddp_fullk,1,85000,431.1467776179974,6.719985870651142,,/eagle/lc-mpi/Zhiqing/polaris_ebm/runs_ablation_replay/trajectories/ddp_fullk_K400_seed1_300k,/eagle/lc-mpi/Zhiqing/polaris_ebm/runs_ablation_replay/trajectories/ddp_fullk_K400_seed1_300k/step085000/metrics_compare.json
M2,ddp_fullk_K400_seed1_300k,M2 high_K control,ddp_fullk,1,90000,425.86713677558623,6.64940585828049,,/eagle/lc-mpi/Zhiqing/polaris_ebm/runs_ablation_replay/trajectories/ddp_fullk_K400_seed1_300k,/eagle/lc-mpi/Zhiqing/polaris_ebm/runs_ablation_replay/trajectories/ddp_fullk_K400_seed1_300k/step090000/metrics_compare.json
M2,ddp_fullk_K400_seed1_300k,M2 high_K control,ddp_fullk,1,95000,425.27937261080075,6.521663230009241,,/eagle/lc-mpi/Zhiqing/polaris_ebm/runs_ablation_replay/trajectories/ddp_fullk_K400_seed1_300k,/eagle/lc-mpi/Zhiqing/polaris_ebm/runs_ablation_replay/trajectories/ddp_fullk_K400_seed1_300k/step095000/metrics_compare.json
M2,ddp_fullk_K400_seed1_300k,M2 high_K control,ddp_fullk,1,100000,427.0309729824568,6.569526987261994,,/eagle/lc-mpi/Zhiqing/polaris_ebm/runs_ablation_replay/trajectories/ddp_fullk_K400_seed1_300k,/eagle/lc-mpi/Zhiqing/polaris_ebm/runs_ablation_replay/trajectories/ddp_fullk_K400_seed1_300k/step100000/metrics_compare.json
M2,ddp_fullk_K400_seed1_300k,M2 high_K control,ddp_fullk,1,105000,407.3174108608836,6.472606961911773,,/eagle/lc-mpi/Zhiqing/polaris_ebm/runs_ablation_replay/trajectories/ddp_fullk_K400_seed1_300k,/eagle/lc-mpi/Zhiqing/polaris_ebm/runs_ablation_replay/trajectories/ddp_fullk_K400_seed1_300k/step105000/metrics_compare.json
M2,ddp_fullk_K400_seed1_300k,M2 high_K control,ddp_fullk,1,110000,426.53681557370015,6.548338865862309,,/eagle/lc-mpi/Zhiqing/polaris_ebm/runs_ablation_replay/trajectories/ddp_fullk_K400_seed1_300k,/eagle/lc-mpi/Zhiqing/polaris_ebm/runs_ablation_replay/trajectories/ddp_fullk_K400_seed1_300k/step110000/metrics_compare.json
M2,ddp_fullk_K400_seed1_300k,M2 high_K control,ddp_fullk,1,115000,420.28503538888776,6.485005222379306,,/eagle/lc-mpi/Zhiqing/polaris_ebm/runs_ablation_replay/trajectories/ddp_fullk_K400_seed1_300k,/eagle/lc-mpi/Zhiqing/polaris_ebm/runs_ablation_replay/trajectories/ddp_fullk_K400_seed1_300k/step115000/metrics_compare.json
M2,ddp_fullk_K400_seed1_300k,M2 high_K control,ddp_fullk,1,120000,424.94358107587846,6.592533455769477,,/eagle/lc-mpi/Zhiqing/polaris_ebm/runs_ablation_replay/trajectories/ddp_fullk_K400_seed1_300k,/eagle/lc-mpi/Zhiqing/polaris_ebm/runs_ablation_replay/trajectories/ddp_fullk_K400_seed1_300k/step120000/metrics_compare.json
M2,ddp_fullk_K400_seed1_300k,M2 high_K control,ddp_fullk,1,125000,420.39662657541555,6.600309536256369,,/eagle/lc-mpi/Zhiqing/polaris_ebm/runs_ablation_replay/trajectories/ddp_fullk_K400_seed1_300k,/eagle/lc-mpi/Zhiqing/polaris_ebm/runs_ablation_replay/trajectories/ddp_fullk_K400_seed1_300k/step125000/metrics_compare.json
M2,ddp_fullk_K400_seed1_300k,M2 high_K control,ddp_fullk,1,130000,421.2385611577882,6.545283304008719,,/eagle/lc-mpi/Zhiqing/polaris_ebm/runs_ablation_replay/trajectories/ddp_fullk_K400_seed1_300k,/eagle/lc-mpi/Zhiqing/polaris_ebm/runs_ablation_replay/trajectories/ddp_fullk_K400_seed1_300k/step130000/metrics_compare.json
M2,ddp_fullk_K400_seed1_300k,M2 high_K control,ddp_fullk,1,135000,415.79350859961465,6.435696176155204,,/eagle/lc-mpi/Zhiqing/polaris_ebm/runs_ablation_replay/trajectories/ddp_fullk_K400_seed1_300k,/eagle/lc-mpi/Zhiqing/polaris_ebm/runs_ablation_replay/trajectories/ddp_fullk_K400_seed1_300k/step135000/metrics_compare.json
M2,ddp_fullk_K400_seed1_300k,M2 high_K control,ddp_fullk,1,140000,413.72708805550246,6.468486107510718,,/eagle/lc-mpi/Zhiqing/polaris_ebm/runs_ablation_replay/trajectories/ddp_fullk_K400_seed1_300k,/eagle/lc-mpi/Zhiqing/polaris_ebm/runs_ablation_replay/trajectories/ddp_fullk_K400_seed1_300k/step140000/metrics_compare.json
M2,ddp_fullk_K400_seed1_300k,M2 high_K control,ddp_fullk,1,145000,417.1577836272438,6.377819295167434,,/eagle/lc-mpi/Zhiqing/polaris_ebm/runs_ablation_replay/trajectories/ddp_fullk_K400_seed1_300k,/eagle/lc-mpi/Zhiqing/polaris_ebm/runs_ablation_replay/trajectories/ddp_fullk_K400_seed1_300k/step145000/metrics_compare.json
M2,ddp_fullk_K400_seed1_300k,M2 high_K control,ddp_fullk,1,150000,415.39604088222166,6.484785250159511,,/eagle/lc-mpi/Zhiqing/polaris_ebm/runs_ablation_replay/trajectories/ddp_fullk_K400_seed1_300k,/eagle/lc-mpi/Zhiqing/polaris_ebm/runs_ablation_replay/trajectories/ddp_fullk_K400_seed1_300k/step150000/metrics_compare.json
M2,ddp_fullk_K400_seed1_300k,M2 high_K control,ddp_fullk,1,155000,422.4917243442659,6.4594154073783026,,/eagle/lc-mpi/Zhiqing/polaris_ebm/runs_ablation_replay/trajectories/ddp_fullk_K400_seed1_300k,/eagle/lc-mpi/Zhiqing/polaris_ebm/runs_ablation_replay/trajectories/ddp_fullk_K400_seed1_300k/step155000/metrics_compare.json
M2,ddp_fullk_K400_seed1_300k,M2 high_K control,ddp_fullk,1,160000,418.6230181446493,6.55332406047318,,/eagle/lc-mpi/Zhiqing/polaris_ebm/runs_ablation_replay/trajectories/ddp_fullk_K400_seed1_300k,/eagle/lc-mpi/Zhiqing/polaris_ebm/runs_ablation_replay/trajectories/ddp_fullk_K400_seed1_300k/step160000/metrics_compare.json
M2,ddp_fullk_K400_seed1_300k,M2 high_K control,ddp_fullk,1,165000,415.44357946126377,6.478180144188005,,/eagle/lc-mpi/Zhiqing/polaris_ebm/runs_ablation_replay/trajectories/ddp_fullk_K400_seed1_300k,/eagle/lc-mpi/Zhiqing/polaris_ebm/runs_ablation_replay/trajectories/ddp_fullk_K400_seed1_300k/step165000/metrics_compare.json
M2,ddp_fullk_K400_seed1_300k,M2 high_K control,ddp_fullk,1,170000,416.8894296478209,6.516401703557124,,/eagle/lc-mpi/Zhiqing/polaris_ebm/runs_ablation_replay/trajectories/ddp_fullk_K400_seed1_300k,/eagle/lc-mpi/Zhiqing/polaris_ebm/runs_ablation_replay/trajectories/ddp_fullk_K400_seed1_300k/step170000/metrics_compare.json
M2,ddp_fullk_K400_seed1_300k,M2 high_K control,ddp_fullk,1,175000,428.4790184173359,6.639118393607052,,/eagle/lc-mpi/Zhiqing/polaris_ebm/runs_ablation_replay/trajectories/ddp_fullk_K400_seed1_300k,/eagle/lc-mpi/Zhiqing/polaris_ebm/runs_ablation_replay/trajectories/ddp_fullk_K400_seed1_300k/step175000/metrics_compare.json
M2,ddp_fullk_K400_seed1_300k,M2 high_K control,ddp_fullk,1,180000,421.8329726869383,6.58781851055304,,/eagle/lc-mpi/Zhiqing/polaris_ebm/runs_ablation_replay/trajectories/ddp_fullk_K400_seed1_300k,/eagle/lc-mpi/Zhiqing/polaris_ebm/runs_ablation_replay/trajectories/ddp_fullk_K400_seed1_300k/step180000/metrics_compare.json
M2,ddp_fullk_K400_seed1_300k,M2 high_K control,ddp_fullk,1,185000,423.9921624795588,6.643178819413752,,/eagle/lc-mpi/Zhiqing/polaris_ebm/runs_ablation_replay/trajectories/ddp_fullk_K400_seed1_300k,/eagle/lc-mpi/Zhiqing/polaris_ebm/runs_ablation_replay/trajectories/ddp_fullk_K400_seed1_300k/step185000/metrics_compare.json
M2,ddp_fullk_K400_seed1_300k,M2 high_K control,ddp_fullk,1,190000,423.1290507073732,6.594955502416723,,/eagle/lc-mpi/Zhiqing/polaris_ebm/runs_ablation_replay/trajectories/ddp_fullk_K400_seed1_300k,/eagle/lc-mpi/Zhiqing/polaris_ebm/runs_ablation_replay/trajectories/ddp_fullk_K400_seed1_300k/step190000/metrics_compare.json
M2,ddp_fullk_K400_seed1_300k,M2 high_K control,ddp_fullk,1,195000,430.1886522392673,6.626906599152321,,/eagle/lc-mpi/Zhiqing/polaris_ebm/runs_ablation_replay/trajectories/ddp_fullk_K400_seed1_300k,/eagle/lc-mpi/Zhiqing/polaris_ebm/runs_ablation_replay/trajectories/ddp_fullk_K400_seed1_300k/step195000/metrics_compare.json
M2,ddp_fullk_K400_seed1_300k,M2 high_K control,ddp_fullk,1,200000,431.2656009462201,6.6868401015780625,,/eagle/lc-mpi/Zhiqing/polaris_ebm/runs_ablation_replay/trajectories/ddp_fullk_K400_seed1_300k,/eagle/lc-mpi/Zhiqing/polaris_ebm/runs_ablation_replay/trajectories/ddp_fullk_K400_seed1_300k/step200000/metrics_compare.json
M2,ddp_fullk_K400_seed1_300k,M2 high_K control,ddp_fullk,1,205000,428.3131891970902,6.571783617871779,,/eagle/lc-mpi/Zhiqing/polaris_ebm/runs_ablation_replay/trajectories/ddp_fullk_K400_seed1_300k,/eagle/lc-mpi/Zhiqing/polaris_ebm/runs_ablation_replay/trajectories/ddp_fullk_K400_seed1_300k/step205000/metrics_compare.json
M2,ddp_fullk_K400_seed1_300k,M2 high_K control,ddp_fullk,1,210000,428.7589620649443,6.734437121020331,,/eagle/lc-mpi/Zhiqing/polaris_ebm/runs_ablation_replay/trajectories/ddp_fullk_K400_seed1_300k,/eagle/lc-mpi/Zhiqing/polaris_ebm/runs_ablation_replay/trajectories/ddp_fullk_K400_seed1_300k/step210000/metrics_compare.json
M2,ddp_fullk_K400_seed1_300k,M2 high_K control,ddp_fullk,1,215000,436.23619479719656,6.719312313545558,,/eagle/lc-mpi/Zhiqing/polaris_ebm/runs_ablation_replay/trajectories/ddp_fullk_K400_seed1_300k,/eagle/lc-mpi/Zhiqing/polaris_ebm/runs_ablation_replay/trajectories/ddp_fullk_K400_seed1_300k/step215000/metrics_compare.json
M2,ddp_fullk_K400_seed1_300k,M2 high_K control,ddp_fullk,1,220000,432.03894463828726,6.683476349469934,,/eagle/lc-mpi/Zhiqing/polaris_ebm/runs_ablation_replay/trajectories/ddp_fullk_K400_seed1_300k,/eagle/lc-mpi/Zhiqing/polaris_ebm/runs_ablation_replay/trajectories/ddp_fullk_K400_seed1_300k/step220000/metrics_compare.json
M2,ddp_fullk_K400_seed1_300k,M2 high_K control,ddp_fullk,1,225000,425.55800100519645,6.683423006497623,,/eagle/lc-mpi/Zhiqing/polaris_ebm/runs_ablation_replay/trajectories/ddp_fullk_K400_seed1_300k,/eagle/lc-mpi/Zhiqing/polaris_ebm/runs_ablation_replay/trajectories/ddp_fullk_K400_seed1_300k/step225000/metrics_compare.json
M2,ddp_fullk_K400_seed1_300k,M2 high_K control,ddp_fullk,1,230000,434.84601560432975,6.752547511426725,,/eagle/lc-mpi/Zhiqing/polaris_ebm/runs_ablation_replay/trajectories/ddp_fullk_K400_seed1_300k,/eagle/lc-mpi/Zhiqing/polaris_ebm/runs_ablation_replay/trajectories/ddp_fullk_K400_seed1_300k/step230000/metrics_compare.json
M2,ddp_fullk_K400_seed1_300k,M2 high_K control,ddp_fullk,1,235000,428.6924784535333,6.746236906477396,,/eagle/lc-mpi/Zhiqing/polaris_ebm/runs_ablation_replay/trajectories/ddp_fullk_K400_seed1_300k,/eagle/lc-mpi/Zhiqing/polaris_ebm/runs_ablation_replay/trajectories/ddp_fullk_K400_seed1_300k/step235000/metrics_compare.json
M2,ddp_fullk_K400_seed1_300k,M2 high_K control,ddp_fullk,1,240000,433.99460293782386,6.725893360267445,,/eagle/lc-mpi/Zhiqing/polaris_ebm/runs_ablation_replay/trajectories/ddp_fullk_K400_seed1_300k,/eagle/lc-mpi/Zhiqing/polaris_ebm/runs_ablation_replay/trajectories/ddp_fullk_K400_seed1_300k/step240000/metrics_compare.json
M2,ddp_fullk_K400_seed1_300k,M2 high_K control,ddp_fullk,1,245000,426.61853767108823,6.774935655396602,,/eagle/lc-mpi/Zhiqing/polaris_ebm/runs_ablation_replay/trajectories/ddp_fullk_K400_seed1_300k,/eagle/lc-mpi/Zhiqing/polaris_ebm/runs_ablation_replay/trajectories/ddp_fullk_K400_seed1_300k/step245000/metrics_compare.json
M2,ddp_fullk_K400_seed1_300k,M2 high_K control,ddp_fullk,1,250000,432.6892203083944,6.7275308673107865,,/eagle/lc-mpi/Zhiqing/polaris_ebm/runs_ablation_replay/trajectories/ddp_fullk_K400_seed1_300k,/eagle/lc-mpi/Zhiqing/polaris_ebm/runs_ablation_replay/trajectories/ddp_fullk_K400_seed1_300k/step250000/metrics_compare.json
M2,ddp_fullk_K400_seed1_300k,M2 high_K control,ddp_fullk,1,255000,438.44762343689075,6.840237355207447,,/eagle/lc-mpi/Zhiqing/polaris_ebm/runs_ablation_replay/trajectories/ddp_fullk_K400_seed1_300k,/eagle/lc-mpi/Zhiqing/polaris_ebm/runs_ablation_replay/trajectories/ddp_fullk_K400_seed1_300k/step255000/metrics_compare.json
M2,ddp_fullk_K400_seed1_300k,M2 high_K control,ddp_fullk,1,260000,434.88504268998264,6.805711916478277,,/eagle/lc-mpi/Zhiqing/polaris_ebm/runs_ablation_replay/trajectories/ddp_fullk_K400_seed1_300k,/eagle/lc-mpi/Zhiqing/polaris_ebm/runs_ablation_replay/trajectories/ddp_fullk_K400_seed1_300k/step260000/metrics_compare.json
M2,ddp_fullk_K400_seed1_300k,M2 high_K control,ddp_fullk,1,265000,436.9855250884714,6.825297455397574,,/eagle/lc-mpi/Zhiqing/polaris_ebm/runs_ablation_replay/trajectories/ddp_fullk_K400_seed1_300k,/eagle/lc-mpi/Zhiqing/polaris_ebm/runs_ablation_replay/trajectories/ddp_fullk_K400_seed1_300k/step265000/metrics_compare.json
M2,ddp_fullk_K400_seed1_300k,M2 high_K control,ddp_fullk,1,270000,439.4138186812553,6.8673776083757625,,/eagle/lc-mpi/Zhiqing/polaris_ebm/runs_ablation_replay/trajectories/ddp_fullk_K400_seed1_300k,/eagle/lc-mpi/Zhiqing/polaris_ebm/runs_ablation_replay/trajectories/ddp_fullk_K400_seed1_300k/step270000/metrics_compare.json
M2,ddp_fullk_K400_seed1_300k,M2 high_K control,ddp_fullk,1,275000,426.819721091682,6.830861507154996,,/eagle/lc-mpi/Zhiqing/polaris_ebm/runs_ablation_replay/trajectories/ddp_fullk_K400_seed1_300k,/eagle/lc-mpi/Zhiqing/polaris_ebm/runs_ablation_replay/trajectories/ddp_fullk_K400_seed1_300k/step275000/metrics_compare.json
M2,ddp_fullk_K400_seed1_300k,M2 high_K control,ddp_fullk,1,280000,435.51152671351474,6.828181762672417,,/eagle/lc-mpi/Zhiqing/polaris_ebm/runs_ablation_replay/trajectories/ddp_fullk_K400_seed1_300k,/eagle/lc-mpi/Zhiqing/polaris_ebm/runs_ablation_replay/trajectories/ddp_fullk_K400_seed1_300k/step280000/metrics_compare.json
M2,ddp_fullk_K400_seed1_300k,M2 high_K control,ddp_fullk,1,285000,437.4607193163746,6.900863616335555,,/eagle/lc-mpi/Zhiqing/polaris_ebm/runs_ablation_replay/trajectories/ddp_fullk_K400_seed1_300k,/eagle/lc-mpi/Zhiqing/polaris_ebm/runs_ablation_replay/trajectories/ddp_fullk_K400_seed1_300k/step285000/metrics_compare.json
M2,ddp_fullk_K400_seed1_300k,M2 high_K control,ddp_fullk,1,290000,433.5382232210509,6.884330670519122,,/eagle/lc-mpi/Zhiqing/polaris_ebm/runs_ablation_replay/trajectories/ddp_fullk_K400_seed1_300k,/eagle/lc-mpi/Zhiqing/polaris_ebm/runs_ablation_replay/trajectories/ddp_fullk_K400_seed1_300k/step290000/metrics_compare.json
M2,ddp_fullk_K400_seed1_300k,M2 high_K control,ddp_fullk,1,295000,429.34837246391714,6.828560576375705,,/eagle/lc-mpi/Zhiqing/polaris_ebm/runs_ablation_replay/trajectories/ddp_fullk_K400_seed1_300k,/eagle/lc-mpi/Zhiqing/polaris_ebm/runs_ablation_replay/trajectories/ddp_fullk_K400_seed1_300k/step295000/metrics_compare.json
M2,ddp_fullk_K400_seed1_300k,M2 high_K control,ddp_fullk,1,300000,436.2440611098582,6.912243686432224,,/eagle/lc-mpi/Zhiqing/polaris_ebm/runs_ablation_replay/trajectories/ddp_fullk_K400_seed1_300k,/eagle/lc-mpi/Zhiqing/polaris_ebm/runs_ablation_replay/trajectories/ddp_fullk_K400_seed1_300k/step300000/metrics_compare.json
S2,pipe_strict_P2_K100_beta001_lr1e4_seed1_300k,S2 stage_count factor,pipe_strict,1,5000,176.1014655313733,1.6477107844160415,,/eagle/lc-mpi/Zhiqing/polaris_ebm/runs_ablation_replay/trajectories/pipe_strict_P2_K100_beta001_lr1e4_seed1_300k,/eagle/lc-mpi/Zhiqing/polaris_ebm/runs_ablation_replay/trajectories/pipe_strict_P2_K100_beta001_lr1e4_seed1_300k/step005000/metrics_compare.json
S2,pipe_strict_P2_K100_beta001_lr1e4_seed1_300k,S2 stage_count factor,pipe_strict,1,10000,119.81400756138504,1.762427246595994,,/eagle/lc-mpi/Zhiqing/polaris_ebm/runs_ablation_replay/trajectories/pipe_strict_P2_K100_beta001_lr1e4_seed1_300k,/eagle/lc-mpi/Zhiqing/polaris_ebm/runs_ablation_replay/trajectories/pipe_strict_P2_K100_beta001_lr1e4_seed1_300k/step010000/metrics_compare.json
S2,pipe_strict_P2_K100_beta001_lr1e4_seed1_300k,S2 stage_count factor,pipe_strict,1,15000,102.90325355972243,1.148299546545715,,/eagle/lc-mpi/Zhiqing/polaris_ebm/runs_ablation_replay/trajectories/pipe_strict_P2_K100_beta001_lr1e4_seed1_300k,/eagle/lc-mpi/Zhiqing/polaris_ebm/runs_ablation_replay/trajectories/pipe_strict_P2_K100_beta001_lr1e4_seed1_300k/step015000/metrics_compare.json
S2,pipe_strict_P2_K100_beta001_lr1e4_seed1_300k,S2 stage_count factor,pipe_strict,1,20000,107.46647222508966,2.1691720864383974,,/eagle/lc-mpi/Zhiqing/polaris_ebm/runs_ablation_replay/trajectories/pipe_strict_P2_K100_beta001_lr1e4_seed1_300k,/eagle/lc-mpi/Zhiqing/polaris_ebm/runs_ablation_replay/trajectories/pipe_strict_P2_K100_beta001_lr1e4_seed1_300k/step020000/metrics_compare.json
S2,pipe_strict_P2_K100_beta001_lr1e4_seed1_300k,S2 stage_count factor,pipe_strict,1,25000,112.05371510605903,1.3161332649671031,,/eagle/lc-mpi/Zhiqing/polaris_ebm/runs_ablation_replay/trajectories/pipe_strict_P2_K100_beta001_lr1e4_seed1_300k,/eagle/lc-mpi/Zhiqing/polaris_ebm/runs_ablation_replay/trajectories/pipe_strict_P2_K100_beta001_lr1e4_seed1_300k/step025000/metrics_compare.json
S2,pipe_strict_P2_K100_beta001_lr1e4_seed1_300k,S2 stage_count factor,pipe_strict,1,30000,93.82478528532056,1.193175326479711,,/eagle/lc-mpi/Zhiqing/polaris_ebm/runs_ablation_replay/trajectories/pipe_strict_P2_K100_beta001_lr1e4_seed1_300k,/eagle/lc-mpi/Zhiqing/polaris_ebm/runs_ablation_replay/trajectories/pipe_strict_P2_K100_beta001_lr1e4_seed1_300k/step030000/metrics_compare.json
S2,pipe_strict_P2_K100_beta001_lr1e4_seed1_300k,S2 stage_count factor,pipe_strict,1,35000,102.60730732505573,1.0431843569013317,,/eagle/lc-mpi/Zhiqing/polaris_ebm/runs_ablation_replay/trajectories/pipe_strict_P2_K100_beta001_lr1e4_seed1_300k,/eagle/lc-mpi/Zhiqing/polaris_ebm/runs_ablation_replay/trajectories/pipe_strict_P2_K100_beta001_lr1e4_seed1_300k/step035000/metrics_compare.json
S2,pipe_strict_P2_K100_beta001_lr1e4_seed1_300k,S2 stage_count factor,pipe_strict,1,40000,109.2299487009152,1.7719006393632881,,/eagle/lc-mpi/Zhiqing/polaris_ebm/runs_ablation_replay/trajectories/pipe_strict_P2_K100_beta001_lr1e4_seed1_300k,/eagle/lc-mpi/Zhiqing/polaris_ebm/runs_ablation_replay/trajectories/pipe_strict_P2_K100_beta001_lr1e4_seed1_300k/step040000/metrics_compare.json
S2,pipe_strict_P2_K100_beta001_lr1e4_seed1_300k,S2 stage_count factor,pipe_strict,1,45000,122.71682022076595,1.145663359095785,,/eagle/lc-mpi/Zhiqing/polaris_ebm/runs_ablation_replay/trajectories/pipe_strict_P2_K100_beta001_lr1e4_seed1_300k,/eagle/lc-mpi/Zhiqing/polaris_ebm/runs_ablation_replay/trajectories/pipe_strict_P2_K100_beta001_lr1e4_seed1_300k/step045000/metrics_compare.json
S2,pipe_strict_P2_K100_beta001_lr1e4_seed1_300k,S2 stage_count factor,pipe_strict,1,50000,76.54921314685288,0.8869993048848883,,/eagle/lc-mpi/Zhiqing/polaris_ebm/runs_ablation_replay/trajectories/pipe_strict_P2_K100_beta001_lr1e4_seed1_300k,/eagle/lc-mpi/Zhiqing/polaris_ebm/runs_ablation_replay/trajectories/pipe_strict_P2_K100_beta001_lr1e4_seed1_300k/step050000/metrics_compare.json
S2,pipe_strict_P2_K100_beta001_lr1e4_seed1_300k,S2 stage_count factor,pipe_strict,1,55000,88.21111078094475,2.7103712142380196,,/eagle/lc-mpi/Zhiqing/polaris_ebm/runs_ablation_replay/trajectories/pipe_strict_P2_K100_beta001_lr1e4_seed1_300k,/eagle/lc-mpi/Zhiqing/polaris_ebm/runs_ablation_replay/trajectories/pipe_strict_P2_K100_beta001_lr1e4_seed1_300k/step055000/metrics_compare.json
S2,pipe_strict_P2_K100_beta001_lr1e4_seed1_300k,S2 stage_count factor,pipe_strict,1,60000,80.9220400685266,0.8298136000965464,,/eagle/lc-mpi/Zhiqing/polaris_ebm/runs_ablation_replay/trajectories/pipe_strict_P2_K100_beta001_lr1e4_seed1_300k,/eagle/lc-mpi/Zhiqing/polaris_ebm/runs_ablation_replay/trajectories/pipe_strict_P2_K100_beta001_lr1e4_seed1_300k/step060000/metrics_compare.json
S2,pipe_strict_P2_K100_beta001_lr1e4_seed1_300k,S2 stage_count factor,pipe_strict,1,65000,74.48353029602157,1.0994746746682438,,/eagle/lc-mpi/Zhiqing/polaris_ebm/runs_ablation_replay/trajectories/pipe_strict_P2_K100_beta001_lr1e4_seed1_300k,/eagle/lc-mpi/Zhiqing/polaris_ebm/runs_ablation_replay/trajectories/pipe_strict_P2_K100_beta001_lr1e4_seed1_300k/step065000/metrics_compare.json
S2,pipe_strict_P2_K100_beta001_lr1e4_seed1_300k,S2 stage_count factor,pipe_strict,1,70000,79.33450857061638,1.3302285257121191,,/eagle/lc-mpi/Zhiqing/polaris_ebm/runs_ablation_replay/trajectories/pipe_strict_P2_K100_beta001_lr1e4_seed1_300k,/eagle/lc-mpi/Zhiqing/polaris_ebm/runs_ablation_replay/trajectories/pipe_strict_P2_K100_beta001_lr1e4_seed1_300k/step070000/metrics_compare.json
S2,pipe_strict_P2_K100_beta001_lr1e4_seed1_300k,S2 stage_count factor,pipe_strict,1,75000,66.53685202587894,0.47497660118868623,,/eagle/lc-mpi/Zhiqing/polaris_ebm/runs_ablation_replay/trajectories/pipe_strict_P2_K100_beta001_lr1e4_seed1_300k,/eagle/lc-mpi/Zhiqing/polaris_ebm/runs_ablation_replay/trajectories/pipe_strict_P2_K100_beta001_lr1e4_seed1_300k/step075000/metrics_compare.json
S2,pipe_strict_P2_K100_beta001_lr1e4_seed1_300k,S2 stage_count factor,pipe_strict,1,80000,90.22046026074571,0.6101011585644489,,/eagle/lc-mpi/Zhiqing/polaris_ebm/runs_ablation_replay/trajectories/pipe_strict_P2_K100_beta001_lr1e4_seed1_300k,/eagle/lc-mpi/Zhiqing/polaris_ebm/runs_ablation_replay/trajectories/pipe_strict_P2_K100_beta001_lr1e4_seed1_300k/step080000/metrics_compare.json
S2,pipe_strict_P2_K100_beta001_lr1e4_seed1_300k,S2 stage_count factor,pipe_strict,1,85000,66.45040505520427,2.059515356795302,,/eagle/lc-mpi/Zhiqing/polaris_ebm/runs_ablation_replay/trajectories/pipe_strict_P2_K100_beta001_lr1e4_seed1_300k,/eagle/lc-mpi/Zhiqing/polaris_ebm/runs_ablation_replay/trajectories/pipe_strict_P2_K100_beta001_lr1e4_seed1_300k/step085000/metrics_compare.json
S2,pipe_strict_P2_K100_beta001_lr1e4_seed1_300k,S2 stage_count factor,pipe_strict,1,90000,62.82215773711863,1.0994471591372346,,/eagle/lc-mpi/Zhiqing/polaris_ebm/runs_ablation_replay/trajectories/pipe_strict_P2_K100_beta001_lr1e4_seed1_300k,/eagle/lc-mpi/Zhiqing/polaris_ebm/runs_ablation_replay/trajectories/pipe_strict_P2_K100_beta001_lr1e4_seed1_300k/step090000/metrics_compare.json
S2,pipe_strict_P2_K100_beta001_lr1e4_seed1_300k,S2 stage_count factor,pipe_strict,1,95000,69.3582595421434,0.7325589235117675,,/eagle/lc-mpi/Zhiqing/polaris_ebm/runs_ablation_replay/trajectories/pipe_strict_P2_K100_beta001_lr1e4_seed1_300k,/eagle/lc-mpi/Zhiqing/polaris_ebm/runs_ablation_replay/trajectories/pipe_strict_P2_K100_beta001_lr1e4_seed1_300k/step095000/metrics_compare.json
S2,pipe_strict_P2_K100_beta001_lr1e4_seed1_300k,S2 stage_count factor,pipe_strict,1,100000,77.57095282071049,2.5034160780734265,,/eagle/lc-mpi/Zhiqing/polaris_ebm/runs_ablation_replay/trajectories/pipe_strict_P2_K100_beta001_lr1e4_seed1_300k,/eagle/lc-mpi/Zhiqing/polaris_ebm/runs_ablation_replay/trajectories/pipe_strict_P2_K100_beta001_lr1e4_seed1_300k/step100000/metrics_compare.json
S2,pipe_strict_P2_K100_beta001_lr1e4_seed1_300k,S2 stage_count factor,pipe_strict,1,105000,80.31599823162747,0.9979785549614881,,/eagle/lc-mpi/Zhiqing/polaris_ebm/runs_ablation_replay/trajectories/pipe_strict_P2_K100_beta001_lr1e4_seed1_300k,/eagle/lc-mpi/Zhiqing/polaris_ebm/runs_ablation_replay/trajectories/pipe_strict_P2_K100_beta001_lr1e4_seed1_300k/step105000/metrics_compare.json
S2,pipe_strict_P2_K100_beta001_lr1e4_seed1_300k,S2 stage_count factor,pipe_strict,1,110000,78.7766116915559,0.87268878874157,,/eagle/lc-mpi/Zhiqing/polaris_ebm/runs_ablation_replay/trajectories/pipe_strict_P2_K100_beta001_lr1e4_seed1_300k,/eagle/lc-mpi/Zhiqing/polaris_ebm/runs_ablation_replay/trajectories/pipe_strict_P2_K100_beta001_lr1e4_seed1_300k/step110000/metrics_compare.json
S2,pipe_strict_P2_K100_beta001_lr1e4_seed1_300k,S2 stage_count factor,pipe_strict,1,115000,67.07446911809211,0.48715855586890555,,/eagle/lc-mpi/Zhiqing/polaris_ebm/runs_ablation_replay/trajectories/pipe_strict_P2_K100_beta001_lr1e4_seed1_300k,/eagle/lc-mpi/Zhiqing/polaris_ebm/runs_ablation_replay/trajectories/pipe_strict_P2_K100_beta001_lr1e4_seed1_300k/step115000/metrics_compare.json
S2,pipe_strict_P2_K100_beta001_lr1e4_seed1_300k,S2 stage_count factor,pipe_strict,1,120000,72.22517753490229,0.9439249963290273,,/eagle/lc-mpi/Zhiqing/polaris_ebm/runs_ablation_replay/trajectories/pipe_strict_P2_K100_beta001_lr1e4_seed1_300k,/eagle/lc-mpi/Zhiqing/polaris_ebm/runs_ablation_replay/trajectories/pipe_strict_P2_K100_beta001_lr1e4_seed1_300k/step120000/metrics_compare.json
S2,pipe_strict_P2_K100_beta001_lr1e4_seed1_300k,S2 stage_count factor,pipe_strict,1,125000,74.14171488795671,2.144623824407226,,/eagle/lc-mpi/Zhiqing/polaris_ebm/runs_ablation_replay/trajectories/pipe_strict_P2_K100_beta001_lr1e4_seed1_300k,/eagle/lc-mpi/Zhiqing/polaris_ebm/runs_ablation_replay/trajectories/pipe_strict_P2_K100_beta001_lr1e4_seed1_300k/step125000/metrics_compare.json
S2,pipe_strict_P2_K100_beta001_lr1e4_seed1_300k,S2 stage_count factor,pipe_strict,1,130000,86.4962332780882,1.84149450177377,,/eagle/lc-mpi/Zhiqing/polaris_ebm/runs_ablation_replay/trajectories/pipe_strict_P2_K100_beta001_lr1e4_seed1_300k,/eagle/lc-mpi/Zhiqing/polaris_ebm/runs_ablation_replay/trajectories/pipe_strict_P2_K100_beta001_lr1e4_seed1_300k/step130000/metrics_compare.json
S2,pipe_strict_P2_K100_beta001_lr1e4_seed1_300k,S2 stage_count factor,pipe_strict,1,135000,78.27225984772627,0.4496629277568438,,/eagle/lc-mpi/Zhiqing/polaris_ebm/runs_ablation_replay/trajectories/pipe_strict_P2_K100_beta001_lr1e4_seed1_300k,/eagle/lc-mpi/Zhiqing/polaris_ebm/runs_ablation_replay/trajectories/pipe_strict_P2_K100_beta001_lr1e4_seed1_300k/step135000/metrics_compare.json
S2,pipe_strict_P2_K100_beta001_lr1e4_seed1_300k,S2 stage_count factor,pipe_strict,1,140000,82.96864206154947,3.7453627096546285,,/eagle/lc-mpi/Zhiqing/polaris_ebm/runs_ablation_replay/trajectories/pipe_strict_P2_K100_beta001_lr1e4_seed1_300k,/eagle/lc-mpi/Zhiqing/polaris_ebm/runs_ablation_replay/trajectories/pipe_strict_P2_K100_beta001_lr1e4_seed1_300k/step140000/metrics_compare.json
S2,pipe_strict_P2_K100_beta001_lr1e4_seed1_300k,S2 stage_count factor,pipe_strict,1,145000,74.580473894752,0.5941843489874259,,/eagle/lc-mpi/Zhiqing/polaris_ebm/runs_ablation_replay/trajectories/pipe_strict_P2_K100_beta001_lr1e4_seed1_300k,/eagle/lc-mpi/Zhiqing/polaris_ebm/runs_ablation_replay/trajectories/pipe_strict_P2_K100_beta001_lr1e4_seed1_300k/step145000/metrics_compare.json
S2,pipe_strict_P2_K100_beta001_lr1e4_seed1_300k,S2 stage_count factor,pipe_strict,1,150000,96.56274948565971,2.4464424692603757,,/eagle/lc-mpi/Zhiqing/polaris_ebm/runs_ablation_replay/trajectories/pipe_strict_P2_K100_beta001_lr1e4_seed1_300k,/eagle/lc-mpi/Zhiqing/polaris_ebm/runs_ablation_replay/trajectories/pipe_strict_P2_K100_beta001_lr1e4_seed1_300k/step150000/metrics_compare.json
S2,pipe_strict_P2_K100_beta001_lr1e4_seed1_300k,S2 stage_count factor,pipe_strict,1,155000,71.00158155947577,0.37087990296501516,,/eagle/lc-mpi/Zhiqing/polaris_ebm/runs_ablation_replay/trajectories/pipe_strict_P2_K100_beta001_lr1e4_seed1_300k,/eagle/lc-mpi/Zhiqing/polaris_ebm/runs_ablation_replay/trajectories/pipe_strict_P2_K100_beta001_lr1e4_seed1_300k/step155000/metrics_compare.json
S2,pipe_strict_P2_K100_beta001_lr1e4_seed1_300k,S2 stage_count factor,pipe_strict,1,160000,73.68693228744286,1.321413559246725,,/eagle/lc-mpi/Zhiqing/polaris_ebm/runs_ablation_replay/trajectories/pipe_strict_P2_K100_beta001_lr1e4_seed1_300k,/eagle/lc-mpi/Zhiqing/polaris_ebm/runs_ablation_replay/trajectories/pipe_strict_P2_K100_beta001_lr1e4_seed1_300k/step160000/metrics_compare.json
S2,pipe_strict_P2_K100_beta001_lr1e4_seed1_300k,S2 stage_count factor,pipe_strict,1,165000,85.48710945482998,1.34674998705,,/eagle/lc-mpi/Zhiqing/polaris_ebm/runs_ablation_replay/trajectories/pipe_strict_P2_K100_beta001_lr1e4_seed1_300k,/eagle/lc-mpi/Zhiqing/polaris_ebm/runs_ablation_replay/trajectories/pipe_strict_P2_K100_beta001_lr1e4_seed1_300k/step165000/metrics_compare.json
S2,pipe_strict_P2_K100_beta001_lr1e4_seed1_300k,S2 stage_count factor,pipe_strict,1,170000,98.17331481417455,2.2692992223201003,,/eagle/lc-mpi/Zhiqing/polaris_ebm/runs_ablation_replay/trajectories/pipe_strict_P2_K100_beta001_lr1e4_seed1_300k,/eagle/lc-mpi/Zhiqing/polaris_ebm/runs_ablation_replay/trajectories/pipe_strict_P2_K100_beta001_lr1e4_seed1_300k/step170000/metrics_compare.json
S2,pipe_strict_P2_K100_beta001_lr1e4_seed1_300k,S2 stage_count factor,pipe_strict,1,175000,69.65153107561093,0.6031962869253498,,/eagle/lc-mpi/Zhiqing/polaris_ebm/runs_ablation_replay/trajectories/pipe_strict_P2_K100_beta001_lr1e4_seed1_300k,/eagle/lc-mpi/Zhiqing/polaris_ebm/runs_ablation_replay/trajectories/pipe_strict_P2_K100_beta001_lr1e4_seed1_300k/step175000/metrics_compare.json
S2,pipe_strict_P2_K100_beta001_lr1e4_seed1_300k,S2 stage_count factor,pipe_strict,1,180000,74.62379731021338,1.0435613820682974,,/eagle/lc-mpi/Zhiqing/polaris_ebm/runs_ablation_replay/trajectories/pipe_strict_P2_K100_beta001_lr1e4_seed1_300k,/eagle/lc-mpi/Zhiqing/polaris_ebm/runs_ablation_replay/trajectories/pipe_strict_P2_K100_beta001_lr1e4_seed1_300k/step180000/metrics_compare.json
S2,pipe_strict_P2_K100_beta001_lr1e4_seed1_300k,S2 stage_count factor,pipe_strict,1,185000,68.91088521519623,1.4026417994904783,,/eagle/lc-mpi/Zhiqing/polaris_ebm/runs_ablation_replay/trajectories/pipe_strict_P2_K100_beta001_lr1e4_seed1_300k,/eagle/lc-mpi/Zhiqing/polaris_ebm/runs_ablation_replay/trajectories/pipe_strict_P2_K100_beta001_lr1e4_seed1_300k/step185000/metrics_compare.json
S2,pipe_strict_P2_K100_beta001_lr1e4_seed1_300k,S2 stage_count factor,pipe_strict,1,190000,66.98978547353488,1.3728172943960004,,/eagle/lc-mpi/Zhiqing/polaris_ebm/runs_ablation_replay/trajectories/pipe_strict_P2_K100_beta001_lr1e4_seed1_300k,/eagle/lc-mpi/Zhiqing/polaris_ebm/runs_ablation_replay/trajectories/pipe_strict_P2_K100_beta001_lr1e4_seed1_300k/step190000/metrics_compare.json
S2,pipe_strict_P2_K100_beta001_lr1e4_seed1_300k,S2 stage_count factor,pipe_strict,1,195000,69.51624929784839,2.1825538038177434,,/eagle/lc-mpi/Zhiqing/polaris_ebm/runs_ablation_replay/trajectories/pipe_strict_P2_K100_beta001_lr1e4_seed1_300k,/eagle/lc-mpi/Zhiqing/polaris_ebm/runs_ablation_replay/trajectories/pipe_strict_P2_K100_beta001_lr1e4_seed1_300k/step195000/metrics_compare.json
S2,pipe_strict_P2_K100_beta001_lr1e4_seed1_300k,S2 stage_count factor,pipe_strict,1,200000,58.558074439221,0.6298796508366316,,/eagle/lc-mpi/Zhiqing/polaris_ebm/runs_ablation_replay/trajectories/pipe_strict_P2_K100_beta001_lr1e4_seed1_300k,/eagle/lc-mpi/Zhiqing/polaris_ebm/runs_ablation_replay/trajectories/pipe_strict_P2_K100_beta001_lr1e4_seed1_300k/step200000/metrics_compare.json
S2,pipe_strict_P2_K100_beta001_lr1e4_seed1_300k,S2 stage_count factor,pipe_strict,1,205000,76.22997485168395,0.5372617094810437,,/eagle/lc-mpi/Zhiqing/polaris_ebm/runs_ablation_replay/trajectories/pipe_strict_P2_K100_beta001_lr1e4_seed1_300k,/eagle/lc-mpi/Zhiqing/polaris_ebm/runs_ablation_replay/trajectories/pipe_strict_P2_K100_beta001_lr1e4_seed1_300k/step205000/metrics_compare.json
S2,pipe_strict_P2_K100_beta001_lr1e4_seed1_300k,S2 stage_count factor,pipe_strict,1,210000,92.40677171053665,2.613151734454714,,/eagle/lc-mpi/Zhiqing/polaris_ebm/runs_ablation_replay/trajectories/pipe_strict_P2_K100_beta001_lr1e4_seed1_300k,/eagle/lc-mpi/Zhiqing/polaris_ebm/runs_ablation_replay/trajectories/pipe_strict_P2_K100_beta001_lr1e4_seed1_300k/step210000/metrics_compare.json
S2,pipe_strict_P2_K100_beta001_lr1e4_seed1_300k,S2 stage_count factor,pipe_strict,1,215000,71.861634254477,0.7422052218158299,,/eagle/lc-mpi/Zhiqing/polaris_ebm/runs_ablation_replay/trajectories/pipe_strict_P2_K100_beta001_lr1e4_seed1_300k,/eagle/lc-mpi/Zhiqing/polaris_ebm/runs_ablation_replay/trajectories/pipe_strict_P2_K100_beta001_lr1e4_seed1_300k/step215000/metrics_compare.json
S2,pipe_strict_P2_K100_beta001_lr1e4_seed1_300k,S2 stage_count factor,pipe_strict,1,220000,84.54674704129991,2.2492873136451266,,/eagle/lc-mpi/Zhiqing/polaris_ebm/runs_ablation_replay/trajectories/pipe_strict_P2_K100_beta001_lr1e4_seed1_300k,/eagle/lc-mpi/Zhiqing/polaris_ebm/runs_ablation_replay/trajectories/pipe_strict_P2_K100_beta001_lr1e4_seed1_300k/step220000/metrics_compare.json
S2,pipe_strict_P2_K100_beta001_lr1e4_seed1_300k,S2 stage_count factor,pipe_strict,1,225000,78.23291128126391,0.5037578921046055,,/eagle/lc-mpi/Zhiqing/polaris_ebm/runs_ablation_replay/trajectories/pipe_strict_P2_K100_beta001_lr1e4_seed1_300k,/eagle/lc-mpi/Zhiqing/polaris_ebm/runs_ablation_replay/trajectories/pipe_strict_P2_K100_beta001_lr1e4_seed1_300k/step225000/metrics_compare.json
S2,pipe_strict_P2_K100_beta001_lr1e4_seed1_300k,S2 stage_count factor,pipe_strict,1,230000,69.05797443924985,0.7347961797768789,,/eagle/lc-mpi/Zhiqing/polaris_ebm/runs_ablation_replay/trajectories/pipe_strict_P2_K100_beta001_lr1e4_seed1_300k,/eagle/lc-mpi/Zhiqing/polaris_ebm/runs_ablation_replay/trajectories/pipe_strict_P2_K100_beta001_lr1e4_seed1_300k/step230000/metrics_compare.json
S2,pipe_strict_P2_K100_beta001_lr1e4_seed1_300k,S2 stage_count factor,pipe_strict,1,235000,64.07166976810856,0.4741613211934421,,/eagle/lc-mpi/Zhiqing/polaris_ebm/runs_ablation_replay/trajectories/pipe_strict_P2_K100_beta001_lr1e4_seed1_300k,/eagle/lc-mpi/Zhiqing/polaris_ebm/runs_ablation_replay/trajectories/pipe_strict_P2_K100_beta001_lr1e4_seed1_300k/step235000/metrics_compare.json
S2,pipe_strict_P2_K100_beta001_lr1e4_seed1_300k,S2 stage_count factor,pipe_strict,1,240000,67.15166218371792,1.5715770174342438,,/eagle/lc-mpi/Zhiqing/polaris_ebm/runs_ablation_replay/trajectories/pipe_strict_P2_K100_beta001_lr1e4_seed1_300k,/eagle/lc-mpi/Zhiqing/polaris_ebm/runs_ablation_replay/trajectories/pipe_strict_P2_K100_beta001_lr1e4_seed1_300k/step240000/metrics_compare.json
S2,pipe_strict_P2_K100_beta001_lr1e4_seed1_300k,S2 stage_count factor,pipe_strict,1,245000,97.56576572736935,1.9462825247846816,,/eagle/lc-mpi/Zhiqing/polaris_ebm/runs_ablation_replay/trajectories/pipe_strict_P2_K100_beta001_lr1e4_seed1_300k,/eagle/lc-mpi/Zhiqing/polaris_ebm/runs_ablation_replay/trajectories/pipe_strict_P2_K100_beta001_lr1e4_seed1_300k/step245000/metrics_compare.json
S2,pipe_strict_P2_K100_beta001_lr1e4_seed1_300k,S2 stage_count factor,pipe_strict,1,250000,69.6704101703375,0.45660668409935923,,/eagle/lc-mpi/Zhiqing/polaris_ebm/runs_ablation_replay/trajectories/pipe_strict_P2_K100_beta001_lr1e4_seed1_300k,/eagle/lc-mpi/Zhiqing/polaris_ebm/runs_ablation_replay/trajectories/pipe_strict_P2_K100_beta001_lr1e4_seed1_300k/step250000/metrics_compare.json
S2,pipe_strict_P2_K100_beta001_lr1e4_seed1_300k,S2 stage_count factor,pipe_strict,1,255000,70.31224569149913,1.3896683770277072,,/eagle/lc-mpi/Zhiqing/polaris_ebm/runs_ablation_replay/trajectories/pipe_strict_P2_K100_beta001_lr1e4_seed1_300k,/eagle/lc-mpi/Zhiqing/polaris_ebm/runs_ablation_replay/trajectories/pipe_strict_P2_K100_beta001_lr1e4_seed1_300k/step255000/metrics_compare.json
S2,pipe_strict_P2_K100_beta001_lr1e4_seed1_300k,S2 stage_count factor,pipe_strict,1,260000,71.1830419210014,0.6548822139048909,,/eagle/lc-mpi/Zhiqing/polaris_ebm/runs_ablation_replay/trajectories/pipe_strict_P2_K100_beta001_lr1e4_seed1_300k,/eagle/lc-mpi/Zhiqing/polaris_ebm/runs_ablation_replay/trajectories/pipe_strict_P2_K100_beta001_lr1e4_seed1_300k/step260000/metrics_compare.json
S2,pipe_strict_P2_K100_beta001_lr1e4_seed1_300k,S2 stage_count factor,pipe_strict,1,265000,64.38329693238978,1.624906296664001,,/eagle/lc-mpi/Zhiqing/polaris_ebm/runs_ablation_replay/trajectories/pipe_strict_P2_K100_beta001_lr1e4_seed1_300k,/eagle/lc-mpi/Zhiqing/polaris_ebm/runs_ablation_replay/trajectories/pipe_strict_P2_K100_beta001_lr1e4_seed1_300k/step265000/metrics_compare.json
S2,pipe_strict_P2_K100_beta001_lr1e4_seed1_300k,S2 stage_count factor,pipe_strict,1,270000,85.6153410609221,1.079809906481291,,/eagle/lc-mpi/Zhiqing/polaris_ebm/runs_ablation_replay/trajectories/pipe_strict_P2_K100_beta001_lr1e4_seed1_300k,/eagle/lc-mpi/Zhiqing/polaris_ebm/runs_ablation_replay/trajectories/pipe_strict_P2_K100_beta001_lr1e4_seed1_300k/step270000/metrics_compare.json
S2,pipe_strict_P2_K100_beta001_lr1e4_seed1_300k,S2 stage_count factor,pipe_strict,1,275000,68.94744888008233,0.6241173484844573,,/eagle/lc-mpi/Zhiqing/polaris_ebm/runs_ablation_replay/trajectories/pipe_strict_P2_K100_beta001_lr1e4_seed1_300k,/eagle/lc-mpi/Zhiqing/polaris_ebm/runs_ablation_replay/trajectories/pipe_strict_P2_K100_beta001_lr1e4_seed1_300k/step275000/metrics_compare.json
S2,pipe_strict_P2_K100_beta001_lr1e4_seed1_300k,S2 stage_count factor,pipe_strict,1,280000,83.65175034716685,0.38886704923491067,,/eagle/lc-mpi/Zhiqing/polaris_ebm/runs_ablation_replay/trajectories/pipe_strict_P2_K100_beta001_lr1e4_seed1_300k,/eagle/lc-mpi/Zhiqing/polaris_ebm/runs_ablation_replay/trajectories/pipe_strict_P2_K100_beta001_lr1e4_seed1_300k/step280000/metrics_compare.json
S2,pipe_strict_P2_K100_beta001_lr1e4_seed1_300k,S2 stage_count factor,pipe_strict,1,285000,87.76257712412485,0.8371771672905997,,/eagle/lc-mpi/Zhiqing/polaris_ebm/runs_ablation_replay/trajectories/pipe_strict_P2_K100_beta001_lr1e4_seed1_300k,/eagle/lc-mpi/Zhiqing/polaris_ebm/runs_ablation_replay/trajectories/pipe_strict_P2_K100_beta001_lr1e4_seed1_300k/step285000/metrics_compare.json
S2,pipe_strict_P2_K100_beta001_lr1e4_seed1_300k,S2 stage_count factor,pipe_strict,1,290000,61.32267743445169,0.5899467868650667,,/eagle/lc-mpi/Zhiqing/polaris_ebm/runs_ablation_replay/trajectories/pipe_strict_P2_K100_beta001_lr1e4_seed1_300k,/eagle/lc-mpi/Zhiqing/polaris_ebm/runs_ablation_replay/trajectories/pipe_strict_P2_K100_beta001_lr1e4_seed1_300k/step290000/metrics_compare.json
S2,pipe_strict_P2_K100_beta001_lr1e4_seed1_300k,S2 stage_count factor,pipe_strict,1,295000,62.751614039657966,0.3453201178856027,,/eagle/lc-mpi/Zhiqing/polaris_ebm/runs_ablation_replay/trajectories/pipe_strict_P2_K100_beta001_lr1e4_seed1_300k,/eagle/lc-mpi/Zhiqing/polaris_ebm/runs_ablation_replay/trajectories/pipe_strict_P2_K100_beta001_lr1e4_seed1_300k/step295000/metrics_compare.json
S2,pipe_strict_P2_K100_beta001_lr1e4_seed1_300k,S2 stage_count factor,pipe_strict,1,300000,83.63261305238615,0.6573669677312672,,/eagle/lc-mpi/Zhiqing/polaris_ebm/runs_ablation_replay/trajectories/pipe_strict_P2_K100_beta001_lr1e4_seed1_300k,/eagle/lc-mpi/Zhiqing/polaris_ebm/runs_ablation_replay/trajectories/pipe_strict_P2_K100_beta001_lr1e4_seed1_300k/step300000/metrics_compare.json
P2A0,pipe_strict_P4_K100_beta001_lr1e4_seed1_300k,Phase2 300k anchors,pipe_strict,1,5000,154.00775820001854,7.307661347232216,,/eagle/lc-mpi/Zhiqing/polaris_ebm/runs_analysis/seed1_fid_trajectory/pipeline_seed1_local,/eagle/lc-mpi/Zhiqing/polaris_ebm/runs_analysis/seed1_fid_trajectory/pipeline_seed1_local/step005000/metrics_compare.json
P2A0,pipe_strict_P4_K100_beta001_lr1e4_seed1_300k,Phase2 300k anchors,pipe_strict,1,10000,144.83348796911903,3.753978453256387,,/eagle/lc-mpi/Zhiqing/polaris_ebm/runs_analysis/seed1_fid_trajectory/pipeline_seed1_local,/eagle/lc-mpi/Zhiqing/polaris_ebm/runs_analysis/seed1_fid_trajectory/pipeline_seed1_local/step010000/metrics_compare.json
P2A0,pipe_strict_P4_K100_beta001_lr1e4_seed1_300k,Phase2 300k anchors,pipe_strict,1,15000,123.8961326931227,3.8486922622413466,,/eagle/lc-mpi/Zhiqing/polaris_ebm/runs_analysis/seed1_fid_trajectory/pipeline_seed1_local,/eagle/lc-mpi/Zhiqing/polaris_ebm/runs_analysis/seed1_fid_trajectory/pipeline_seed1_local/step015000/metrics_compare.json
P2A0,pipe_strict_P4_K100_beta001_lr1e4_seed1_300k,Phase2 300k anchors,pipe_strict,1,20000,128.74555546370527,1.6016532181808536,,/eagle/lc-mpi/Zhiqing/polaris_ebm/runs_analysis/seed1_fid_trajectory/pipeline_seed1_local,/eagle/lc-mpi/Zhiqing/polaris_ebm/runs_analysis/seed1_fid_trajectory/pipeline_seed1_local/step020000/metrics_compare.json
P2A0,pipe_strict_P4_K100_beta001_lr1e4_seed1_300k,Phase2 300k anchors,pipe_strict,1,25000,170.49948930527358,1.4819990444606255,,/eagle/lc-mpi/Zhiqing/polaris_ebm/runs_analysis/seed1_fid_trajectory/pipeline_seed1_local,/eagle/lc-mpi/Zhiqing/polaris_ebm/runs_analysis/seed1_fid_trajectory/pipeline_seed1_local/step025000/metrics_compare.json
P2A0,pipe_strict_P4_K100_beta001_lr1e4_seed1_300k,Phase2 300k anchors,pipe_strict,1,30000,102.89130511784208,1.8090766822992599,,/eagle/lc-mpi/Zhiqing/polaris_ebm/runs_analysis/seed1_fid_trajectory/pipeline_seed1_local,/eagle/lc-mpi/Zhiqing/polaris_ebm/runs_analysis/seed1_fid_trajectory/pipeline_seed1_local/step030000/metrics_compare.json
P2A0,pipe_strict_P4_K100_beta001_lr1e4_seed1_300k,Phase2 300k anchors,pipe_strict,1,35000,120.23197030227647,1.0587452990666577,,/eagle/lc-mpi/Zhiqing/polaris_ebm/runs_analysis/seed1_fid_trajectory/pipeline_seed1_local,/eagle/lc-mpi/Zhiqing/polaris_ebm/runs_analysis/seed1_fid_trajectory/pipeline_seed1_local/step035000/metrics_compare.json
P2A0,pipe_strict_P4_K100_beta001_lr1e4_seed1_300k,Phase2 300k anchors,pipe_strict,1,40000,87.72900016018099,1.0220236714476592,,/eagle/lc-mpi/Zhiqing/polaris_ebm/runs_analysis/seed1_fid_trajectory/pipeline_seed1_local,/eagle/lc-mpi/Zhiqing/polaris_ebm/runs_analysis/seed1_fid_trajectory/pipeline_seed1_local/step040000/metrics_compare.json
P2A0,pipe_strict_P4_K100_beta001_lr1e4_seed1_300k,Phase2 300k anchors,pipe_strict,1,45000,93.65092404812276,2.871334067048803,,/eagle/lc-mpi/Zhiqing/polaris_ebm/runs_analysis/seed1_fid_trajectory/pipeline_seed1_local,/eagle/lc-mpi/Zhiqing/polaris_ebm/runs_analysis/seed1_fid_trajectory/pipeline_seed1_local/step045000/metrics_compare.json
P2A0,pipe_strict_P4_K100_beta001_lr1e4_seed1_300k,Phase2 300k anchors,pipe_strict,1,50000,100.86613395511927,0.8299801514557537,,/eagle/lc-mpi/Zhiqing/polaris_ebm/runs_analysis/seed1_fid_trajectory/pipeline_seed1_local,/eagle/lc-mpi/Zhiqing/polaris_ebm/runs_analysis/seed1_fid_trajectory/pipeline_seed1_local/step050000/metrics_compare.json
P2A0,pipe_strict_P4_K100_beta001_lr1e4_seed1_300k,Phase2 300k anchors,pipe_strict,1,55000,89.5587490257434,2.5876829697352193,,/eagle/lc-mpi/Zhiqing/polaris_ebm/runs_analysis/seed1_fid_trajectory/pipeline_seed1_local,/eagle/lc-mpi/Zhiqing/polaris_ebm/runs_analysis/seed1_fid_trajectory/pipeline_seed1_local/step055000/metrics_compare.json
P2A0,pipe_strict_P4_K100_beta001_lr1e4_seed1_300k,Phase2 300k anchors,pipe_strict,1,60000,87.0558529741877,0.8318387637037858,,/eagle/lc-mpi/Zhiqing/polaris_ebm/runs_analysis/seed1_fid_trajectory/pipeline_seed1_local,/eagle/lc-mpi/Zhiqing/polaris_ebm/runs_analysis/seed1_fid_trajectory/pipeline_seed1_local/step060000/metrics_compare.json
P2A0,pipe_strict_P4_K100_beta001_lr1e4_seed1_300k,Phase2 300k anchors,pipe_strict,1,65000,84.94114039198695,2.684047503226523,,/eagle/lc-mpi/Zhiqing/polaris_ebm/runs_analysis/seed1_fid_trajectory/pipeline_seed1_local,/eagle/lc-mpi/Zhiqing/polaris_ebm/runs_analysis/seed1_fid_trajectory/pipeline_seed1_local/step065000/metrics_compare.json
P2A0,pipe_strict_P4_K100_beta001_lr1e4_seed1_300k,Phase2 300k anchors,pipe_strict,1,70000,91.68283496029517,1.7408896958891944,,/eagle/lc-mpi/Zhiqing/polaris_ebm/runs_analysis/seed1_fid_trajectory/pipeline_seed1_local,/eagle/lc-mpi/Zhiqing/polaris_ebm/runs_analysis/seed1_fid_trajectory/pipeline_seed1_local/step070000/metrics_compare.json
P2A0,pipe_strict_P4_K100_beta001_lr1e4_seed1_300k,Phase2 300k anchors,pipe_strict,1,75000,129.93972284779863,1.2569042531482104,,/eagle/lc-mpi/Zhiqing/polaris_ebm/runs_analysis/seed1_fid_trajectory/pipeline_seed1_local,/eagle/lc-mpi/Zhiqing/polaris_ebm/runs_analysis/seed1_fid_trajectory/pipeline_seed1_local/step075000/metrics_compare.json
P2A0,pipe_strict_P4_K100_beta001_lr1e4_seed1_300k,Phase2 300k anchors,pipe_strict,1,80000,94.37119800179721,1.8988724443008422,,/eagle/lc-mpi/Zhiqing/polaris_ebm/runs_analysis/seed1_fid_trajectory/pipeline_seed1_local,/eagle/lc-mpi/Zhiqing/polaris_ebm/runs_analysis/seed1_fid_trajectory/pipeline_seed1_local/step080000/metrics_compare.json
P2A0,pipe_strict_P4_K100_beta001_lr1e4_seed1_300k,Phase2 300k anchors,pipe_strict,1,85000,122.36496078195569,1.4837432642401218,,/eagle/lc-mpi/Zhiqing/polaris_ebm/runs_analysis/seed1_fid_trajectory/pipeline_seed1_local,/eagle/lc-mpi/Zhiqing/polaris_ebm/runs_analysis/seed1_fid_trajectory/pipeline_seed1_local/step085000/metrics_compare.json
P2A0,pipe_strict_P4_K100_beta001_lr1e4_seed1_300k,Phase2 300k anchors,pipe_strict,1,90000,87.74123023636298,0.7272134726066994,,/eagle/lc-mpi/Zhiqing/polaris_ebm/runs_analysis/seed1_fid_trajectory/pipeline_seed1_local,/eagle/lc-mpi/Zhiqing/polaris_ebm/runs_analysis/seed1_fid_trajectory/pipeline_seed1_local/step090000/metrics_compare.json
P2A0,pipe_strict_P4_K100_beta001_lr1e4_seed1_300k,Phase2 300k anchors,pipe_strict,1,95000,78.01946980645761,5.388429272272198,,/eagle/lc-mpi/Zhiqing/polaris_ebm/runs_analysis/seed1_fid_trajectory/pipeline_seed1_local,/eagle/lc-mpi/Zhiqing/polaris_ebm/runs_analysis/seed1_fid_trajectory/pipeline_seed1_local/step095000/metrics_compare.json
P2A0,pipe_strict_P4_K100_beta001_lr1e4_seed1_300k,Phase2 300k anchors,pipe_strict,1,100000,102.58732965765864,1.0158078728582396,,/eagle/lc-mpi/Zhiqing/polaris_ebm/runs_analysis/seed1_fid_trajectory/pipeline_seed1_local,/eagle/lc-mpi/Zhiqing/polaris_ebm/runs_analysis/seed1_fid_trajectory/pipeline_seed1_local/step100000/metrics_compare.json
P2A0,pipe_strict_P4_K100_beta001_lr1e4_seed1_300k,Phase2 300k anchors,pipe_strict,1,105000,87.29832935998087,1.7766052694333077,,/eagle/lc-mpi/Zhiqing/polaris_ebm/runs_analysis/seed1_fid_trajectory/pipeline_seed1_local,/eagle/lc-mpi/Zhiqing/polaris_ebm/runs_analysis/seed1_fid_trajectory/pipeline_seed1_local/step105000/metrics_compare.json
P2A0,pipe_strict_P4_K100_beta001_lr1e4_seed1_300k,Phase2 300k anchors,pipe_strict,1,110000,87.46050156456721,2.201650030862549,,/eagle/lc-mpi/Zhiqing/polaris_ebm/runs_analysis/seed1_fid_trajectory/pipeline_seed1_local,/eagle/lc-mpi/Zhiqing/polaris_ebm/runs_analysis/seed1_fid_trajectory/pipeline_seed1_local/step110000/metrics_compare.json
P2A0,pipe_strict_P4_K100_beta001_lr1e4_seed1_300k,Phase2 300k anchors,pipe_strict,1,115000,86.1030549600963,0.7738703822020483,,/eagle/lc-mpi/Zhiqing/polaris_ebm/runs_analysis/seed1_fid_trajectory/pipeline_seed1_local,/eagle/lc-mpi/Zhiqing/polaris_ebm/runs_analysis/seed1_fid_trajectory/pipeline_seed1_local/step115000/metrics_compare.json
P2A0,pipe_strict_P4_K100_beta001_lr1e4_seed1_300k,Phase2 300k anchors,pipe_strict,1,120000,88.25680467027502,0.441835313543848,,/eagle/lc-mpi/Zhiqing/polaris_ebm/runs_analysis/seed1_fid_trajectory/pipeline_seed1_local,/eagle/lc-mpi/Zhiqing/polaris_ebm/runs_analysis/seed1_fid_trajectory/pipeline_seed1_local/step120000/metrics_compare.json
P2A0,pipe_strict_P4_K100_beta001_lr1e4_seed1_300k,Phase2 300k anchors,pipe_strict,1,125000,79.75547394789356,1.4106621251051195,,/eagle/lc-mpi/Zhiqing/polaris_ebm/runs_analysis/seed1_fid_trajectory/pipeline_seed1_local,/eagle/lc-mpi/Zhiqing/polaris_ebm/runs_analysis/seed1_fid_trajectory/pipeline_seed1_local/step125000/metrics_compare.json
P2A0,pipe_strict_P4_K100_beta001_lr1e4_seed1_300k,Phase2 300k anchors,pipe_strict,1,130000,82.23491908275616,0.5545022138591662,,/eagle/lc-mpi/Zhiqing/polaris_ebm/runs_analysis/seed1_fid_trajectory/pipeline_seed1_local,/eagle/lc-mpi/Zhiqing/polaris_ebm/runs_analysis/seed1_fid_trajectory/pipeline_seed1_local/step130000/metrics_compare.json
P2A0,pipe_strict_P4_K100_beta001_lr1e4_seed1_300k,Phase2 300k anchors,pipe_strict,1,135000,81.18238044548224,0.6532788354059811,,/eagle/lc-mpi/Zhiqing/polaris_ebm/runs_analysis/seed1_fid_trajectory/pipeline_seed1_local,/eagle/lc-mpi/Zhiqing/polaris_ebm/runs_analysis/seed1_fid_trajectory/pipeline_seed1_local/step135000/metrics_compare.json
P2A0,pipe_strict_P4_K100_beta001_lr1e4_seed1_300k,Phase2 300k anchors,pipe_strict,1,140000,75.75257882859228,1.2593426682360196,,/eagle/lc-mpi/Zhiqing/polaris_ebm/runs_analysis/seed1_fid_trajectory/pipeline_seed1_local,/eagle/lc-mpi/Zhiqing/polaris_ebm/runs_analysis/seed1_fid_trajectory/pipeline_seed1_local/step140000/metrics_compare.json
P2A0,pipe_strict_P4_K100_beta001_lr1e4_seed1_300k,Phase2 300k anchors,pipe_strict,1,145000,69.27539271599613,1.821054639738513,,/eagle/lc-mpi/Zhiqing/polaris_ebm/runs_analysis/seed1_fid_trajectory/pipeline_seed1_local,/eagle/lc-mpi/Zhiqing/polaris_ebm/runs_analysis/seed1_fid_trajectory/pipeline_seed1_local/step145000/metrics_compare.json
P2A0,pipe_strict_P4_K100_beta001_lr1e4_seed1_300k,Phase2 300k anchors,pipe_strict,1,150000,90.29405092876192,1.769371457613449,,/eagle/lc-mpi/Zhiqing/polaris_ebm/runs_analysis/seed1_fid_trajectory/pipeline_seed1_local,/eagle/lc-mpi/Zhiqing/polaris_ebm/runs_analysis/seed1_fid_trajectory/pipeline_seed1_local/step150000/metrics_compare.json
P2A0,pipe_strict_P4_K100_beta001_lr1e4_seed1_300k,Phase2 300k anchors,pipe_strict,1,155000,68.92334662386145,3.8035336400920077,,/eagle/lc-mpi/Zhiqing/polaris_ebm/runs_analysis/seed1_fid_trajectory/pipeline_seed1_local,/eagle/lc-mpi/Zhiqing/polaris_ebm/runs_analysis/seed1_fid_trajectory/pipeline_seed1_local/step155000/metrics_compare.json
P2A0,pipe_strict_P4_K100_beta001_lr1e4_seed1_300k,Phase2 300k anchors,pipe_strict,1,160000,95.53866076461776,5.155503524039975,,/eagle/lc-mpi/Zhiqing/polaris_ebm/runs_analysis/seed1_fid_trajectory/pipeline_seed1_local,/eagle/lc-mpi/Zhiqing/polaris_ebm/runs_analysis/seed1_fid_trajectory/pipeline_seed1_local/step160000/metrics_compare.json
P2A0,pipe_strict_P4_K100_beta001_lr1e4_seed1_300k,Phase2 300k anchors,pipe_strict,1,165000,79.71059139500869,0.58228045287008,,/eagle/lc-mpi/Zhiqing/polaris_ebm/runs_analysis/seed1_fid_trajectory/pipeline_seed1_local,/eagle/lc-mpi/Zhiqing/polaris_ebm/runs_analysis/seed1_fid_trajectory/pipeline_seed1_local/step165000/metrics_compare.json
P2A0,pipe_strict_P4_K100_beta001_lr1e4_seed1_300k,Phase2 300k anchors,pipe_strict,1,170000,79.16280816443378,1.3889506341608602,,/eagle/lc-mpi/Zhiqing/polaris_ebm/runs_analysis/seed1_fid_trajectory/pipeline_seed1_local,/eagle/lc-mpi/Zhiqing/polaris_ebm/runs_analysis/seed1_fid_trajectory/pipeline_seed1_local/step170000/metrics_compare.json
P2A0,pipe_strict_P4_K100_beta001_lr1e4_seed1_300k,Phase2 300k anchors,pipe_strict,1,175000,64.38495818452054,0.8798565383377941,,/eagle/lc-mpi/Zhiqing/polaris_ebm/runs_analysis/seed1_fid_trajectory/pipeline_seed1_local,/eagle/lc-mpi/Zhiqing/polaris_ebm/runs_analysis/seed1_fid_trajectory/pipeline_seed1_local/step175000/metrics_compare.json
P2A0,pipe_strict_P4_K100_beta001_lr1e4_seed1_300k,Phase2 300k anchors,pipe_strict,1,180000,86.05016907140293,0.5176122301227402,,/eagle/lc-mpi/Zhiqing/polaris_ebm/runs_analysis/seed1_fid_trajectory/pipeline_seed1_local,/eagle/lc-mpi/Zhiqing/polaris_ebm/runs_analysis/seed1_fid_trajectory/pipeline_seed1_local/step180000/metrics_compare.json
P2A0,pipe_strict_P4_K100_beta001_lr1e4_seed1_300k,Phase2 300k anchors,pipe_strict,1,185000,89.62908749399111,4.1406310405502165,,/eagle/lc-mpi/Zhiqing/polaris_ebm/runs_analysis/seed1_fid_trajectory/pipeline_seed1_local,/eagle/lc-mpi/Zhiqing/polaris_ebm/runs_analysis/seed1_fid_trajectory/pipeline_seed1_local/step185000/metrics_compare.json
P2A0,pipe_strict_P4_K100_beta001_lr1e4_seed1_300k,Phase2 300k anchors,pipe_strict,1,190000,84.43446576940482,1.069278936813749,,/eagle/lc-mpi/Zhiqing/polaris_ebm/runs_analysis/seed1_fid_trajectory/pipeline_seed1_local,/eagle/lc-mpi/Zhiqing/polaris_ebm/runs_analysis/seed1_fid_trajectory/pipeline_seed1_local/step190000/metrics_compare.json
P2A0,pipe_strict_P4_K100_beta001_lr1e4_seed1_300k,Phase2 300k anchors,pipe_strict,1,195000,68.89678462475985,1.1709936689583635,,/eagle/lc-mpi/Zhiqing/polaris_ebm/runs_analysis/seed1_fid_trajectory/pipeline_seed1_local,/eagle/lc-mpi/Zhiqing/polaris_ebm/runs_analysis/seed1_fid_trajectory/pipeline_seed1_local/step195000/metrics_compare.json
P2A0,pipe_strict_P4_K100_beta001_lr1e4_seed1_300k,Phase2 300k anchors,pipe_strict,1,200000,73.09368657087373,1.3907859835096836,,/eagle/lc-mpi/Zhiqing/polaris_ebm/runs_analysis/seed1_fid_trajectory/pipeline_seed1_local,/eagle/lc-mpi/Zhiqing/polaris_ebm/runs_analysis/seed1_fid_trajectory/pipeline_seed1_local/step200000/metrics_compare.json
P2A0,pipe_strict_P4_K100_beta001_lr1e4_seed1_300k,Phase2 300k anchors,pipe_strict,1,205000,85.30795508159292,2.084039500890359,,/eagle/lc-mpi/Zhiqing/polaris_ebm/runs_analysis/seed1_fid_trajectory/pipeline_seed1_local,/eagle/lc-mpi/Zhiqing/polaris_ebm/runs_analysis/seed1_fid_trajectory/pipeline_seed1_local/step205000/metrics_compare.json
P2A0,pipe_strict_P4_K100_beta001_lr1e4_seed1_300k,Phase2 300k anchors,pipe_strict,1,210000,69.63331898984558,0.65550500483603,,/eagle/lc-mpi/Zhiqing/polaris_ebm/runs_analysis/seed1_fid_trajectory/pipeline_seed1_local,/eagle/lc-mpi/Zhiqing/polaris_ebm/runs_analysis/seed1_fid_trajectory/pipeline_seed1_local/step210000/metrics_compare.json
P2A0,pipe_strict_P4_K100_beta001_lr1e4_seed1_300k,Phase2 300k anchors,pipe_strict,1,215000,68.40942604550958,0.6540776142140743,,/eagle/lc-mpi/Zhiqing/polaris_ebm/runs_analysis/seed1_fid_trajectory/pipeline_seed1_local,/eagle/lc-mpi/Zhiqing/polaris_ebm/runs_analysis/seed1_fid_trajectory/pipeline_seed1_local/step215000/metrics_compare.json
P2A0,pipe_strict_P4_K100_beta001_lr1e4_seed1_300k,Phase2 300k anchors,pipe_strict,1,220000,79.04306752234999,1.9034833214961786,,/eagle/lc-mpi/Zhiqing/polaris_ebm/runs_analysis/seed1_fid_trajectory/pipeline_seed1_local,/eagle/lc-mpi/Zhiqing/polaris_ebm/runs_analysis/seed1_fid_trajectory/pipeline_seed1_local/step220000/metrics_compare.json
P2A0,pipe_strict_P4_K100_beta001_lr1e4_seed1_300k,Phase2 300k anchors,pipe_strict,1,225000,73.39382509992879,1.0371288022021012,,/eagle/lc-mpi/Zhiqing/polaris_ebm/runs_analysis/seed1_fid_trajectory/pipeline_seed1_local,/eagle/lc-mpi/Zhiqing/polaris_ebm/runs_analysis/seed1_fid_trajectory/pipeline_seed1_local/step225000/metrics_compare.json
P2A0,pipe_strict_P4_K100_beta001_lr1e4_seed1_300k,Phase2 300k anchors,pipe_strict,1,230000,65.7277144801418,1.0029264915455265,,/eagle/lc-mpi/Zhiqing/polaris_ebm/runs_analysis/seed1_fid_trajectory/pipeline_seed1_local,/eagle/lc-mpi/Zhiqing/polaris_ebm/runs_analysis/seed1_fid_trajectory/pipeline_seed1_local/step230000/metrics_compare.json
P2A0,pipe_strict_P4_K100_beta001_lr1e4_seed1_300k,Phase2 300k anchors,pipe_strict,1,235000,68.128499483197,3.9830391602433934,,/eagle/lc-mpi/Zhiqing/polaris_ebm/runs_analysis/seed1_fid_trajectory/pipeline_seed1_local,/eagle/lc-mpi/Zhiqing/polaris_ebm/runs_analysis/seed1_fid_trajectory/pipeline_seed1_local/step235000/metrics_compare.json
P2A0,pipe_strict_P4_K100_beta001_lr1e4_seed1_300k,Phase2 300k anchors,pipe_strict,1,240000,67.90569137346546,0.49853889620607816,,/eagle/lc-mpi/Zhiqing/polaris_ebm/runs_analysis/seed1_fid_trajectory/pipeline_seed1_local,/eagle/lc-mpi/Zhiqing/polaris_ebm/runs_analysis/seed1_fid_trajectory/pipeline_seed1_local/step240000/metrics_compare.json
P2A0,pipe_strict_P4_K100_beta001_lr1e4_seed1_300k,Phase2 300k anchors,pipe_strict,1,245000,72.53786487259157,0.9733610737112244,,/eagle/lc-mpi/Zhiqing/polaris_ebm/runs_analysis/seed1_fid_trajectory/pipeline_seed1_local,/eagle/lc-mpi/Zhiqing/polaris_ebm/runs_analysis/seed1_fid_trajectory/pipeline_seed1_local/step245000/metrics_compare.json
P2A0,pipe_strict_P4_K100_beta001_lr1e4_seed1_300k,Phase2 300k anchors,pipe_strict,1,250000,65.01686888298497,1.01365048061896,,/eagle/lc-mpi/Zhiqing/polaris_ebm/runs_analysis/seed1_fid_trajectory/pipeline_seed1_local,/eagle/lc-mpi/Zhiqing/polaris_ebm/runs_analysis/seed1_fid_trajectory/pipeline_seed1_local/step250000/metrics_compare.json
P2A0,pipe_strict_P4_K100_beta001_lr1e4_seed1_300k,Phase2 300k anchors,pipe_strict,1,255000,80.25715340516064,1.7183798283051104,,/eagle/lc-mpi/Zhiqing/polaris_ebm/runs_analysis/seed1_fid_trajectory/pipeline_seed1_local,/eagle/lc-mpi/Zhiqing/polaris_ebm/runs_analysis/seed1_fid_trajectory/pipeline_seed1_local/step255000/metrics_compare.json
P2A0,pipe_strict_P4_K100_beta001_lr1e4_seed1_300k,Phase2 300k anchors,pipe_strict,1,260000,76.34488865811261,0.5383325876802303,,/eagle/lc-mpi/Zhiqing/polaris_ebm/runs_analysis/seed1_fid_trajectory/pipeline_seed1_local,/eagle/lc-mpi/Zhiqing/polaris_ebm/runs_analysis/seed1_fid_trajectory/pipeline_seed1_local/step260000/metrics_compare.json
P2A0,pipe_strict_P4_K100_beta001_lr1e4_seed1_300k,Phase2 300k anchors,pipe_strict,1,265000,65.09380230882061,3.3670955974066246,,/eagle/lc-mpi/Zhiqing/polaris_ebm/runs_analysis/seed1_fid_trajectory/pipeline_seed1_local,/eagle/lc-mpi/Zhiqing/polaris_ebm/runs_analysis/seed1_fid_trajectory/pipeline_seed1_local/step265000/metrics_compare.json
P2A0,pipe_strict_P4_K100_beta001_lr1e4_seed1_300k,Phase2 300k anchors,pipe_strict,1,270000,65.6657068861985,1.527633724033997,,/eagle/lc-mpi/Zhiqing/polaris_ebm/runs_analysis/seed1_fid_trajectory/pipeline_seed1_local,/eagle/lc-mpi/Zhiqing/polaris_ebm/runs_analysis/seed1_fid_trajectory/pipeline_seed1_local/step270000/metrics_compare.json
P2A0,pipe_strict_P4_K100_beta001_lr1e4_seed1_300k,Phase2 300k anchors,pipe_strict,1,275000,63.46631285950264,2.273868971055741,,/eagle/lc-mpi/Zhiqing/polaris_ebm/runs_analysis/seed1_fid_trajectory/pipeline_seed1_local,/eagle/lc-mpi/Zhiqing/polaris_ebm/runs_analysis/seed1_fid_trajectory/pipeline_seed1_local/step275000/metrics_compare.json
P2A0,pipe_strict_P4_K100_beta001_lr1e4_seed1_300k,Phase2 300k anchors,pipe_strict,1,280000,65.69940860526458,1.2184086425471428,,/eagle/lc-mpi/Zhiqing/polaris_ebm/runs_analysis/seed1_fid_trajectory/pipeline_seed1_local,/eagle/lc-mpi/Zhiqing/polaris_ebm/runs_analysis/seed1_fid_trajectory/pipeline_seed1_local/step280000/metrics_compare.json
P2A0,pipe_strict_P4_K100_beta001_lr1e4_seed1_300k,Phase2 300k anchors,pipe_strict,1,285000,76.9267600483671,0.5955714268460923,,/eagle/lc-mpi/Zhiqing/polaris_ebm/runs_analysis/seed1_fid_trajectory/pipeline_seed1_local,/eagle/lc-mpi/Zhiqing/polaris_ebm/runs_analysis/seed1_fid_trajectory/pipeline_seed1_local/step285000/metrics_compare.json
P2A0,pipe_strict_P4_K100_beta001_lr1e4_seed1_300k,Phase2 300k anchors,pipe_strict,1,290000,90.66790331742266,0.4609150048297508,,/eagle/lc-mpi/Zhiqing/polaris_ebm/runs_analysis/seed1_fid_trajectory/pipeline_seed1_local,/eagle/lc-mpi/Zhiqing/polaris_ebm/runs_analysis/seed1_fid_trajectory/pipeline_seed1_local/step290000/metrics_compare.json
P2A0,pipe_strict_P4_K100_beta001_lr1e4_seed1_300k,Phase2 300k anchors,pipe_strict,1,295000,80.58314844592473,0.6172470058302579,,/eagle/lc-mpi/Zhiqing/polaris_ebm/runs_analysis/seed1_fid_trajectory/pipeline_seed1_local,/eagle/lc-mpi/Zhiqing/polaris_ebm/runs_analysis/seed1_fid_trajectory/pipeline_seed1_local/step295000/metrics_compare.json
P2A0,pipe_strict_P4_K100_beta001_lr1e4_seed1_300k,Phase2 300k anchors,pipe_strict,1,300000,56.03988018206087,0.450248156663406,,/eagle/lc-mpi/Zhiqing/polaris_ebm/runs_analysis/seed1_fid_trajectory/pipeline_seed1_local,/eagle/lc-mpi/Zhiqing/polaris_ebm/runs_analysis/seed1_fid_trajectory/pipeline_seed1_local/step300000/metrics_compare.json
M2,pipe_strict_P4_K400_beta001_lr1e4_seed1_300k,M2 high_K control,pipe_strict,1,5000,413.75982916744255,7.185289605781867,,/eagle/lc-mpi/Zhiqing/polaris_ebm/runs_ablation_replay/trajectories/pipe_strict_P4_K400_beta001_lr1e4_seed1_300k,/eagle/lc-mpi/Zhiqing/polaris_ebm/runs_ablation_replay/trajectories/pipe_strict_P4_K400_beta001_lr1e4_seed1_300k/step005000/metrics_compare.json
M2,pipe_strict_P4_K400_beta001_lr1e4_seed1_300k,M2 high_K control,pipe_strict,1,10000,426.158374055992,7.141934641845494,,/eagle/lc-mpi/Zhiqing/polaris_ebm/runs_ablation_replay/trajectories/pipe_strict_P4_K400_beta001_lr1e4_seed1_300k,/eagle/lc-mpi/Zhiqing/polaris_ebm/runs_ablation_replay/trajectories/pipe_strict_P4_K400_beta001_lr1e4_seed1_300k/step010000/metrics_compare.json
M2,pipe_strict_P4_K400_beta001_lr1e4_seed1_300k,M2 high_K control,pipe_strict,1,15000,418.0665602669606,7.006997972834859,,/eagle/lc-mpi/Zhiqing/polaris_ebm/runs_ablation_replay/trajectories/pipe_strict_P4_K400_beta001_lr1e4_seed1_300k,/eagle/lc-mpi/Zhiqing/polaris_ebm/runs_ablation_replay/trajectories/pipe_strict_P4_K400_beta001_lr1e4_seed1_300k/step015000/metrics_compare.json
M2,pipe_strict_P4_K400_beta001_lr1e4_seed1_300k,M2 high_K control,pipe_strict,1,20000,431.4079494180392,7.361194647238999,,/eagle/lc-mpi/Zhiqing/polaris_ebm/runs_ablation_replay/trajectories/pipe_strict_P4_K400_beta001_lr1e4_seed1_300k,/eagle/lc-mpi/Zhiqing/polaris_ebm/runs_ablation_replay/trajectories/pipe_strict_P4_K400_beta001_lr1e4_seed1_300k/step020000/metrics_compare.json
M2,pipe_strict_P4_K400_beta001_lr1e4_seed1_300k,M2 high_K control,pipe_strict,1,25000,438.7975363246827,7.1660418605497185,,/eagle/lc-mpi/Zhiqing/polaris_ebm/runs_ablation_replay/trajectories/pipe_strict_P4_K400_beta001_lr1e4_seed1_300k,/eagle/lc-mpi/Zhiqing/polaris_ebm/runs_ablation_replay/trajectories/pipe_strict_P4_K400_beta001_lr1e4_seed1_300k/step025000/metrics_compare.json
M2,pipe_strict_P4_K400_beta001_lr1e4_seed1_300k,M2 high_K control,pipe_strict,1,30000,433.113973359591,7.046168229316265,,/eagle/lc-mpi/Zhiqing/polaris_ebm/runs_ablation_replay/trajectories/pipe_strict_P4_K400_beta001_lr1e4_seed1_300k,/eagle/lc-mpi/Zhiqing/polaris_ebm/runs_ablation_replay/trajectories/pipe_strict_P4_K400_beta001_lr1e4_seed1_300k/step030000/metrics_compare.json
M2,pipe_strict_P4_K400_beta001_lr1e4_seed1_300k,M2 high_K control,pipe_strict,1,35000,422.9498943084744,7.007553653810174,,/eagle/lc-mpi/Zhiqing/polaris_ebm/runs_ablation_replay/trajectories/pipe_strict_P4_K400_beta001_lr1e4_seed1_300k,/eagle/lc-mpi/Zhiqing/polaris_ebm/runs_ablation_replay/trajectories/pipe_strict_P4_K400_beta001_lr1e4_seed1_300k/step035000/metrics_compare.json
M2,pipe_strict_P4_K400_beta001_lr1e4_seed1_300k,M2 high_K control,pipe_strict,1,40000,407.0745486623068,6.950817046043885,,/eagle/lc-mpi/Zhiqing/polaris_ebm/runs_ablation_replay/trajectories/pipe_strict_P4_K400_beta001_lr1e4_seed1_300k,/eagle/lc-mpi/Zhiqing/polaris_ebm/runs_ablation_replay/trajectories/pipe_strict_P4_K400_beta001_lr1e4_seed1_300k/step040000/metrics_compare.json
M2,pipe_strict_P4_K400_beta001_lr1e4_seed1_300k,M2 high_K control,pipe_strict,1,45000,400.782538982847,6.5391430538380115,,/eagle/lc-mpi/Zhiqing/polaris_ebm/runs_ablation_replay/trajectories/pipe_strict_P4_K400_beta001_lr1e4_seed1_300k,/eagle/lc-mpi/Zhiqing/polaris_ebm/runs_ablation_replay/trajectories/pipe_strict_P4_K400_beta001_lr1e4_seed1_300k/step045000/metrics_compare.json
M2,pipe_strict_P4_K400_beta001_lr1e4_seed1_300k,M2 high_K control,pipe_strict,1,50000,399.97480436435364,6.6033441042601755,,/eagle/lc-mpi/Zhiqing/polaris_ebm/runs_ablation_replay/trajectories/pipe_strict_P4_K400_beta001_lr1e4_seed1_300k,/eagle/lc-mpi/Zhiqing/polaris_ebm/runs_ablation_replay/trajectories/pipe_strict_P4_K400_beta001_lr1e4_seed1_300k/step050000/metrics_compare.json
M2,pipe_strict_P4_K400_beta001_lr1e4_seed1_300k,M2 high_K control,pipe_strict,1,55000,401.29172093041143,6.473550670806558,,/eagle/lc-mpi/Zhiqing/polaris_ebm/runs_ablation_replay/trajectories/pipe_strict_P4_K400_beta001_lr1e4_seed1_300k,/eagle/lc-mpi/Zhiqing/polaris_ebm/runs_ablation_replay/trajectories/pipe_strict_P4_K400_beta001_lr1e4_seed1_300k/step055000/metrics_compare.json
M2,pipe_strict_P4_K400_beta001_lr1e4_seed1_300k,M2 high_K control,pipe_strict,1,60000,398.26693345047374,6.372165102892423,,/eagle/lc-mpi/Zhiqing/polaris_ebm/runs_ablation_replay/trajectories/pipe_strict_P4_K400_beta001_lr1e4_seed1_300k,/eagle/lc-mpi/Zhiqing/polaris_ebm/runs_ablation_replay/trajectories/pipe_strict_P4_K400_beta001_lr1e4_seed1_300k/step060000/metrics_compare.json
M2,pipe_strict_P4_K400_beta001_lr1e4_seed1_300k,M2 high_K control,pipe_strict,1,65000,390.16923540477285,6.39206783793695,,/eagle/lc-mpi/Zhiqing/polaris_ebm/runs_ablation_replay/trajectories/pipe_strict_P4_K400_beta001_lr1e4_seed1_300k,/eagle/lc-mpi/Zhiqing/polaris_ebm/runs_ablation_replay/trajectories/pipe_strict_P4_K400_beta001_lr1e4_seed1_300k/step065000/metrics_compare.json
M2,pipe_strict_P4_K400_beta001_lr1e4_seed1_300k,M2 high_K control,pipe_strict,1,70000,401.5915082997209,6.164622106425089,,/eagle/lc-mpi/Zhiqing/polaris_ebm/runs_ablation_replay/trajectories/pipe_strict_P4_K400_beta001_lr1e4_seed1_300k,/eagle/lc-mpi/Zhiqing/polaris_ebm/runs_ablation_replay/trajectories/pipe_strict_P4_K400_beta001_lr1e4_seed1_300k/step070000/metrics_compare.json
M2,pipe_strict_P4_K400_beta001_lr1e4_seed1_300k,M2 high_K control,pipe_strict,1,75000,389.0242447963603,6.2303429455547175,,/eagle/lc-mpi/Zhiqing/polaris_ebm/runs_ablation_replay/trajectories/pipe_strict_P4_K400_beta001_lr1e4_seed1_300k,/eagle/lc-mpi/Zhiqing/polaris_ebm/runs_ablation_replay/trajectories/pipe_strict_P4_K400_beta001_lr1e4_seed1_300k/step075000/metrics_compare.json
M2,pipe_strict_P4_K400_beta001_lr1e4_seed1_300k,M2 high_K control,pipe_strict,1,80000,388.21247553676244,6.43666654091331,,/eagle/lc-mpi/Zhiqing/polaris_ebm/runs_ablation_replay/trajectories/pipe_strict_P4_K400_beta001_lr1e4_seed1_300k,/eagle/lc-mpi/Zhiqing/polaris_ebm/runs_ablation_replay/trajectories/pipe_strict_P4_K400_beta001_lr1e4_seed1_300k/step080000/metrics_compare.json
M2,pipe_strict_P4_K400_beta001_lr1e4_seed1_300k,M2 high_K control,pipe_strict,1,85000,384.55913078880326,6.204060645274371,,/eagle/lc-mpi/Zhiqing/polaris_ebm/runs_ablation_replay/trajectories/pipe_strict_P4_K400_beta001_lr1e4_seed1_300k,/eagle/lc-mpi/Zhiqing/polaris_ebm/runs_ablation_replay/trajectories/pipe_strict_P4_K400_beta001_lr1e4_seed1_300k/step085000/metrics_compare.json
M2,pipe_strict_P4_K400_beta001_lr1e4_seed1_300k,M2 high_K control,pipe_strict,1,90000,385.48898753419957,6.177057316056573,,/eagle/lc-mpi/Zhiqing/polaris_ebm/runs_ablation_replay/trajectories/pipe_strict_P4_K400_beta001_lr1e4_seed1_300k,/eagle/lc-mpi/Zhiqing/polaris_ebm/runs_ablation_replay/trajectories/pipe_strict_P4_K400_beta001_lr1e4_seed1_300k/step090000/metrics_compare.json
M2,pipe_strict_P4_K400_beta001_lr1e4_seed1_300k,M2 high_K control,pipe_strict,1,95000,379.04276306416267,6.288664912398396,,/eagle/lc-mpi/Zhiqing/polaris_ebm/runs_ablation_replay/trajectories/pipe_strict_P4_K400_beta001_lr1e4_seed1_300k,/eagle/lc-mpi/Zhiqing/polaris_ebm/runs_ablation_replay/trajectories/pipe_strict_P4_K400_beta001_lr1e4_seed1_300k/step095000/metrics_compare.json
M2,pipe_strict_P4_K400_beta001_lr1e4_seed1_300k,M2 high_K control,pipe_strict,1,100000,386.7222476105993,6.022613769939211,,/eagle/lc-mpi/Zhiqing/polaris_ebm/runs_ablation_replay/trajectories/pipe_strict_P4_K400_beta001_lr1e4_seed1_300k,/eagle/lc-mpi/Zhiqing/polaris_ebm/runs_ablation_replay/trajectories/pipe_strict_P4_K400_beta001_lr1e4_seed1_300k/step100000/metrics_compare.json
M2,pipe_strict_P4_K400_beta001_lr1e4_seed1_300k,M2 high_K control,pipe_strict,1,105000,385.33488859619854,6.466660578304965,,/eagle/lc-mpi/Zhiqing/polaris_ebm/runs_ablation_replay/trajectories/pipe_strict_P4_K400_beta001_lr1e4_seed1_300k,/eagle/lc-mpi/Zhiqing/polaris_ebm/runs_ablation_replay/trajectories/pipe_strict_P4_K400_beta001_lr1e4_seed1_300k/step105000/metrics_compare.json
M2,pipe_strict_P4_K400_beta001_lr1e4_seed1_300k,M2 high_K control,pipe_strict,1,110000,360.11306597673183,6.2499155313887975,,/eagle/lc-mpi/Zhiqing/polaris_ebm/runs_ablation_replay/trajectories/pipe_strict_P4_K400_beta001_lr1e4_seed1_300k,/eagle/lc-mpi/Zhiqing/polaris_ebm/runs_ablation_replay/trajectories/pipe_strict_P4_K400_beta001_lr1e4_seed1_300k/step110000/metrics_compare.json
M2,pipe_strict_P4_K400_beta001_lr1e4_seed1_300k,M2 high_K control,pipe_strict,1,115000,360.3210227549213,5.935945700229696,,/eagle/lc-mpi/Zhiqing/polaris_ebm/runs_ablation_replay/trajectories/pipe_strict_P4_K400_beta001_lr1e4_seed1_300k,/eagle/lc-mpi/Zhiqing/polaris_ebm/runs_ablation_replay/trajectories/pipe_strict_P4_K400_beta001_lr1e4_seed1_300k/step115000/metrics_compare.json
M2,pipe_strict_P4_K400_beta001_lr1e4_seed1_300k,M2 high_K control,pipe_strict,1,120000,371.9399037158862,6.167921882436433,,/eagle/lc-mpi/Zhiqing/polaris_ebm/runs_ablation_replay/trajectories/pipe_strict_P4_K400_beta001_lr1e4_seed1_300k,/eagle/lc-mpi/Zhiqing/polaris_ebm/runs_ablation_replay/trajectories/pipe_strict_P4_K400_beta001_lr1e4_seed1_300k/step120000/metrics_compare.json
M2,pipe_strict_P4_K400_beta001_lr1e4_seed1_300k,M2 high_K control,pipe_strict,1,125000,382.9610820678291,6.260134625330624,,/eagle/lc-mpi/Zhiqing/polaris_ebm/runs_ablation_replay/trajectories/pipe_strict_P4_K400_beta001_lr1e4_seed1_300k,/eagle/lc-mpi/Zhiqing/polaris_ebm/runs_ablation_replay/trajectories/pipe_strict_P4_K400_beta001_lr1e4_seed1_300k/step125000/metrics_compare.json
M2,pipe_strict_P4_K400_beta001_lr1e4_seed1_300k,M2 high_K control,pipe_strict,1,130000,376.2512685483676,6.098318176275504,,/eagle/lc-mpi/Zhiqing/polaris_ebm/runs_ablation_replay/trajectories/pipe_strict_P4_K400_beta001_lr1e4_seed1_300k,/eagle/lc-mpi/Zhiqing/polaris_ebm/runs_ablation_replay/trajectories/pipe_strict_P4_K400_beta001_lr1e4_seed1_300k/step130000/metrics_compare.json
M2,pipe_strict_P4_K400_beta001_lr1e4_seed1_300k,M2 high_K control,pipe_strict,1,135000,371.88056680309285,6.117426009108917,,/eagle/lc-mpi/Zhiqing/polaris_ebm/runs_ablation_replay/trajectories/pipe_strict_P4_K400_beta001_lr1e4_seed1_300k,/eagle/lc-mpi/Zhiqing/polaris_ebm/runs_ablation_replay/trajectories/pipe_strict_P4_K400_beta001_lr1e4_seed1_300k/step135000/metrics_compare.json
M2,pipe_strict_P4_K400_beta001_lr1e4_seed1_300k,M2 high_K control,pipe_strict,1,140000,372.52062113689675,6.057113955345576,,/eagle/lc-mpi/Zhiqing/polaris_ebm/runs_ablation_replay/trajectories/pipe_strict_P4_K400_beta001_lr1e4_seed1_300k,/eagle/lc-mpi/Zhiqing/polaris_ebm/runs_ablation_replay/trajectories/pipe_strict_P4_K400_beta001_lr1e4_seed1_300k/step140000/metrics_compare.json
M2,pipe_strict_P4_K400_beta001_lr1e4_seed1_300k,M2 high_K control,pipe_strict,1,145000,376.1637775891981,6.2219130669679386,,/eagle/lc-mpi/Zhiqing/polaris_ebm/runs_ablation_replay/trajectories/pipe_strict_P4_K400_beta001_lr1e4_seed1_300k,/eagle/lc-mpi/Zhiqing/polaris_ebm/runs_ablation_replay/trajectories/pipe_strict_P4_K400_beta001_lr1e4_seed1_300k/step145000/metrics_compare.json
M2,pipe_strict_P4_K400_beta001_lr1e4_seed1_300k,M2 high_K control,pipe_strict,1,150000,384.038802182788,6.303149642955444,,/eagle/lc-mpi/Zhiqing/polaris_ebm/runs_ablation_replay/trajectories/pipe_strict_P4_K400_beta001_lr1e4_seed1_300k,/eagle/lc-mpi/Zhiqing/polaris_ebm/runs_ablation_replay/trajectories/pipe_strict_P4_K400_beta001_lr1e4_seed1_300k/step150000/metrics_compare.json
M2,pipe_strict_P4_K400_beta001_lr1e4_seed1_300k,M2 high_K control,pipe_strict,1,155000,367.26320097654155,6.251288745930461,,/eagle/lc-mpi/Zhiqing/polaris_ebm/runs_ablation_replay/trajectories/pipe_strict_P4_K400_beta001_lr1e4_seed1_300k,/eagle/lc-mpi/Zhiqing/polaris_ebm/runs_ablation_replay/trajectories/pipe_strict_P4_K400_beta001_lr1e4_seed1_300k/step155000/metrics_compare.json
M2,pipe_strict_P4_K400_beta001_lr1e4_seed1_300k,M2 high_K control,pipe_strict,1,160000,384.51776974448353,6.469850981629616,,/eagle/lc-mpi/Zhiqing/polaris_ebm/runs_ablation_replay/trajectories/pipe_strict_P4_K400_beta001_lr1e4_seed1_300k,/eagle/lc-mpi/Zhiqing/polaris_ebm/runs_ablation_replay/trajectories/pipe_strict_P4_K400_beta001_lr1e4_seed1_300k/step160000/metrics_compare.json
M2,pipe_strict_P4_K400_beta001_lr1e4_seed1_300k,M2 high_K control,pipe_strict,1,165000,393.8448582133333,6.324975978865135,,/eagle/lc-mpi/Zhiqing/polaris_ebm/runs_ablation_replay/trajectories/pipe_strict_P4_K400_beta001_lr1e4_seed1_300k,/eagle/lc-mpi/Zhiqing/polaris_ebm/runs_ablation_replay/trajectories/pipe_strict_P4_K400_beta001_lr1e4_seed1_300k/step165000/metrics_compare.json
M2,pipe_strict_P4_K400_beta001_lr1e4_seed1_300k,M2 high_K control,pipe_strict,1,170000,375.54022296899353,6.266815968975342,,/eagle/lc-mpi/Zhiqing/polaris_ebm/runs_ablation_replay/trajectories/pipe_strict_P4_K400_beta001_lr1e4_seed1_300k,/eagle/lc-mpi/Zhiqing/polaris_ebm/runs_ablation_replay/trajectories/pipe_strict_P4_K400_beta001_lr1e4_seed1_300k/step170000/metrics_compare.json
M2,pipe_strict_P4_K400_beta001_lr1e4_seed1_300k,M2 high_K control,pipe_strict,1,175000,383.332350362018,6.575198850246877,,/eagle/lc-mpi/Zhiqing/polaris_ebm/runs_ablation_replay/trajectories/pipe_strict_P4_K400_beta001_lr1e4_seed1_300k,/eagle/lc-mpi/Zhiqing/polaris_ebm/runs_ablation_replay/trajectories/pipe_strict_P4_K400_beta001_lr1e4_seed1_300k/step175000/metrics_compare.json
M2,pipe_strict_P4_K400_beta001_lr1e4_seed1_300k,M2 high_K control,pipe_strict,1,180000,384.7363282374327,6.337420649185125,,/eagle/lc-mpi/Zhiqing/polaris_ebm/runs_ablation_replay/trajectories/pipe_strict_P4_K400_beta001_lr1e4_seed1_300k,/eagle/lc-mpi/Zhiqing/polaris_ebm/runs_ablation_replay/trajectories/pipe_strict_P4_K400_beta001_lr1e4_seed1_300k/step180000/metrics_compare.json
M2,pipe_strict_P4_K400_beta001_lr1e4_seed1_300k,M2 high_K control,pipe_strict,1,185000,387.60387852397093,6.271535858000704,,/eagle/lc-mpi/Zhiqing/polaris_ebm/runs_ablation_replay/trajectories/pipe_strict_P4_K400_beta001_lr1e4_seed1_300k,/eagle/lc-mpi/Zhiqing/polaris_ebm/runs_ablation_replay/trajectories/pipe_strict_P4_K400_beta001_lr1e4_seed1_300k/step185000/metrics_compare.json
M2,pipe_strict_P4_K400_beta001_lr1e4_seed1_300k,M2 high_K control,pipe_strict,1,190000,379.2985018254618,6.408021609730366,,/eagle/lc-mpi/Zhiqing/polaris_ebm/runs_ablation_replay/trajectories/pipe_strict_P4_K400_beta001_lr1e4_seed1_300k,/eagle/lc-mpi/Zhiqing/polaris_ebm/runs_ablation_replay/trajectories/pipe_strict_P4_K400_beta001_lr1e4_seed1_300k/step190000/metrics_compare.json
M2,pipe_strict_P4_K400_beta001_lr1e4_seed1_300k,M2 high_K control,pipe_strict,1,195000,376.90252611173526,6.527833465285418,,/eagle/lc-mpi/Zhiqing/polaris_ebm/runs_ablation_replay/trajectories/pipe_strict_P4_K400_beta001_lr1e4_seed1_300k,/eagle/lc-mpi/Zhiqing/polaris_ebm/runs_ablation_replay/trajectories/pipe_strict_P4_K400_beta001_lr1e4_seed1_300k/step195000/metrics_compare.json
M2,pipe_strict_P4_K400_beta001_lr1e4_seed1_300k,M2 high_K control,pipe_strict,1,200000,384.7039651077597,6.366542648617951,,/eagle/lc-mpi/Zhiqing/polaris_ebm/runs_ablation_replay/trajectories/pipe_strict_P4_K400_beta001_lr1e4_seed1_300k,/eagle/lc-mpi/Zhiqing/polaris_ebm/runs_ablation_replay/trajectories/pipe_strict_P4_K400_beta001_lr1e4_seed1_300k/step200000/metrics_compare.json
M2,pipe_strict_P4_K400_beta001_lr1e4_seed1_300k,M2 high_K control,pipe_strict,1,205000,374.9277960902051,6.440001959204755,,/eagle/lc-mpi/Zhiqing/polaris_ebm/runs_ablation_replay/trajectories/pipe_strict_P4_K400_beta001_lr1e4_seed1_300k,/eagle/lc-mpi/Zhiqing/polaris_ebm/runs_ablation_replay/trajectories/pipe_strict_P4_K400_beta001_lr1e4_seed1_300k/step205000/metrics_compare.json
M2,pipe_strict_P4_K400_beta001_lr1e4_seed1_300k,M2 high_K control,pipe_strict,1,210000,384.17955267118066,6.525794858452356,,/eagle/lc-mpi/Zhiqing/polaris_ebm/runs_ablation_replay/trajectories/pipe_strict_P4_K400_beta001_lr1e4_seed1_300k,/eagle/lc-mpi/Zhiqing/polaris_ebm/runs_ablation_replay/trajectories/pipe_strict_P4_K400_beta001_lr1e4_seed1_300k/step210000/metrics_compare.json
M2,pipe_strict_P4_K400_beta001_lr1e4_seed1_300k,M2 high_K control,pipe_strict,1,215000,387.51463035587744,6.562402405569213,,/eagle/lc-mpi/Zhiqing/polaris_ebm/runs_ablation_replay/trajectories/pipe_strict_P4_K400_beta001_lr1e4_seed1_300k,/eagle/lc-mpi/Zhiqing/polaris_ebm/runs_ablation_replay/trajectories/pipe_strict_P4_K400_beta001_lr1e4_seed1_300k/step215000/metrics_compare.json
M2,pipe_strict_P4_K400_beta001_lr1e4_seed1_300k,M2 high_K control,pipe_strict,1,220000,373.5159004837633,6.403923354674384,,/eagle/lc-mpi/Zhiqing/polaris_ebm/runs_ablation_replay/trajectories/pipe_strict_P4_K400_beta001_lr1e4_seed1_300k,/eagle/lc-mpi/Zhiqing/polaris_ebm/runs_ablation_replay/trajectories/pipe_strict_P4_K400_beta001_lr1e4_seed1_300k/step220000/metrics_compare.json
M2,pipe_strict_P4_K400_beta001_lr1e4_seed1_300k,M2 high_K control,pipe_strict,1,225000,377.44813698176654,6.621897167701458,,/eagle/lc-mpi/Zhiqing/polaris_ebm/runs_ablation_replay/trajectories/pipe_strict_P4_K400_beta001_lr1e4_seed1_300k,/eagle/lc-mpi/Zhiqing/polaris_ebm/runs_ablation_replay/trajectories/pipe_strict_P4_K400_beta001_lr1e4_seed1_300k/step225000/metrics_compare.json
M2,pipe_strict_P4_K400_beta001_lr1e4_seed1_300k,M2 high_K control,pipe_strict,1,230000,374.1417977578715,6.47210094145121,,/eagle/lc-mpi/Zhiqing/polaris_ebm/runs_ablation_replay/trajectories/pipe_strict_P4_K400_beta001_lr1e4_seed1_300k,/eagle/lc-mpi/Zhiqing/polaris_ebm/runs_ablation_replay/trajectories/pipe_strict_P4_K400_beta001_lr1e4_seed1_300k/step230000/metrics_compare.json
M2,pipe_strict_P4_K400_beta001_lr1e4_seed1_300k,M2 high_K control,pipe_strict,1,235000,375.6427950223292,6.53797555558669,,/eagle/lc-mpi/Zhiqing/polaris_ebm/runs_ablation_replay/trajectories/pipe_strict_P4_K400_beta001_lr1e4_seed1_300k,/eagle/lc-mpi/Zhiqing/polaris_ebm/runs_ablation_replay/trajectories/pipe_strict_P4_K400_beta001_lr1e4_seed1_300k/step235000/metrics_compare.json
M2,pipe_strict_P4_K400_beta001_lr1e4_seed1_300k,M2 high_K control,pipe_strict,1,240000,389.2322819691031,6.550088927871951,,/eagle/lc-mpi/Zhiqing/polaris_ebm/runs_ablation_replay/trajectories/pipe_strict_P4_K400_beta001_lr1e4_seed1_300k,/eagle/lc-mpi/Zhiqing/polaris_ebm/runs_ablation_replay/trajectories/pipe_strict_P4_K400_beta001_lr1e4_seed1_300k/step240000/metrics_compare.json
M2,pipe_strict_P4_K400_beta001_lr1e4_seed1_300k,M2 high_K control,pipe_strict,1,245000,393.41483067173914,6.766017705007409,,/eagle/lc-mpi/Zhiqing/polaris_ebm/runs_ablation_replay/trajectories/pipe_strict_P4_K400_beta001_lr1e4_seed1_300k,/eagle/lc-mpi/Zhiqing/polaris_ebm/runs_ablation_replay/trajectories/pipe_strict_P4_K400_beta001_lr1e4_seed1_300k/step245000/metrics_compare.json
M2,pipe_strict_P4_K400_beta001_lr1e4_seed1_300k,M2 high_K control,pipe_strict,1,250000,377.8969500952262,6.660560745668677,,/eagle/lc-mpi/Zhiqing/polaris_ebm/runs_ablation_replay/trajectories/pipe_strict_P4_K400_beta001_lr1e4_seed1_300k,/eagle/lc-mpi/Zhiqing/polaris_ebm/runs_ablation_replay/trajectories/pipe_strict_P4_K400_beta001_lr1e4_seed1_300k/step250000/metrics_compare.json
M2,pipe_strict_P4_K400_beta001_lr1e4_seed1_300k,M2 high_K control,pipe_strict,1,255000,380.2809619326579,6.521764680291166,,/eagle/lc-mpi/Zhiqing/polaris_ebm/runs_ablation_replay/trajectories/pipe_strict_P4_K400_beta001_lr1e4_seed1_300k,/eagle/lc-mpi/Zhiqing/polaris_ebm/runs_ablation_replay/trajectories/pipe_strict_P4_K400_beta001_lr1e4_seed1_300k/step255000/metrics_compare.json
M2,pipe_strict_P4_K400_beta001_lr1e4_seed1_300k,M2 high_K control,pipe_strict,1,260000,373.15667569253156,6.551683039417416,,/eagle/lc-mpi/Zhiqing/polaris_ebm/runs_ablation_replay/trajectories/pipe_strict_P4_K400_beta001_lr1e4_seed1_300k,/eagle/lc-mpi/Zhiqing/polaris_ebm/runs_ablation_replay/trajectories/pipe_strict_P4_K400_beta001_lr1e4_seed1_300k/step260000/metrics_compare.json
M2,pipe_strict_P4_K400_beta001_lr1e4_seed1_300k,M2 high_K control,pipe_strict,1,265000,378.2460243915476,6.608568001355984,,/eagle/lc-mpi/Zhiqing/polaris_ebm/runs_ablation_replay/trajectories/pipe_strict_P4_K400_beta001_lr1e4_seed1_300k,/eagle/lc-mpi/Zhiqing/polaris_ebm/runs_ablation_replay/trajectories/pipe_strict_P4_K400_beta001_lr1e4_seed1_300k/step265000/metrics_compare.json
M2,pipe_strict_P4_K400_beta001_lr1e4_seed1_300k,M2 high_K control,pipe_strict,1,270000,383.63626176647665,6.746386206708917,,/eagle/lc-mpi/Zhiqing/polaris_ebm/runs_ablation_replay/trajectories/pipe_strict_P4_K400_beta001_lr1e4_seed1_300k,/eagle/lc-mpi/Zhiqing/polaris_ebm/runs_ablation_replay/trajectories/pipe_strict_P4_K400_beta001_lr1e4_seed1_300k/step270000/metrics_compare.json
M2,pipe_strict_P4_K400_beta001_lr1e4_seed1_300k,M2 high_K control,pipe_strict,1,275000,387.02570665660653,6.690700037480727,,/eagle/lc-mpi/Zhiqing/polaris_ebm/runs_ablation_replay/trajectories/pipe_strict_P4_K400_beta001_lr1e4_seed1_300k,/eagle/lc-mpi/Zhiqing/polaris_ebm/runs_ablation_replay/trajectories/pipe_strict_P4_K400_beta001_lr1e4_seed1_300k/step275000/metrics_compare.json
M2,pipe_strict_P4_K400_beta001_lr1e4_seed1_300k,M2 high_K control,pipe_strict,1,280000,361.86221601189305,6.36994930514433,,/eagle/lc-mpi/Zhiqing/polaris_ebm/runs_ablation_replay/trajectories/pipe_strict_P4_K400_beta001_lr1e4_seed1_300k,/eagle/lc-mpi/Zhiqing/polaris_ebm/runs_ablation_replay/trajectories/pipe_strict_P4_K400_beta001_lr1e4_seed1_300k/step280000/metrics_compare.json
M2,pipe_strict_P4_K400_beta001_lr1e4_seed1_300k,M2 high_K control,pipe_strict,1,285000,379.35747079550305,6.537649008025585,,/eagle/lc-mpi/Zhiqing/polaris_ebm/runs_ablation_replay/trajectories/pipe_strict_P4_K400_beta001_lr1e4_seed1_300k,/eagle/lc-mpi/Zhiqing/polaris_ebm/runs_ablation_replay/trajectories/pipe_strict_P4_K400_beta001_lr1e4_seed1_300k/step285000/metrics_compare.json
M2,pipe_strict_P4_K400_beta001_lr1e4_seed1_300k,M2 high_K control,pipe_strict,1,290000,382.7962393752499,6.617590310441882,,/eagle/lc-mpi/Zhiqing/polaris_ebm/runs_ablation_replay/trajectories/pipe_strict_P4_K400_beta001_lr1e4_seed1_300k,/eagle/lc-mpi/Zhiqing/polaris_ebm/runs_ablation_replay/trajectories/pipe_strict_P4_K400_beta001_lr1e4_seed1_300k/step290000/metrics_compare.json
M2,pipe_strict_P4_K400_beta001_lr1e4_seed1_300k,M2 high_K control,pipe_strict,1,295000,386.4835380124081,6.65458690824082,,/eagle/lc-mpi/Zhiqing/polaris_ebm/runs_ablation_replay/trajectories/pipe_strict_P4_K400_beta001_lr1e4_seed1_300k,/eagle/lc-mpi/Zhiqing/polaris_ebm/runs_ablation_replay/trajectories/pipe_strict_P4_K400_beta001_lr1e4_seed1_300k/step295000/metrics_compare.json
M2,pipe_strict_P4_K400_beta001_lr1e4_seed1_300k,M2 high_K control,pipe_strict,1,300000,391.75773561447136,6.578110712417885,,/eagle/lc-mpi/Zhiqing/polaris_ebm/runs_ablation_replay/trajectories/pipe_strict_P4_K400_beta001_lr1e4_seed1_300k,/eagle/lc-mpi/Zhiqing/polaris_ebm/runs_ablation_replay/trajectories/pipe_strict_P4_K400_beta001_lr1e4_seed1_300k/step300000/metrics_compare.json
S2,pipe_strict_P8_K100_beta001_lr1e4_seed1_300k,S2 stage_count factor,pipe_strict,1,5000,209.59765115415487,10.99534522664189,,/eagle/lc-mpi/Zhiqing/polaris_ebm/runs_ablation_replay/trajectories/pipe_strict_P8_K100_beta001_lr1e4_seed1_300k,/eagle/lc-mpi/Zhiqing/polaris_ebm/runs_ablation_replay/trajectories/pipe_strict_P8_K100_beta001_lr1e4_seed1_300k/step005000/metrics_compare.json
S2,pipe_strict_P8_K100_beta001_lr1e4_seed1_300k,S2 stage_count factor,pipe_strict,1,10000,192.20950383485655,3.7928149260577424,,/eagle/lc-mpi/Zhiqing/polaris_ebm/runs_ablation_replay/trajectories/pipe_strict_P8_K100_beta001_lr1e4_seed1_300k,/eagle/lc-mpi/Zhiqing/polaris_ebm/runs_ablation_replay/trajectories/pipe_strict_P8_K100_beta001_lr1e4_seed1_300k/step010000/metrics_compare.json
S2,pipe_strict_P8_K100_beta001_lr1e4_seed1_300k,S2 stage_count factor,pipe_strict,1,15000,178.84290990969347,3.3349285472914794,,/eagle/lc-mpi/Zhiqing/polaris_ebm/runs_ablation_replay/trajectories/pipe_strict_P8_K100_beta001_lr1e4_seed1_300k,/eagle/lc-mpi/Zhiqing/polaris_ebm/runs_ablation_replay/trajectories/pipe_strict_P8_K100_beta001_lr1e4_seed1_300k/step015000/metrics_compare.json
S2,pipe_strict_P8_K100_beta001_lr1e4_seed1_300k,S2 stage_count factor,pipe_strict,1,20000,135.4687336621097,6.692636304435744,,/eagle/lc-mpi/Zhiqing/polaris_ebm/runs_ablation_replay/trajectories/pipe_strict_P8_K100_beta001_lr1e4_seed1_300k,/eagle/lc-mpi/Zhiqing/polaris_ebm/runs_ablation_replay/trajectories/pipe_strict_P8_K100_beta001_lr1e4_seed1_300k/step020000/metrics_compare.json
S2,pipe_strict_P8_K100_beta001_lr1e4_seed1_300k,S2 stage_count factor,pipe_strict,1,25000,117.22869993728875,3.4981965398753196,,/eagle/lc-mpi/Zhiqing/polaris_ebm/runs_ablation_replay/trajectories/pipe_strict_P8_K100_beta001_lr1e4_seed1_300k,/eagle/lc-mpi/Zhiqing/polaris_ebm/runs_ablation_replay/trajectories/pipe_strict_P8_K100_beta001_lr1e4_seed1_300k/step025000/metrics_compare.json
S2,pipe_strict_P8_K100_beta001_lr1e4_seed1_300k,S2 stage_count factor,pipe_strict,1,30000,117.40610206729332,2.2840528728468623,,/eagle/lc-mpi/Zhiqing/polaris_ebm/runs_ablation_replay/trajectories/pipe_strict_P8_K100_beta001_lr1e4_seed1_300k,/eagle/lc-mpi/Zhiqing/polaris_ebm/runs_ablation_replay/trajectories/pipe_strict_P8_K100_beta001_lr1e4_seed1_300k/step030000/metrics_compare.json
S2,pipe_strict_P8_K100_beta001_lr1e4_seed1_300k,S2 stage_count factor,pipe_strict,1,35000,108.46613111466556,2.187493418664552,,/eagle/lc-mpi/Zhiqing/polaris_ebm/runs_ablation_replay/trajectories/pipe_strict_P8_K100_beta001_lr1e4_seed1_300k,/eagle/lc-mpi/Zhiqing/polaris_ebm/runs_ablation_replay/trajectories/pipe_strict_P8_K100_beta001_lr1e4_seed1_300k/step035000/metrics_compare.json
S2,pipe_strict_P8_K100_beta001_lr1e4_seed1_300k,S2 stage_count factor,pipe_strict,1,40000,91.3895762791434,3.4571551179403563,,/eagle/lc-mpi/Zhiqing/polaris_ebm/runs_ablation_replay/trajectories/pipe_strict_P8_K100_beta001_lr1e4_seed1_300k,/eagle/lc-mpi/Zhiqing/polaris_ebm/runs_ablation_replay/trajectories/pipe_strict_P8_K100_beta001_lr1e4_seed1_300k/step040000/metrics_compare.json
S2,pipe_strict_P8_K100_beta001_lr1e4_seed1_300k,S2 stage_count factor,pipe_strict,1,45000,106.62597381726835,4.04297944322672,,/eagle/lc-mpi/Zhiqing/polaris_ebm/runs_ablation_replay/trajectories/pipe_strict_P8_K100_beta001_lr1e4_seed1_300k,/eagle/lc-mpi/Zhiqing/polaris_ebm/runs_ablation_replay/trajectories/pipe_strict_P8_K100_beta001_lr1e4_seed1_300k/step045000/metrics_compare.json
S2,pipe_strict_P8_K100_beta001_lr1e4_seed1_300k,S2 stage_count factor,pipe_strict,1,50000,110.7730679958944,2.2278907458747916,,/eagle/lc-mpi/Zhiqing/polaris_ebm/runs_ablation_replay/trajectories/pipe_strict_P8_K100_beta001_lr1e4_seed1_300k,/eagle/lc-mpi/Zhiqing/polaris_ebm/runs_ablation_replay/trajectories/pipe_strict_P8_K100_beta001_lr1e4_seed1_300k/step050000/metrics_compare.json
S2,pipe_strict_P8_K100_beta001_lr1e4_seed1_300k,S2 stage_count factor,pipe_strict,1,55000,147.0297014060665,2.168330594337549,,/eagle/lc-mpi/Zhiqing/polaris_ebm/runs_ablation_replay/trajectories/pipe_strict_P8_K100_beta001_lr1e4_seed1_300k,/eagle/lc-mpi/Zhiqing/polaris_ebm/runs_ablation_replay/trajectories/pipe_strict_P8_K100_beta001_lr1e4_seed1_300k/step055000/metrics_compare.json
S2,pipe_strict_P8_K100_beta001_lr1e4_seed1_300k,S2 stage_count factor,pipe_strict,1,60000,117.89917146266828,3.4816894400631533,,/eagle/lc-mpi/Zhiqing/polaris_ebm/runs_ablation_replay/trajectories/pipe_strict_P8_K100_beta001_lr1e4_seed1_300k,/eagle/lc-mpi/Zhiqing/polaris_ebm/runs_ablation_replay/trajectories/pipe_strict_P8_K100_beta001_lr1e4_seed1_300k/step060000/metrics_compare.json
S2,pipe_strict_P8_K100_beta001_lr1e4_seed1_300k,S2 stage_count factor,pipe_strict,1,65000,124.97405451483135,3.0545227341184322,,/eagle/lc-mpi/Zhiqing/polaris_ebm/runs_ablation_replay/trajectories/pipe_strict_P8_K100_beta001_lr1e4_seed1_300k,/eagle/lc-mpi/Zhiqing/polaris_ebm/runs_ablation_replay/trajectories/pipe_strict_P8_K100_beta001_lr1e4_seed1_300k/step065000/metrics_compare.json
S2,pipe_strict_P8_K100_beta001_lr1e4_seed1_300k,S2 stage_count factor,pipe_strict,1,70000,111.04427005740655,1.915723144376205,,/eagle/lc-mpi/Zhiqing/polaris_ebm/runs_ablation_replay/trajectories/pipe_strict_P8_K100_beta001_lr1e4_seed1_300k,/eagle/lc-mpi/Zhiqing/polaris_ebm/runs_ablation_replay/trajectories/pipe_strict_P8_K100_beta001_lr1e4_seed1_300k/step070000/metrics_compare.json
S2,pipe_strict_P8_K100_beta001_lr1e4_seed1_300k,S2 stage_count factor,pipe_strict,1,75000,127.19712635460002,2.789510667351477,,/eagle/lc-mpi/Zhiqing/polaris_ebm/runs_ablation_replay/trajectories/pipe_strict_P8_K100_beta001_lr1e4_seed1_300k,/eagle/lc-mpi/Zhiqing/polaris_ebm/runs_ablation_replay/trajectories/pipe_strict_P8_K100_beta001_lr1e4_seed1_300k/step075000/metrics_compare.json
S2,pipe_strict_P8_K100_beta001_lr1e4_seed1_300k,S2 stage_count factor,pipe_strict,1,80000,114.65529670137789,4.258505661370407,,/eagle/lc-mpi/Zhiqing/polaris_ebm/runs_ablation_replay/trajectories/pipe_strict_P8_K100_beta001_lr1e4_seed1_300k,/eagle/lc-mpi/Zhiqing/polaris_ebm/runs_ablation_replay/trajectories/pipe_strict_P8_K100_beta001_lr1e4_seed1_300k/step080000/metrics_compare.json
S2,pipe_strict_P8_K100_beta001_lr1e4_seed1_300k,S2 stage_count factor,pipe_strict,1,85000,80.40618039768475,1.3165981968910963,,/eagle/lc-mpi/Zhiqing/polaris_ebm/runs_ablation_replay/trajectories/pipe_strict_P8_K100_beta001_lr1e4_seed1_300k,/eagle/lc-mpi/Zhiqing/polaris_ebm/runs_ablation_replay/trajectories/pipe_strict_P8_K100_beta001_lr1e4_seed1_300k/step085000/metrics_compare.json
S2,pipe_strict_P8_K100_beta001_lr1e4_seed1_300k,S2 stage_count factor,pipe_strict,1,90000,118.73578220934274,3.556404407525097,,/eagle/lc-mpi/Zhiqing/polaris_ebm/runs_ablation_replay/trajectories/pipe_strict_P8_K100_beta001_lr1e4_seed1_300k,/eagle/lc-mpi/Zhiqing/polaris_ebm/runs_ablation_replay/trajectories/pipe_strict_P8_K100_beta001_lr1e4_seed1_300k/step090000/metrics_compare.json
S2,pipe_strict_P8_K100_beta001_lr1e4_seed1_300k,S2 stage_count factor,pipe_strict,1,95000,99.44622992685123,5.030388618220464,,/eagle/lc-mpi/Zhiqing/polaris_ebm/runs_ablation_replay/trajectories/pipe_strict_P8_K100_beta001_lr1e4_seed1_300k,/eagle/lc-mpi/Zhiqing/polaris_ebm/runs_ablation_replay/trajectories/pipe_strict_P8_K100_beta001_lr1e4_seed1_300k/step095000/metrics_compare.json
S2,pipe_strict_P8_K100_beta001_lr1e4_seed1_300k,S2 stage_count factor,pipe_strict,1,100000,102.59481385079584,3.512703949451504,,/eagle/lc-mpi/Zhiqing/polaris_ebm/runs_ablation_replay/trajectories/pipe_strict_P8_K100_beta001_lr1e4_seed1_300k,/eagle/lc-mpi/Zhiqing/polaris_ebm/runs_ablation_replay/trajectories/pipe_strict_P8_K100_beta001_lr1e4_seed1_300k/step100000/metrics_compare.json
S2,pipe_strict_P8_K100_beta001_lr1e4_seed1_300k,S2 stage_count factor,pipe_strict,1,105000,90.72101715508973,4.32922745992969,,/eagle/lc-mpi/Zhiqing/polaris_ebm/runs_ablation_replay/trajectories/pipe_strict_P8_K100_beta001_lr1e4_seed1_300k,/eagle/lc-mpi/Zhiqing/polaris_ebm/runs_ablation_replay/trajectories/pipe_strict_P8_K100_beta001_lr1e4_seed1_300k/step105000/metrics_compare.json
S2,pipe_strict_P8_K100_beta001_lr1e4_seed1_300k,S2 stage_count factor,pipe_strict,1,110000,86.68663393863716,3.1420548095806993,,/eagle/lc-mpi/Zhiqing/polaris_ebm/runs_ablation_replay/trajectories/pipe_strict_P8_K100_beta001_lr1e4_seed1_300k,/eagle/lc-mpi/Zhiqing/polaris_ebm/runs_ablation_replay/trajectories/pipe_strict_P8_K100_beta001_lr1e4_seed1_300k/step110000/metrics_compare.json
S2,pipe_strict_P8_K100_beta001_lr1e4_seed1_300k,S2 stage_count factor,pipe_strict,1,115000,111.0075183649688,1.7570588287185505,,/eagle/lc-mpi/Zhiqing/polaris_ebm/runs_ablation_replay/trajectories/pipe_strict_P8_K100_beta001_lr1e4_seed1_300k,/eagle/lc-mpi/Zhiqing/polaris_ebm/runs_ablation_replay/trajectories/pipe_strict_P8_K100_beta001_lr1e4_seed1_300k/step115000/metrics_compare.json
S2,pipe_strict_P8_K100_beta001_lr1e4_seed1_300k,S2 stage_count factor,pipe_strict,1,120000,80.35057193961075,1.6351278933479598,,/eagle/lc-mpi/Zhiqing/polaris_ebm/runs_ablation_replay/trajectories/pipe_strict_P8_K100_beta001_lr1e4_seed1_300k,/eagle/lc-mpi/Zhiqing/polaris_ebm/runs_ablation_replay/trajectories/pipe_strict_P8_K100_beta001_lr1e4_seed1_300k/step120000/metrics_compare.json
S2,pipe_strict_P8_K100_beta001_lr1e4_seed1_300k,S2 stage_count factor,pipe_strict,1,125000,86.73865846803125,0.8518000604566502,,/eagle/lc-mpi/Zhiqing/polaris_ebm/runs_ablation_replay/trajectories/pipe_strict_P8_K100_beta001_lr1e4_seed1_300k,/eagle/lc-mpi/Zhiqing/polaris_ebm/runs_ablation_replay/trajectories/pipe_strict_P8_K100_beta001_lr1e4_seed1_300k/step125000/metrics_compare.json
S2,pipe_strict_P8_K100_beta001_lr1e4_seed1_300k,S2 stage_count factor,pipe_strict,1,130000,105.76341422547642,3.310804111851194,,/eagle/lc-mpi/Zhiqing/polaris_ebm/runs_ablation_replay/trajectories/pipe_strict_P8_K100_beta001_lr1e4_seed1_300k,/eagle/lc-mpi/Zhiqing/polaris_ebm/runs_ablation_replay/trajectories/pipe_strict_P8_K100_beta001_lr1e4_seed1_300k/step130000/metrics_compare.json
S2,pipe_strict_P8_K100_beta001_lr1e4_seed1_300k,S2 stage_count factor,pipe_strict,1,135000,117.17134640830096,2.4142414179426375,,/eagle/lc-mpi/Zhiqing/polaris_ebm/runs_ablation_replay/trajectories/pipe_strict_P8_K100_beta001_lr1e4_seed1_300k,/eagle/lc-mpi/Zhiqing/polaris_ebm/runs_ablation_replay/trajectories/pipe_strict_P8_K100_beta001_lr1e4_seed1_300k/step135000/metrics_compare.json
S2,pipe_strict_P8_K100_beta001_lr1e4_seed1_300k,S2 stage_count factor,pipe_strict,1,140000,89.9516796176863,0.9745861940700635,,/eagle/lc-mpi/Zhiqing/polaris_ebm/runs_ablation_replay/trajectories/pipe_strict_P8_K100_beta001_lr1e4_seed1_300k,/eagle/lc-mpi/Zhiqing/polaris_ebm/runs_ablation_replay/trajectories/pipe_strict_P8_K100_beta001_lr1e4_seed1_300k/step140000/metrics_compare.json
S2,pipe_strict_P8_K100_beta001_lr1e4_seed1_300k,S2 stage_count factor,pipe_strict,1,145000,81.63269085903892,1.3181492350706527,,/eagle/lc-mpi/Zhiqing/polaris_ebm/runs_ablation_replay/trajectories/pipe_strict_P8_K100_beta001_lr1e4_seed1_300k,/eagle/lc-mpi/Zhiqing/polaris_ebm/runs_ablation_replay/trajectories/pipe_strict_P8_K100_beta001_lr1e4_seed1_300k/step145000/metrics_compare.json
S2,pipe_strict_P8_K100_beta001_lr1e4_seed1_300k,S2 stage_count factor,pipe_strict,1,150000,127.79218815941329,4.208202031767449,,/eagle/lc-mpi/Zhiqing/polaris_ebm/runs_ablation_replay/trajectories/pipe_strict_P8_K100_beta001_lr1e4_seed1_300k,/eagle/lc-mpi/Zhiqing/polaris_ebm/runs_ablation_replay/trajectories/pipe_strict_P8_K100_beta001_lr1e4_seed1_300k/step150000/metrics_compare.json
S2,pipe_strict_P8_K100_beta001_lr1e4_seed1_300k,S2 stage_count factor,pipe_strict,1,155000,105.55146965540536,3.4607869689412745,,/eagle/lc-mpi/Zhiqing/polaris_ebm/runs_ablation_replay/trajectories/pipe_strict_P8_K100_beta001_lr1e4_seed1_300k,/eagle/lc-mpi/Zhiqing/polaris_ebm/runs_ablation_replay/trajectories/pipe_strict_P8_K100_beta001_lr1e4_seed1_300k/step155000/metrics_compare.json
S2,pipe_strict_P8_K100_beta001_lr1e4_seed1_300k,S2 stage_count factor,pipe_strict,1,160000,93.08267107404947,4.8755698856089005,,/eagle/lc-mpi/Zhiqing/polaris_ebm/runs_ablation_replay/trajectories/pipe_strict_P8_K100_beta001_lr1e4_seed1_300k,/eagle/lc-mpi/Zhiqing/polaris_ebm/runs_ablation_replay/trajectories/pipe_strict_P8_K100_beta001_lr1e4_seed1_300k/step160000/metrics_compare.json
S2,pipe_strict_P8_K100_beta001_lr1e4_seed1_300k,S2 stage_count factor,pipe_strict,1,165000,94.75154396836456,1.4174267702938401,,/eagle/lc-mpi/Zhiqing/polaris_ebm/runs_ablation_replay/trajectories/pipe_strict_P8_K100_beta001_lr1e4_seed1_300k,/eagle/lc-mpi/Zhiqing/polaris_ebm/runs_ablation_replay/trajectories/pipe_strict_P8_K100_beta001_lr1e4_seed1_300k/step165000/metrics_compare.json
S2,pipe_strict_P8_K100_beta001_lr1e4_seed1_300k,S2 stage_count factor,pipe_strict,1,170000,105.21627517120919,2.326134629369161,,/eagle/lc-mpi/Zhiqing/polaris_ebm/runs_ablation_replay/trajectories/pipe_strict_P8_K100_beta001_lr1e4_seed1_300k,/eagle/lc-mpi/Zhiqing/polaris_ebm/runs_ablation_replay/trajectories/pipe_strict_P8_K100_beta001_lr1e4_seed1_300k/step170000/metrics_compare.json
S2,pipe_strict_P8_K100_beta001_lr1e4_seed1_300k,S2 stage_count factor,pipe_strict,1,175000,78.96566438300175,3.0369900646148693,,/eagle/lc-mpi/Zhiqing/polaris_ebm/runs_ablation_replay/trajectories/pipe_strict_P8_K100_beta001_lr1e4_seed1_300k,/eagle/lc-mpi/Zhiqing/polaris_ebm/runs_ablation_replay/trajectories/pipe_strict_P8_K100_beta001_lr1e4_seed1_300k/step175000/metrics_compare.json
S2,pipe_strict_P8_K100_beta001_lr1e4_seed1_300k,S2 stage_count factor,pipe_strict,1,180000,93.70281255528141,1.13804003104606,,/eagle/lc-mpi/Zhiqing/polaris_ebm/runs_ablation_replay/trajectories/pipe_strict_P8_K100_beta001_lr1e4_seed1_300k,/eagle/lc-mpi/Zhiqing/polaris_ebm/runs_ablation_replay/trajectories/pipe_strict_P8_K100_beta001_lr1e4_seed1_300k/step180000/metrics_compare.json
S2,pipe_strict_P8_K100_beta001_lr1e4_seed1_300k,S2 stage_count factor,pipe_strict,1,185000,97.89413378603302,2.2443687096103524,,/eagle/lc-mpi/Zhiqing/polaris_ebm/runs_ablation_replay/trajectories/pipe_strict_P8_K100_beta001_lr1e4_seed1_300k,/eagle/lc-mpi/Zhiqing/polaris_ebm/runs_ablation_replay/trajectories/pipe_strict_P8_K100_beta001_lr1e4_seed1_300k/step185000/metrics_compare.json
S2,pipe_strict_P8_K100_beta001_lr1e4_seed1_300k,S2 stage_count factor,pipe_strict,1,190000,125.70592192811665,1.8522307855505158,,/eagle/lc-mpi/Zhiqing/polaris_ebm/runs_ablation_replay/trajectories/pipe_strict_P8_K100_beta001_lr1e4_seed1_300k,/eagle/lc-mpi/Zhiqing/polaris_ebm/runs_ablation_replay/trajectories/pipe_strict_P8_K100_beta001_lr1e4_seed1_300k/step190000/metrics_compare.json
S2,pipe_strict_P8_K100_beta001_lr1e4_seed1_300k,S2 stage_count factor,pipe_strict,1,195000,80.28231853153409,3.2134513897252432,,/eagle/lc-mpi/Zhiqing/polaris_ebm/runs_ablation_replay/trajectories/pipe_strict_P8_K100_beta001_lr1e4_seed1_300k,/eagle/lc-mpi/Zhiqing/polaris_ebm/runs_ablation_replay/trajectories/pipe_strict_P8_K100_beta001_lr1e4_seed1_300k/step195000/metrics_compare.json
S2,pipe_strict_P8_K100_beta001_lr1e4_seed1_300k,S2 stage_count factor,pipe_strict,1,200000,77.48700665991782,2.360544774186028,,/eagle/lc-mpi/Zhiqing/polaris_ebm/runs_ablation_replay/trajectories/pipe_strict_P8_K100_beta001_lr1e4_seed1_300k,/eagle/lc-mpi/Zhiqing/polaris_ebm/runs_ablation_replay/trajectories/pipe_strict_P8_K100_beta001_lr1e4_seed1_300k/step200000/metrics_compare.json
S2,pipe_strict_P8_K100_beta001_lr1e4_seed1_300k,S2 stage_count factor,pipe_strict,1,205000,79.55877310824883,6.621471384280621,,/eagle/lc-mpi/Zhiqing/polaris_ebm/runs_ablation_replay/trajectories/pipe_strict_P8_K100_beta001_lr1e4_seed1_300k,/eagle/lc-mpi/Zhiqing/polaris_ebm/runs_ablation_replay/trajectories/pipe_strict_P8_K100_beta001_lr1e4_seed1_300k/step205000/metrics_compare.json
S2,pipe_strict_P8_K100_beta001_lr1e4_seed1_300k,S2 stage_count factor,pipe_strict,1,210000,91.69369433689093,3.444177782484008,,/eagle/lc-mpi/Zhiqing/polaris_ebm/runs_ablation_replay/trajectories/pipe_strict_P8_K100_beta001_lr1e4_seed1_300k,/eagle/lc-mpi/Zhiqing/polaris_ebm/runs_ablation_replay/trajectories/pipe_strict_P8_K100_beta001_lr1e4_seed1_300k/step210000/metrics_compare.json
S2,pipe_strict_P8_K100_beta001_lr1e4_seed1_300k,S2 stage_count factor,pipe_strict,1,215000,111.20366753638558,2.5436872257610634,,/eagle/lc-mpi/Zhiqing/polaris_ebm/runs_ablation_replay/trajectories/pipe_strict_P8_K100_beta001_lr1e4_seed1_300k,/eagle/lc-mpi/Zhiqing/polaris_ebm/runs_ablation_replay/trajectories/pipe_strict_P8_K100_beta001_lr1e4_seed1_300k/step215000/metrics_compare.json
S2,pipe_strict_P8_K100_beta001_lr1e4_seed1_300k,S2 stage_count factor,pipe_strict,1,220000,78.65057644055844,3.235342107058827,,/eagle/lc-mpi/Zhiqing/polaris_ebm/runs_ablation_replay/trajectories/pipe_strict_P8_K100_beta001_lr1e4_seed1_300k,/eagle/lc-mpi/Zhiqing/polaris_ebm/runs_ablation_replay/trajectories/pipe_strict_P8_K100_beta001_lr1e4_seed1_300k/step220000/metrics_compare.json
S2,pipe_strict_P8_K100_beta001_lr1e4_seed1_300k,S2 stage_count factor,pipe_strict,1,225000,101.99794390574158,0.9179369955872154,,/eagle/lc-mpi/Zhiqing/polaris_ebm/runs_ablation_replay/trajectories/pipe_strict_P8_K100_beta001_lr1e4_seed1_300k,/eagle/lc-mpi/Zhiqing/polaris_ebm/runs_ablation_replay/trajectories/pipe_strict_P8_K100_beta001_lr1e4_seed1_300k/step225000/metrics_compare.json
S2,pipe_strict_P8_K100_beta001_lr1e4_seed1_300k,S2 stage_count factor,pipe_strict,1,230000,69.156173487138,2.3164785052887567,,/eagle/lc-mpi/Zhiqing/polaris_ebm/runs_ablation_replay/trajectories/pipe_strict_P8_K100_beta001_lr1e4_seed1_300k,/eagle/lc-mpi/Zhiqing/polaris_ebm/runs_ablation_replay/trajectories/pipe_strict_P8_K100_beta001_lr1e4_seed1_300k/step230000/metrics_compare.json
S2,pipe_strict_P8_K100_beta001_lr1e4_seed1_300k,S2 stage_count factor,pipe_strict,1,235000,110.05154806473627,1.6369667228074967,,/eagle/lc-mpi/Zhiqing/polaris_ebm/runs_ablation_replay/trajectories/pipe_strict_P8_K100_beta001_lr1e4_seed1_300k,/eagle/lc-mpi/Zhiqing/polaris_ebm/runs_ablation_replay/trajectories/pipe_strict_P8_K100_beta001_lr1e4_seed1_300k/step235000/metrics_compare.json
S2,pipe_strict_P8_K100_beta001_lr1e4_seed1_300k,S2 stage_count factor,pipe_strict,1,240000,86.38358791856581,1.7571818545380324,,/eagle/lc-mpi/Zhiqing/polaris_ebm/runs_ablation_replay/trajectories/pipe_strict_P8_K100_beta001_lr1e4_seed1_300k,/eagle/lc-mpi/Zhiqing/polaris_ebm/runs_ablation_replay/trajectories/pipe_strict_P8_K100_beta001_lr1e4_seed1_300k/step240000/metrics_compare.json
S2,pipe_strict_P8_K100_beta001_lr1e4_seed1_300k,S2 stage_count factor,pipe_strict,1,245000,81.33725473025913,2.2532804682750545,,/eagle/lc-mpi/Zhiqing/polaris_ebm/runs_ablation_replay/trajectories/pipe_strict_P8_K100_beta001_lr1e4_seed1_300k,/eagle/lc-mpi/Zhiqing/polaris_ebm/runs_ablation_replay/trajectories/pipe_strict_P8_K100_beta001_lr1e4_seed1_300k/step245000/metrics_compare.json
S2,pipe_strict_P8_K100_beta001_lr1e4_seed1_300k,S2 stage_count factor,pipe_strict,1,250000,94.90600153782555,1.4529677500712026,,/eagle/lc-mpi/Zhiqing/polaris_ebm/runs_ablation_replay/trajectories/pipe_strict_P8_K100_beta001_lr1e4_seed1_300k,/eagle/lc-mpi/Zhiqing/polaris_ebm/runs_ablation_replay/trajectories/pipe_strict_P8_K100_beta001_lr1e4_seed1_300k/step250000/metrics_compare.json
S2,pipe_strict_P8_K100_beta001_lr1e4_seed1_300k,S2 stage_count factor,pipe_strict,1,255000,97.92189758649613,0.746760567031167,,/eagle/lc-mpi/Zhiqing/polaris_ebm/runs_ablation_replay/trajectories/pipe_strict_P8_K100_beta001_lr1e4_seed1_300k,/eagle/lc-mpi/Zhiqing/polaris_ebm/runs_ablation_replay/trajectories/pipe_strict_P8_K100_beta001_lr1e4_seed1_300k/step255000/metrics_compare.json
S2,pipe_strict_P8_K100_beta001_lr1e4_seed1_300k,S2 stage_count factor,pipe_strict,1,260000,95.08680392682953,2.501494933158156,,/eagle/lc-mpi/Zhiqing/polaris_ebm/runs_ablation_replay/trajectories/pipe_strict_P8_K100_beta001_lr1e4_seed1_300k,/eagle/lc-mpi/Zhiqing/polaris_ebm/runs_ablation_replay/trajectories/pipe_strict_P8_K100_beta001_lr1e4_seed1_300k/step260000/metrics_compare.json
S2,pipe_strict_P8_K100_beta001_lr1e4_seed1_300k,S2 stage_count factor,pipe_strict,1,265000,91.04719513143203,1.8515146529931492,,/eagle/lc-mpi/Zhiqing/polaris_ebm/runs_ablation_replay/trajectories/pipe_strict_P8_K100_beta001_lr1e4_seed1_300k,/eagle/lc-mpi/Zhiqing/polaris_ebm/runs_ablation_replay/trajectories/pipe_strict_P8_K100_beta001_lr1e4_seed1_300k/step265000/metrics_compare.json
S2,pipe_strict_P8_K100_beta001_lr1e4_seed1_300k,S2 stage_count factor,pipe_strict,1,270000,98.27486998023909,1.1693943878007609,,/eagle/lc-mpi/Zhiqing/polaris_ebm/runs_ablation_replay/trajectories/pipe_strict_P8_K100_beta001_lr1e4_seed1_300k,/eagle/lc-mpi/Zhiqing/polaris_ebm/runs_ablation_replay/trajectories/pipe_strict_P8_K100_beta001_lr1e4_seed1_300k/step270000/metrics_compare.json
S2,pipe_strict_P8_K100_beta001_lr1e4_seed1_300k,S2 stage_count factor,pipe_strict,1,275000,65.34823163458196,0.6623517034288859,,/eagle/lc-mpi/Zhiqing/polaris_ebm/runs_ablation_replay/trajectories/pipe_strict_P8_K100_beta001_lr1e4_seed1_300k,/eagle/lc-mpi/Zhiqing/polaris_ebm/runs_ablation_replay/trajectories/pipe_strict_P8_K100_beta001_lr1e4_seed1_300k/step275000/metrics_compare.json
S2,pipe_strict_P8_K100_beta001_lr1e4_seed1_300k,S2 stage_count factor,pipe_strict,1,280000,109.35372644996562,3.1003597523230937,,/eagle/lc-mpi/Zhiqing/polaris_ebm/runs_ablation_replay/trajectories/pipe_strict_P8_K100_beta001_lr1e4_seed1_300k,/eagle/lc-mpi/Zhiqing/polaris_ebm/runs_ablation_replay/trajectories/pipe_strict_P8_K100_beta001_lr1e4_seed1_300k/step280000/metrics_compare.json
S2,pipe_strict_P8_K100_beta001_lr1e4_seed1_300k,S2 stage_count factor,pipe_strict,1,285000,84.01780333546122,0.8620250880559865,,/eagle/lc-mpi/Zhiqing/polaris_ebm/runs_ablation_replay/trajectories/pipe_strict_P8_K100_beta001_lr1e4_seed1_300k,/eagle/lc-mpi/Zhiqing/polaris_ebm/runs_ablation_replay/trajectories/pipe_strict_P8_K100_beta001_lr1e4_seed1_300k/step285000/metrics_compare.json
S2,pipe_strict_P8_K100_beta001_lr1e4_seed1_300k,S2 stage_count factor,pipe_strict,1,290000,110.03294003950248,5.26588486421959,,/eagle/lc-mpi/Zhiqing/polaris_ebm/runs_ablation_replay/trajectories/pipe_strict_P8_K100_beta001_lr1e4_seed1_300k,/eagle/lc-mpi/Zhiqing/polaris_ebm/runs_ablation_replay/trajectories/pipe_strict_P8_K100_beta001_lr1e4_seed1_300k/step290000/metrics_compare.json
S2,pipe_strict_P8_K100_beta001_lr1e4_seed1_300k,S2 stage_count factor,pipe_strict,1,295000,123.98834288757308,5.176590534881303,,/eagle/lc-mpi/Zhiqing/polaris_ebm/runs_ablation_replay/trajectories/pipe_strict_P8_K100_beta001_lr1e4_seed1_300k,/eagle/lc-mpi/Zhiqing/polaris_ebm/runs_ablation_replay/trajectories/pipe_strict_P8_K100_beta001_lr1e4_seed1_300k/step295000/metrics_compare.json
S2,pipe_strict_P8_K100_beta001_lr1e4_seed1_300k,S2 stage_count factor,pipe_strict,1,300000,76.59951654305985,2.013062106647496,,/eagle/lc-mpi/Zhiqing/polaris_ebm/runs_ablation_replay/trajectories/pipe_strict_P8_K100_beta001_lr1e4_seed1_300k,/eagle/lc-mpi/Zhiqing/polaris_ebm/runs_ablation_replay/trajectories/pipe_strict_P8_K100_beta001_lr1e4_seed1_300k/step300000/metrics_compare.json
S1,single_pipe_emul_P4_K100_beta001_seed1_300k,S1 single_gpu mechanism,single_pipe_emul,1,5000,198.14085511688418,2.611667705935087,,/eagle/lc-mpi/Zhiqing/polaris_ebm/runs_ablation_replay/trajectories/single_pipe_emul_P4_K100_beta001_seed1_300k,/eagle/lc-mpi/Zhiqing/polaris_ebm/runs_ablation_replay/trajectories/single_pipe_emul_P4_K100_beta001_seed1_300k/step005000/metrics_compare.json
S1,single_pipe_emul_P4_K100_beta001_seed1_300k,S1 single_gpu mechanism,single_pipe_emul,1,10000,154.06585942124076,5.8711015077989614,,/eagle/lc-mpi/Zhiqing/polaris_ebm/runs_ablation_replay/trajectories/single_pipe_emul_P4_K100_beta001_seed1_300k,/eagle/lc-mpi/Zhiqing/polaris_ebm/runs_ablation_replay/trajectories/single_pipe_emul_P4_K100_beta001_seed1_300k/step010000/metrics_compare.json
S1,single_pipe_emul_P4_K100_beta001_seed1_300k,S1 single_gpu mechanism,single_pipe_emul,1,15000,143.07742958156413,3.0661470539573656,,/eagle/lc-mpi/Zhiqing/polaris_ebm/runs_ablation_replay/trajectories/single_pipe_emul_P4_K100_beta001_seed1_300k,/eagle/lc-mpi/Zhiqing/polaris_ebm/runs_ablation_replay/trajectories/single_pipe_emul_P4_K100_beta001_seed1_300k/step015000/metrics_compare.json
S1,single_pipe_emul_P4_K100_beta001_seed1_300k,S1 single_gpu mechanism,single_pipe_emul,1,20000,111.46643610471205,1.4617664966660193,,/eagle/lc-mpi/Zhiqing/polaris_ebm/runs_ablation_replay/trajectories/single_pipe_emul_P4_K100_beta001_seed1_300k,/eagle/lc-mpi/Zhiqing/polaris_ebm/runs_ablation_replay/trajectories/single_pipe_emul_P4_K100_beta001_seed1_300k/step020000/metrics_compare.json
S1,single_pipe_emul_P4_K100_beta001_seed1_300k,S1 single_gpu mechanism,single_pipe_emul,1,25000,107.21260448888916,0.9239356315447793,,/eagle/lc-mpi/Zhiqing/polaris_ebm/runs_ablation_replay/trajectories/single_pipe_emul_P4_K100_beta001_seed1_300k,/eagle/lc-mpi/Zhiqing/polaris_ebm/runs_ablation_replay/trajectories/single_pipe_emul_P4_K100_beta001_seed1_300k/step025000/metrics_compare.json
S1,single_pipe_emul_P4_K100_beta001_seed1_300k,S1 single_gpu mechanism,single_pipe_emul,1,30000,100.5107336717993,3.1506690400492197,,/eagle/lc-mpi/Zhiqing/polaris_ebm/runs_ablation_replay/trajectories/single_pipe_emul_P4_K100_beta001_seed1_300k,/eagle/lc-mpi/Zhiqing/polaris_ebm/runs_ablation_replay/trajectories/single_pipe_emul_P4_K100_beta001_seed1_300k/step030000/metrics_compare.json
S1,single_pipe_emul_P4_K100_beta001_seed1_300k,S1 single_gpu mechanism,single_pipe_emul,1,35000,119.56696397538104,4.608479158423936,,/eagle/lc-mpi/Zhiqing/polaris_ebm/runs_ablation_replay/trajectories/single_pipe_emul_P4_K100_beta001_seed1_300k,/eagle/lc-mpi/Zhiqing/polaris_ebm/runs_ablation_replay/trajectories/single_pipe_emul_P4_K100_beta001_seed1_300k/step035000/metrics_compare.json
S1,single_pipe_emul_P4_K100_beta001_seed1_300k,S1 single_gpu mechanism,single_pipe_emul,1,40000,108.1262198874224,5.742085491541966,,/eagle/lc-mpi/Zhiqing/polaris_ebm/runs_ablation_replay/trajectories/single_pipe_emul_P4_K100_beta001_seed1_300k,/eagle/lc-mpi/Zhiqing/polaris_ebm/runs_ablation_replay/trajectories/single_pipe_emul_P4_K100_beta001_seed1_300k/step040000/metrics_compare.json
S1,single_pipe_emul_P4_K100_beta001_seed1_300k,S1 single_gpu mechanism,single_pipe_emul,1,45000,139.5618018062955,4.910805543200933,,/eagle/lc-mpi/Zhiqing/polaris_ebm/runs_ablation_replay/trajectories/single_pipe_emul_P4_K100_beta001_seed1_300k,/eagle/lc-mpi/Zhiqing/polaris_ebm/runs_ablation_replay/trajectories/single_pipe_emul_P4_K100_beta001_seed1_300k/step045000/metrics_compare.json
S1,single_pipe_emul_P4_K100_beta001_seed1_300k,S1 single_gpu mechanism,single_pipe_emul,1,50000,87.15666684717303,1.1080628401549681,,/eagle/lc-mpi/Zhiqing/polaris_ebm/runs_ablation_replay/trajectories/single_pipe_emul_P4_K100_beta001_seed1_300k,/eagle/lc-mpi/Zhiqing/polaris_ebm/runs_ablation_replay/trajectories/single_pipe_emul_P4_K100_beta001_seed1_300k/step050000/metrics_compare.json
S1,single_pipe_emul_P4_K100_beta001_seed1_300k,S1 single_gpu mechanism,single_pipe_emul,1,55000,94.11414377175748,1.1979793848544595,,/eagle/lc-mpi/Zhiqing/polaris_ebm/runs_ablation_replay/trajectories/single_pipe_emul_P4_K100_beta001_seed1_300k,/eagle/lc-mpi/Zhiqing/polaris_ebm/runs_ablation_replay/trajectories/single_pipe_emul_P4_K100_beta001_seed1_300k/step055000/metrics_compare.json
S1,single_pipe_emul_P4_K100_beta001_seed1_300k,S1 single_gpu mechanism,single_pipe_emul,1,60000,79.06769411163356,2.1967122985270215,,/eagle/lc-mpi/Zhiqing/polaris_ebm/runs_ablation_replay/trajectories/single_pipe_emul_P4_K100_beta001_seed1_300k,/eagle/lc-mpi/Zhiqing/polaris_ebm/runs_ablation_replay/trajectories/single_pipe_emul_P4_K100_beta001_seed1_300k/step060000/metrics_compare.json
S1,single_pipe_emul_P4_K100_beta001_seed1_300k,S1 single_gpu mechanism,single_pipe_emul,1,65000,86.45700370553271,2.37786441677056,,/eagle/lc-mpi/Zhiqing/polaris_ebm/runs_ablation_replay/trajectories/single_pipe_emul_P4_K100_beta001_seed1_300k,/eagle/lc-mpi/Zhiqing/polaris_ebm/runs_ablation_replay/trajectories/single_pipe_emul_P4_K100_beta001_seed1_300k/step065000/metrics_compare.json
S1,single_pipe_emul_P4_K100_beta001_seed1_300k,S1 single_gpu mechanism,single_pipe_emul,1,70000,89.14444434063665,1.3439042197535613,,/eagle/lc-mpi/Zhiqing/polaris_ebm/runs_ablation_replay/trajectories/single_pipe_emul_P4_K100_beta001_seed1_300k,/eagle/lc-mpi/Zhiqing/polaris_ebm/runs_ablation_replay/trajectories/single_pipe_emul_P4_K100_beta001_seed1_300k/step070000/metrics_compare.json
S1,single_pipe_emul_P4_K100_beta001_seed1_300k,S1 single_gpu mechanism,single_pipe_emul,1,75000,79.33746386126074,4.770666036141925,,/eagle/lc-mpi/Zhiqing/polaris_ebm/runs_ablation_replay/trajectories/single_pipe_emul_P4_K100_beta001_seed1_300k,/eagle/lc-mpi/Zhiqing/polaris_ebm/runs_ablation_replay/trajectories/single_pipe_emul_P4_K100_beta001_seed1_300k/step075000/metrics_compare.json
S1,single_pipe_emul_P4_K100_beta001_seed1_300k,S1 single_gpu mechanism,single_pipe_emul,1,80000,75.8695323488086,1.5841715109181678,,/eagle/lc-mpi/Zhiqing/polaris_ebm/runs_ablation_replay/trajectories/single_pipe_emul_P4_K100_beta001_seed1_300k,/eagle/lc-mpi/Zhiqing/polaris_ebm/runs_ablation_replay/trajectories/single_pipe_emul_P4_K100_beta001_seed1_300k/step080000/metrics_compare.json
S1,single_pipe_emul_P4_K100_beta001_seed1_300k,S1 single_gpu mechanism,single_pipe_emul,1,85000,78.045505402495,1.3131361396302381,,/eagle/lc-mpi/Zhiqing/polaris_ebm/runs_ablation_replay/trajectories/single_pipe_emul_P4_K100_beta001_seed1_300k,/eagle/lc-mpi/Zhiqing/polaris_ebm/runs_ablation_replay/trajectories/single_pipe_emul_P4_K100_beta001_seed1_300k/step085000/metrics_compare.json
S1,single_pipe_emul_P4_K100_beta001_seed1_300k,S1 single_gpu mechanism,single_pipe_emul,1,90000,75.72319922031431,1.6764246466924249,,/eagle/lc-mpi/Zhiqing/polaris_ebm/runs_ablation_replay/trajectories/single_pipe_emul_P4_K100_beta001_seed1_300k,/eagle/lc-mpi/Zhiqing/polaris_ebm/runs_ablation_replay/trajectories/single_pipe_emul_P4_K100_beta001_seed1_300k/step090000/metrics_compare.json
S1,single_pipe_emul_P4_K100_beta001_seed1_300k,S1 single_gpu mechanism,single_pipe_emul,1,95000,94.45945042793096,0.6576849342205939,,/eagle/lc-mpi/Zhiqing/polaris_ebm/runs_ablation_replay/trajectories/single_pipe_emul_P4_K100_beta001_seed1_300k,/eagle/lc-mpi/Zhiqing/polaris_ebm/runs_ablation_replay/trajectories/single_pipe_emul_P4_K100_beta001_seed1_300k/step095000/metrics_compare.json
S1,single_pipe_emul_P4_K100_beta001_seed1_300k,S1 single_gpu mechanism,single_pipe_emul,1,100000,82.45538316369749,1.9185836065814605,,/eagle/lc-mpi/Zhiqing/polaris_ebm/runs_ablation_replay/trajectories/single_pipe_emul_P4_K100_beta001_seed1_300k,/eagle/lc-mpi/Zhiqing/polaris_ebm/runs_ablation_replay/trajectories/single_pipe_emul_P4_K100_beta001_seed1_300k/step100000/metrics_compare.json
S1,single_pipe_emul_P4_K100_beta001_seed1_300k,S1 single_gpu mechanism,single_pipe_emul,1,105000,67.15352010194158,1.2708168401480755,,/eagle/lc-mpi/Zhiqing/polaris_ebm/runs_ablation_replay/trajectories/single_pipe_emul_P4_K100_beta001_seed1_300k,/eagle/lc-mpi/Zhiqing/polaris_ebm/runs_ablation_replay/trajectories/single_pipe_emul_P4_K100_beta001_seed1_300k/step105000/metrics_compare.json
S1,single_pipe_emul_P4_K100_beta001_seed1_300k,S1 single_gpu mechanism,single_pipe_emul,1,110000,92.12156703423528,0.6833953936671513,,/eagle/lc-mpi/Zhiqing/polaris_ebm/runs_ablation_replay/trajectories/single_pipe_emul_P4_K100_beta001_seed1_300k,/eagle/lc-mpi/Zhiqing/polaris_ebm/runs_ablation_replay/trajectories/single_pipe_emul_P4_K100_beta001_seed1_300k/step110000/metrics_compare.json
S1,single_pipe_emul_P4_K100_beta001_seed1_300k,S1 single_gpu mechanism,single_pipe_emul,1,115000,97.89848400130234,1.2206934775432465,,/eagle/lc-mpi/Zhiqing/polaris_ebm/runs_ablation_replay/trajectories/single_pipe_emul_P4_K100_beta001_seed1_300k,/eagle/lc-mpi/Zhiqing/polaris_ebm/runs_ablation_replay/trajectories/single_pipe_emul_P4_K100_beta001_seed1_300k/step115000/metrics_compare.json
S1,single_pipe_emul_P4_K100_beta001_seed1_300k,S1 single_gpu mechanism,single_pipe_emul,1,120000,76.22492398295822,0.7295612996198173,,/eagle/lc-mpi/Zhiqing/polaris_ebm/runs_ablation_replay/trajectories/single_pipe_emul_P4_K100_beta001_seed1_300k,/eagle/lc-mpi/Zhiqing/polaris_ebm/runs_ablation_replay/trajectories/single_pipe_emul_P4_K100_beta001_seed1_300k/step120000/metrics_compare.json
S1,single_pipe_emul_P4_K100_beta001_seed1_300k,S1 single_gpu mechanism,single_pipe_emul,1,125000,63.745127351819804,0.8231389189203036,,/eagle/lc-mpi/Zhiqing/polaris_ebm/runs_ablation_replay/trajectories/single_pipe_emul_P4_K100_beta001_seed1_300k,/eagle/lc-mpi/Zhiqing/polaris_ebm/runs_ablation_replay/trajectories/single_pipe_emul_P4_K100_beta001_seed1_300k/step125000/metrics_compare.json
S1,single_pipe_emul_P4_K100_beta001_seed1_300k,S1 single_gpu mechanism,single_pipe_emul,1,130000,95.44347348784055,1.839735602225133,,/eagle/lc-mpi/Zhiqing/polaris_ebm/runs_ablation_replay/trajectories/single_pipe_emul_P4_K100_beta001_seed1_300k,/eagle/lc-mpi/Zhiqing/polaris_ebm/runs_ablation_replay/trajectories/single_pipe_emul_P4_K100_beta001_seed1_300k/step130000/metrics_compare.json
S1,single_pipe_emul_P4_K100_beta001_seed1_300k,S1 single_gpu mechanism,single_pipe_emul,1,135000,72.65538789342611,0.847261912047987,,/eagle/lc-mpi/Zhiqing/polaris_ebm/runs_ablation_replay/trajectories/single_pipe_emul_P4_K100_beta001_seed1_300k,/eagle/lc-mpi/Zhiqing/polaris_ebm/runs_ablation_replay/trajectories/single_pipe_emul_P4_K100_beta001_seed1_300k/step135000/metrics_compare.json
S1,single_pipe_emul_P4_K100_beta001_seed1_300k,S1 single_gpu mechanism,single_pipe_emul,1,140000,104.14972600803708,0.8626441452071916,,/eagle/lc-mpi/Zhiqing/polaris_ebm/runs_ablation_replay/trajectories/single_pipe_emul_P4_K100_beta001_seed1_300k,/eagle/lc-mpi/Zhiqing/polaris_ebm/runs_ablation_replay/trajectories/single_pipe_emul_P4_K100_beta001_seed1_300k/step140000/metrics_compare.json
S1,single_pipe_emul_P4_K100_beta001_seed1_300k,S1 single_gpu mechanism,single_pipe_emul,1,145000,94.53276712650825,0.6859615640873926,,/eagle/lc-mpi/Zhiqing/polaris_ebm/runs_ablation_replay/trajectories/single_pipe_emul_P4_K100_beta001_seed1_300k,/eagle/lc-mpi/Zhiqing/polaris_ebm/runs_ablation_replay/trajectories/single_pipe_emul_P4_K100_beta001_seed1_300k/step145000/metrics_compare.json
S1,single_pipe_emul_P4_K100_beta001_seed1_300k,S1 single_gpu mechanism,single_pipe_emul,1,150000,59.535658075338745,1.9193573588774164,,/eagle/lc-mpi/Zhiqing/polaris_ebm/runs_ablation_replay/trajectories/single_pipe_emul_P4_K100_beta001_seed1_300k,/eagle/lc-mpi/Zhiqing/polaris_ebm/runs_ablation_replay/trajectories/single_pipe_emul_P4_K100_beta001_seed1_300k/step150000/metrics_compare.json
S1,single_pipe_emul_P4_K100_beta001_seed1_300k,S1 single_gpu mechanism,single_pipe_emul,1,155000,70.98072107826414,1.1748437680930444,,/eagle/lc-mpi/Zhiqing/polaris_ebm/runs_ablation_replay/trajectories/single_pipe_emul_P4_K100_beta001_seed1_300k,/eagle/lc-mpi/Zhiqing/polaris_ebm/runs_ablation_replay/trajectories/single_pipe_emul_P4_K100_beta001_seed1_300k/step155000/metrics_compare.json
S1,single_pipe_emul_P4_K100_beta001_seed1_300k,S1 single_gpu mechanism,single_pipe_emul,1,160000,69.38860014700009,1.2498946788631144,,/eagle/lc-mpi/Zhiqing/polaris_ebm/runs_ablation_replay/trajectories/single_pipe_emul_P4_K100_beta001_seed1_300k,/eagle/lc-mpi/Zhiqing/polaris_ebm/runs_ablation_replay/trajectories/single_pipe_emul_P4_K100_beta001_seed1_300k/step160000/metrics_compare.json
S1,single_pipe_emul_P4_K100_beta001_seed1_300k,S1 single_gpu mechanism,single_pipe_emul,1,165000,76.9999961210662,0.3781672577477835,,/eagle/lc-mpi/Zhiqing/polaris_ebm/runs_ablation_replay/trajectories/single_pipe_emul_P4_K100_beta001_seed1_300k,/eagle/lc-mpi/Zhiqing/polaris_ebm/runs_ablation_replay/trajectories/single_pipe_emul_P4_K100_beta001_seed1_300k/step165000/metrics_compare.json
S1,single_pipe_emul_P4_K100_beta001_seed1_300k,S1 single_gpu mechanism,single_pipe_emul,1,170000,87.09791796827528,1.2902186061564436,,/eagle/lc-mpi/Zhiqing/polaris_ebm/runs_ablation_replay/trajectories/single_pipe_emul_P4_K100_beta001_seed1_300k,/eagle/lc-mpi/Zhiqing/polaris_ebm/runs_ablation_replay/trajectories/single_pipe_emul_P4_K100_beta001_seed1_300k/step170000/metrics_compare.json
S1,single_pipe_emul_P4_K100_beta001_seed1_300k,S1 single_gpu mechanism,single_pipe_emul,1,175000,99.44595090072238,1.0170987037809454,,/eagle/lc-mpi/Zhiqing/polaris_ebm/runs_ablation_replay/trajectories/single_pipe_emul_P4_K100_beta001_seed1_300k,/eagle/lc-mpi/Zhiqing/polaris_ebm/runs_ablation_replay/trajectories/single_pipe_emul_P4_K100_beta001_seed1_300k/step175000/metrics_compare.json
S1,single_pipe_emul_P4_K100_beta001_seed1_300k,S1 single_gpu mechanism,single_pipe_emul,1,180000,107.47331219573044,0.9836204191377078,,/eagle/lc-mpi/Zhiqing/polaris_ebm/runs_ablation_replay/trajectories/single_pipe_emul_P4_K100_beta001_seed1_300k,/eagle/lc-mpi/Zhiqing/polaris_ebm/runs_ablation_replay/trajectories/single_pipe_emul_P4_K100_beta001_seed1_300k/step180000/metrics_compare.json
S1,single_pipe_emul_P4_K100_beta001_seed1_300k,S1 single_gpu mechanism,single_pipe_emul,1,185000,70.53408131695988,0.7738998155334151,,/eagle/lc-mpi/Zhiqing/polaris_ebm/runs_ablation_replay/trajectories/single_pipe_emul_P4_K100_beta001_seed1_300k,/eagle/lc-mpi/Zhiqing/polaris_ebm/runs_ablation_replay/trajectories/single_pipe_emul_P4_K100_beta001_seed1_300k/step185000/metrics_compare.json
S1,single_pipe_emul_P4_K100_beta001_seed1_300k,S1 single_gpu mechanism,single_pipe_emul,1,190000,75.13079676471665,1.6764621652693883,,/eagle/lc-mpi/Zhiqing/polaris_ebm/runs_ablation_replay/trajectories/single_pipe_emul_P4_K100_beta001_seed1_300k,/eagle/lc-mpi/Zhiqing/polaris_ebm/runs_ablation_replay/trajectories/single_pipe_emul_P4_K100_beta001_seed1_300k/step190000/metrics_compare.json
S1,single_pipe_emul_P4_K100_beta001_seed1_300k,S1 single_gpu mechanism,single_pipe_emul,1,195000,88.06143826988944,1.2614459959168798,,/eagle/lc-mpi/Zhiqing/polaris_ebm/runs_ablation_replay/trajectories/single_pipe_emul_P4_K100_beta001_seed1_300k,/eagle/lc-mpi/Zhiqing/polaris_ebm/runs_ablation_replay/trajectories/single_pipe_emul_P4_K100_beta001_seed1_300k/step195000/metrics_compare.json
S1,single_pipe_emul_P4_K100_beta001_seed1_300k,S1 single_gpu mechanism,single_pipe_emul,1,200000,91.94256787365237,5.6957413815064655,,/eagle/lc-mpi/Zhiqing/polaris_ebm/runs_ablation_replay/trajectories/single_pipe_emul_P4_K100_beta001_seed1_300k,/eagle/lc-mpi/Zhiqing/polaris_ebm/runs_ablation_replay/trajectories/single_pipe_emul_P4_K100_beta001_seed1_300k/step200000/metrics_compare.json
S1,single_pipe_emul_P4_K100_beta001_seed1_300k,S1 single_gpu mechanism,single_pipe_emul,1,205000,85.93304772706097,0.635089877622125,,/eagle/lc-mpi/Zhiqing/polaris_ebm/runs_ablation_replay/trajectories/single_pipe_emul_P4_K100_beta001_seed1_300k,/eagle/lc-mpi/Zhiqing/polaris_ebm/runs_ablation_replay/trajectories/single_pipe_emul_P4_K100_beta001_seed1_300k/step205000/metrics_compare.json
S1,single_pipe_emul_P4_K100_beta001_seed1_300k,S1 single_gpu mechanism,single_pipe_emul,1,210000,88.70709574963507,2.3274945229624393,,/eagle/lc-mpi/Zhiqing/polaris_ebm/runs_ablation_replay/trajectories/single_pipe_emul_P4_K100_beta001_seed1_300k,/eagle/lc-mpi/Zhiqing/polaris_ebm/runs_ablation_replay/trajectories/single_pipe_emul_P4_K100_beta001_seed1_300k/step210000/metrics_compare.json
S1,single_pipe_emul_P4_K100_beta001_seed1_300k,S1 single_gpu mechanism,single_pipe_emul,1,215000,91.28945383747225,2.1559037004377117,,/eagle/lc-mpi/Zhiqing/polaris_ebm/runs_ablation_replay/trajectories/single_pipe_emul_P4_K100_beta001_seed1_300k,/eagle/lc-mpi/Zhiqing/polaris_ebm/runs_ablation_replay/trajectories/single_pipe_emul_P4_K100_beta001_seed1_300k/step215000/metrics_compare.json
S1,single_pipe_emul_P4_K100_beta001_seed1_300k,S1 single_gpu mechanism,single_pipe_emul,1,220000,88.96377312736104,2.495926837881928,,/eagle/lc-mpi/Zhiqing/polaris_ebm/runs_ablation_replay/trajectories/single_pipe_emul_P4_K100_beta001_seed1_300k,/eagle/lc-mpi/Zhiqing/polaris_ebm/runs_ablation_replay/trajectories/single_pipe_emul_P4_K100_beta001_seed1_300k/step220000/metrics_compare.json
S1,single_pipe_emul_P4_K100_beta001_seed1_300k,S1 single_gpu mechanism,single_pipe_emul,1,225000,110.58161428587641,2.667877547133184,,/eagle/lc-mpi/Zhiqing/polaris_ebm/runs_ablation_replay/trajectories/single_pipe_emul_P4_K100_beta001_seed1_300k,/eagle/lc-mpi/Zhiqing/polaris_ebm/runs_ablation_replay/trajectories/single_pipe_emul_P4_K100_beta001_seed1_300k/step225000/metrics_compare.json
S1,single_pipe_emul_P4_K100_beta001_seed1_300k,S1 single_gpu mechanism,single_pipe_emul,1,230000,60.62017097465264,0.9422508161387917,,/eagle/lc-mpi/Zhiqing/polaris_ebm/runs_ablation_replay/trajectories/single_pipe_emul_P4_K100_beta001_seed1_300k,/eagle/lc-mpi/Zhiqing/polaris_ebm/runs_ablation_replay/trajectories/single_pipe_emul_P4_K100_beta001_seed1_300k/step230000/metrics_compare.json
S1,single_pipe_emul_P4_K100_beta001_seed1_300k,S1 single_gpu mechanism,single_pipe_emul,1,235000,80.94718777522098,1.8978536299461304,,/eagle/lc-mpi/Zhiqing/polaris_ebm/runs_ablation_replay/trajectories/single_pipe_emul_P4_K100_beta001_seed1_300k,/eagle/lc-mpi/Zhiqing/polaris_ebm/runs_ablation_replay/trajectories/single_pipe_emul_P4_K100_beta001_seed1_300k/step235000/metrics_compare.json
S1,single_pipe_emul_P4_K100_beta001_seed1_300k,S1 single_gpu mechanism,single_pipe_emul,1,240000,77.92065848637242,0.6775085096621183,,/eagle/lc-mpi/Zhiqing/polaris_ebm/runs_ablation_replay/trajectories/single_pipe_emul_P4_K100_beta001_seed1_300k,/eagle/lc-mpi/Zhiqing/polaris_ebm/runs_ablation_replay/trajectories/single_pipe_emul_P4_K100_beta001_seed1_300k/step240000/metrics_compare.json
S1,single_pipe_emul_P4_K100_beta001_seed1_300k,S1 single_gpu mechanism,single_pipe_emul,1,245000,81.10102234981491,0.7233822276823965,,/eagle/lc-mpi/Zhiqing/polaris_ebm/runs_ablation_replay/trajectories/single_pipe_emul_P4_K100_beta001_seed1_300k,/eagle/lc-mpi/Zhiqing/polaris_ebm/runs_ablation_replay/trajectories/single_pipe_emul_P4_K100_beta001_seed1_300k/step245000/metrics_compare.json
S1,single_pipe_emul_P4_K100_beta001_seed1_300k,S1 single_gpu mechanism,single_pipe_emul,1,250000,78.88213943277373,1.004072881265813,,/eagle/lc-mpi/Zhiqing/polaris_ebm/runs_ablation_replay/trajectories/single_pipe_emul_P4_K100_beta001_seed1_300k,/eagle/lc-mpi/Zhiqing/polaris_ebm/runs_ablation_replay/trajectories/single_pipe_emul_P4_K100_beta001_seed1_300k/step250000/metrics_compare.json
S1,single_pipe_emul_P4_K100_beta001_seed1_300k,S1 single_gpu mechanism,single_pipe_emul,1,255000,67.27644187707187,1.398900150102559,,/eagle/lc-mpi/Zhiqing/polaris_ebm/runs_ablation_replay/trajectories/single_pipe_emul_P4_K100_beta001_seed1_300k,/eagle/lc-mpi/Zhiqing/polaris_ebm/runs_ablation_replay/trajectories/single_pipe_emul_P4_K100_beta001_seed1_300k/step255000/metrics_compare.json
S1,single_pipe_emul_P4_K100_beta001_seed1_300k,S1 single_gpu mechanism,single_pipe_emul,1,260000,76.68736458725402,1.5166453170434977,,/eagle/lc-mpi/Zhiqing/polaris_ebm/runs_ablation_replay/trajectories/single_pipe_emul_P4_K100_beta001_seed1_300k,/eagle/lc-mpi/Zhiqing/polaris_ebm/runs_ablation_replay/trajectories/single_pipe_emul_P4_K100_beta001_seed1_300k/step260000/metrics_compare.json
S1,single_pipe_emul_P4_K100_beta001_seed1_300k,S1 single_gpu mechanism,single_pipe_emul,1,265000,74.96954550867576,0.5437623482248526,,/eagle/lc-mpi/Zhiqing/polaris_ebm/runs_ablation_replay/trajectories/single_pipe_emul_P4_K100_beta001_seed1_300k,/eagle/lc-mpi/Zhiqing/polaris_ebm/runs_ablation_replay/trajectories/single_pipe_emul_P4_K100_beta001_seed1_300k/step265000/metrics_compare.json
S1,single_pipe_emul_P4_K100_beta001_seed1_300k,S1 single_gpu mechanism,single_pipe_emul,1,270000,93.2389758067294,2.373885593191556,,/eagle/lc-mpi/Zhiqing/polaris_ebm/runs_ablation_replay/trajectories/single_pipe_emul_P4_K100_beta001_seed1_300k,/eagle/lc-mpi/Zhiqing/polaris_ebm/runs_ablation_replay/trajectories/single_pipe_emul_P4_K100_beta001_seed1_300k/step270000/metrics_compare.json
S1,single_pipe_emul_P4_K100_beta001_seed1_300k,S1 single_gpu mechanism,single_pipe_emul,1,275000,83.9815310521592,0.9555093798847096,,/eagle/lc-mpi/Zhiqing/polaris_ebm/runs_ablation_replay/trajectories/single_pipe_emul_P4_K100_beta001_seed1_300k,/eagle/lc-mpi/Zhiqing/polaris_ebm/runs_ablation_replay/trajectories/single_pipe_emul_P4_K100_beta001_seed1_300k/step275000/metrics_compare.json
S1,single_pipe_emul_P4_K100_beta001_seed1_300k,S1 single_gpu mechanism,single_pipe_emul,1,280000,81.28341683908911,2.1546819208643697,,/eagle/lc-mpi/Zhiqing/polaris_ebm/runs_ablation_replay/trajectories/single_pipe_emul_P4_K100_beta001_seed1_300k,/eagle/lc-mpi/Zhiqing/polaris_ebm/runs_ablation_replay/trajectories/single_pipe_emul_P4_K100_beta001_seed1_300k/step280000/metrics_compare.json
S1,single_pipe_emul_P4_K100_beta001_seed1_300k,S1 single_gpu mechanism,single_pipe_emul,1,285000,64.7177177498412,1.1557395622910747,,/eagle/lc-mpi/Zhiqing/polaris_ebm/runs_ablation_replay/trajectories/single_pipe_emul_P4_K100_beta001_seed1_300k,/eagle/lc-mpi/Zhiqing/polaris_ebm/runs_ablation_replay/trajectories/single_pipe_emul_P4_K100_beta001_seed1_300k/step285000/metrics_compare.json
S1,single_pipe_emul_P4_K100_beta001_seed1_300k,S1 single_gpu mechanism,single_pipe_emul,1,290000,67.86754359509268,1.381412808771584,,/eagle/lc-mpi/Zhiqing/polaris_ebm/runs_ablation_replay/trajectories/single_pipe_emul_P4_K100_beta001_seed1_300k,/eagle/lc-mpi/Zhiqing/polaris_ebm/runs_ablation_replay/trajectories/single_pipe_emul_P4_K100_beta001_seed1_300k/step290000/metrics_compare.json
S1,single_pipe_emul_P4_K100_beta001_seed1_300k,S1 single_gpu mechanism,single_pipe_emul,1,295000,85.58197506904384,0.5357525884450318,,/eagle/lc-mpi/Zhiqing/polaris_ebm/runs_ablation_replay/trajectories/single_pipe_emul_P4_K100_beta001_seed1_300k,/eagle/lc-mpi/Zhiqing/polaris_ebm/runs_ablation_replay/trajectories/single_pipe_emul_P4_K100_beta001_seed1_300k/step295000/metrics_compare.json
S1,single_pipe_emul_P4_K100_beta001_seed1_300k,S1 single_gpu mechanism,single_pipe_emul,1,300000,89.30340629003501,2.322345857012916,,/eagle/lc-mpi/Zhiqing/polaris_ebm/runs_ablation_replay/trajectories/single_pipe_emul_P4_K100_beta001_seed1_300k,/eagle/lc-mpi/Zhiqing/polaris_ebm/runs_ablation_replay/trajectories/single_pipe_emul_P4_K100_beta001_seed1_300k/step300000/metrics_compare.json
S1,single_pipe_emul_P4_K100_deep_seed1_300k,S1 single_gpu mechanism,single_pipe_emul,1,5000,145.22837629010104,1.8601403765842122,,/eagle/lc-mpi/Zhiqing/polaris_ebm/runs_ablation_replay/trajectories/single_pipe_emul_P4_K100_deep_seed1_300k,/eagle/lc-mpi/Zhiqing/polaris_ebm/runs_ablation_replay/trajectories/single_pipe_emul_P4_K100_deep_seed1_300k/step005000/metrics_compare.json
S1,single_pipe_emul_P4_K100_deep_seed1_300k,S1 single_gpu mechanism,single_pipe_emul,1,10000,173.17447498652166,2.6522509358721713,,/eagle/lc-mpi/Zhiqing/polaris_ebm/runs_ablation_replay/trajectories/single_pipe_emul_P4_K100_deep_seed1_300k,/eagle/lc-mpi/Zhiqing/polaris_ebm/runs_ablation_replay/trajectories/single_pipe_emul_P4_K100_deep_seed1_300k/step010000/metrics_compare.json
S1,single_pipe_emul_P4_K100_deep_seed1_300k,S1 single_gpu mechanism,single_pipe_emul,1,15000,158.20963806149197,1.7279670726655318,,/eagle/lc-mpi/Zhiqing/polaris_ebm/runs_ablation_replay/trajectories/single_pipe_emul_P4_K100_deep_seed1_300k,/eagle/lc-mpi/Zhiqing/polaris_ebm/runs_ablation_replay/trajectories/single_pipe_emul_P4_K100_deep_seed1_300k/step015000/metrics_compare.json
S1,single_pipe_emul_P4_K100_deep_seed1_300k,S1 single_gpu mechanism,single_pipe_emul,1,20000,98.1442909134953,2.4755084591154066,,/eagle/lc-mpi/Zhiqing/polaris_ebm/runs_ablation_replay/trajectories/single_pipe_emul_P4_K100_deep_seed1_300k,/eagle/lc-mpi/Zhiqing/polaris_ebm/runs_ablation_replay/trajectories/single_pipe_emul_P4_K100_deep_seed1_300k/step020000/metrics_compare.json
S1,single_pipe_emul_P4_K100_deep_seed1_300k,S1 single_gpu mechanism,single_pipe_emul,1,25000,146.6753763414982,3.6058043815217093,,/eagle/lc-mpi/Zhiqing/polaris_ebm/runs_ablation_replay/trajectories/single_pipe_emul_P4_K100_deep_seed1_300k,/eagle/lc-mpi/Zhiqing/polaris_ebm/runs_ablation_replay/trajectories/single_pipe_emul_P4_K100_deep_seed1_300k/step025000/metrics_compare.json
S1,single_pipe_emul_P4_K100_deep_seed1_300k,S1 single_gpu mechanism,single_pipe_emul,1,30000,111.79456522790963,2.1676689072702082,,/eagle/lc-mpi/Zhiqing/polaris_ebm/runs_ablation_replay/trajectories/single_pipe_emul_P4_K100_deep_seed1_300k,/eagle/lc-mpi/Zhiqing/polaris_ebm/runs_ablation_replay/trajectories/single_pipe_emul_P4_K100_deep_seed1_300k/step030000/metrics_compare.json
S1,single_pipe_emul_P4_K100_deep_seed1_300k,S1 single_gpu mechanism,single_pipe_emul,1,35000,99.71262333120114,3.1971267484964123,,/eagle/lc-mpi/Zhiqing/polaris_ebm/runs_ablation_replay/trajectories/single_pipe_emul_P4_K100_deep_seed1_300k,/eagle/lc-mpi/Zhiqing/polaris_ebm/runs_ablation_replay/trajectories/single_pipe_emul_P4_K100_deep_seed1_300k/step035000/metrics_compare.json
S1,single_pipe_emul_P4_K100_deep_seed1_300k,S1 single_gpu mechanism,single_pipe_emul,1,40000,108.53101327962872,2.514764348923414,,/eagle/lc-mpi/Zhiqing/polaris_ebm/runs_ablation_replay/trajectories/single_pipe_emul_P4_K100_deep_seed1_300k,/eagle/lc-mpi/Zhiqing/polaris_ebm/runs_ablation_replay/trajectories/single_pipe_emul_P4_K100_deep_seed1_300k/step040000/metrics_compare.json
S1,single_pipe_emul_P4_K100_deep_seed1_300k,S1 single_gpu mechanism,single_pipe_emul,1,45000,68.66559540857861,0.8962491559412484,,/eagle/lc-mpi/Zhiqing/polaris_ebm/runs_ablation_replay/trajectories/single_pipe_emul_P4_K100_deep_seed1_300k,/eagle/lc-mpi/Zhiqing/polaris_ebm/runs_ablation_replay/trajectories/single_pipe_emul_P4_K100_deep_seed1_300k/step045000/metrics_compare.json
S1,single_pipe_emul_P4_K100_deep_seed1_300k,S1 single_gpu mechanism,single_pipe_emul,1,50000,78.54737683814022,1.0294747101308808,,/eagle/lc-mpi/Zhiqing/polaris_ebm/runs_ablation_replay/trajectories/single_pipe_emul_P4_K100_deep_seed1_300k,/eagle/lc-mpi/Zhiqing/polaris_ebm/runs_ablation_replay/trajectories/single_pipe_emul_P4_K100_deep_seed1_300k/step050000/metrics_compare.json
S1,single_pipe_emul_P4_K100_deep_seed1_300k,S1 single_gpu mechanism,single_pipe_emul,1,55000,110.17167952400138,0.7452948096633989,,/eagle/lc-mpi/Zhiqing/polaris_ebm/runs_ablation_replay/trajectories/single_pipe_emul_P4_K100_deep_seed1_300k,/eagle/lc-mpi/Zhiqing/polaris_ebm/runs_ablation_replay/trajectories/single_pipe_emul_P4_K100_deep_seed1_300k/step055000/metrics_compare.json
S1,single_pipe_emul_P4_K100_deep_seed1_300k,S1 single_gpu mechanism,single_pipe_emul,1,60000,106.95781414515267,2.3608448796759944,,/eagle/lc-mpi/Zhiqing/polaris_ebm/runs_ablation_replay/trajectories/single_pipe_emul_P4_K100_deep_seed1_300k,/eagle/lc-mpi/Zhiqing/polaris_ebm/runs_ablation_replay/trajectories/single_pipe_emul_P4_K100_deep_seed1_300k/step060000/metrics_compare.json
S1,single_pipe_emul_P4_K100_deep_seed1_300k,S1 single_gpu mechanism,single_pipe_emul,1,65000,87.17178508641479,2.3530224733875507,,/eagle/lc-mpi/Zhiqing/polaris_ebm/runs_ablation_replay/trajectories/single_pipe_emul_P4_K100_deep_seed1_300k,/eagle/lc-mpi/Zhiqing/polaris_ebm/runs_ablation_replay/trajectories/single_pipe_emul_P4_K100_deep_seed1_300k/step065000/metrics_compare.json
S1,single_pipe_emul_P4_K100_deep_seed1_300k,S1 single_gpu mechanism,single_pipe_emul,1,70000,66.66991838906836,0.9676828205248071,,/eagle/lc-mpi/Zhiqing/polaris_ebm/runs_ablation_replay/trajectories/single_pipe_emul_P4_K100_deep_seed1_300k,/eagle/lc-mpi/Zhiqing/polaris_ebm/runs_ablation_replay/trajectories/single_pipe_emul_P4_K100_deep_seed1_300k/step070000/metrics_compare.json
S1,single_pipe_emul_P4_K100_deep_seed1_300k,S1 single_gpu mechanism,single_pipe_emul,1,75000,73.15292523091841,1.4700799245336391,,/eagle/lc-mpi/Zhiqing/polaris_ebm/runs_ablation_replay/trajectories/single_pipe_emul_P4_K100_deep_seed1_300k,/eagle/lc-mpi/Zhiqing/polaris_ebm/runs_ablation_replay/trajectories/single_pipe_emul_P4_K100_deep_seed1_300k/step075000/metrics_compare.json
S1,single_pipe_emul_P4_K100_deep_seed1_300k,S1 single_gpu mechanism,single_pipe_emul,1,80000,81.77534033572198,0.4465298826521895,,/eagle/lc-mpi/Zhiqing/polaris_ebm/runs_ablation_replay/trajectories/single_pipe_emul_P4_K100_deep_seed1_300k,/eagle/lc-mpi/Zhiqing/polaris_ebm/runs_ablation_replay/trajectories/single_pipe_emul_P4_K100_deep_seed1_300k/step080000/metrics_compare.json
S1,single_pipe_emul_P4_K100_deep_seed1_300k,S1 single_gpu mechanism,single_pipe_emul,1,85000,108.76200295237629,1.1804175852541867,,/eagle/lc-mpi/Zhiqing/polaris_ebm/runs_ablation_replay/trajectories/single_pipe_emul_P4_K100_deep_seed1_300k,/eagle/lc-mpi/Zhiqing/polaris_ebm/runs_ablation_replay/trajectories/single_pipe_emul_P4_K100_deep_seed1_300k/step085000/metrics_compare.json
S1,single_pipe_emul_P4_K100_deep_seed1_300k,S1 single_gpu mechanism,single_pipe_emul,1,90000,80.2690049140997,0.665739409215842,,/eagle/lc-mpi/Zhiqing/polaris_ebm/runs_ablation_replay/trajectories/single_pipe_emul_P4_K100_deep_seed1_300k,/eagle/lc-mpi/Zhiqing/polaris_ebm/runs_ablation_replay/trajectories/single_pipe_emul_P4_K100_deep_seed1_300k/step090000/metrics_compare.json
S1,single_pipe_emul_P4_K100_deep_seed1_300k,S1 single_gpu mechanism,single_pipe_emul,1,95000,106.30893336776836,1.0992196012519528,,/eagle/lc-mpi/Zhiqing/polaris_ebm/runs_ablation_replay/trajectories/single_pipe_emul_P4_K100_deep_seed1_300k,/eagle/lc-mpi/Zhiqing/polaris_ebm/runs_ablation_replay/trajectories/single_pipe_emul_P4_K100_deep_seed1_300k/step095000/metrics_compare.json
S1,single_pipe_emul_P4_K100_deep_seed1_300k,S1 single_gpu mechanism,single_pipe_emul,1,100000,81.86535522344525,1.834473075920986,,/eagle/lc-mpi/Zhiqing/polaris_ebm/runs_ablation_replay/trajectories/single_pipe_emul_P4_K100_deep_seed1_300k,/eagle/lc-mpi/Zhiqing/polaris_ebm/runs_ablation_replay/trajectories/single_pipe_emul_P4_K100_deep_seed1_300k/step100000/metrics_compare.json
S1,single_pipe_emul_P4_K100_deep_seed1_300k,S1 single_gpu mechanism,single_pipe_emul,1,105000,85.54545692894999,0.4775615527449837,,/eagle/lc-mpi/Zhiqing/polaris_ebm/runs_ablation_replay/trajectories/single_pipe_emul_P4_K100_deep_seed1_300k,/eagle/lc-mpi/Zhiqing/polaris_ebm/runs_ablation_replay/trajectories/single_pipe_emul_P4_K100_deep_seed1_300k/step105000/metrics_compare.json
S1,single_pipe_emul_P4_K100_deep_seed1_300k,S1 single_gpu mechanism,single_pipe_emul,1,110000,90.64754570812624,1.8227613864265315,,/eagle/lc-mpi/Zhiqing/polaris_ebm/runs_ablation_replay/trajectories/single_pipe_emul_P4_K100_deep_seed1_300k,/eagle/lc-mpi/Zhiqing/polaris_ebm/runs_ablation_replay/trajectories/single_pipe_emul_P4_K100_deep_seed1_300k/step110000/metrics_compare.json
S1,single_pipe_emul_P4_K100_deep_seed1_300k,S1 single_gpu mechanism,single_pipe_emul,1,115000,86.42775954789175,1.1802921415860155,,/eagle/lc-mpi/Zhiqing/polaris_ebm/runs_ablation_replay/trajectories/single_pipe_emul_P4_K100_deep_seed1_300k,/eagle/lc-mpi/Zhiqing/polaris_ebm/runs_ablation_replay/trajectories/single_pipe_emul_P4_K100_deep_seed1_300k/step115000/metrics_compare.json
S1,single_pipe_emul_P4_K100_deep_seed1_300k,S1 single_gpu mechanism,single_pipe_emul,1,120000,71.36008041161108,0.8061724971309729,,/eagle/lc-mpi/Zhiqing/polaris_ebm/runs_ablation_replay/trajectories/single_pipe_emul_P4_K100_deep_seed1_300k,/eagle/lc-mpi/Zhiqing/polaris_ebm/runs_ablation_replay/trajectories/single_pipe_emul_P4_K100_deep_seed1_300k/step120000/metrics_compare.json
S1,single_pipe_emul_P4_K100_deep_seed1_300k,S1 single_gpu mechanism,single_pipe_emul,1,125000,64.15112311999485,2.9204607794300124,,/eagle/lc-mpi/Zhiqing/polaris_ebm/runs_ablation_replay/trajectories/single_pipe_emul_P4_K100_deep_seed1_300k,/eagle/lc-mpi/Zhiqing/polaris_ebm/runs_ablation_replay/trajectories/single_pipe_emul_P4_K100_deep_seed1_300k/step125000/metrics_compare.json
S1,single_pipe_emul_P4_K100_deep_seed1_300k,S1 single_gpu mechanism,single_pipe_emul,1,130000,80.43956418749661,3.543086092305991,,/eagle/lc-mpi/Zhiqing/polaris_ebm/runs_ablation_replay/trajectories/single_pipe_emul_P4_K100_deep_seed1_300k,/eagle/lc-mpi/Zhiqing/polaris_ebm/runs_ablation_replay/trajectories/single_pipe_emul_P4_K100_deep_seed1_300k/step130000/metrics_compare.json
S1,single_pipe_emul_P4_K100_deep_seed1_300k,S1 single_gpu mechanism,single_pipe_emul,1,135000,74.76424541295091,1.1581646671411576,,/eagle/lc-mpi/Zhiqing/polaris_ebm/runs_ablation_replay/trajectories/single_pipe_emul_P4_K100_deep_seed1_300k,/eagle/lc-mpi/Zhiqing/polaris_ebm/runs_ablation_replay/trajectories/single_pipe_emul_P4_K100_deep_seed1_300k/step135000/metrics_compare.json
S1,single_pipe_emul_P4_K100_deep_seed1_300k,S1 single_gpu mechanism,single_pipe_emul,1,140000,91.78363562996236,3.1154741334965834,,/eagle/lc-mpi/Zhiqing/polaris_ebm/runs_ablation_replay/trajectories/single_pipe_emul_P4_K100_deep_seed1_300k,/eagle/lc-mpi/Zhiqing/polaris_ebm/runs_ablation_replay/trajectories/single_pipe_emul_P4_K100_deep_seed1_300k/step140000/metrics_compare.json
S1,single_pipe_emul_P4_K100_deep_seed1_300k,S1 single_gpu mechanism,single_pipe_emul,1,145000,93.73859028380207,2.1586987674702485,,/eagle/lc-mpi/Zhiqing/polaris_ebm/runs_ablation_replay/trajectories/single_pipe_emul_P4_K100_deep_seed1_300k,/eagle/lc-mpi/Zhiqing/polaris_ebm/runs_ablation_replay/trajectories/single_pipe_emul_P4_K100_deep_seed1_300k/step145000/metrics_compare.json
S1,single_pipe_emul_P4_K100_deep_seed1_300k,S1 single_gpu mechanism,single_pipe_emul,1,150000,86.9520861553458,0.5610113680431397,,/eagle/lc-mpi/Zhiqing/polaris_ebm/runs_ablation_replay/trajectories/single_pipe_emul_P4_K100_deep_seed1_300k,/eagle/lc-mpi/Zhiqing/polaris_ebm/runs_ablation_replay/trajectories/single_pipe_emul_P4_K100_deep_seed1_300k/step150000/metrics_compare.json
S1,single_pipe_emul_P4_K100_deep_seed1_300k,S1 single_gpu mechanism,single_pipe_emul,1,155000,85.13381507576742,1.3979513196632247,,/eagle/lc-mpi/Zhiqing/polaris_ebm/runs_ablation_replay/trajectories/single_pipe_emul_P4_K100_deep_seed1_300k,/eagle/lc-mpi/Zhiqing/polaris_ebm/runs_ablation_replay/trajectories/single_pipe_emul_P4_K100_deep_seed1_300k/step155000/metrics_compare.json
S1,single_pipe_emul_P4_K100_deep_seed1_300k,S1 single_gpu mechanism,single_pipe_emul,1,160000,87.06803927677487,2.8813172569451595,,/eagle/lc-mpi/Zhiqing/polaris_ebm/runs_ablation_replay/trajectories/single_pipe_emul_P4_K100_deep_seed1_300k,/eagle/lc-mpi/Zhiqing/polaris_ebm/runs_ablation_replay/trajectories/single_pipe_emul_P4_K100_deep_seed1_300k/step160000/metrics_compare.json
S1,single_pipe_emul_P4_K100_deep_seed1_300k,S1 single_gpu mechanism,single_pipe_emul,1,165000,65.9778030608881,1.3061405790606386,,/eagle/lc-mpi/Zhiqing/polaris_ebm/runs_ablation_replay/trajectories/single_pipe_emul_P4_K100_deep_seed1_300k,/eagle/lc-mpi/Zhiqing/polaris_ebm/runs_ablation_replay/trajectories/single_pipe_emul_P4_K100_deep_seed1_300k/step165000/metrics_compare.json
S1,single_pipe_emul_P4_K100_deep_seed1_300k,S1 single_gpu mechanism,single_pipe_emul,1,170000,83.50181810454274,2.1472783659602115,,/eagle/lc-mpi/Zhiqing/polaris_ebm/runs_ablation_replay/trajectories/single_pipe_emul_P4_K100_deep_seed1_300k,/eagle/lc-mpi/Zhiqing/polaris_ebm/runs_ablation_replay/trajectories/single_pipe_emul_P4_K100_deep_seed1_300k/step170000/metrics_compare.json
S1,single_pipe_emul_P4_K100_deep_seed1_300k,S1 single_gpu mechanism,single_pipe_emul,1,175000,77.92961830928846,2.0395866984693782,,/eagle/lc-mpi/Zhiqing/polaris_ebm/runs_ablation_replay/trajectories/single_pipe_emul_P4_K100_deep_seed1_300k,/eagle/lc-mpi/Zhiqing/polaris_ebm/runs_ablation_replay/trajectories/single_pipe_emul_P4_K100_deep_seed1_300k/step175000/metrics_compare.json
S1,single_pipe_emul_P4_K100_deep_seed1_300k,S1 single_gpu mechanism,single_pipe_emul,1,180000,70.81315908193466,3.7936611173208803,,/eagle/lc-mpi/Zhiqing/polaris_ebm/runs_ablation_replay/trajectories/single_pipe_emul_P4_K100_deep_seed1_300k,/eagle/lc-mpi/Zhiqing/polaris_ebm/runs_ablation_replay/trajectories/single_pipe_emul_P4_K100_deep_seed1_300k/step180000/metrics_compare.json
S1,single_pipe_emul_P4_K100_deep_seed1_300k,S1 single_gpu mechanism,single_pipe_emul,1,185000,81.73954574129408,2.493561424079836,,/eagle/lc-mpi/Zhiqing/polaris_ebm/runs_ablation_replay/trajectories/single_pipe_emul_P4_K100_deep_seed1_300k,/eagle/lc-mpi/Zhiqing/polaris_ebm/runs_ablation_replay/trajectories/single_pipe_emul_P4_K100_deep_seed1_300k/step185000/metrics_compare.json
S1,single_pipe_emul_P4_K100_deep_seed1_300k,S1 single_gpu mechanism,single_pipe_emul,1,190000,83.09870360690053,0.649052922361431,,/eagle/lc-mpi/Zhiqing/polaris_ebm/runs_ablation_replay/trajectories/single_pipe_emul_P4_K100_deep_seed1_300k,/eagle/lc-mpi/Zhiqing/polaris_ebm/runs_ablation_replay/trajectories/single_pipe_emul_P4_K100_deep_seed1_300k/step190000/metrics_compare.json
S1,single_pipe_emul_P4_K100_deep_seed1_300k,S1 single_gpu mechanism,single_pipe_emul,1,195000,99.50121807176254,0.7293829085084056,,/eagle/lc-mpi/Zhiqing/polaris_ebm/runs_ablation_replay/trajectories/single_pipe_emul_P4_K100_deep_seed1_300k,/eagle/lc-mpi/Zhiqing/polaris_ebm/runs_ablation_replay/trajectories/single_pipe_emul_P4_K100_deep_seed1_300k/step195000/metrics_compare.json
S1,single_pipe_emul_P4_K100_deep_seed1_300k,S1 single_gpu mechanism,single_pipe_emul,1,200000,72.52541183198485,1.3514344261587574,,/eagle/lc-mpi/Zhiqing/polaris_ebm/runs_ablation_replay/trajectories/single_pipe_emul_P4_K100_deep_seed1_300k,/eagle/lc-mpi/Zhiqing/polaris_ebm/runs_ablation_replay/trajectories/single_pipe_emul_P4_K100_deep_seed1_300k/step200000/metrics_compare.json
S1,single_pipe_emul_P4_K100_deep_seed1_300k,S1 single_gpu mechanism,single_pipe_emul,1,205000,81.75041253960615,1.8609828014957586,,/eagle/lc-mpi/Zhiqing/polaris_ebm/runs_ablation_replay/trajectories/single_pipe_emul_P4_K100_deep_seed1_300k,/eagle/lc-mpi/Zhiqing/polaris_ebm/runs_ablation_replay/trajectories/single_pipe_emul_P4_K100_deep_seed1_300k/step205000/metrics_compare.json
S1,single_pipe_emul_P4_K100_deep_seed1_300k,S1 single_gpu mechanism,single_pipe_emul,1,210000,84.26945841704594,2.1751526113156174,,/eagle/lc-mpi/Zhiqing/polaris_ebm/runs_ablation_replay/trajectories/single_pipe_emul_P4_K100_deep_seed1_300k,/eagle/lc-mpi/Zhiqing/polaris_ebm/runs_ablation_replay/trajectories/single_pipe_emul_P4_K100_deep_seed1_300k/step210000/metrics_compare.json
S1,single_pipe_emul_P4_K100_deep_seed1_300k,S1 single_gpu mechanism,single_pipe_emul,1,215000,69.71934376268212,2.2544221801110886,,/eagle/lc-mpi/Zhiqing/polaris_ebm/runs_ablation_replay/trajectories/single_pipe_emul_P4_K100_deep_seed1_300k,/eagle/lc-mpi/Zhiqing/polaris_ebm/runs_ablation_replay/trajectories/single_pipe_emul_P4_K100_deep_seed1_300k/step215000/metrics_compare.json
S1,single_pipe_emul_P4_K100_deep_seed1_300k,S1 single_gpu mechanism,single_pipe_emul,1,220000,83.6462167491257,2.532506936061754,,/eagle/lc-mpi/Zhiqing/polaris_ebm/runs_ablation_replay/trajectories/single_pipe_emul_P4_K100_deep_seed1_300k,/eagle/lc-mpi/Zhiqing/polaris_ebm/runs_ablation_replay/trajectories/single_pipe_emul_P4_K100_deep_seed1_300k/step220000/metrics_compare.json
S1,single_pipe_emul_P4_K100_deep_seed1_300k,S1 single_gpu mechanism,single_pipe_emul,1,225000,85.86513036844724,1.7975597690748781,,/eagle/lc-mpi/Zhiqing/polaris_ebm/runs_ablation_replay/trajectories/single_pipe_emul_P4_K100_deep_seed1_300k,/eagle/lc-mpi/Zhiqing/polaris_ebm/runs_ablation_replay/trajectories/single_pipe_emul_P4_K100_deep_seed1_300k/step225000/metrics_compare.json
S1,single_pipe_emul_P4_K100_deep_seed1_300k,S1 single_gpu mechanism,single_pipe_emul,1,230000,76.55020946361003,1.9618515571405801,,/eagle/lc-mpi/Zhiqing/polaris_ebm/runs_ablation_replay/trajectories/single_pipe_emul_P4_K100_deep_seed1_300k,/eagle/lc-mpi/Zhiqing/polaris_ebm/runs_ablation_replay/trajectories/single_pipe_emul_P4_K100_deep_seed1_300k/step230000/metrics_compare.json
S1,single_pipe_emul_P4_K100_deep_seed1_300k,S1 single_gpu mechanism,single_pipe_emul,1,235000,115.59875939333722,3.60913197236545,,/eagle/lc-mpi/Zhiqing/polaris_ebm/runs_ablation_replay/trajectories/single_pipe_emul_P4_K100_deep_seed1_300k,/eagle/lc-mpi/Zhiqing/polaris_ebm/runs_ablation_replay/trajectories/single_pipe_emul_P4_K100_deep_seed1_300k/step235000/metrics_compare.json
S1,single_pipe_emul_P4_K100_deep_seed1_300k,S1 single_gpu mechanism,single_pipe_emul,1,240000,75.73153405189782,1.4262056647309862,,/eagle/lc-mpi/Zhiqing/polaris_ebm/runs_ablation_replay/trajectories/single_pipe_emul_P4_K100_deep_seed1_300k,/eagle/lc-mpi/Zhiqing/polaris_ebm/runs_ablation_replay/trajectories/single_pipe_emul_P4_K100_deep_seed1_300k/step240000/metrics_compare.json
S1,single_pipe_emul_P4_K100_deep_seed1_300k,S1 single_gpu mechanism,single_pipe_emul,1,245000,69.68001617934141,0.9272574585591471,,/eagle/lc-mpi/Zhiqing/polaris_ebm/runs_ablation_replay/trajectories/single_pipe_emul_P4_K100_deep_seed1_300k,/eagle/lc-mpi/Zhiqing/polaris_ebm/runs_ablation_replay/trajectories/single_pipe_emul_P4_K100_deep_seed1_300k/step245000/metrics_compare.json
S1,single_pipe_emul_P4_K100_deep_seed1_300k,S1 single_gpu mechanism,single_pipe_emul,1,250000,95.67106319940149,3.5959229980883496,,/eagle/lc-mpi/Zhiqing/polaris_ebm/runs_ablation_replay/trajectories/single_pipe_emul_P4_K100_deep_seed1_300k,/eagle/lc-mpi/Zhiqing/polaris_ebm/runs_ablation_replay/trajectories/single_pipe_emul_P4_K100_deep_seed1_300k/step250000/metrics_compare.json
S1,single_pipe_emul_P4_K100_deep_seed1_300k,S1 single_gpu mechanism,single_pipe_emul,1,255000,91.46274942305092,1.764146396562495,,/eagle/lc-mpi/Zhiqing/polaris_ebm/runs_ablation_replay/trajectories/single_pipe_emul_P4_K100_deep_seed1_300k,/eagle/lc-mpi/Zhiqing/polaris_ebm/runs_ablation_replay/trajectories/single_pipe_emul_P4_K100_deep_seed1_300k/step255000/metrics_compare.json
S1,single_pipe_emul_P4_K100_deep_seed1_300k,S1 single_gpu mechanism,single_pipe_emul,1,260000,82.8986790637777,0.7622485901799543,,/eagle/lc-mpi/Zhiqing/polaris_ebm/runs_ablation_replay/trajectories/single_pipe_emul_P4_K100_deep_seed1_300k,/eagle/lc-mpi/Zhiqing/polaris_ebm/runs_ablation_replay/trajectories/single_pipe_emul_P4_K100_deep_seed1_300k/step260000/metrics_compare.json
S1,single_pipe_emul_P4_K100_deep_seed1_300k,S1 single_gpu mechanism,single_pipe_emul,1,265000,77.96282240218574,0.9436820367673384,,/eagle/lc-mpi/Zhiqing/polaris_ebm/runs_ablation_replay/trajectories/single_pipe_emul_P4_K100_deep_seed1_300k,/eagle/lc-mpi/Zhiqing/polaris_ebm/runs_ablation_replay/trajectories/single_pipe_emul_P4_K100_deep_seed1_300k/step265000/metrics_compare.json
S1,single_pipe_emul_P4_K100_deep_seed1_300k,S1 single_gpu mechanism,single_pipe_emul,1,270000,68.44085594637568,1.9466912680513317,,/eagle/lc-mpi/Zhiqing/polaris_ebm/runs_ablation_replay/trajectories/single_pipe_emul_P4_K100_deep_seed1_300k,/eagle/lc-mpi/Zhiqing/polaris_ebm/runs_ablation_replay/trajectories/single_pipe_emul_P4_K100_deep_seed1_300k/step270000/metrics_compare.json
S1,single_pipe_emul_P4_K100_deep_seed1_300k,S1 single_gpu mechanism,single_pipe_emul,1,275000,67.55182641346948,0.7898477770718806,,/eagle/lc-mpi/Zhiqing/polaris_ebm/runs_ablation_replay/trajectories/single_pipe_emul_P4_K100_deep_seed1_300k,/eagle/lc-mpi/Zhiqing/polaris_ebm/runs_ablation_replay/trajectories/single_pipe_emul_P4_K100_deep_seed1_300k/step275000/metrics_compare.json
S1,single_pipe_emul_P4_K100_deep_seed1_300k,S1 single_gpu mechanism,single_pipe_emul,1,280000,84.24086902495878,1.9020411385975784,,/eagle/lc-mpi/Zhiqing/polaris_ebm/runs_ablation_replay/trajectories/single_pipe_emul_P4_K100_deep_seed1_300k,/eagle/lc-mpi/Zhiqing/polaris_ebm/runs_ablation_replay/trajectories/single_pipe_emul_P4_K100_deep_seed1_300k/step280000/metrics_compare.json
S1,single_pipe_emul_P4_K100_deep_seed1_300k,S1 single_gpu mechanism,single_pipe_emul,1,285000,62.32765657960465,0.4672902123117524,,/eagle/lc-mpi/Zhiqing/polaris_ebm/runs_ablation_replay/trajectories/single_pipe_emul_P4_K100_deep_seed1_300k,/eagle/lc-mpi/Zhiqing/polaris_ebm/runs_ablation_replay/trajectories/single_pipe_emul_P4_K100_deep_seed1_300k/step285000/metrics_compare.json
S1,single_pipe_emul_P4_K100_deep_seed1_300k,S1 single_gpu mechanism,single_pipe_emul,1,290000,83.84569136596019,2.240566186034897,,/eagle/lc-mpi/Zhiqing/polaris_ebm/runs_ablation_replay/trajectories/single_pipe_emul_P4_K100_deep_seed1_300k,/eagle/lc-mpi/Zhiqing/polaris_ebm/runs_ablation_replay/trajectories/single_pipe_emul_P4_K100_deep_seed1_300k/step290000/metrics_compare.json
S1,single_pipe_emul_P4_K100_deep_seed1_300k,S1 single_gpu mechanism,single_pipe_emul,1,295000,70.03751775398894,0.4992756455140288,,/eagle/lc-mpi/Zhiqing/polaris_ebm/runs_ablation_replay/trajectories/single_pipe_emul_P4_K100_deep_seed1_300k,/eagle/lc-mpi/Zhiqing/polaris_ebm/runs_ablation_replay/trajectories/single_pipe_emul_P4_K100_deep_seed1_300k/step295000/metrics_compare.json
S1,single_pipe_emul_P4_K100_deep_seed1_300k,S1 single_gpu mechanism,single_pipe_emul,1,300000,60.63923037210719,0.7993052216892451,,/eagle/lc-mpi/Zhiqing/polaris_ebm/runs_ablation_replay/trajectories/single_pipe_emul_P4_K100_deep_seed1_300k,/eagle/lc-mpi/Zhiqing/polaris_ebm/runs_ablation_replay/trajectories/single_pipe_emul_P4_K100_deep_seed1_300k/step300000/metrics_compare.json
M1,ddp_fullk_K100_seed2_300k,M1 reproducibility,ddp_fullk,2,5000,129.94824409164244,0.7146516524795885,,/eagle/lc-mpi/Zhiqing/polaris_ebm/runs_analysis/seed2_fid_trajectory/ddp_seed2_local,/eagle/lc-mpi/Zhiqing/polaris_ebm/runs_analysis/seed2_fid_trajectory/ddp_seed2_local/step005000/metrics_compare.json
M1,ddp_fullk_K100_seed2_300k,M1 reproducibility,ddp_fullk,2,10000,110.38031817227602,0.5597855443878856,,/eagle/lc-mpi/Zhiqing/polaris_ebm/runs_analysis/seed2_fid_trajectory/ddp_seed2_local,/eagle/lc-mpi/Zhiqing/polaris_ebm/runs_analysis/seed2_fid_trajectory/ddp_seed2_local/step010000/metrics_compare.json
M1,ddp_fullk_K100_seed2_300k,M1 reproducibility,ddp_fullk,2,15000,97.43683556737938,0.49644665991424475,,/eagle/lc-mpi/Zhiqing/polaris_ebm/runs_analysis/seed2_fid_trajectory/ddp_seed2_local,/eagle/lc-mpi/Zhiqing/polaris_ebm/runs_analysis/seed2_fid_trajectory/ddp_seed2_local/step015000/metrics_compare.json
M1,ddp_fullk_K100_seed2_300k,M1 reproducibility,ddp_fullk,2,20000,86.04265310757609,0.3933789229881235,,/eagle/lc-mpi/Zhiqing/polaris_ebm/runs_analysis/seed2_fid_trajectory/ddp_seed2_local,/eagle/lc-mpi/Zhiqing/polaris_ebm/runs_analysis/seed2_fid_trajectory/ddp_seed2_local/step020000/metrics_compare.json
M1,ddp_fullk_K100_seed2_300k,M1 reproducibility,ddp_fullk,2,25000,92.09581395805247,0.8721616356432307,,/eagle/lc-mpi/Zhiqing/polaris_ebm/runs_analysis/seed2_fid_trajectory/ddp_seed2_local,/eagle/lc-mpi/Zhiqing/polaris_ebm/runs_analysis/seed2_fid_trajectory/ddp_seed2_local/step025000/metrics_compare.json
M1,ddp_fullk_K100_seed2_300k,M1 reproducibility,ddp_fullk,2,30000,76.07160201712503,0.4061228144896383,,/eagle/lc-mpi/Zhiqing/polaris_ebm/runs_analysis/seed2_fid_trajectory/ddp_seed2_local,/eagle/lc-mpi/Zhiqing/polaris_ebm/runs_analysis/seed2_fid_trajectory/ddp_seed2_local/step030000/metrics_compare.json
M1,ddp_fullk_K100_seed2_300k,M1 reproducibility,ddp_fullk,2,35000,89.8635561167456,0.5131864421648373,,/eagle/lc-mpi/Zhiqing/polaris_ebm/runs_analysis/seed2_fid_trajectory/ddp_seed2_local,/eagle/lc-mpi/Zhiqing/polaris_ebm/runs_analysis/seed2_fid_trajectory/ddp_seed2_local/step035000/metrics_compare.json
M1,ddp_fullk_K100_seed2_300k,M1 reproducibility,ddp_fullk,2,40000,91.20708421678768,1.676967535401026,,/eagle/lc-mpi/Zhiqing/polaris_ebm/runs_analysis/seed2_fid_trajectory/ddp_seed2_local,/eagle/lc-mpi/Zhiqing/polaris_ebm/runs_analysis/seed2_fid_trajectory/ddp_seed2_local/step040000/metrics_compare.json
M1,ddp_fullk_K100_seed2_300k,M1 reproducibility,ddp_fullk,2,45000,75.42496776231525,0.7900888465760083,,/eagle/lc-mpi/Zhiqing/polaris_ebm/runs_analysis/seed2_fid_trajectory/ddp_seed2_local,/eagle/lc-mpi/Zhiqing/polaris_ebm/runs_analysis/seed2_fid_trajectory/ddp_seed2_local/step045000/metrics_compare.json
M1,ddp_fullk_K100_seed2_300k,M1 reproducibility,ddp_fullk,2,50000,83.896787388279,0.3830638211664805,,/eagle/lc-mpi/Zhiqing/polaris_ebm/runs_analysis/seed2_fid_trajectory/ddp_seed2_local,/eagle/lc-mpi/Zhiqing/polaris_ebm/runs_analysis/seed2_fid_trajectory/ddp_seed2_local/step050000/metrics_compare.json
M1,ddp_fullk_K100_seed2_300k,M1 reproducibility,ddp_fullk,2,55000,86.81457802807978,0.2718753789043973,,/eagle/lc-mpi/Zhiqing/polaris_ebm/runs_analysis/seed2_fid_trajectory/ddp_seed2_local,/eagle/lc-mpi/Zhiqing/polaris_ebm/runs_analysis/seed2_fid_trajectory/ddp_seed2_local/step055000/metrics_compare.json
M1,ddp_fullk_K100_seed2_300k,M1 reproducibility,ddp_fullk,2,60000,74.43072006143728,0.3399693019501022,,/eagle/lc-mpi/Zhiqing/polaris_ebm/runs_analysis/seed2_fid_trajectory/ddp_seed2_local,/eagle/lc-mpi/Zhiqing/polaris_ebm/runs_analysis/seed2_fid_trajectory/ddp_seed2_local/step060000/metrics_compare.json
M1,ddp_fullk_K100_seed2_300k,M1 reproducibility,ddp_fullk,2,65000,77.25146477013152,0.6939607516879249,,/eagle/lc-mpi/Zhiqing/polaris_ebm/runs_analysis/seed2_fid_trajectory/ddp_seed2_local,/eagle/lc-mpi/Zhiqing/polaris_ebm/runs_analysis/seed2_fid_trajectory/ddp_seed2_local/step065000/metrics_compare.json
M1,ddp_fullk_K100_seed2_300k,M1 reproducibility,ddp_fullk,2,70000,72.15859844556843,0.708933882072369,,/eagle/lc-mpi/Zhiqing/polaris_ebm/runs_analysis/seed2_fid_trajectory/ddp_seed2_local,/eagle/lc-mpi/Zhiqing/polaris_ebm/runs_analysis/seed2_fid_trajectory/ddp_seed2_local/step070000/metrics_compare.json
M1,ddp_fullk_K100_seed2_300k,M1 reproducibility,ddp_fullk,2,75000,88.96522256538219,0.5953651159111537,,/eagle/lc-mpi/Zhiqing/polaris_ebm/runs_analysis/seed2_fid_trajectory/ddp_seed2_local,/eagle/lc-mpi/Zhiqing/polaris_ebm/runs_analysis/seed2_fid_trajectory/ddp_seed2_local/step075000/metrics_compare.json
M1,ddp_fullk_K100_seed2_300k,M1 reproducibility,ddp_fullk,2,80000,83.80022196997533,0.5231264280077816,,/eagle/lc-mpi/Zhiqing/polaris_ebm/runs_analysis/seed2_fid_trajectory/ddp_seed2_local,/eagle/lc-mpi/Zhiqing/polaris_ebm/runs_analysis/seed2_fid_trajectory/ddp_seed2_local/step080000/metrics_compare.json
M1,ddp_fullk_K100_seed2_300k,M1 reproducibility,ddp_fullk,2,85000,71.63195985004347,0.7270545176903376,,/eagle/lc-mpi/Zhiqing/polaris_ebm/runs_analysis/seed2_fid_trajectory/ddp_seed2_local,/eagle/lc-mpi/Zhiqing/polaris_ebm/runs_analysis/seed2_fid_trajectory/ddp_seed2_local/step085000/metrics_compare.json
M1,ddp_fullk_K100_seed2_300k,M1 reproducibility,ddp_fullk,2,90000,71.02703867284026,0.5568313328482368,,/eagle/lc-mpi/Zhiqing/polaris_ebm/runs_analysis/seed2_fid_trajectory/ddp_seed2_local,/eagle/lc-mpi/Zhiqing/polaris_ebm/runs_analysis/seed2_fid_trajectory/ddp_seed2_local/step090000/metrics_compare.json
M1,ddp_fullk_K100_seed2_300k,M1 reproducibility,ddp_fullk,2,95000,70.87401820157265,0.9681252708548378,,/eagle/lc-mpi/Zhiqing/polaris_ebm/runs_analysis/seed2_fid_trajectory/ddp_seed2_local,/eagle/lc-mpi/Zhiqing/polaris_ebm/runs_analysis/seed2_fid_trajectory/ddp_seed2_local/step095000/metrics_compare.json
M1,ddp_fullk_K100_seed2_300k,M1 reproducibility,ddp_fullk,2,100000,72.81485693042089,0.6982980251586817,,/eagle/lc-mpi/Zhiqing/polaris_ebm/runs_analysis/seed2_fid_trajectory/ddp_seed2_local,/eagle/lc-mpi/Zhiqing/polaris_ebm/runs_analysis/seed2_fid_trajectory/ddp_seed2_local/step100000/metrics_compare.json
M1,ddp_fullk_K100_seed2_300k,M1 reproducibility,ddp_fullk,2,105000,70.35701625732054,0.3972892318525645,,/eagle/lc-mpi/Zhiqing/polaris_ebm/runs_analysis/seed2_fid_trajectory/ddp_seed2_local,/eagle/lc-mpi/Zhiqing/polaris_ebm/runs_analysis/seed2_fid_trajectory/ddp_seed2_local/step105000/metrics_compare.json
M1,ddp_fullk_K100_seed2_300k,M1 reproducibility,ddp_fullk,2,110000,84.60586025155703,0.3629986176639548,,/eagle/lc-mpi/Zhiqing/polaris_ebm/runs_analysis/seed2_fid_trajectory/ddp_seed2_local,/eagle/lc-mpi/Zhiqing/polaris_ebm/runs_analysis/seed2_fid_trajectory/ddp_seed2_local/step110000/metrics_compare.json
M1,ddp_fullk_K100_seed2_300k,M1 reproducibility,ddp_fullk,2,115000,68.31986581703785,0.5033086077634792,,/eagle/lc-mpi/Zhiqing/polaris_ebm/runs_analysis/seed2_fid_trajectory/ddp_seed2_local,/eagle/lc-mpi/Zhiqing/polaris_ebm/runs_analysis/seed2_fid_trajectory/ddp_seed2_local/step115000/metrics_compare.json
M1,ddp_fullk_K100_seed2_300k,M1 reproducibility,ddp_fullk,2,120000,73.08605896408613,0.33403469021831356,,/eagle/lc-mpi/Zhiqing/polaris_ebm/runs_analysis/seed2_fid_trajectory/ddp_seed2_local,/eagle/lc-mpi/Zhiqing/polaris_ebm/runs_analysis/seed2_fid_trajectory/ddp_seed2_local/step120000/metrics_compare.json
M1,ddp_fullk_K100_seed2_300k,M1 reproducibility,ddp_fullk,2,125000,72.50331556618102,0.5898538227831871,,/eagle/lc-mpi/Zhiqing/polaris_ebm/runs_analysis/seed2_fid_trajectory/ddp_seed2_local,/eagle/lc-mpi/Zhiqing/polaris_ebm/runs_analysis/seed2_fid_trajectory/ddp_seed2_local/step125000/metrics_compare.json
M1,ddp_fullk_K100_seed2_300k,M1 reproducibility,ddp_fullk,2,130000,79.10784498341809,0.49152872955269444,,/eagle/lc-mpi/Zhiqing/polaris_ebm/runs_analysis/seed2_fid_trajectory/ddp_seed2_local,/eagle/lc-mpi/Zhiqing/polaris_ebm/runs_analysis/seed2_fid_trajectory/ddp_seed2_local/step130000/metrics_compare.json
M1,ddp_fullk_K100_seed2_300k,M1 reproducibility,ddp_fullk,2,135000,74.06692274384415,0.5593031900854797,,/eagle/lc-mpi/Zhiqing/polaris_ebm/runs_analysis/seed2_fid_trajectory/ddp_seed2_local,/eagle/lc-mpi/Zhiqing/polaris_ebm/runs_analysis/seed2_fid_trajectory/ddp_seed2_local/step135000/metrics_compare.json
M1,ddp_fullk_K100_seed2_300k,M1 reproducibility,ddp_fullk,2,140000,66.7636223869477,0.28772082861131665,,/eagle/lc-mpi/Zhiqing/polaris_ebm/runs_analysis/seed2_fid_trajectory/ddp_seed2_local,/eagle/lc-mpi/Zhiqing/polaris_ebm/runs_analysis/seed2_fid_trajectory/ddp_seed2_local/step140000/metrics_compare.json
M1,ddp_fullk_K100_seed2_300k,M1 reproducibility,ddp_fullk,2,145000,69.85993112831068,0.35983803254098845,,/eagle/lc-mpi/Zhiqing/polaris_ebm/runs_analysis/seed2_fid_trajectory/ddp_seed2_local,/eagle/lc-mpi/Zhiqing/polaris_ebm/runs_analysis/seed2_fid_trajectory/ddp_seed2_local/step145000/metrics_compare.json
M1,ddp_fullk_K100_seed2_300k,M1 reproducibility,ddp_fullk,2,150000,68.12493107878856,0.48749489860107786,,/eagle/lc-mpi/Zhiqing/polaris_ebm/runs_analysis/seed2_fid_trajectory/ddp_seed2_local,/eagle/lc-mpi/Zhiqing/polaris_ebm/runs_analysis/seed2_fid_trajectory/ddp_seed2_local/step150000/metrics_compare.json
M1,ddp_fullk_K100_seed2_300k,M1 reproducibility,ddp_fullk,2,155000,73.7583394565778,0.31011126617758933,,/eagle/lc-mpi/Zhiqing/polaris_ebm/runs_analysis/seed2_fid_trajectory/ddp_seed2_local,/eagle/lc-mpi/Zhiqing/polaris_ebm/runs_analysis/seed2_fid_trajectory/ddp_seed2_local/step155000/metrics_compare.json
M1,ddp_fullk_K100_seed2_300k,M1 reproducibility,ddp_fullk,2,160000,77.13911880468771,0.3967036922460956,,/eagle/lc-mpi/Zhiqing/polaris_ebm/runs_analysis/seed2_fid_trajectory/ddp_seed2_local,/eagle/lc-mpi/Zhiqing/polaris_ebm/runs_analysis/seed2_fid_trajectory/ddp_seed2_local/step160000/metrics_compare.json
M1,ddp_fullk_K100_seed2_300k,M1 reproducibility,ddp_fullk,2,165000,71.60106435635913,0.5824260379991237,,/eagle/lc-mpi/Zhiqing/polaris_ebm/runs_analysis/seed2_fid_trajectory/ddp_seed2_local,/eagle/lc-mpi/Zhiqing/polaris_ebm/runs_analysis/seed2_fid_trajectory/ddp_seed2_local/step165000/metrics_compare.json
M1,ddp_fullk_K100_seed2_300k,M1 reproducibility,ddp_fullk,2,170000,61.997954167469345,0.3529256231060103,,/eagle/lc-mpi/Zhiqing/polaris_ebm/runs_analysis/seed2_fid_trajectory/ddp_seed2_local,/eagle/lc-mpi/Zhiqing/polaris_ebm/runs_analysis/seed2_fid_trajectory/ddp_seed2_local/step170000/metrics_compare.json
M1,ddp_fullk_K100_seed2_300k,M1 reproducibility,ddp_fullk,2,175000,66.34871358417172,0.44600130822703576,,/eagle/lc-mpi/Zhiqing/polaris_ebm/runs_analysis/seed2_fid_trajectory/ddp_seed2_local,/eagle/lc-mpi/Zhiqing/polaris_ebm/runs_analysis/seed2_fid_trajectory/ddp_seed2_local/step175000/metrics_compare.json
M1,ddp_fullk_K100_seed2_300k,M1 reproducibility,ddp_fullk,2,180000,65.05333115888743,1.0114916806339096,,/eagle/lc-mpi/Zhiqing/polaris_ebm/runs_analysis/seed2_fid_trajectory/ddp_seed2_local,/eagle/lc-mpi/Zhiqing/polaris_ebm/runs_analysis/seed2_fid_trajectory/ddp_seed2_local/step180000/metrics_compare.json
M1,ddp_fullk_K100_seed2_300k,M1 reproducibility,ddp_fullk,2,185000,78.78469565746963,0.5851636690074784,,/eagle/lc-mpi/Zhiqing/polaris_ebm/runs_analysis/seed2_fid_trajectory/ddp_seed2_local,/eagle/lc-mpi/Zhiqing/polaris_ebm/runs_analysis/seed2_fid_trajectory/ddp_seed2_local/step185000/metrics_compare.json
M1,ddp_fullk_K100_seed2_300k,M1 reproducibility,ddp_fullk,2,190000,71.33881254581974,0.2805112943707009,,/eagle/lc-mpi/Zhiqing/polaris_ebm/runs_analysis/seed2_fid_trajectory/ddp_seed2_local,/eagle/lc-mpi/Zhiqing/polaris_ebm/runs_analysis/seed2_fid_trajectory/ddp_seed2_local/step190000/metrics_compare.json
M1,ddp_fullk_K100_seed2_300k,M1 reproducibility,ddp_fullk,2,195000,55.12547387244712,0.4041370634695234,,/eagle/lc-mpi/Zhiqing/polaris_ebm/runs_analysis/seed2_fid_trajectory/ddp_seed2_local,/eagle/lc-mpi/Zhiqing/polaris_ebm/runs_analysis/seed2_fid_trajectory/ddp_seed2_local/step195000/metrics_compare.json
M1,ddp_fullk_K100_seed2_300k,M1 reproducibility,ddp_fullk,2,200000,62.536965605913,0.4803991311551101,,/eagle/lc-mpi/Zhiqing/polaris_ebm/runs_analysis/seed2_fid_trajectory/ddp_seed2_local,/eagle/lc-mpi/Zhiqing/polaris_ebm/runs_analysis/seed2_fid_trajectory/ddp_seed2_local/step200000/metrics_compare.json
M1,ddp_fullk_K100_seed2_300k,M1 reproducibility,ddp_fullk,2,205000,58.859144463678774,0.3294360387249746,,/eagle/lc-mpi/Zhiqing/polaris_ebm/runs_analysis/seed2_fid_trajectory/ddp_seed2_local,/eagle/lc-mpi/Zhiqing/polaris_ebm/runs_analysis/seed2_fid_trajectory/ddp_seed2_local/step205000/metrics_compare.json
M1,ddp_fullk_K100_seed2_300k,M1 reproducibility,ddp_fullk,2,210000,70.64864240989868,0.31311600164119113,,/eagle/lc-mpi/Zhiqing/polaris_ebm/runs_analysis/seed2_fid_trajectory/ddp_seed2_local,/eagle/lc-mpi/Zhiqing/polaris_ebm/runs_analysis/seed2_fid_trajectory/ddp_seed2_local/step210000/metrics_compare.json
M1,ddp_fullk_K100_seed2_300k,M1 reproducibility,ddp_fullk,2,215000,67.69039080708478,0.2551806736012203,,/eagle/lc-mpi/Zhiqing/polaris_ebm/runs_analysis/seed2_fid_trajectory/ddp_seed2_local,/eagle/lc-mpi/Zhiqing/polaris_ebm/runs_analysis/seed2_fid_trajectory/ddp_seed2_local/step215000/metrics_compare.json
M1,ddp_fullk_K100_seed2_300k,M1 reproducibility,ddp_fullk,2,220000,65.79957982166536,0.24025544389427367,,/eagle/lc-mpi/Zhiqing/polaris_ebm/runs_analysis/seed2_fid_trajectory/ddp_seed2_local,/eagle/lc-mpi/Zhiqing/polaris_ebm/runs_analysis/seed2_fid_trajectory/ddp_seed2_local/step220000/metrics_compare.json
M1,ddp_fullk_K100_seed2_300k,M1 reproducibility,ddp_fullk,2,225000,73.57847015988335,0.27072138683492497,,/eagle/lc-mpi/Zhiqing/polaris_ebm/runs_analysis/seed2_fid_trajectory/ddp_seed2_local,/eagle/lc-mpi/Zhiqing/polaris_ebm/runs_analysis/seed2_fid_trajectory/ddp_seed2_local/step225000/metrics_compare.json
M1,ddp_fullk_K100_seed2_300k,M1 reproducibility,ddp_fullk,2,230000,71.15786976688997,0.46564789224400727,,/eagle/lc-mpi/Zhiqing/polaris_ebm/runs_analysis/seed2_fid_trajectory/ddp_seed2_local,/eagle/lc-mpi/Zhiqing/polaris_ebm/runs_analysis/seed2_fid_trajectory/ddp_seed2_local/step230000/metrics_compare.json
M1,ddp_fullk_K100_seed2_300k,M1 reproducibility,ddp_fullk,2,235000,72.63965293593299,0.39629934409240164,,/eagle/lc-mpi/Zhiqing/polaris_ebm/runs_analysis/seed2_fid_trajectory/ddp_seed2_local,/eagle/lc-mpi/Zhiqing/polaris_ebm/runs_analysis/seed2_fid_trajectory/ddp_seed2_local/step235000/metrics_compare.json
M1,ddp_fullk_K100_seed2_300k,M1 reproducibility,ddp_fullk,2,240000,51.99059975948808,0.27263873700525565,,/eagle/lc-mpi/Zhiqing/polaris_ebm/runs_analysis/seed2_fid_trajectory/ddp_seed2_local,/eagle/lc-mpi/Zhiqing/polaris_ebm/runs_analysis/seed2_fid_trajectory/ddp_seed2_local/step240000/metrics_compare.json
M1,ddp_fullk_K100_seed2_300k,M1 reproducibility,ddp_fullk,2,245000,71.89951332449903,0.35466847133703183,,/eagle/lc-mpi/Zhiqing/polaris_ebm/runs_analysis/seed2_fid_trajectory/ddp_seed2_local,/eagle/lc-mpi/Zhiqing/polaris_ebm/runs_analysis/seed2_fid_trajectory/ddp_seed2_local/step245000/metrics_compare.json
M1,ddp_fullk_K100_seed2_300k,M1 reproducibility,ddp_fullk,2,250000,61.17903094003043,0.29201226935321145,,/eagle/lc-mpi/Zhiqing/polaris_ebm/runs_analysis/seed2_fid_trajectory/ddp_seed2_local,/eagle/lc-mpi/Zhiqing/polaris_ebm/runs_analysis/seed2_fid_trajectory/ddp_seed2_local/step250000/metrics_compare.json
M1,ddp_fullk_K100_seed2_300k,M1 reproducibility,ddp_fullk,2,255000,60.411634175115466,0.310302526735569,,/eagle/lc-mpi/Zhiqing/polaris_ebm/runs_analysis/seed2_fid_trajectory/ddp_seed2_local,/eagle/lc-mpi/Zhiqing/polaris_ebm/runs_analysis/seed2_fid_trajectory/ddp_seed2_local/step255000/metrics_compare.json
M1,ddp_fullk_K100_seed2_300k,M1 reproducibility,ddp_fullk,2,260000,72.25059968618712,1.113886597093817,,/eagle/lc-mpi/Zhiqing/polaris_ebm/runs_analysis/seed2_fid_trajectory/ddp_seed2_local,/eagle/lc-mpi/Zhiqing/polaris_ebm/runs_analysis/seed2_fid_trajectory/ddp_seed2_local/step260000/metrics_compare.json
M1,ddp_fullk_K100_seed2_300k,M1 reproducibility,ddp_fullk,2,265000,63.102496157619385,1.0660419285546503,,/eagle/lc-mpi/Zhiqing/polaris_ebm/runs_analysis/seed2_fid_trajectory/ddp_seed2_local,/eagle/lc-mpi/Zhiqing/polaris_ebm/runs_analysis/seed2_fid_trajectory/ddp_seed2_local/step265000/metrics_compare.json
M1,ddp_fullk_K100_seed2_300k,M1 reproducibility,ddp_fullk,2,270000,62.18081612227792,0.23324287435497126,,/eagle/lc-mpi/Zhiqing/polaris_ebm/runs_analysis/seed2_fid_trajectory/ddp_seed2_local,/eagle/lc-mpi/Zhiqing/polaris_ebm/runs_analysis/seed2_fid_trajectory/ddp_seed2_local/step270000/metrics_compare.json
M1,ddp_fullk_K100_seed2_300k,M1 reproducibility,ddp_fullk,2,275000,68.2454816582553,0.25051603253482924,,/eagle/lc-mpi/Zhiqing/polaris_ebm/runs_analysis/seed2_fid_trajectory/ddp_seed2_local,/eagle/lc-mpi/Zhiqing/polaris_ebm/runs_analysis/seed2_fid_trajectory/ddp_seed2_local/step275000/metrics_compare.json
M1,ddp_fullk_K100_seed2_300k,M1 reproducibility,ddp_fullk,2,280000,69.23543552439787,0.3485914477991834,,/eagle/lc-mpi/Zhiqing/polaris_ebm/runs_analysis/seed2_fid_trajectory/ddp_seed2_local,/eagle/lc-mpi/Zhiqing/polaris_ebm/runs_analysis/seed2_fid_trajectory/ddp_seed2_local/step280000/metrics_compare.json
M1,ddp_fullk_K100_seed2_300k,M1 reproducibility,ddp_fullk,2,285000,59.45386950054922,0.37706886983010435,,/eagle/lc-mpi/Zhiqing/polaris_ebm/runs_analysis/seed2_fid_trajectory/ddp_seed2_local,/eagle/lc-mpi/Zhiqing/polaris_ebm/runs_analysis/seed2_fid_trajectory/ddp_seed2_local/step285000/metrics_compare.json
M1,ddp_fullk_K100_seed2_300k,M1 reproducibility,ddp_fullk,2,290000,84.81824395394301,0.5265778363486362,,/eagle/lc-mpi/Zhiqing/polaris_ebm/runs_analysis/seed2_fid_trajectory/ddp_seed2_local,/eagle/lc-mpi/Zhiqing/polaris_ebm/runs_analysis/seed2_fid_trajectory/ddp_seed2_local/step290000/metrics_compare.json
M1,ddp_fullk_K100_seed2_300k,M1 reproducibility,ddp_fullk,2,295000,68.7497470424837,0.272113676558952,,/eagle/lc-mpi/Zhiqing/polaris_ebm/runs_analysis/seed2_fid_trajectory/ddp_seed2_local,/eagle/lc-mpi/Zhiqing/polaris_ebm/runs_analysis/seed2_fid_trajectory/ddp_seed2_local/step295000/metrics_compare.json
M1,ddp_fullk_K100_seed2_300k,M1 reproducibility,ddp_fullk,2,300000,57.79872833080094,0.27670446388534486,,/eagle/lc-mpi/Zhiqing/polaris_ebm/runs_analysis/seed2_fid_trajectory/ddp_seed2_local,/eagle/lc-mpi/Zhiqing/polaris_ebm/runs_analysis/seed2_fid_trajectory/ddp_seed2_local/step300000/metrics_compare.json
M1,pipe_strict_P4_K100_beta001_lr1e4_seed2_300k,M1 reproducibility,pipe_strict,2,5000,175.33638954009737,6.5683547523776085,,/eagle/lc-mpi/Zhiqing/polaris_ebm/runs_analysis/seed2_fid_trajectory/pipeline_seed2_local,/eagle/lc-mpi/Zhiqing/polaris_ebm/runs_analysis/seed2_fid_trajectory/pipeline_seed2_local/step005000/metrics_compare.json
M1,pipe_strict_P4_K100_beta001_lr1e4_seed2_300k,M1 reproducibility,pipe_strict,2,10000,171.9293924712391,2.4109040876994037,,/eagle/lc-mpi/Zhiqing/polaris_ebm/runs_analysis/seed2_fid_trajectory/pipeline_seed2_local,/eagle/lc-mpi/Zhiqing/polaris_ebm/runs_analysis/seed2_fid_trajectory/pipeline_seed2_local/step010000/metrics_compare.json
M1,pipe_strict_P4_K100_beta001_lr1e4_seed2_300k,M1 reproducibility,pipe_strict,2,15000,112.0224468884818,1.780687792350296,,/eagle/lc-mpi/Zhiqing/polaris_ebm/runs_analysis/seed2_fid_trajectory/pipeline_seed2_local,/eagle/lc-mpi/Zhiqing/polaris_ebm/runs_analysis/seed2_fid_trajectory/pipeline_seed2_local/step015000/metrics_compare.json
M1,pipe_strict_P4_K100_beta001_lr1e4_seed2_300k,M1 reproducibility,pipe_strict,2,20000,139.26917200731077,5.9177627895317855,,/eagle/lc-mpi/Zhiqing/polaris_ebm/runs_analysis/seed2_fid_trajectory/pipeline_seed2_local,/eagle/lc-mpi/Zhiqing/polaris_ebm/runs_analysis/seed2_fid_trajectory/pipeline_seed2_local/step020000/metrics_compare.json
M1,pipe_strict_P4_K100_beta001_lr1e4_seed2_300k,M1 reproducibility,pipe_strict,2,25000,125.19945552835259,1.6871151935785935,,/eagle/lc-mpi/Zhiqing/polaris_ebm/runs_analysis/seed2_fid_trajectory/pipeline_seed2_local,/eagle/lc-mpi/Zhiqing/polaris_ebm/runs_analysis/seed2_fid_trajectory/pipeline_seed2_local/step025000/metrics_compare.json
M1,pipe_strict_P4_K100_beta001_lr1e4_seed2_300k,M1 reproducibility,pipe_strict,2,30000,95.40791185314225,1.145882959600982,,/eagle/lc-mpi/Zhiqing/polaris_ebm/runs_analysis/seed2_fid_trajectory/pipeline_seed2_local,/eagle/lc-mpi/Zhiqing/polaris_ebm/runs_analysis/seed2_fid_trajectory/pipeline_seed2_local/step030000/metrics_compare.json
M1,pipe_strict_P4_K100_beta001_lr1e4_seed2_300k,M1 reproducibility,pipe_strict,2,35000,113.79294666652186,3.2954145199006,,/eagle/lc-mpi/Zhiqing/polaris_ebm/runs_analysis/seed2_fid_trajectory/pipeline_seed2_local,/eagle/lc-mpi/Zhiqing/polaris_ebm/runs_analysis/seed2_fid_trajectory/pipeline_seed2_local/step035000/metrics_compare.json
M1,pipe_strict_P4_K100_beta001_lr1e4_seed2_300k,M1 reproducibility,pipe_strict,2,40000,84.17414129610131,4.686728124212891,,/eagle/lc-mpi/Zhiqing/polaris_ebm/runs_analysis/seed2_fid_trajectory/pipeline_seed2_local,/eagle/lc-mpi/Zhiqing/polaris_ebm/runs_analysis/seed2_fid_trajectory/pipeline_seed2_local/step040000/metrics_compare.json
M1,pipe_strict_P4_K100_beta001_lr1e4_seed2_300k,M1 reproducibility,pipe_strict,2,45000,99.46202807085541,1.1386517586699902,,/eagle/lc-mpi/Zhiqing/polaris_ebm/runs_analysis/seed2_fid_trajectory/pipeline_seed2_local,/eagle/lc-mpi/Zhiqing/polaris_ebm/runs_analysis/seed2_fid_trajectory/pipeline_seed2_local/step045000/metrics_compare.json
M1,pipe_strict_P4_K100_beta001_lr1e4_seed2_300k,M1 reproducibility,pipe_strict,2,50000,80.52571137107566,1.6511866002300835,,/eagle/lc-mpi/Zhiqing/polaris_ebm/runs_analysis/seed2_fid_trajectory/pipeline_seed2_local,/eagle/lc-mpi/Zhiqing/polaris_ebm/runs_analysis/seed2_fid_trajectory/pipeline_seed2_local/step050000/metrics_compare.json
M1,pipe_strict_P4_K100_beta001_lr1e4_seed2_300k,M1 reproducibility,pipe_strict,2,55000,97.61777678973317,1.5252108968904672,,/eagle/lc-mpi/Zhiqing/polaris_ebm/runs_analysis/seed2_fid_trajectory/pipeline_seed2_local,/eagle/lc-mpi/Zhiqing/polaris_ebm/runs_analysis/seed2_fid_trajectory/pipeline_seed2_local/step055000/metrics_compare.json
M1,pipe_strict_P4_K100_beta001_lr1e4_seed2_300k,M1 reproducibility,pipe_strict,2,60000,113.89076771908572,3.0077502239225318,,/eagle/lc-mpi/Zhiqing/polaris_ebm/runs_analysis/seed2_fid_trajectory/pipeline_seed2_local,/eagle/lc-mpi/Zhiqing/polaris_ebm/runs_analysis/seed2_fid_trajectory/pipeline_seed2_local/step060000/metrics_compare.json
M1,pipe_strict_P4_K100_beta001_lr1e4_seed2_300k,M1 reproducibility,pipe_strict,2,65000,91.00481756009651,1.0817236699266957,,/eagle/lc-mpi/Zhiqing/polaris_ebm/runs_analysis/seed2_fid_trajectory/pipeline_seed2_local,/eagle/lc-mpi/Zhiqing/polaris_ebm/runs_analysis/seed2_fid_trajectory/pipeline_seed2_local/step065000/metrics_compare.json
M1,pipe_strict_P4_K100_beta001_lr1e4_seed2_300k,M1 reproducibility,pipe_strict,2,70000,89.04057819434456,1.3090766990529232,,/eagle/lc-mpi/Zhiqing/polaris_ebm/runs_analysis/seed2_fid_trajectory/pipeline_seed2_local,/eagle/lc-mpi/Zhiqing/polaris_ebm/runs_analysis/seed2_fid_trajectory/pipeline_seed2_local/step070000/metrics_compare.json
M1,pipe_strict_P4_K100_beta001_lr1e4_seed2_300k,M1 reproducibility,pipe_strict,2,75000,93.43130488361476,2.8078198821195937,,/eagle/lc-mpi/Zhiqing/polaris_ebm/runs_analysis/seed2_fid_trajectory/pipeline_seed2_local,/eagle/lc-mpi/Zhiqing/polaris_ebm/runs_analysis/seed2_fid_trajectory/pipeline_seed2_local/step075000/metrics_compare.json
M1,pipe_strict_P4_K100_beta001_lr1e4_seed2_300k,M1 reproducibility,pipe_strict,2,80000,88.99573636809384,1.9979484405870025,,/eagle/lc-mpi/Zhiqing/polaris_ebm/runs_analysis/seed2_fid_trajectory/pipeline_seed2_local,/eagle/lc-mpi/Zhiqing/polaris_ebm/runs_analysis/seed2_fid_trajectory/pipeline_seed2_local/step080000/metrics_compare.json
M1,pipe_strict_P4_K100_beta001_lr1e4_seed2_300k,M1 reproducibility,pipe_strict,2,85000,104.89570056058113,3.526130256917753,,/eagle/lc-mpi/Zhiqing/polaris_ebm/runs_analysis/seed2_fid_trajectory/pipeline_seed2_local,/eagle/lc-mpi/Zhiqing/polaris_ebm/runs_analysis/seed2_fid_trajectory/pipeline_seed2_local/step085000/metrics_compare.json
M1,pipe_strict_P4_K100_beta001_lr1e4_seed2_300k,M1 reproducibility,pipe_strict,2,90000,81.49148850885183,1.4416078343149614,,/eagle/lc-mpi/Zhiqing/polaris_ebm/runs_analysis/seed2_fid_trajectory/pipeline_seed2_local,/eagle/lc-mpi/Zhiqing/polaris_ebm/runs_analysis/seed2_fid_trajectory/pipeline_seed2_local/step090000/metrics_compare.json
M1,pipe_strict_P4_K100_beta001_lr1e4_seed2_300k,M1 reproducibility,pipe_strict,2,95000,96.2206695916434,1.2854320620565218,,/eagle/lc-mpi/Zhiqing/polaris_ebm/runs_analysis/seed2_fid_trajectory/pipeline_seed2_local,/eagle/lc-mpi/Zhiqing/polaris_ebm/runs_analysis/seed2_fid_trajectory/pipeline_seed2_local/step095000/metrics_compare.json
M1,pipe_strict_P4_K100_beta001_lr1e4_seed2_300k,M1 reproducibility,pipe_strict,2,100000,111.10151215437406,2.2570909687066028,,/eagle/lc-mpi/Zhiqing/polaris_ebm/runs_analysis/seed2_fid_trajectory/pipeline_seed2_local,/eagle/lc-mpi/Zhiqing/polaris_ebm/runs_analysis/seed2_fid_trajectory/pipeline_seed2_local/step100000/metrics_compare.json
M1,pipe_strict_P4_K100_beta001_lr1e4_seed2_300k,M1 reproducibility,pipe_strict,2,105000,67.63712288983271,1.331613035650463,,/eagle/lc-mpi/Zhiqing/polaris_ebm/runs_analysis/seed2_fid_trajectory/pipeline_seed2_local,/eagle/lc-mpi/Zhiqing/polaris_ebm/runs_analysis/seed2_fid_trajectory/pipeline_seed2_local/step105000/metrics_compare.json
M1,pipe_strict_P4_K100_beta001_lr1e4_seed2_300k,M1 reproducibility,pipe_strict,2,110000,87.43091184381706,2.177211184033549,,/eagle/lc-mpi/Zhiqing/polaris_ebm/runs_analysis/seed2_fid_trajectory/pipeline_seed2_local,/eagle/lc-mpi/Zhiqing/polaris_ebm/runs_analysis/seed2_fid_trajectory/pipeline_seed2_local/step110000/metrics_compare.json
M1,pipe_strict_P4_K100_beta001_lr1e4_seed2_300k,M1 reproducibility,pipe_strict,2,115000,101.61285654819312,2.535149417664419,,/eagle/lc-mpi/Zhiqing/polaris_ebm/runs_analysis/seed2_fid_trajectory/pipeline_seed2_local,/eagle/lc-mpi/Zhiqing/polaris_ebm/runs_analysis/seed2_fid_trajectory/pipeline_seed2_local/step115000/metrics_compare.json
M1,pipe_strict_P4_K100_beta001_lr1e4_seed2_300k,M1 reproducibility,pipe_strict,2,120000,115.66749325820234,1.7027926666740782,,/eagle/lc-mpi/Zhiqing/polaris_ebm/runs_analysis/seed2_fid_trajectory/pipeline_seed2_local,/eagle/lc-mpi/Zhiqing/polaris_ebm/runs_analysis/seed2_fid_trajectory/pipeline_seed2_local/step120000/metrics_compare.json
M1,pipe_strict_P4_K100_beta001_lr1e4_seed2_300k,M1 reproducibility,pipe_strict,2,125000,75.57652052613821,0.5733406118661755,,/eagle/lc-mpi/Zhiqing/polaris_ebm/runs_analysis/seed2_fid_trajectory/pipeline_seed2_local,/eagle/lc-mpi/Zhiqing/polaris_ebm/runs_analysis/seed2_fid_trajectory/pipeline_seed2_local/step125000/metrics_compare.json
M1,pipe_strict_P4_K100_beta001_lr1e4_seed2_300k,M1 reproducibility,pipe_strict,2,130000,83.80278345486124,3.589212449208059,,/eagle/lc-mpi/Zhiqing/polaris_ebm/runs_analysis/seed2_fid_trajectory/pipeline_seed2_local,/eagle/lc-mpi/Zhiqing/polaris_ebm/runs_analysis/seed2_fid_trajectory/pipeline_seed2_local/step130000/metrics_compare.json
M1,pipe_strict_P4_K100_beta001_lr1e4_seed2_300k,M1 reproducibility,pipe_strict,2,135000,82.64439138777408,1.8637994324397127,,/eagle/lc-mpi/Zhiqing/polaris_ebm/runs_analysis/seed2_fid_trajectory/pipeline_seed2_local,/eagle/lc-mpi/Zhiqing/polaris_ebm/runs_analysis/seed2_fid_trajectory/pipeline_seed2_local/step135000/metrics_compare.json
M1,pipe_strict_P4_K100_beta001_lr1e4_seed2_300k,M1 reproducibility,pipe_strict,2,140000,80.10377671338017,1.145299982491899,,/eagle/lc-mpi/Zhiqing/polaris_ebm/runs_analysis/seed2_fid_trajectory/pipeline_seed2_local,/eagle/lc-mpi/Zhiqing/polaris_ebm/runs_analysis/seed2_fid_trajectory/pipeline_seed2_local/step140000/metrics_compare.json
M1,pipe_strict_P4_K100_beta001_lr1e4_seed2_300k,M1 reproducibility,pipe_strict,2,145000,70.99999798847921,1.63802753456633,,/eagle/lc-mpi/Zhiqing/polaris_ebm/runs_analysis/seed2_fid_trajectory/pipeline_seed2_local,/eagle/lc-mpi/Zhiqing/polaris_ebm/runs_analysis/seed2_fid_trajectory/pipeline_seed2_local/step145000/metrics_compare.json
M1,pipe_strict_P4_K100_beta001_lr1e4_seed2_300k,M1 reproducibility,pipe_strict,2,150000,111.009352522484,1.0188111469141816,,/eagle/lc-mpi/Zhiqing/polaris_ebm/runs_analysis/seed2_fid_trajectory/pipeline_seed2_local,/eagle/lc-mpi/Zhiqing/polaris_ebm/runs_analysis/seed2_fid_trajectory/pipeline_seed2_local/step150000/metrics_compare.json
M1,pipe_strict_P4_K100_beta001_lr1e4_seed2_300k,M1 reproducibility,pipe_strict,2,155000,83.67030145220048,1.6170983816955093,,/eagle/lc-mpi/Zhiqing/polaris_ebm/runs_analysis/seed2_fid_trajectory/pipeline_seed2_local,/eagle/lc-mpi/Zhiqing/polaris_ebm/runs_analysis/seed2_fid_trajectory/pipeline_seed2_local/step155000/metrics_compare.json
M1,pipe_strict_P4_K100_beta001_lr1e4_seed2_300k,M1 reproducibility,pipe_strict,2,160000,80.11319612021498,4.161410034808483,,/eagle/lc-mpi/Zhiqing/polaris_ebm/runs_analysis/seed2_fid_trajectory/pipeline_seed2_local,/eagle/lc-mpi/Zhiqing/polaris_ebm/runs_analysis/seed2_fid_trajectory/pipeline_seed2_local/step160000/metrics_compare.json
M1,pipe_strict_P4_K100_beta001_lr1e4_seed2_300k,M1 reproducibility,pipe_strict,2,165000,72.9251833529255,1.5626193131487192,,/eagle/lc-mpi/Zhiqing/polaris_ebm/runs_analysis/seed2_fid_trajectory/pipeline_seed2_local,/eagle/lc-mpi/Zhiqing/polaris_ebm/runs_analysis/seed2_fid_trajectory/pipeline_seed2_local/step165000/metrics_compare.json
M1,pipe_strict_P4_K100_beta001_lr1e4_seed2_300k,M1 reproducibility,pipe_strict,2,170000,98.68855373347981,0.8165002879826062,,/eagle/lc-mpi/Zhiqing/polaris_ebm/runs_analysis/seed2_fid_trajectory/pipeline_seed2_local,/eagle/lc-mpi/Zhiqing/polaris_ebm/runs_analysis/seed2_fid_trajectory/pipeline_seed2_local/step170000/metrics_compare.json
M1,pipe_strict_P4_K100_beta001_lr1e4_seed2_300k,M1 reproducibility,pipe_strict,2,175000,69.40797147758065,3.2426674774549937,,/eagle/lc-mpi/Zhiqing/polaris_ebm/runs_analysis/seed2_fid_trajectory/pipeline_seed2_local,/eagle/lc-mpi/Zhiqing/polaris_ebm/runs_analysis/seed2_fid_trajectory/pipeline_seed2_local/step175000/metrics_compare.json
M1,pipe_strict_P4_K100_beta001_lr1e4_seed2_300k,M1 reproducibility,pipe_strict,2,180000,76.84540652933572,1.574943119682736,,/eagle/lc-mpi/Zhiqing/polaris_ebm/runs_analysis/seed2_fid_trajectory/pipeline_seed2_local,/eagle/lc-mpi/Zhiqing/polaris_ebm/runs_analysis/seed2_fid_trajectory/pipeline_seed2_local/step180000/metrics_compare.json
M1,pipe_strict_P4_K100_beta001_lr1e4_seed2_300k,M1 reproducibility,pipe_strict,2,185000,71.75674607076138,1.1930491204358518,,/eagle/lc-mpi/Zhiqing/polaris_ebm/runs_analysis/seed2_fid_trajectory/pipeline_seed2_local,/eagle/lc-mpi/Zhiqing/polaris_ebm/runs_analysis/seed2_fid_trajectory/pipeline_seed2_local/step185000/metrics_compare.json
M1,pipe_strict_P4_K100_beta001_lr1e4_seed2_300k,M1 reproducibility,pipe_strict,2,190000,95.89613727214999,0.8389274077325446,,/eagle/lc-mpi/Zhiqing/polaris_ebm/runs_analysis/seed2_fid_trajectory/pipeline_seed2_local,/eagle/lc-mpi/Zhiqing/polaris_ebm/runs_analysis/seed2_fid_trajectory/pipeline_seed2_local/step190000/metrics_compare.json
M1,pipe_strict_P4_K100_beta001_lr1e4_seed2_300k,M1 reproducibility,pipe_strict,2,195000,73.72837399692025,1.2657684622943624,,/eagle/lc-mpi/Zhiqing/polaris_ebm/runs_analysis/seed2_fid_trajectory/pipeline_seed2_local,/eagle/lc-mpi/Zhiqing/polaris_ebm/runs_analysis/seed2_fid_trajectory/pipeline_seed2_local/step195000/metrics_compare.json
M1,pipe_strict_P4_K100_beta001_lr1e4_seed2_300k,M1 reproducibility,pipe_strict,2,200000,65.18680211518216,0.8183426810269125,,/eagle/lc-mpi/Zhiqing/polaris_ebm/runs_analysis/seed2_fid_trajectory/pipeline_seed2_local,/eagle/lc-mpi/Zhiqing/polaris_ebm/runs_analysis/seed2_fid_trajectory/pipeline_seed2_local/step200000/metrics_compare.json
M1,pipe_strict_P4_K100_beta001_lr1e4_seed2_300k,M1 reproducibility,pipe_strict,2,205000,85.99830099624683,1.7810554969089587,,/eagle/lc-mpi/Zhiqing/polaris_ebm/runs_analysis/seed2_fid_trajectory/pipeline_seed2_local,/eagle/lc-mpi/Zhiqing/polaris_ebm/runs_analysis/seed2_fid_trajectory/pipeline_seed2_local/step205000/metrics_compare.json
M1,pipe_strict_P4_K100_beta001_lr1e4_seed2_300k,M1 reproducibility,pipe_strict,2,210000,92.83949428677636,1.478107105595349,,/eagle/lc-mpi/Zhiqing/polaris_ebm/runs_analysis/seed2_fid_trajectory/pipeline_seed2_local,/eagle/lc-mpi/Zhiqing/polaris_ebm/runs_analysis/seed2_fid_trajectory/pipeline_seed2_local/step210000/metrics_compare.json
M1,pipe_strict_P4_K100_beta001_lr1e4_seed2_300k,M1 reproducibility,pipe_strict,2,215000,73.10570068746102,3.2175307940146567,,/eagle/lc-mpi/Zhiqing/polaris_ebm/runs_analysis/seed2_fid_trajectory/pipeline_seed2_local,/eagle/lc-mpi/Zhiqing/polaris_ebm/runs_analysis/seed2_fid_trajectory/pipeline_seed2_local/step215000/metrics_compare.json
M1,pipe_strict_P4_K100_beta001_lr1e4_seed2_300k,M1 reproducibility,pipe_strict,2,220000,75.0103833806894,1.5991656254530504,,/eagle/lc-mpi/Zhiqing/polaris_ebm/runs_analysis/seed2_fid_trajectory/pipeline_seed2_local,/eagle/lc-mpi/Zhiqing/polaris_ebm/runs_analysis/seed2_fid_trajectory/pipeline_seed2_local/step220000/metrics_compare.json
M1,pipe_strict_P4_K100_beta001_lr1e4_seed2_300k,M1 reproducibility,pipe_strict,2,225000,79.31630143821775,0.45554156919522626,,/eagle/lc-mpi/Zhiqing/polaris_ebm/runs_analysis/seed2_fid_trajectory/pipeline_seed2_local,/eagle/lc-mpi/Zhiqing/polaris_ebm/runs_analysis/seed2_fid_trajectory/pipeline_seed2_local/step225000/metrics_compare.json
M1,pipe_strict_P4_K100_beta001_lr1e4_seed2_300k,M1 reproducibility,pipe_strict,2,230000,73.9862783539279,0.8449512534204402,,/eagle/lc-mpi/Zhiqing/polaris_ebm/runs_analysis/seed2_fid_trajectory/pipeline_seed2_local,/eagle/lc-mpi/Zhiqing/polaris_ebm/runs_analysis/seed2_fid_trajectory/pipeline_seed2_local/step230000/metrics_compare.json
M1,pipe_strict_P4_K100_beta001_lr1e4_seed2_300k,M1 reproducibility,pipe_strict,2,235000,76.89715372439213,1.8620826665322525,,/eagle/lc-mpi/Zhiqing/polaris_ebm/runs_analysis/seed2_fid_trajectory/pipeline_seed2_local,/eagle/lc-mpi/Zhiqing/polaris_ebm/runs_analysis/seed2_fid_trajectory/pipeline_seed2_local/step235000/metrics_compare.json
M1,pipe_strict_P4_K100_beta001_lr1e4_seed2_300k,M1 reproducibility,pipe_strict,2,240000,73.63507462703387,0.7095682792831752,,/eagle/lc-mpi/Zhiqing/polaris_ebm/runs_analysis/seed2_fid_trajectory/pipeline_seed2_local,/eagle/lc-mpi/Zhiqing/polaris_ebm/runs_analysis/seed2_fid_trajectory/pipeline_seed2_local/step240000/metrics_compare.json
M1,pipe_strict_P4_K100_beta001_lr1e4_seed2_300k,M1 reproducibility,pipe_strict,2,245000,63.81793736691253,0.6799300109633712,,/eagle/lc-mpi/Zhiqing/polaris_ebm/runs_analysis/seed2_fid_trajectory/pipeline_seed2_local,/eagle/lc-mpi/Zhiqing/polaris_ebm/runs_analysis/seed2_fid_trajectory/pipeline_seed2_local/step245000/metrics_compare.json
M1,pipe_strict_P4_K100_beta001_lr1e4_seed2_300k,M1 reproducibility,pipe_strict,2,250000,74.96887809327177,2.621804957485164,,/eagle/lc-mpi/Zhiqing/polaris_ebm/runs_analysis/seed2_fid_trajectory/pipeline_seed2_local,/eagle/lc-mpi/Zhiqing/polaris_ebm/runs_analysis/seed2_fid_trajectory/pipeline_seed2_local/step250000/metrics_compare.json
M1,pipe_strict_P4_K100_beta001_lr1e4_seed2_300k,M1 reproducibility,pipe_strict,2,255000,76.7582379894032,2.6676990172789914,,/eagle/lc-mpi/Zhiqing/polaris_ebm/runs_analysis/seed2_fid_trajectory/pipeline_seed2_local,/eagle/lc-mpi/Zhiqing/polaris_ebm/runs_analysis/seed2_fid_trajectory/pipeline_seed2_local/step255000/metrics_compare.json
M1,pipe_strict_P4_K100_beta001_lr1e4_seed2_300k,M1 reproducibility,pipe_strict,2,260000,82.18009309562603,1.1239051088553644,,/eagle/lc-mpi/Zhiqing/polaris_ebm/runs_analysis/seed2_fid_trajectory/pipeline_seed2_local,/eagle/lc-mpi/Zhiqing/polaris_ebm/runs_analysis/seed2_fid_trajectory/pipeline_seed2_local/step260000/metrics_compare.json
M1,pipe_strict_P4_K100_beta001_lr1e4_seed2_300k,M1 reproducibility,pipe_strict,2,265000,78.37847047079885,1.245484716072955,,/eagle/lc-mpi/Zhiqing/polaris_ebm/runs_analysis/seed2_fid_trajectory/pipeline_seed2_local,/eagle/lc-mpi/Zhiqing/polaris_ebm/runs_analysis/seed2_fid_trajectory/pipeline_seed2_local/step265000/metrics_compare.json
M1,pipe_strict_P4_K100_beta001_lr1e4_seed2_300k,M1 reproducibility,pipe_strict,2,270000,63.40639306368729,0.5381653013367895,,/eagle/lc-mpi/Zhiqing/polaris_ebm/runs_analysis/seed2_fid_trajectory/pipeline_seed2_local,/eagle/lc-mpi/Zhiqing/polaris_ebm/runs_analysis/seed2_fid_trajectory/pipeline_seed2_local/step270000/metrics_compare.json
M1,pipe_strict_P4_K100_beta001_lr1e4_seed2_300k,M1 reproducibility,pipe_strict,2,275000,70.81190211701198,0.7593024622380824,,/eagle/lc-mpi/Zhiqing/polaris_ebm/runs_analysis/seed2_fid_trajectory/pipeline_seed2_local,/eagle/lc-mpi/Zhiqing/polaris_ebm/runs_analysis/seed2_fid_trajectory/pipeline_seed2_local/step275000/metrics_compare.json
M1,pipe_strict_P4_K100_beta001_lr1e4_seed2_300k,M1 reproducibility,pipe_strict,2,280000,77.43325891205234,0.6665856366739149,,/eagle/lc-mpi/Zhiqing/polaris_ebm/runs_analysis/seed2_fid_trajectory/pipeline_seed2_local,/eagle/lc-mpi/Zhiqing/polaris_ebm/runs_analysis/seed2_fid_trajectory/pipeline_seed2_local/step280000/metrics_compare.json
M1,pipe_strict_P4_K100_beta001_lr1e4_seed2_300k,M1 reproducibility,pipe_strict,2,285000,85.239405768582,1.0764065843777928,,/eagle/lc-mpi/Zhiqing/polaris_ebm/runs_analysis/seed2_fid_trajectory/pipeline_seed2_local,/eagle/lc-mpi/Zhiqing/polaris_ebm/runs_analysis/seed2_fid_trajectory/pipeline_seed2_local/step285000/metrics_compare.json
M1,pipe_strict_P4_K100_beta001_lr1e4_seed2_300k,M1 reproducibility,pipe_strict,2,290000,63.23874003430717,0.8764067003555169,,/eagle/lc-mpi/Zhiqing/polaris_ebm/runs_analysis/seed2_fid_trajectory/pipeline_seed2_local,/eagle/lc-mpi/Zhiqing/polaris_ebm/runs_analysis/seed2_fid_trajectory/pipeline_seed2_local/step290000/metrics_compare.json
M1,pipe_strict_P4_K100_beta001_lr1e4_seed2_300k,M1 reproducibility,pipe_strict,2,295000,61.508138234867715,0.7780648483788255,,/eagle/lc-mpi/Zhiqing/polaris_ebm/runs_analysis/seed2_fid_trajectory/pipeline_seed2_local,/eagle/lc-mpi/Zhiqing/polaris_ebm/runs_analysis/seed2_fid_trajectory/pipeline_seed2_local/step295000/metrics_compare.json
M1,pipe_strict_P4_K100_beta001_lr1e4_seed2_300k,M1 reproducibility,pipe_strict,2,300000,65.83905546619434,0.6797417243377559,,/eagle/lc-mpi/Zhiqing/polaris_ebm/runs_analysis/seed2_fid_trajectory/pipeline_seed2_local,/eagle/lc-mpi/Zhiqing/polaris_ebm/runs_analysis/seed2_fid_trajectory/pipeline_seed2_local/step300000/metrics_compare.json
M1,ddp_fullk_K100_seed3_300k,M1 reproducibility,ddp_fullk,3,5000,162.0155586923318,0.748996732734696,,/eagle/lc-mpi/Zhiqing/polaris_ebm/runs_analysis/seed3_fid_trajectory/ddp_seed3_local,/eagle/lc-mpi/Zhiqing/polaris_ebm/runs_analysis/seed3_fid_trajectory/ddp_seed3_local/step005000/metrics_compare.json
M1,ddp_fullk_K100_seed3_300k,M1 reproducibility,ddp_fullk,3,10000,147.2629584799014,0.9885683142378596,,/eagle/lc-mpi/Zhiqing/polaris_ebm/runs_analysis/seed3_fid_trajectory/ddp_seed3_local,/eagle/lc-mpi/Zhiqing/polaris_ebm/runs_analysis/seed3_fid_trajectory/ddp_seed3_local/step010000/metrics_compare.json
M1,ddp_fullk_K100_seed3_300k,M1 reproducibility,ddp_fullk,3,15000,114.95085665836842,1.7149542372265323,,/eagle/lc-mpi/Zhiqing/polaris_ebm/runs_analysis/seed3_fid_trajectory/ddp_seed3_local,/eagle/lc-mpi/Zhiqing/polaris_ebm/runs_analysis/seed3_fid_trajectory/ddp_seed3_local/step015000/metrics_compare.json
M1,ddp_fullk_K100_seed3_300k,M1 reproducibility,ddp_fullk,3,20000,101.21207442711318,0.4443945743179185,,/eagle/lc-mpi/Zhiqing/polaris_ebm/runs_analysis/seed3_fid_trajectory/ddp_seed3_local,/eagle/lc-mpi/Zhiqing/polaris_ebm/runs_analysis/seed3_fid_trajectory/ddp_seed3_local/step020000/metrics_compare.json
M1,ddp_fullk_K100_seed3_300k,M1 reproducibility,ddp_fullk,3,25000,126.21581495582325,2.324750064241263,,/eagle/lc-mpi/Zhiqing/polaris_ebm/runs_analysis/seed3_fid_trajectory/ddp_seed3_local,/eagle/lc-mpi/Zhiqing/polaris_ebm/runs_analysis/seed3_fid_trajectory/ddp_seed3_local/step025000/metrics_compare.json
M1,ddp_fullk_K100_seed3_300k,M1 reproducibility,ddp_fullk,3,30000,88.39085935260545,0.5426537456843832,,/eagle/lc-mpi/Zhiqing/polaris_ebm/runs_analysis/seed3_fid_trajectory/ddp_seed3_local,/eagle/lc-mpi/Zhiqing/polaris_ebm/runs_analysis/seed3_fid_trajectory/ddp_seed3_local/step030000/metrics_compare.json
M1,ddp_fullk_K100_seed3_300k,M1 reproducibility,ddp_fullk,3,35000,67.37357577010772,2.4519288935193018,,/eagle/lc-mpi/Zhiqing/polaris_ebm/runs_analysis/seed3_fid_trajectory/ddp_seed3_local,/eagle/lc-mpi/Zhiqing/polaris_ebm/runs_analysis/seed3_fid_trajectory/ddp_seed3_local/step035000/metrics_compare.json
M1,ddp_fullk_K100_seed3_300k,M1 reproducibility,ddp_fullk,3,40000,97.13857921396885,0.8000656171994152,,/eagle/lc-mpi/Zhiqing/polaris_ebm/runs_analysis/seed3_fid_trajectory/ddp_seed3_local,/eagle/lc-mpi/Zhiqing/polaris_ebm/runs_analysis/seed3_fid_trajectory/ddp_seed3_local/step040000/metrics_compare.json
M1,ddp_fullk_K100_seed3_300k,M1 reproducibility,ddp_fullk,3,45000,78.61727867440493,0.38806224863312266,,/eagle/lc-mpi/Zhiqing/polaris_ebm/runs_analysis/seed3_fid_trajectory/ddp_seed3_local,/eagle/lc-mpi/Zhiqing/polaris_ebm/runs_analysis/seed3_fid_trajectory/ddp_seed3_local/step045000/metrics_compare.json
M1,ddp_fullk_K100_seed3_300k,M1 reproducibility,ddp_fullk,3,50000,81.84179412681124,0.34286172989910924,,/eagle/lc-mpi/Zhiqing/polaris_ebm/runs_analysis/seed3_fid_trajectory/ddp_seed3_local,/eagle/lc-mpi/Zhiqing/polaris_ebm/runs_analysis/seed3_fid_trajectory/ddp_seed3_local/step050000/metrics_compare.json
M1,ddp_fullk_K100_seed3_300k,M1 reproducibility,ddp_fullk,3,55000,74.02591128620003,0.45460338819639645,,/eagle/lc-mpi/Zhiqing/polaris_ebm/runs_analysis/seed3_fid_trajectory/ddp_seed3_local,/eagle/lc-mpi/Zhiqing/polaris_ebm/runs_analysis/seed3_fid_trajectory/ddp_seed3_local/step055000/metrics_compare.json
M1,ddp_fullk_K100_seed3_300k,M1 reproducibility,ddp_fullk,3,60000,78.37182104160593,0.5763685757160673,,/eagle/lc-mpi/Zhiqing/polaris_ebm/runs_analysis/seed3_fid_trajectory/ddp_seed3_local,/eagle/lc-mpi/Zhiqing/polaris_ebm/runs_analysis/seed3_fid_trajectory/ddp_seed3_local/step060000/metrics_compare.json
M1,ddp_fullk_K100_seed3_300k,M1 reproducibility,ddp_fullk,3,65000,84.82986185764281,0.3898313199913268,,/eagle/lc-mpi/Zhiqing/polaris_ebm/runs_analysis/seed3_fid_trajectory/ddp_seed3_local,/eagle/lc-mpi/Zhiqing/polaris_ebm/runs_analysis/seed3_fid_trajectory/ddp_seed3_local/step065000/metrics_compare.json
M1,ddp_fullk_K100_seed3_300k,M1 reproducibility,ddp_fullk,3,70000,102.8351000185483,0.7614101540215827,,/eagle/lc-mpi/Zhiqing/polaris_ebm/runs_analysis/seed3_fid_trajectory/ddp_seed3_local,/eagle/lc-mpi/Zhiqing/polaris_ebm/runs_analysis/seed3_fid_trajectory/ddp_seed3_local/step070000/metrics_compare.json
M1,ddp_fullk_K100_seed3_300k,M1 reproducibility,ddp_fullk,3,75000,81.92618202136038,0.4834757981962987,,/eagle/lc-mpi/Zhiqing/polaris_ebm/runs_analysis/seed3_fid_trajectory/ddp_seed3_local,/eagle/lc-mpi/Zhiqing/polaris_ebm/runs_analysis/seed3_fid_trajectory/ddp_seed3_local/step075000/metrics_compare.json
M1,ddp_fullk_K100_seed3_300k,M1 reproducibility,ddp_fullk,3,80000,70.37508315469074,1.0012219417070334,,/eagle/lc-mpi/Zhiqing/polaris_ebm/runs_analysis/seed3_fid_trajectory/ddp_seed3_local,/eagle/lc-mpi/Zhiqing/polaris_ebm/runs_analysis/seed3_fid_trajectory/ddp_seed3_local/step080000/metrics_compare.json
M1,ddp_fullk_K100_seed3_300k,M1 reproducibility,ddp_fullk,3,85000,76.58245526972638,0.6365307864961203,,/eagle/lc-mpi/Zhiqing/polaris_ebm/runs_analysis/seed3_fid_trajectory/ddp_seed3_local,/eagle/lc-mpi/Zhiqing/polaris_ebm/runs_analysis/seed3_fid_trajectory/ddp_seed3_local/step085000/metrics_compare.json
M1,ddp_fullk_K100_seed3_300k,M1 reproducibility,ddp_fullk,3,90000,70.20860252686651,0.3332696065455849,,/eagle/lc-mpi/Zhiqing/polaris_ebm/runs_analysis/seed3_fid_trajectory/ddp_seed3_local,/eagle/lc-mpi/Zhiqing/polaris_ebm/runs_analysis/seed3_fid_trajectory/ddp_seed3_local/step090000/metrics_compare.json
M1,ddp_fullk_K100_seed3_300k,M1 reproducibility,ddp_fullk,3,95000,64.67931597823974,0.4297705975528814,,/eagle/lc-mpi/Zhiqing/polaris_ebm/runs_analysis/seed3_fid_trajectory/ddp_seed3_local,/eagle/lc-mpi/Zhiqing/polaris_ebm/runs_analysis/seed3_fid_trajectory/ddp_seed3_local/step095000/metrics_compare.json
M1,ddp_fullk_K100_seed3_300k,M1 reproducibility,ddp_fullk,3,100000,76.32043351577727,1.2540579383188657,,/eagle/lc-mpi/Zhiqing/polaris_ebm/runs_analysis/seed3_fid_trajectory/ddp_seed3_local,/eagle/lc-mpi/Zhiqing/polaris_ebm/runs_analysis/seed3_fid_trajectory/ddp_seed3_local/step100000/metrics_compare.json
M1,ddp_fullk_K100_seed3_300k,M1 reproducibility,ddp_fullk,3,105000,66.75617432935326,0.4519248694856941,,/eagle/lc-mpi/Zhiqing/polaris_ebm/runs_analysis/seed3_fid_trajectory/ddp_seed3_local,/eagle/lc-mpi/Zhiqing/polaris_ebm/runs_analysis/seed3_fid_trajectory/ddp_seed3_local/step105000/metrics_compare.json
M1,ddp_fullk_K100_seed3_300k,M1 reproducibility,ddp_fullk,3,110000,82.52036552005984,0.5482901502953155,,/eagle/lc-mpi/Zhiqing/polaris_ebm/runs_analysis/seed3_fid_trajectory/ddp_seed3_local,/eagle/lc-mpi/Zhiqing/polaris_ebm/runs_analysis/seed3_fid_trajectory/ddp_seed3_local/step110000/metrics_compare.json
M1,ddp_fullk_K100_seed3_300k,M1 reproducibility,ddp_fullk,3,115000,70.69580925481364,0.5039826701046799,,/eagle/lc-mpi/Zhiqing/polaris_ebm/runs_analysis/seed3_fid_trajectory/ddp_seed3_local,/eagle/lc-mpi/Zhiqing/polaris_ebm/runs_analysis/seed3_fid_trajectory/ddp_seed3_local/step115000/metrics_compare.json
M1,ddp_fullk_K100_seed3_300k,M1 reproducibility,ddp_fullk,3,120000,74.05186770074272,0.3439454288058883,,/eagle/lc-mpi/Zhiqing/polaris_ebm/runs_analysis/seed3_fid_trajectory/ddp_seed3_local,/eagle/lc-mpi/Zhiqing/polaris_ebm/runs_analysis/seed3_fid_trajectory/ddp_seed3_local/step120000/metrics_compare.json
M1,ddp_fullk_K100_seed3_300k,M1 reproducibility,ddp_fullk,3,125000,69.02757784254379,0.639507341295289,,/eagle/lc-mpi/Zhiqing/polaris_ebm/runs_analysis/seed3_fid_trajectory/ddp_seed3_local,/eagle/lc-mpi/Zhiqing/polaris_ebm/runs_analysis/seed3_fid_trajectory/ddp_seed3_local/step125000/metrics_compare.json
M1,ddp_fullk_K100_seed3_300k,M1 reproducibility,ddp_fullk,3,130000,67.57878251476546,0.2664791446928483,,/eagle/lc-mpi/Zhiqing/polaris_ebm/runs_analysis/seed3_fid_trajectory/ddp_seed3_local,/eagle/lc-mpi/Zhiqing/polaris_ebm/runs_analysis/seed3_fid_trajectory/ddp_seed3_local/step130000/metrics_compare.json
M1,ddp_fullk_K100_seed3_300k,M1 reproducibility,ddp_fullk,3,135000,69.0054393808378,0.3527843870565768,,/eagle/lc-mpi/Zhiqing/polaris_ebm/runs_analysis/seed3_fid_trajectory/ddp_seed3_local,/eagle/lc-mpi/Zhiqing/polaris_ebm/runs_analysis/seed3_fid_trajectory/ddp_seed3_local/step135000/metrics_compare.json
M1,ddp_fullk_K100_seed3_300k,M1 reproducibility,ddp_fullk,3,140000,80.08884886379627,0.3684042729300856,,/eagle/lc-mpi/Zhiqing/polaris_ebm/runs_analysis/seed3_fid_trajectory/ddp_seed3_local,/eagle/lc-mpi/Zhiqing/polaris_ebm/runs_analysis/seed3_fid_trajectory/ddp_seed3_local/step140000/metrics_compare.json
M1,ddp_fullk_K100_seed3_300k,M1 reproducibility,ddp_fullk,3,145000,56.88468867185111,0.4514440433070277,,/eagle/lc-mpi/Zhiqing/polaris_ebm/runs_analysis/seed3_fid_trajectory/ddp_seed3_local,/eagle/lc-mpi/Zhiqing/polaris_ebm/runs_analysis/seed3_fid_trajectory/ddp_seed3_local/step145000/metrics_compare.json
M1,ddp_fullk_K100_seed3_300k,M1 reproducibility,ddp_fullk,3,150000,66.5950333065602,0.34228875561674954,,/eagle/lc-mpi/Zhiqing/polaris_ebm/runs_analysis/seed3_fid_trajectory/ddp_seed3_local,/eagle/lc-mpi/Zhiqing/polaris_ebm/runs_analysis/seed3_fid_trajectory/ddp_seed3_local/step150000/metrics_compare.json
M1,ddp_fullk_K100_seed3_300k,M1 reproducibility,ddp_fullk,3,155000,70.54565241189874,0.39259634987818615,,/eagle/lc-mpi/Zhiqing/polaris_ebm/runs_analysis/seed3_fid_trajectory/ddp_seed3_local,/eagle/lc-mpi/Zhiqing/polaris_ebm/runs_analysis/seed3_fid_trajectory/ddp_seed3_local/step155000/metrics_compare.json
M1,ddp_fullk_K100_seed3_300k,M1 reproducibility,ddp_fullk,3,160000,60.5558398919016,0.4540346530721564,,/eagle/lc-mpi/Zhiqing/polaris_ebm/runs_analysis/seed3_fid_trajectory/ddp_seed3_local,/eagle/lc-mpi/Zhiqing/polaris_ebm/runs_analysis/seed3_fid_trajectory/ddp_seed3_local/step160000/metrics_compare.json
M1,ddp_fullk_K100_seed3_300k,M1 reproducibility,ddp_fullk,3,165000,75.12564064175973,0.42180935055984037,,/eagle/lc-mpi/Zhiqing/polaris_ebm/runs_analysis/seed3_fid_trajectory/ddp_seed3_local,/eagle/lc-mpi/Zhiqing/polaris_ebm/runs_analysis/seed3_fid_trajectory/ddp_seed3_local/step165000/metrics_compare.json
M1,ddp_fullk_K100_seed3_300k,M1 reproducibility,ddp_fullk,3,170000,65.7138935225737,1.1471491762674262,,/eagle/lc-mpi/Zhiqing/polaris_ebm/runs_analysis/seed3_fid_trajectory/ddp_seed3_local,/eagle/lc-mpi/Zhiqing/polaris_ebm/runs_analysis/seed3_fid_trajectory/ddp_seed3_local/step170000/metrics_compare.json
M1,ddp_fullk_K100_seed3_300k,M1 reproducibility,ddp_fullk,3,175000,73.81405384092909,0.774195341407033,,/eagle/lc-mpi/Zhiqing/polaris_ebm/runs_analysis/seed3_fid_trajectory/ddp_seed3_local,/eagle/lc-mpi/Zhiqing/polaris_ebm/runs_analysis/seed3_fid_trajectory/ddp_seed3_local/step175000/metrics_compare.json
M1,ddp_fullk_K100_seed3_300k,M1 reproducibility,ddp_fullk,3,180000,60.32022198747245,0.4861795668158244,,/eagle/lc-mpi/Zhiqing/polaris_ebm/runs_analysis/seed3_fid_trajectory/ddp_seed3_local,/eagle/lc-mpi/Zhiqing/polaris_ebm/runs_analysis/seed3_fid_trajectory/ddp_seed3_local/step180000/metrics_compare.json
M1,ddp_fullk_K100_seed3_300k,M1 reproducibility,ddp_fullk,3,185000,82.83758703954481,1.2162825329842768,,/eagle/lc-mpi/Zhiqing/polaris_ebm/runs_analysis/seed3_fid_trajectory/ddp_seed3_local,/eagle/lc-mpi/Zhiqing/polaris_ebm/runs_analysis/seed3_fid_trajectory/ddp_seed3_local/step185000/metrics_compare.json
M1,ddp_fullk_K100_seed3_300k,M1 reproducibility,ddp_fullk,3,190000,72.40159076480671,2.0366061012494114,,/eagle/lc-mpi/Zhiqing/polaris_ebm/runs_analysis/seed3_fid_trajectory/ddp_seed3_local,/eagle/lc-mpi/Zhiqing/polaris_ebm/runs_analysis/seed3_fid_trajectory/ddp_seed3_local/step190000/metrics_compare.json
M1,ddp_fullk_K100_seed3_300k,M1 reproducibility,ddp_fullk,3,195000,66.19599914241826,0.34550672060518295,,/eagle/lc-mpi/Zhiqing/polaris_ebm/runs_analysis/seed3_fid_trajectory/ddp_seed3_local,/eagle/lc-mpi/Zhiqing/polaris_ebm/runs_analysis/seed3_fid_trajectory/ddp_seed3_local/step195000/metrics_compare.json
M1,ddp_fullk_K100_seed3_300k,M1 reproducibility,ddp_fullk,3,200000,73.20272743933492,0.7956922678592129,,/eagle/lc-mpi/Zhiqing/polaris_ebm/runs_analysis/seed3_fid_trajectory/ddp_seed3_local,/eagle/lc-mpi/Zhiqing/polaris_ebm/runs_analysis/seed3_fid_trajectory/ddp_seed3_local/step200000/metrics_compare.json
M1,ddp_fullk_K100_seed3_300k,M1 reproducibility,ddp_fullk,3,205000,67.08537084288241,0.5145449336681054,,/eagle/lc-mpi/Zhiqing/polaris_ebm/runs_analysis/seed3_fid_trajectory/ddp_seed3_local,/eagle/lc-mpi/Zhiqing/polaris_ebm/runs_analysis/seed3_fid_trajectory/ddp_seed3_local/step205000/metrics_compare.json
M1,ddp_fullk_K100_seed3_300k,M1 reproducibility,ddp_fullk,3,210000,66.65683168356082,0.3431218126422273,,/eagle/lc-mpi/Zhiqing/polaris_ebm/runs_analysis/seed3_fid_trajectory/ddp_seed3_local,/eagle/lc-mpi/Zhiqing/polaris_ebm/runs_analysis/seed3_fid_trajectory/ddp_seed3_local/step210000/metrics_compare.json
M1,ddp_fullk_K100_seed3_300k,M1 reproducibility,ddp_fullk,3,215000,68.57635794428296,0.7335840529220512,,/eagle/lc-mpi/Zhiqing/polaris_ebm/runs_analysis/seed3_fid_trajectory/ddp_seed3_local,/eagle/lc-mpi/Zhiqing/polaris_ebm/runs_analysis/seed3_fid_trajectory/ddp_seed3_local/step215000/metrics_compare.json
M1,ddp_fullk_K100_seed3_300k,M1 reproducibility,ddp_fullk,3,220000,66.92720238433759,0.5226803889224954,,/eagle/lc-mpi/Zhiqing/polaris_ebm/runs_analysis/seed3_fid_trajectory/ddp_seed3_local,/eagle/lc-mpi/Zhiqing/polaris_ebm/runs_analysis/seed3_fid_trajectory/ddp_seed3_local/step220000/metrics_compare.json
M1,ddp_fullk_K100_seed3_300k,M1 reproducibility,ddp_fullk,3,225000,82.14056450719704,0.35607542000544257,,/eagle/lc-mpi/Zhiqing/polaris_ebm/runs_analysis/seed3_fid_trajectory/ddp_seed3_local,/eagle/lc-mpi/Zhiqing/polaris_ebm/runs_analysis/seed3_fid_trajectory/ddp_seed3_local/step225000/metrics_compare.json
M1,ddp_fullk_K100_seed3_300k,M1 reproducibility,ddp_fullk,3,230000,61.75802276517999,0.3282878063278609,,/eagle/lc-mpi/Zhiqing/polaris_ebm/runs_analysis/seed3_fid_trajectory/ddp_seed3_local,/eagle/lc-mpi/Zhiqing/polaris_ebm/runs_analysis/seed3_fid_trajectory/ddp_seed3_local/step230000/metrics_compare.json
M1,ddp_fullk_K100_seed3_300k,M1 reproducibility,ddp_fullk,3,235000,58.636343074354784,0.5672563313180632,,/eagle/lc-mpi/Zhiqing/polaris_ebm/runs_analysis/seed3_fid_trajectory/ddp_seed3_local,/eagle/lc-mpi/Zhiqing/polaris_ebm/runs_analysis/seed3_fid_trajectory/ddp_seed3_local/step235000/metrics_compare.json
M1,ddp_fullk_K100_seed3_300k,M1 reproducibility,ddp_fullk,3,240000,56.36577058075045,0.31202837530081595,,/eagle/lc-mpi/Zhiqing/polaris_ebm/runs_analysis/seed3_fid_trajectory/ddp_seed3_local,/eagle/lc-mpi/Zhiqing/polaris_ebm/runs_analysis/seed3_fid_trajectory/ddp_seed3_local/step240000/metrics_compare.json
M1,ddp_fullk_K100_seed3_300k,M1 reproducibility,ddp_fullk,3,245000,71.80530010330853,0.3300424185946156,,/eagle/lc-mpi/Zhiqing/polaris_ebm/runs_analysis/seed3_fid_trajectory/ddp_seed3_local,/eagle/lc-mpi/Zhiqing/polaris_ebm/runs_analysis/seed3_fid_trajectory/ddp_seed3_local/step245000/metrics_compare.json
M1,ddp_fullk_K100_seed3_300k,M1 reproducibility,ddp_fullk,3,250000,61.07340390596903,0.3125768076123485,,/eagle/lc-mpi/Zhiqing/polaris_ebm/runs_analysis/seed3_fid_trajectory/ddp_seed3_local,/eagle/lc-mpi/Zhiqing/polaris_ebm/runs_analysis/seed3_fid_trajectory/ddp_seed3_local/step250000/metrics_compare.json
M1,ddp_fullk_K100_seed3_300k,M1 reproducibility,ddp_fullk,3,255000,73.36897504970881,0.40726749276722174,,/eagle/lc-mpi/Zhiqing/polaris_ebm/runs_analysis/seed3_fid_trajectory/ddp_seed3_local,/eagle/lc-mpi/Zhiqing/polaris_ebm/runs_analysis/seed3_fid_trajectory/ddp_seed3_local/step255000/metrics_compare.json
M1,ddp_fullk_K100_seed3_300k,M1 reproducibility,ddp_fullk,3,260000,73.93971832231085,0.28577681262158094,,/eagle/lc-mpi/Zhiqing/polaris_ebm/runs_analysis/seed3_fid_trajectory/ddp_seed3_local,/eagle/lc-mpi/Zhiqing/polaris_ebm/runs_analysis/seed3_fid_trajectory/ddp_seed3_local/step260000/metrics_compare.json
M1,ddp_fullk_K100_seed3_300k,M1 reproducibility,ddp_fullk,3,265000,63.03990902372743,0.20142009799743477,,/eagle/lc-mpi/Zhiqing/polaris_ebm/runs_analysis/seed3_fid_trajectory/ddp_seed3_local,/eagle/lc-mpi/Zhiqing/polaris_ebm/runs_analysis/seed3_fid_trajectory/ddp_seed3_local/step265000/metrics_compare.json
M1,ddp_fullk_K100_seed3_300k,M1 reproducibility,ddp_fullk,3,270000,64.24903497994967,0.6383886021384519,,/eagle/lc-mpi/Zhiqing/polaris_ebm/runs_analysis/seed3_fid_trajectory/ddp_seed3_local,/eagle/lc-mpi/Zhiqing/polaris_ebm/runs_analysis/seed3_fid_trajectory/ddp_seed3_local/step270000/metrics_compare.json
M1,ddp_fullk_K100_seed3_300k,M1 reproducibility,ddp_fullk,3,275000,60.546865138889416,0.28692523624995303,,/eagle/lc-mpi/Zhiqing/polaris_ebm/runs_analysis/seed3_fid_trajectory/ddp_seed3_local,/eagle/lc-mpi/Zhiqing/polaris_ebm/runs_analysis/seed3_fid_trajectory/ddp_seed3_local/step275000/metrics_compare.json
M1,ddp_fullk_K100_seed3_300k,M1 reproducibility,ddp_fullk,3,280000,67.08330116062638,0.5593220173640887,,/eagle/lc-mpi/Zhiqing/polaris_ebm/runs_analysis/seed3_fid_trajectory/ddp_seed3_local,/eagle/lc-mpi/Zhiqing/polaris_ebm/runs_analysis/seed3_fid_trajectory/ddp_seed3_local/step280000/metrics_compare.json
M1,ddp_fullk_K100_seed3_300k,M1 reproducibility,ddp_fullk,3,285000,67.71002966154657,1.0407812971058732,,/eagle/lc-mpi/Zhiqing/polaris_ebm/runs_analysis/seed3_fid_trajectory/ddp_seed3_local,/eagle/lc-mpi/Zhiqing/polaris_ebm/runs_analysis/seed3_fid_trajectory/ddp_seed3_local/step285000/metrics_compare.json
M1,ddp_fullk_K100_seed3_300k,M1 reproducibility,ddp_fullk,3,290000,59.380600781398186,0.37041952972429115,,/eagle/lc-mpi/Zhiqing/polaris_ebm/runs_analysis/seed3_fid_trajectory/ddp_seed3_local,/eagle/lc-mpi/Zhiqing/polaris_ebm/runs_analysis/seed3_fid_trajectory/ddp_seed3_local/step290000/metrics_compare.json
M1,ddp_fullk_K100_seed3_300k,M1 reproducibility,ddp_fullk,3,295000,70.5057695711439,0.36832777086647184,,/eagle/lc-mpi/Zhiqing/polaris_ebm/runs_analysis/seed3_fid_trajectory/ddp_seed3_local,/eagle/lc-mpi/Zhiqing/polaris_ebm/runs_analysis/seed3_fid_trajectory/ddp_seed3_local/step295000/metrics_compare.json
M1,ddp_fullk_K100_seed3_300k,M1 reproducibility,ddp_fullk,3,300000,63.81115361325402,1.2354493705970526,,/eagle/lc-mpi/Zhiqing/polaris_ebm/runs_analysis/seed3_fid_trajectory/ddp_seed3_local,/eagle/lc-mpi/Zhiqing/polaris_ebm/runs_analysis/seed3_fid_trajectory/ddp_seed3_local/step300000/metrics_compare.json
M1,pipe_strict_P4_K100_beta001_lr1e4_seed3_300k,M1 reproducibility,pipe_strict,3,5000,167.56963569984356,8.339941353831591,,/eagle/lc-mpi/Zhiqing/polaris_ebm/runs_analysis/seed3_fid_trajectory/pipeline_seed3_local,/eagle/lc-mpi/Zhiqing/polaris_ebm/runs_analysis/seed3_fid_trajectory/pipeline_seed3_local/step005000/metrics_compare.json
M1,pipe_strict_P4_K100_beta001_lr1e4_seed3_300k,M1 reproducibility,pipe_strict,3,10000,132.51372920557264,5.6017782132866785,,/eagle/lc-mpi/Zhiqing/polaris_ebm/runs_analysis/seed3_fid_trajectory/pipeline_seed3_local,/eagle/lc-mpi/Zhiqing/polaris_ebm/runs_analysis/seed3_fid_trajectory/pipeline_seed3_local/step010000/metrics_compare.json
M1,pipe_strict_P4_K100_beta001_lr1e4_seed3_300k,M1 reproducibility,pipe_strict,3,15000,113.96083098301506,1.2540884323218382,,/eagle/lc-mpi/Zhiqing/polaris_ebm/runs_analysis/seed3_fid_trajectory/pipeline_seed3_local,/eagle/lc-mpi/Zhiqing/polaris_ebm/runs_analysis/seed3_fid_trajectory/pipeline_seed3_local/step015000/metrics_compare.json
M1,pipe_strict_P4_K100_beta001_lr1e4_seed3_300k,M1 reproducibility,pipe_strict,3,20000,120.56560882469182,2.719231236022134,,/eagle/lc-mpi/Zhiqing/polaris_ebm/runs_analysis/seed3_fid_trajectory/pipeline_seed3_local,/eagle/lc-mpi/Zhiqing/polaris_ebm/runs_analysis/seed3_fid_trajectory/pipeline_seed3_local/step020000/metrics_compare.json
M1,pipe_strict_P4_K100_beta001_lr1e4_seed3_300k,M1 reproducibility,pipe_strict,3,25000,122.04720132700862,1.5435512741566093,,/eagle/lc-mpi/Zhiqing/polaris_ebm/runs_analysis/seed3_fid_trajectory/pipeline_seed3_local,/eagle/lc-mpi/Zhiqing/polaris_ebm/runs_analysis/seed3_fid_trajectory/pipeline_seed3_local/step025000/metrics_compare.json
M1,pipe_strict_P4_K100_beta001_lr1e4_seed3_300k,M1 reproducibility,pipe_strict,3,30000,100.34605303292614,0.750510587232565,,/eagle/lc-mpi/Zhiqing/polaris_ebm/runs_analysis/seed3_fid_trajectory/pipeline_seed3_local,/eagle/lc-mpi/Zhiqing/polaris_ebm/runs_analysis/seed3_fid_trajectory/pipeline_seed3_local/step030000/metrics_compare.json
M1,pipe_strict_P4_K100_beta001_lr1e4_seed3_300k,M1 reproducibility,pipe_strict,3,35000,98.46731360632498,1.2016673419446313,,/eagle/lc-mpi/Zhiqing/polaris_ebm/runs_analysis/seed3_fid_trajectory/pipeline_seed3_local,/eagle/lc-mpi/Zhiqing/polaris_ebm/runs_analysis/seed3_fid_trajectory/pipeline_seed3_local/step035000/metrics_compare.json
M1,pipe_strict_P4_K100_beta001_lr1e4_seed3_300k,M1 reproducibility,pipe_strict,3,40000,88.5200503186602,1.9557833067134993,,/eagle/lc-mpi/Zhiqing/polaris_ebm/runs_analysis/seed3_fid_trajectory/pipeline_seed3_local,/eagle/lc-mpi/Zhiqing/polaris_ebm/runs_analysis/seed3_fid_trajectory/pipeline_seed3_local/step040000/metrics_compare.json
M1,pipe_strict_P4_K100_beta001_lr1e4_seed3_300k,M1 reproducibility,pipe_strict,3,45000,92.22401442435546,3.969852976735716,,/eagle/lc-mpi/Zhiqing/polaris_ebm/runs_analysis/seed3_fid_trajectory/pipeline_seed3_local,/eagle/lc-mpi/Zhiqing/polaris_ebm/runs_analysis/seed3_fid_trajectory/pipeline_seed3_local/step045000/metrics_compare.json
M1,pipe_strict_P4_K100_beta001_lr1e4_seed3_300k,M1 reproducibility,pipe_strict,3,50000,96.09552835388837,1.3353451158831398,,/eagle/lc-mpi/Zhiqing/polaris_ebm/runs_analysis/seed3_fid_trajectory/pipeline_seed3_local,/eagle/lc-mpi/Zhiqing/polaris_ebm/runs_analysis/seed3_fid_trajectory/pipeline_seed3_local/step050000/metrics_compare.json
M1,pipe_strict_P4_K100_beta001_lr1e4_seed3_300k,M1 reproducibility,pipe_strict,3,55000,72.59063836512746,2.8131683980727935,,/eagle/lc-mpi/Zhiqing/polaris_ebm/runs_analysis/seed3_fid_trajectory/pipeline_seed3_local,/eagle/lc-mpi/Zhiqing/polaris_ebm/runs_analysis/seed3_fid_trajectory/pipeline_seed3_local/step055000/metrics_compare.json
M1,pipe_strict_P4_K100_beta001_lr1e4_seed3_300k,M1 reproducibility,pipe_strict,3,60000,106.92128722341414,1.154746854527989,,/eagle/lc-mpi/Zhiqing/polaris_ebm/runs_analysis/seed3_fid_trajectory/pipeline_seed3_local,/eagle/lc-mpi/Zhiqing/polaris_ebm/runs_analysis/seed3_fid_trajectory/pipeline_seed3_local/step060000/metrics_compare.json
M1,pipe_strict_P4_K100_beta001_lr1e4_seed3_300k,M1 reproducibility,pipe_strict,3,65000,82.05758730972406,2.09959707966064,,/eagle/lc-mpi/Zhiqing/polaris_ebm/runs_analysis/seed3_fid_trajectory/pipeline_seed3_local,/eagle/lc-mpi/Zhiqing/polaris_ebm/runs_analysis/seed3_fid_trajectory/pipeline_seed3_local/step065000/metrics_compare.json
M1,pipe_strict_P4_K100_beta001_lr1e4_seed3_300k,M1 reproducibility,pipe_strict,3,70000,110.43347839796996,1.6096650374983668,,/eagle/lc-mpi/Zhiqing/polaris_ebm/runs_analysis/seed3_fid_trajectory/pipeline_seed3_local,/eagle/lc-mpi/Zhiqing/polaris_ebm/runs_analysis/seed3_fid_trajectory/pipeline_seed3_local/step070000/metrics_compare.json
M1,pipe_strict_P4_K100_beta001_lr1e4_seed3_300k,M1 reproducibility,pipe_strict,3,75000,87.95843742629461,2.399351432786311,,/eagle/lc-mpi/Zhiqing/polaris_ebm/runs_analysis/seed3_fid_trajectory/pipeline_seed3_local,/eagle/lc-mpi/Zhiqing/polaris_ebm/runs_analysis/seed3_fid_trajectory/pipeline_seed3_local/step075000/metrics_compare.json
M1,pipe_strict_P4_K100_beta001_lr1e4_seed3_300k,M1 reproducibility,pipe_strict,3,80000,97.29527359141485,4.635702048837032,,/eagle/lc-mpi/Zhiqing/polaris_ebm/runs_analysis/seed3_fid_trajectory/pipeline_seed3_local,/eagle/lc-mpi/Zhiqing/polaris_ebm/runs_analysis/seed3_fid_trajectory/pipeline_seed3_local/step080000/metrics_compare.json
M1,pipe_strict_P4_K100_beta001_lr1e4_seed3_300k,M1 reproducibility,pipe_strict,3,85000,111.56195156164046,0.6543044804509357,,/eagle/lc-mpi/Zhiqing/polaris_ebm/runs_analysis/seed3_fid_trajectory/pipeline_seed3_local,/eagle/lc-mpi/Zhiqing/polaris_ebm/runs_analysis/seed3_fid_trajectory/pipeline_seed3_local/step085000/metrics_compare.json
M1,pipe_strict_P4_K100_beta001_lr1e4_seed3_300k,M1 reproducibility,pipe_strict,3,90000,71.7312446042053,0.9499725418806193,,/eagle/lc-mpi/Zhiqing/polaris_ebm/runs_analysis/seed3_fid_trajectory/pipeline_seed3_local,/eagle/lc-mpi/Zhiqing/polaris_ebm/runs_analysis/seed3_fid_trajectory/pipeline_seed3_local/step090000/metrics_compare.json
M1,pipe_strict_P4_K100_beta001_lr1e4_seed3_300k,M1 reproducibility,pipe_strict,3,95000,111.80581925206343,1.9273131916478494,,/eagle/lc-mpi/Zhiqing/polaris_ebm/runs_analysis/seed3_fid_trajectory/pipeline_seed3_local,/eagle/lc-mpi/Zhiqing/polaris_ebm/runs_analysis/seed3_fid_trajectory/pipeline_seed3_local/step095000/metrics_compare.json
M1,pipe_strict_P4_K100_beta001_lr1e4_seed3_300k,M1 reproducibility,pipe_strict,3,100000,87.92256696670421,1.033326329527064,,/eagle/lc-mpi/Zhiqing/polaris_ebm/runs_analysis/seed3_fid_trajectory/pipeline_seed3_local,/eagle/lc-mpi/Zhiqing/polaris_ebm/runs_analysis/seed3_fid_trajectory/pipeline_seed3_local/step100000/metrics_compare.json
M1,pipe_strict_P4_K100_beta001_lr1e4_seed3_300k,M1 reproducibility,pipe_strict,3,105000,79.93451748996523,1.8920744149061335,,/eagle/lc-mpi/Zhiqing/polaris_ebm/runs_analysis/seed3_fid_trajectory/pipeline_seed3_local,/eagle/lc-mpi/Zhiqing/polaris_ebm/runs_analysis/seed3_fid_trajectory/pipeline_seed3_local/step105000/metrics_compare.json
M1,pipe_strict_P4_K100_beta001_lr1e4_seed3_300k,M1 reproducibility,pipe_strict,3,110000,115.31766847977502,2.116814095928131,,/eagle/lc-mpi/Zhiqing/polaris_ebm/runs_analysis/seed3_fid_trajectory/pipeline_seed3_local,/eagle/lc-mpi/Zhiqing/polaris_ebm/runs_analysis/seed3_fid_trajectory/pipeline_seed3_local/step110000/metrics_compare.json
M1,pipe_strict_P4_K100_beta001_lr1e4_seed3_300k,M1 reproducibility,pipe_strict,3,115000,87.2578382386107,1.4095195386985644,,/eagle/lc-mpi/Zhiqing/polaris_ebm/runs_analysis/seed3_fid_trajectory/pipeline_seed3_local,/eagle/lc-mpi/Zhiqing/polaris_ebm/runs_analysis/seed3_fid_trajectory/pipeline_seed3_local/step115000/metrics_compare.json
M1,pipe_strict_P4_K100_beta001_lr1e4_seed3_300k,M1 reproducibility,pipe_strict,3,120000,68.99880326420572,0.5994604109471737,,/eagle/lc-mpi/Zhiqing/polaris_ebm/runs_analysis/seed3_fid_trajectory/pipeline_seed3_local,/eagle/lc-mpi/Zhiqing/polaris_ebm/runs_analysis/seed3_fid_trajectory/pipeline_seed3_local/step120000/metrics_compare.json
M1,pipe_strict_P4_K100_beta001_lr1e4_seed3_300k,M1 reproducibility,pipe_strict,3,125000,79.58651853495826,2.3903741375429526,,/eagle/lc-mpi/Zhiqing/polaris_ebm/runs_analysis/seed3_fid_trajectory/pipeline_seed3_local,/eagle/lc-mpi/Zhiqing/polaris_ebm/runs_analysis/seed3_fid_trajectory/pipeline_seed3_local/step125000/metrics_compare.json
M1,pipe_strict_P4_K100_beta001_lr1e4_seed3_300k,M1 reproducibility,pipe_strict,3,130000,85.44960481696813,1.6966895496289425,,/eagle/lc-mpi/Zhiqing/polaris_ebm/runs_analysis/seed3_fid_trajectory/pipeline_seed3_local,/eagle/lc-mpi/Zhiqing/polaris_ebm/runs_analysis/seed3_fid_trajectory/pipeline_seed3_local/step130000/metrics_compare.json
M1,pipe_strict_P4_K100_beta001_lr1e4_seed3_300k,M1 reproducibility,pipe_strict,3,135000,70.11374108771122,0.7759960454614685,,/eagle/lc-mpi/Zhiqing/polaris_ebm/runs_analysis/seed3_fid_trajectory/pipeline_seed3_local,/eagle/lc-mpi/Zhiqing/polaris_ebm/runs_analysis/seed3_fid_trajectory/pipeline_seed3_local/step135000/metrics_compare.json
M1,pipe_strict_P4_K100_beta001_lr1e4_seed3_300k,M1 reproducibility,pipe_strict,3,140000,80.17728252708014,2.181495331288442,,/eagle/lc-mpi/Zhiqing/polaris_ebm/runs_analysis/seed3_fid_trajectory/pipeline_seed3_local,/eagle/lc-mpi/Zhiqing/polaris_ebm/runs_analysis/seed3_fid_trajectory/pipeline_seed3_local/step140000/metrics_compare.json
M1,pipe_strict_P4_K100_beta001_lr1e4_seed3_300k,M1 reproducibility,pipe_strict,3,145000,72.12844594750953,2.496134728036008,,/eagle/lc-mpi/Zhiqing/polaris_ebm/runs_analysis/seed3_fid_trajectory/pipeline_seed3_local,/eagle/lc-mpi/Zhiqing/polaris_ebm/runs_analysis/seed3_fid_trajectory/pipeline_seed3_local/step145000/metrics_compare.json
M1,pipe_strict_P4_K100_beta001_lr1e4_seed3_300k,M1 reproducibility,pipe_strict,3,150000,76.31126272168888,1.8425150558464338,,/eagle/lc-mpi/Zhiqing/polaris_ebm/runs_analysis/seed3_fid_trajectory/pipeline_seed3_local,/eagle/lc-mpi/Zhiqing/polaris_ebm/runs_analysis/seed3_fid_trajectory/pipeline_seed3_local/step150000/metrics_compare.json
M1,pipe_strict_P4_K100_beta001_lr1e4_seed3_300k,M1 reproducibility,pipe_strict,3,155000,75.30037194647434,0.950031972799632,,/eagle/lc-mpi/Zhiqing/polaris_ebm/runs_analysis/seed3_fid_trajectory/pipeline_seed3_local,/eagle/lc-mpi/Zhiqing/polaris_ebm/runs_analysis/seed3_fid_trajectory/pipeline_seed3_local/step155000/metrics_compare.json
M1,pipe_strict_P4_K100_beta001_lr1e4_seed3_300k,M1 reproducibility,pipe_strict,3,160000,68.1692141383673,1.2992765465760918,,/eagle/lc-mpi/Zhiqing/polaris_ebm/runs_analysis/seed3_fid_trajectory/pipeline_seed3_local,/eagle/lc-mpi/Zhiqing/polaris_ebm/runs_analysis/seed3_fid_trajectory/pipeline_seed3_local/step160000/metrics_compare.json
M1,pipe_strict_P4_K100_beta001_lr1e4_seed3_300k,M1 reproducibility,pipe_strict,3,165000,84.78735751409033,0.8732184846086035,,/eagle/lc-mpi/Zhiqing/polaris_ebm/runs_analysis/seed3_fid_trajectory/pipeline_seed3_local,/eagle/lc-mpi/Zhiqing/polaris_ebm/runs_analysis/seed3_fid_trajectory/pipeline_seed3_local/step165000/metrics_compare.json
M1,pipe_strict_P4_K100_beta001_lr1e4_seed3_300k,M1 reproducibility,pipe_strict,3,170000,104.51453737926249,3.5907746386566224,,/eagle/lc-mpi/Zhiqing/polaris_ebm/runs_analysis/seed3_fid_trajectory/pipeline_seed3_local,/eagle/lc-mpi/Zhiqing/polaris_ebm/runs_analysis/seed3_fid_trajectory/pipeline_seed3_local/step170000/metrics_compare.json
M1,pipe_strict_P4_K100_beta001_lr1e4_seed3_300k,M1 reproducibility,pipe_strict,3,175000,73.04009674428926,1.4578989817713186,,/eagle/lc-mpi/Zhiqing/polaris_ebm/runs_analysis/seed3_fid_trajectory/pipeline_seed3_local,/eagle/lc-mpi/Zhiqing/polaris_ebm/runs_analysis/seed3_fid_trajectory/pipeline_seed3_local/step175000/metrics_compare.json
M1,pipe_strict_P4_K100_beta001_lr1e4_seed3_300k,M1 reproducibility,pipe_strict,3,180000,91.69220304952654,1.8508184776285361,,/eagle/lc-mpi/Zhiqing/polaris_ebm/runs_analysis/seed3_fid_trajectory/pipeline_seed3_local,/eagle/lc-mpi/Zhiqing/polaris_ebm/runs_analysis/seed3_fid_trajectory/pipeline_seed3_local/step180000/metrics_compare.json
M1,pipe_strict_P4_K100_beta001_lr1e4_seed3_300k,M1 reproducibility,pipe_strict,3,185000,66.65768272982797,0.8232597047437409,,/eagle/lc-mpi/Zhiqing/polaris_ebm/runs_analysis/seed3_fid_trajectory/pipeline_seed3_local,/eagle/lc-mpi/Zhiqing/polaris_ebm/runs_analysis/seed3_fid_trajectory/pipeline_seed3_local/step185000/metrics_compare.json
M1,pipe_strict_P4_K100_beta001_lr1e4_seed3_300k,M1 reproducibility,pipe_strict,3,190000,70.128533909885,1.049593777889804,,/eagle/lc-mpi/Zhiqing/polaris_ebm/runs_analysis/seed3_fid_trajectory/pipeline_seed3_local,/eagle/lc-mpi/Zhiqing/polaris_ebm/runs_analysis/seed3_fid_trajectory/pipeline_seed3_local/step190000/metrics_compare.json
M1,pipe_strict_P4_K100_beta001_lr1e4_seed3_300k,M1 reproducibility,pipe_strict,3,195000,72.96304171241866,0.896760710906733,,/eagle/lc-mpi/Zhiqing/polaris_ebm/runs_analysis/seed3_fid_trajectory/pipeline_seed3_local,/eagle/lc-mpi/Zhiqing/polaris_ebm/runs_analysis/seed3_fid_trajectory/pipeline_seed3_local/step195000/metrics_compare.json
M1,pipe_strict_P4_K100_beta001_lr1e4_seed3_300k,M1 reproducibility,pipe_strict,3,200000,59.51720273305989,0.3970099125355411,,/eagle/lc-mpi/Zhiqing/polaris_ebm/runs_analysis/seed3_fid_trajectory/pipeline_seed3_local,/eagle/lc-mpi/Zhiqing/polaris_ebm/runs_analysis/seed3_fid_trajectory/pipeline_seed3_local/step200000/metrics_compare.json
M1,pipe_strict_P4_K100_beta001_lr1e4_seed3_300k,M1 reproducibility,pipe_strict,3,205000,84.64508336721877,0.7243363062472419,,/eagle/lc-mpi/Zhiqing/polaris_ebm/runs_analysis/seed3_fid_trajectory/pipeline_seed3_local,/eagle/lc-mpi/Zhiqing/polaris_ebm/runs_analysis/seed3_fid_trajectory/pipeline_seed3_local/step205000/metrics_compare.json
M1,pipe_strict_P4_K100_beta001_lr1e4_seed3_300k,M1 reproducibility,pipe_strict,3,210000,88.05050842806725,1.3441462860750377,,/eagle/lc-mpi/Zhiqing/polaris_ebm/runs_analysis/seed3_fid_trajectory/pipeline_seed3_local,/eagle/lc-mpi/Zhiqing/polaris_ebm/runs_analysis/seed3_fid_trajectory/pipeline_seed3_local/step210000/metrics_compare.json
M1,pipe_strict_P4_K100_beta001_lr1e4_seed3_300k,M1 reproducibility,pipe_strict,3,215000,63.65735458319148,0.7069940759293374,,/eagle/lc-mpi/Zhiqing/polaris_ebm/runs_analysis/seed3_fid_trajectory/pipeline_seed3_local,/eagle/lc-mpi/Zhiqing/polaris_ebm/runs_analysis/seed3_fid_trajectory/pipeline_seed3_local/step215000/metrics_compare.json
M1,pipe_strict_P4_K100_beta001_lr1e4_seed3_300k,M1 reproducibility,pipe_strict,3,220000,70.44866358411196,4.377285317778121,,/eagle/lc-mpi/Zhiqing/polaris_ebm/runs_analysis/seed3_fid_trajectory/pipeline_seed3_local,/eagle/lc-mpi/Zhiqing/polaris_ebm/runs_analysis/seed3_fid_trajectory/pipeline_seed3_local/step220000/metrics_compare.json
M1,pipe_strict_P4_K100_beta001_lr1e4_seed3_300k,M1 reproducibility,pipe_strict,3,225000,76.69110561102474,0.873136590004254,,/eagle/lc-mpi/Zhiqing/polaris_ebm/runs_analysis/seed3_fid_trajectory/pipeline_seed3_local,/eagle/lc-mpi/Zhiqing/polaris_ebm/runs_analysis/seed3_fid_trajectory/pipeline_seed3_local/step225000/metrics_compare.json
M1,pipe_strict_P4_K100_beta001_lr1e4_seed3_300k,M1 reproducibility,pipe_strict,3,230000,54.75951342786641,0.3469966678289289,,/eagle/lc-mpi/Zhiqing/polaris_ebm/runs_analysis/seed3_fid_trajectory/pipeline_seed3_local,/eagle/lc-mpi/Zhiqing/polaris_ebm/runs_analysis/seed3_fid_trajectory/pipeline_seed3_local/step230000/metrics_compare.json
M1,pipe_strict_P4_K100_beta001_lr1e4_seed3_300k,M1 reproducibility,pipe_strict,3,235000,64.71988346234741,1.309500995410346,,/eagle/lc-mpi/Zhiqing/polaris_ebm/runs_analysis/seed3_fid_trajectory/pipeline_seed3_local,/eagle/lc-mpi/Zhiqing/polaris_ebm/runs_analysis/seed3_fid_trajectory/pipeline_seed3_local/step235000/metrics_compare.json
M1,pipe_strict_P4_K100_beta001_lr1e4_seed3_300k,M1 reproducibility,pipe_strict,3,240000,81.07845248898224,0.6743513045947047,,/eagle/lc-mpi/Zhiqing/polaris_ebm/runs_analysis/seed3_fid_trajectory/pipeline_seed3_local,/eagle/lc-mpi/Zhiqing/polaris_ebm/runs_analysis/seed3_fid_trajectory/pipeline_seed3_local/step240000/metrics_compare.json
M1,pipe_strict_P4_K100_beta001_lr1e4_seed3_300k,M1 reproducibility,pipe_strict,3,245000,74.674737359566,1.496503700386846,,/eagle/lc-mpi/Zhiqing/polaris_ebm/runs_analysis/seed3_fid_trajectory/pipeline_seed3_local,/eagle/lc-mpi/Zhiqing/polaris_ebm/runs_analysis/seed3_fid_trajectory/pipeline_seed3_local/step245000/metrics_compare.json
M1,pipe_strict_P4_K100_beta001_lr1e4_seed3_300k,M1 reproducibility,pipe_strict,3,250000,56.72463317798423,1.291884156669834,,/eagle/lc-mpi/Zhiqing/polaris_ebm/runs_analysis/seed3_fid_trajectory/pipeline_seed3_local,/eagle/lc-mpi/Zhiqing/polaris_ebm/runs_analysis/seed3_fid_trajectory/pipeline_seed3_local/step250000/metrics_compare.json
M1,pipe_strict_P4_K100_beta001_lr1e4_seed3_300k,M1 reproducibility,pipe_strict,3,255000,82.88887659662146,0.7942264606223546,,/eagle/lc-mpi/Zhiqing/polaris_ebm/runs_analysis/seed3_fid_trajectory/pipeline_seed3_local,/eagle/lc-mpi/Zhiqing/polaris_ebm/runs_analysis/seed3_fid_trajectory/pipeline_seed3_local/step255000/metrics_compare.json
M1,pipe_strict_P4_K100_beta001_lr1e4_seed3_300k,M1 reproducibility,pipe_strict,3,260000,57.06490568069711,0.5637985200337958,,/eagle/lc-mpi/Zhiqing/polaris_ebm/runs_analysis/seed3_fid_trajectory/pipeline_seed3_local,/eagle/lc-mpi/Zhiqing/polaris_ebm/runs_analysis/seed3_fid_trajectory/pipeline_seed3_local/step260000/metrics_compare.json
M1,pipe_strict_P4_K100_beta001_lr1e4_seed3_300k,M1 reproducibility,pipe_strict,3,265000,82.27358254016173,0.6402687544345369,,/eagle/lc-mpi/Zhiqing/polaris_ebm/runs_analysis/seed3_fid_trajectory/pipeline_seed3_local,/eagle/lc-mpi/Zhiqing/polaris_ebm/runs_analysis/seed3_fid_trajectory/pipeline_seed3_local/step265000/metrics_compare.json
M1,pipe_strict_P4_K100_beta001_lr1e4_seed3_300k,M1 reproducibility,pipe_strict,3,270000,74.56782232374678,2.3284916405284655,,/eagle/lc-mpi/Zhiqing/polaris_ebm/runs_analysis/seed3_fid_trajectory/pipeline_seed3_local,/eagle/lc-mpi/Zhiqing/polaris_ebm/runs_analysis/seed3_fid_trajectory/pipeline_seed3_local/step270000/metrics_compare.json
M1,pipe_strict_P4_K100_beta001_lr1e4_seed3_300k,M1 reproducibility,pipe_strict,3,275000,55.888707124809514,1.7245824115491004,,/eagle/lc-mpi/Zhiqing/polaris_ebm/runs_analysis/seed3_fid_trajectory/pipeline_seed3_local,/eagle/lc-mpi/Zhiqing/polaris_ebm/runs_analysis/seed3_fid_trajectory/pipeline_seed3_local/step275000/metrics_compare.json
M1,pipe_strict_P4_K100_beta001_lr1e4_seed3_300k,M1 reproducibility,pipe_strict,3,280000,91.10134147100581,0.47446613328082066,,/eagle/lc-mpi/Zhiqing/polaris_ebm/runs_analysis/seed3_fid_trajectory/pipeline_seed3_local,/eagle/lc-mpi/Zhiqing/polaris_ebm/runs_analysis/seed3_fid_trajectory/pipeline_seed3_local/step280000/metrics_compare.json
M1,pipe_strict_P4_K100_beta001_lr1e4_seed3_300k,M1 reproducibility,pipe_strict,3,285000,76.78389696402996,1.2479481985036003,,/eagle/lc-mpi/Zhiqing/polaris_ebm/runs_analysis/seed3_fid_trajectory/pipeline_seed3_local,/eagle/lc-mpi/Zhiqing/polaris_ebm/runs_analysis/seed3_fid_trajectory/pipeline_seed3_local/step285000/metrics_compare.json
M1,pipe_strict_P4_K100_beta001_lr1e4_seed3_300k,M1 reproducibility,pipe_strict,3,290000,64.98626103362642,1.5235064881401748,,/eagle/lc-mpi/Zhiqing/polaris_ebm/runs_analysis/seed3_fid_trajectory/pipeline_seed3_local,/eagle/lc-mpi/Zhiqing/polaris_ebm/runs_analysis/seed3_fid_trajectory/pipeline_seed3_local/step290000/metrics_compare.json
M1,pipe_strict_P4_K100_beta001_lr1e4_seed3_300k,M1 reproducibility,pipe_strict,3,295000,90.06524802290824,4.014630760125726,,/eagle/lc-mpi/Zhiqing/polaris_ebm/runs_analysis/seed3_fid_trajectory/pipeline_seed3_local,/eagle/lc-mpi/Zhiqing/polaris_ebm/runs_analysis/seed3_fid_trajectory/pipeline_seed3_local/step295000/metrics_compare.json
M1,pipe_strict_P4_K100_beta001_lr1e4_seed3_300k,M1 reproducibility,pipe_strict,3,300000,70.9538137222234,0.8833438281969919,,/eagle/lc-mpi/Zhiqing/polaris_ebm/runs_analysis/seed3_fid_trajectory/pipeline_seed3_local,/eagle/lc-mpi/Zhiqing/polaris_ebm/runs_analysis/seed3_fid_trajectory/pipeline_seed3_local/step300000/metrics_compare.json
