group,exp_id,story,train_mode,seed,step,fid_inception,fid_feature,unique_ratio,trajectory_dir,metrics_path
E1,E1_ddp_fullk_K100_s300k,Deep-only pipeline-factor control under strict DDP,ddp_fullk,1,5000,139.8985026919247,0.5469629987754345,,/eagle/lc-mpi/Zhiqing/polaris_ebm/runs_pipeline_then_weighting/E1/E1_ddp_fullk_K100_s300k_20260405_003358/trajectory,/eagle/lc-mpi/Zhiqing/polaris_ebm/runs_pipeline_then_weighting/E1/E1_ddp_fullk_K100_s300k_20260405_003358/trajectory/step005000/metrics_compare.json
E1,E1_ddp_fullk_K100_s300k,Deep-only pipeline-factor control under strict DDP,ddp_fullk,1,10000,114.2259964793825,1.7959902103455647,,/eagle/lc-mpi/Zhiqing/polaris_ebm/runs_pipeline_then_weighting/E1/E1_ddp_fullk_K100_s300k_20260405_003358/trajectory,/eagle/lc-mpi/Zhiqing/polaris_ebm/runs_pipeline_then_weighting/E1/E1_ddp_fullk_K100_s300k_20260405_003358/trajectory/step010000/metrics_compare.json
E1,E1_ddp_fullk_K100_s300k,Deep-only pipeline-factor control under strict DDP,ddp_fullk,1,15000,106.21323689941204,0.7204829210868624,,/eagle/lc-mpi/Zhiqing/polaris_ebm/runs_pipeline_then_weighting/E1/E1_ddp_fullk_K100_s300k_20260405_003358/trajectory,/eagle/lc-mpi/Zhiqing/polaris_ebm/runs_pipeline_then_weighting/E1/E1_ddp_fullk_K100_s300k_20260405_003358/trajectory/step015000/metrics_compare.json
E1,E1_ddp_fullk_K100_s300k,Deep-only pipeline-factor control under strict DDP,ddp_fullk,1,20000,112.8883715085297,0.4458104294362144,,/eagle/lc-mpi/Zhiqing/polaris_ebm/runs_pipeline_then_weighting/E1/E1_ddp_fullk_K100_s300k_20260405_003358/trajectory,/eagle/lc-mpi/Zhiqing/polaris_ebm/runs_pipeline_then_weighting/E1/E1_ddp_fullk_K100_s300k_20260405_003358/trajectory/step020000/metrics_compare.json
E1,E1_ddp_fullk_K100_s300k,Deep-only pipeline-factor control under strict DDP,ddp_fullk,1,25000,114.1396413900867,2.3329400159477593,,/eagle/lc-mpi/Zhiqing/polaris_ebm/runs_pipeline_then_weighting/E1/E1_ddp_fullk_K100_s300k_20260405_003358/trajectory,/eagle/lc-mpi/Zhiqing/polaris_ebm/runs_pipeline_then_weighting/E1/E1_ddp_fullk_K100_s300k_20260405_003358/trajectory/step025000/metrics_compare.json
E1,E1_ddp_fullk_K100_s300k,Deep-only pipeline-factor control under strict DDP,ddp_fullk,1,30000,106.30631917420214,0.3714012848706183,,/eagle/lc-mpi/Zhiqing/polaris_ebm/runs_pipeline_then_weighting/E1/E1_ddp_fullk_K100_s300k_20260405_003358/trajectory,/eagle/lc-mpi/Zhiqing/polaris_ebm/runs_pipeline_then_weighting/E1/E1_ddp_fullk_K100_s300k_20260405_003358/trajectory/step030000/metrics_compare.json
E1,E1_ddp_fullk_K100_s300k,Deep-only pipeline-factor control under strict DDP,ddp_fullk,1,35000,83.53798992473048,0.9264095225645264,,/eagle/lc-mpi/Zhiqing/polaris_ebm/runs_pipeline_then_weighting/E1/E1_ddp_fullk_K100_s300k_20260405_003358/trajectory,/eagle/lc-mpi/Zhiqing/polaris_ebm/runs_pipeline_then_weighting/E1/E1_ddp_fullk_K100_s300k_20260405_003358/trajectory/step035000/metrics_compare.json
E1,E1_ddp_fullk_K100_s300k,Deep-only pipeline-factor control under strict DDP,ddp_fullk,1,40000,108.90767966003278,1.1996631322871067,,/eagle/lc-mpi/Zhiqing/polaris_ebm/runs_pipeline_then_weighting/E1/E1_ddp_fullk_K100_s300k_20260405_003358/trajectory,/eagle/lc-mpi/Zhiqing/polaris_ebm/runs_pipeline_then_weighting/E1/E1_ddp_fullk_K100_s300k_20260405_003358/trajectory/step040000/metrics_compare.json
E1,E1_ddp_fullk_K100_s300k,Deep-only pipeline-factor control under strict DDP,ddp_fullk,1,45000,77.89045156325676,3.418213991409033,,/eagle/lc-mpi/Zhiqing/polaris_ebm/runs_pipeline_then_weighting/E1/E1_ddp_fullk_K100_s300k_20260405_003358/trajectory,/eagle/lc-mpi/Zhiqing/polaris_ebm/runs_pipeline_then_weighting/E1/E1_ddp_fullk_K100_s300k_20260405_003358/trajectory/step045000/metrics_compare.json
E1,E1_ddp_fullk_K100_s300k,Deep-only pipeline-factor control under strict DDP,ddp_fullk,1,50000,92.47748780070401,1.3187229349541525,,/eagle/lc-mpi/Zhiqing/polaris_ebm/runs_pipeline_then_weighting/E1/E1_ddp_fullk_K100_s300k_20260405_003358/trajectory,/eagle/lc-mpi/Zhiqing/polaris_ebm/runs_pipeline_then_weighting/E1/E1_ddp_fullk_K100_s300k_20260405_003358/trajectory/step050000/metrics_compare.json
E1,E1_ddp_fullk_K100_s300k,Deep-only pipeline-factor control under strict DDP,ddp_fullk,1,55000,94.85229655810934,0.5011873733288326,,/eagle/lc-mpi/Zhiqing/polaris_ebm/runs_pipeline_then_weighting/E1/E1_ddp_fullk_K100_s300k_20260405_003358/trajectory,/eagle/lc-mpi/Zhiqing/polaris_ebm/runs_pipeline_then_weighting/E1/E1_ddp_fullk_K100_s300k_20260405_003358/trajectory/step055000/metrics_compare.json
E1,E1_ddp_fullk_K100_s300k,Deep-only pipeline-factor control under strict DDP,ddp_fullk,1,60000,79.43220402689519,0.4427077180399941,,/eagle/lc-mpi/Zhiqing/polaris_ebm/runs_pipeline_then_weighting/E1/E1_ddp_fullk_K100_s300k_20260405_003358/trajectory,/eagle/lc-mpi/Zhiqing/polaris_ebm/runs_pipeline_then_weighting/E1/E1_ddp_fullk_K100_s300k_20260405_003358/trajectory/step060000/metrics_compare.json
E1,E1_ddp_fullk_K100_s300k,Deep-only pipeline-factor control under strict DDP,ddp_fullk,1,65000,76.4168113004718,0.8490235420349528,,/eagle/lc-mpi/Zhiqing/polaris_ebm/runs_pipeline_then_weighting/E1/E1_ddp_fullk_K100_s300k_20260405_003358/trajectory,/eagle/lc-mpi/Zhiqing/polaris_ebm/runs_pipeline_then_weighting/E1/E1_ddp_fullk_K100_s300k_20260405_003358/trajectory/step065000/metrics_compare.json
E1,E1_ddp_fullk_K100_s300k,Deep-only pipeline-factor control under strict DDP,ddp_fullk,1,70000,66.37347211408405,1.0252883810321904,,/eagle/lc-mpi/Zhiqing/polaris_ebm/runs_pipeline_then_weighting/E1/E1_ddp_fullk_K100_s300k_20260405_003358/trajectory,/eagle/lc-mpi/Zhiqing/polaris_ebm/runs_pipeline_then_weighting/E1/E1_ddp_fullk_K100_s300k_20260405_003358/trajectory/step070000/metrics_compare.json
E1,E1_ddp_fullk_K100_s300k,Deep-only pipeline-factor control under strict DDP,ddp_fullk,1,75000,83.97079442581878,1.2069330527508306,,/eagle/lc-mpi/Zhiqing/polaris_ebm/runs_pipeline_then_weighting/E1/E1_ddp_fullk_K100_s300k_20260405_003358/trajectory,/eagle/lc-mpi/Zhiqing/polaris_ebm/runs_pipeline_then_weighting/E1/E1_ddp_fullk_K100_s300k_20260405_003358/trajectory/step075000/metrics_compare.json
E1,E1_ddp_fullk_K100_s300k,Deep-only pipeline-factor control under strict DDP,ddp_fullk,1,80000,81.64574291289625,0.5109157083878202,,/eagle/lc-mpi/Zhiqing/polaris_ebm/runs_pipeline_then_weighting/E1/E1_ddp_fullk_K100_s300k_20260405_003358/trajectory,/eagle/lc-mpi/Zhiqing/polaris_ebm/runs_pipeline_then_weighting/E1/E1_ddp_fullk_K100_s300k_20260405_003358/trajectory/step080000/metrics_compare.json
E1,E1_ddp_fullk_K100_s300k,Deep-only pipeline-factor control under strict DDP,ddp_fullk,1,85000,89.30012045074886,0.2930602974629899,,/eagle/lc-mpi/Zhiqing/polaris_ebm/runs_pipeline_then_weighting/E1/E1_ddp_fullk_K100_s300k_20260405_003358/trajectory,/eagle/lc-mpi/Zhiqing/polaris_ebm/runs_pipeline_then_weighting/E1/E1_ddp_fullk_K100_s300k_20260405_003358/trajectory/step085000/metrics_compare.json
E1,E1_ddp_fullk_K100_s300k,Deep-only pipeline-factor control under strict DDP,ddp_fullk,1,90000,83.03801797359313,0.3191408712478072,,/eagle/lc-mpi/Zhiqing/polaris_ebm/runs_pipeline_then_weighting/E1/E1_ddp_fullk_K100_s300k_20260405_003358/trajectory,/eagle/lc-mpi/Zhiqing/polaris_ebm/runs_pipeline_then_weighting/E1/E1_ddp_fullk_K100_s300k_20260405_003358/trajectory/step090000/metrics_compare.json
E1,E1_ddp_fullk_K100_s300k,Deep-only pipeline-factor control under strict DDP,ddp_fullk,1,95000,61.04550765845039,0.3553198022442636,,/eagle/lc-mpi/Zhiqing/polaris_ebm/runs_pipeline_then_weighting/E1/E1_ddp_fullk_K100_s300k_20260405_003358/trajectory,/eagle/lc-mpi/Zhiqing/polaris_ebm/runs_pipeline_then_weighting/E1/E1_ddp_fullk_K100_s300k_20260405_003358/trajectory/step095000/metrics_compare.json
E1,E1_ddp_fullk_K100_s300k,Deep-only pipeline-factor control under strict DDP,ddp_fullk,1,100000,82.03482596137218,0.587498235934671,,/eagle/lc-mpi/Zhiqing/polaris_ebm/runs_pipeline_then_weighting/E1/E1_ddp_fullk_K100_s300k_20260405_003358/trajectory,/eagle/lc-mpi/Zhiqing/polaris_ebm/runs_pipeline_then_weighting/E1/E1_ddp_fullk_K100_s300k_20260405_003358/trajectory/step100000/metrics_compare.json
E1,E1_ddp_fullk_K100_s300k,Deep-only pipeline-factor control under strict DDP,ddp_fullk,1,105000,81.12348882900324,0.3969570228351138,,/eagle/lc-mpi/Zhiqing/polaris_ebm/runs_pipeline_then_weighting/E1/E1_ddp_fullk_K100_s300k_20260405_003358/trajectory,/eagle/lc-mpi/Zhiqing/polaris_ebm/runs_pipeline_then_weighting/E1/E1_ddp_fullk_K100_s300k_20260405_003358/trajectory/step105000/metrics_compare.json
E1,E1_ddp_fullk_K100_s300k,Deep-only pipeline-factor control under strict DDP,ddp_fullk,1,110000,66.28269815783591,0.34566301630601615,,/eagle/lc-mpi/Zhiqing/polaris_ebm/runs_pipeline_then_weighting/E1/E1_ddp_fullk_K100_s300k_20260405_003358/trajectory,/eagle/lc-mpi/Zhiqing/polaris_ebm/runs_pipeline_then_weighting/E1/E1_ddp_fullk_K100_s300k_20260405_003358/trajectory/step110000/metrics_compare.json
E1,E1_ddp_fullk_K100_s300k,Deep-only pipeline-factor control under strict DDP,ddp_fullk,1,115000,75.30810380847038,0.3057885804608702,,/eagle/lc-mpi/Zhiqing/polaris_ebm/runs_pipeline_then_weighting/E1/E1_ddp_fullk_K100_s300k_20260405_003358/trajectory,/eagle/lc-mpi/Zhiqing/polaris_ebm/runs_pipeline_then_weighting/E1/E1_ddp_fullk_K100_s300k_20260405_003358/trajectory/step115000/metrics_compare.json
E1,E1_ddp_fullk_K100_s300k,Deep-only pipeline-factor control under strict DDP,ddp_fullk,1,120000,75.05526381767368,0.470096701323083,,/eagle/lc-mpi/Zhiqing/polaris_ebm/runs_pipeline_then_weighting/E1/E1_ddp_fullk_K100_s300k_20260405_003358/trajectory,/eagle/lc-mpi/Zhiqing/polaris_ebm/runs_pipeline_then_weighting/E1/E1_ddp_fullk_K100_s300k_20260405_003358/trajectory/step120000/metrics_compare.json
E1,E1_ddp_fullk_K100_s300k,Deep-only pipeline-factor control under strict DDP,ddp_fullk,1,125000,77.43030716691214,0.6800184811213228,,/eagle/lc-mpi/Zhiqing/polaris_ebm/runs_pipeline_then_weighting/E1/E1_ddp_fullk_K100_s300k_20260405_003358/trajectory,/eagle/lc-mpi/Zhiqing/polaris_ebm/runs_pipeline_then_weighting/E1/E1_ddp_fullk_K100_s300k_20260405_003358/trajectory/step125000/metrics_compare.json
E1,E1_ddp_fullk_K100_s300k,Deep-only pipeline-factor control under strict DDP,ddp_fullk,1,130000,91.20484669593259,0.3887558648113938,,/eagle/lc-mpi/Zhiqing/polaris_ebm/runs_pipeline_then_weighting/E1/E1_ddp_fullk_K100_s300k_20260405_003358/trajectory,/eagle/lc-mpi/Zhiqing/polaris_ebm/runs_pipeline_then_weighting/E1/E1_ddp_fullk_K100_s300k_20260405_003358/trajectory/step130000/metrics_compare.json
E1,E1_ddp_fullk_K100_s300k,Deep-only pipeline-factor control under strict DDP,ddp_fullk,1,135000,70.51697669400988,0.344425293956391,,/eagle/lc-mpi/Zhiqing/polaris_ebm/runs_pipeline_then_weighting/E1/E1_ddp_fullk_K100_s300k_20260405_003358/trajectory,/eagle/lc-mpi/Zhiqing/polaris_ebm/runs_pipeline_then_weighting/E1/E1_ddp_fullk_K100_s300k_20260405_003358/trajectory/step135000/metrics_compare.json
E1,E1_ddp_fullk_K100_s300k,Deep-only pipeline-factor control under strict DDP,ddp_fullk,1,140000,91.8971230438043,0.634829662068249,,/eagle/lc-mpi/Zhiqing/polaris_ebm/runs_pipeline_then_weighting/E1/E1_ddp_fullk_K100_s300k_20260405_003358/trajectory,/eagle/lc-mpi/Zhiqing/polaris_ebm/runs_pipeline_then_weighting/E1/E1_ddp_fullk_K100_s300k_20260405_003358/trajectory/step140000/metrics_compare.json
E1,E1_ddp_fullk_K100_s300k,Deep-only pipeline-factor control under strict DDP,ddp_fullk,1,145000,71.90519784261636,0.4075757684603438,,/eagle/lc-mpi/Zhiqing/polaris_ebm/runs_pipeline_then_weighting/E1/E1_ddp_fullk_K100_s300k_20260405_003358/trajectory,/eagle/lc-mpi/Zhiqing/polaris_ebm/runs_pipeline_then_weighting/E1/E1_ddp_fullk_K100_s300k_20260405_003358/trajectory/step145000/metrics_compare.json
E1,E1_ddp_fullk_K100_s300k,Deep-only pipeline-factor control under strict DDP,ddp_fullk,1,150000,77.97898817255572,0.26664834602703635,,/eagle/lc-mpi/Zhiqing/polaris_ebm/runs_pipeline_then_weighting/E1/E1_ddp_fullk_K100_s300k_20260405_003358/trajectory,/eagle/lc-mpi/Zhiqing/polaris_ebm/runs_pipeline_then_weighting/E1/E1_ddp_fullk_K100_s300k_20260405_003358/trajectory/step150000/metrics_compare.json
E1,E1_ddp_fullk_K100_s300k,Deep-only pipeline-factor control under strict DDP,ddp_fullk,1,155000,71.92270466473195,0.434038820417868,,/eagle/lc-mpi/Zhiqing/polaris_ebm/runs_pipeline_then_weighting/E1/E1_ddp_fullk_K100_s300k_20260405_003358/trajectory,/eagle/lc-mpi/Zhiqing/polaris_ebm/runs_pipeline_then_weighting/E1/E1_ddp_fullk_K100_s300k_20260405_003358/trajectory/step155000/metrics_compare.json
E1,E1_ddp_fullk_K100_s300k,Deep-only pipeline-factor control under strict DDP,ddp_fullk,1,160000,70.93973238015514,0.39064235776345413,,/eagle/lc-mpi/Zhiqing/polaris_ebm/runs_pipeline_then_weighting/E1/E1_ddp_fullk_K100_s300k_20260405_003358/trajectory,/eagle/lc-mpi/Zhiqing/polaris_ebm/runs_pipeline_then_weighting/E1/E1_ddp_fullk_K100_s300k_20260405_003358/trajectory/step160000/metrics_compare.json
E1,E1_ddp_fullk_K100_s300k,Deep-only pipeline-factor control under strict DDP,ddp_fullk,1,165000,78.87603865715352,0.5424064387319341,,/eagle/lc-mpi/Zhiqing/polaris_ebm/runs_pipeline_then_weighting/E1/E1_ddp_fullk_K100_s300k_20260405_003358/trajectory,/eagle/lc-mpi/Zhiqing/polaris_ebm/runs_pipeline_then_weighting/E1/E1_ddp_fullk_K100_s300k_20260405_003358/trajectory/step165000/metrics_compare.json
E1,E1_ddp_fullk_K100_s300k,Deep-only pipeline-factor control under strict DDP,ddp_fullk,1,170000,56.314192391676215,0.21373458000569556,,/eagle/lc-mpi/Zhiqing/polaris_ebm/runs_pipeline_then_weighting/E1/E1_ddp_fullk_K100_s300k_20260405_003358/trajectory,/eagle/lc-mpi/Zhiqing/polaris_ebm/runs_pipeline_then_weighting/E1/E1_ddp_fullk_K100_s300k_20260405_003358/trajectory/step170000/metrics_compare.json
E1,E1_ddp_fullk_K100_s300k,Deep-only pipeline-factor control under strict DDP,ddp_fullk,1,175000,75.30027278057418,0.2967578907279176,,/eagle/lc-mpi/Zhiqing/polaris_ebm/runs_pipeline_then_weighting/E1/E1_ddp_fullk_K100_s300k_20260405_003358/trajectory,/eagle/lc-mpi/Zhiqing/polaris_ebm/runs_pipeline_then_weighting/E1/E1_ddp_fullk_K100_s300k_20260405_003358/trajectory/step175000/metrics_compare.json
E1,E1_ddp_fullk_K100_s300k,Deep-only pipeline-factor control under strict DDP,ddp_fullk,1,180000,84.814626927738,0.5141136419586658,,/eagle/lc-mpi/Zhiqing/polaris_ebm/runs_pipeline_then_weighting/E1/E1_ddp_fullk_K100_s300k_20260405_003358/trajectory,/eagle/lc-mpi/Zhiqing/polaris_ebm/runs_pipeline_then_weighting/E1/E1_ddp_fullk_K100_s300k_20260405_003358/trajectory/step180000/metrics_compare.json
E1,E1_ddp_fullk_K100_s300k,Deep-only pipeline-factor control under strict DDP,ddp_fullk,1,185000,77.01338533105445,0.34777802071372577,,/eagle/lc-mpi/Zhiqing/polaris_ebm/runs_pipeline_then_weighting/E1/E1_ddp_fullk_K100_s300k_20260405_003358/trajectory,/eagle/lc-mpi/Zhiqing/polaris_ebm/runs_pipeline_then_weighting/E1/E1_ddp_fullk_K100_s300k_20260405_003358/trajectory/step185000/metrics_compare.json
E1,E1_ddp_fullk_K100_s300k,Deep-only pipeline-factor control under strict DDP,ddp_fullk,1,190000,77.75503744044437,0.9669307445144213,,/eagle/lc-mpi/Zhiqing/polaris_ebm/runs_pipeline_then_weighting/E1/E1_ddp_fullk_K100_s300k_20260405_003358/trajectory,/eagle/lc-mpi/Zhiqing/polaris_ebm/runs_pipeline_then_weighting/E1/E1_ddp_fullk_K100_s300k_20260405_003358/trajectory/step190000/metrics_compare.json
E1,E1_ddp_fullk_K100_s300k,Deep-only pipeline-factor control under strict DDP,ddp_fullk,1,195000,57.291519881037345,0.24138727373481927,,/eagle/lc-mpi/Zhiqing/polaris_ebm/runs_pipeline_then_weighting/E1/E1_ddp_fullk_K100_s300k_20260405_003358/trajectory,/eagle/lc-mpi/Zhiqing/polaris_ebm/runs_pipeline_then_weighting/E1/E1_ddp_fullk_K100_s300k_20260405_003358/trajectory/step195000/metrics_compare.json
E1,E1_ddp_fullk_K100_s300k,Deep-only pipeline-factor control under strict DDP,ddp_fullk,1,200000,61.43513501461837,0.28075393276732896,,/eagle/lc-mpi/Zhiqing/polaris_ebm/runs_pipeline_then_weighting/E1/E1_ddp_fullk_K100_s300k_20260405_003358/trajectory,/eagle/lc-mpi/Zhiqing/polaris_ebm/runs_pipeline_then_weighting/E1/E1_ddp_fullk_K100_s300k_20260405_003358/trajectory/step200000/metrics_compare.json
E1,E1_ddp_fullk_K100_s300k,Deep-only pipeline-factor control under strict DDP,ddp_fullk,1,205000,66.27261863853818,0.49581327131361874,,/eagle/lc-mpi/Zhiqing/polaris_ebm/runs_pipeline_then_weighting/E1/E1_ddp_fullk_K100_s300k_20260405_003358/trajectory,/eagle/lc-mpi/Zhiqing/polaris_ebm/runs_pipeline_then_weighting/E1/E1_ddp_fullk_K100_s300k_20260405_003358/trajectory/step205000/metrics_compare.json
E1,E1_ddp_fullk_K100_s300k,Deep-only pipeline-factor control under strict DDP,ddp_fullk,1,210000,63.81386739085963,0.23983799741263923,,/eagle/lc-mpi/Zhiqing/polaris_ebm/runs_pipeline_then_weighting/E1/E1_ddp_fullk_K100_s300k_20260405_003358/trajectory,/eagle/lc-mpi/Zhiqing/polaris_ebm/runs_pipeline_then_weighting/E1/E1_ddp_fullk_K100_s300k_20260405_003358/trajectory/step210000/metrics_compare.json
E1,E1_ddp_fullk_K100_s300k,Deep-only pipeline-factor control under strict DDP,ddp_fullk,1,215000,65.96443705084033,0.586922291994437,,/eagle/lc-mpi/Zhiqing/polaris_ebm/runs_pipeline_then_weighting/E1/E1_ddp_fullk_K100_s300k_20260405_003358/trajectory,/eagle/lc-mpi/Zhiqing/polaris_ebm/runs_pipeline_then_weighting/E1/E1_ddp_fullk_K100_s300k_20260405_003358/trajectory/step215000/metrics_compare.json
E1,E1_ddp_fullk_K100_s300k,Deep-only pipeline-factor control under strict DDP,ddp_fullk,1,220000,80.98630069866459,0.2824181888403352,,/eagle/lc-mpi/Zhiqing/polaris_ebm/runs_pipeline_then_weighting/E1/E1_ddp_fullk_K100_s300k_20260405_003358/trajectory,/eagle/lc-mpi/Zhiqing/polaris_ebm/runs_pipeline_then_weighting/E1/E1_ddp_fullk_K100_s300k_20260405_003358/trajectory/step220000/metrics_compare.json
E1,E1_ddp_fullk_K100_s300k,Deep-only pipeline-factor control under strict DDP,ddp_fullk,1,225000,67.88206420977394,0.3698917437571616,,/eagle/lc-mpi/Zhiqing/polaris_ebm/runs_pipeline_then_weighting/E1/E1_ddp_fullk_K100_s300k_20260405_003358/trajectory,/eagle/lc-mpi/Zhiqing/polaris_ebm/runs_pipeline_then_weighting/E1/E1_ddp_fullk_K100_s300k_20260405_003358/trajectory/step225000/metrics_compare.json
E1,E1_ddp_fullk_K100_s300k,Deep-only pipeline-factor control under strict DDP,ddp_fullk,1,230000,69.23973475925561,0.35790737418756535,,/eagle/lc-mpi/Zhiqing/polaris_ebm/runs_pipeline_then_weighting/E1/E1_ddp_fullk_K100_s300k_20260405_003358/trajectory,/eagle/lc-mpi/Zhiqing/polaris_ebm/runs_pipeline_then_weighting/E1/E1_ddp_fullk_K100_s300k_20260405_003358/trajectory/step230000/metrics_compare.json
E1,E1_ddp_fullk_K100_s300k,Deep-only pipeline-factor control under strict DDP,ddp_fullk,1,235000,79.3194094633613,0.7464106108721786,,/eagle/lc-mpi/Zhiqing/polaris_ebm/runs_pipeline_then_weighting/E1/E1_ddp_fullk_K100_s300k_20260405_003358/trajectory,/eagle/lc-mpi/Zhiqing/polaris_ebm/runs_pipeline_then_weighting/E1/E1_ddp_fullk_K100_s300k_20260405_003358/trajectory/step235000/metrics_compare.json
E1,E1_ddp_fullk_K100_s300k,Deep-only pipeline-factor control under strict DDP,ddp_fullk,1,240000,77.06261720953825,0.5123837442343451,,/eagle/lc-mpi/Zhiqing/polaris_ebm/runs_pipeline_then_weighting/E1/E1_ddp_fullk_K100_s300k_20260405_003358/trajectory,/eagle/lc-mpi/Zhiqing/polaris_ebm/runs_pipeline_then_weighting/E1/E1_ddp_fullk_K100_s300k_20260405_003358/trajectory/step240000/metrics_compare.json
E1,E1_ddp_fullk_K100_s300k,Deep-only pipeline-factor control under strict DDP,ddp_fullk,1,245000,71.3261406460216,0.4662442393529673,,/eagle/lc-mpi/Zhiqing/polaris_ebm/runs_pipeline_then_weighting/E1/E1_ddp_fullk_K100_s300k_20260405_003358/trajectory,/eagle/lc-mpi/Zhiqing/polaris_ebm/runs_pipeline_then_weighting/E1/E1_ddp_fullk_K100_s300k_20260405_003358/trajectory/step245000/metrics_compare.json
E1,E1_ddp_fullk_K100_s300k,Deep-only pipeline-factor control under strict DDP,ddp_fullk,1,250000,64.36377558319731,0.2332143893452887,,/eagle/lc-mpi/Zhiqing/polaris_ebm/runs_pipeline_then_weighting/E1/E1_ddp_fullk_K100_s300k_20260405_003358/trajectory,/eagle/lc-mpi/Zhiqing/polaris_ebm/runs_pipeline_then_weighting/E1/E1_ddp_fullk_K100_s300k_20260405_003358/trajectory/step250000/metrics_compare.json
E1,E1_ddp_fullk_K100_s300k,Deep-only pipeline-factor control under strict DDP,ddp_fullk,1,255000,65.82939598823026,0.3077285535583698,,/eagle/lc-mpi/Zhiqing/polaris_ebm/runs_pipeline_then_weighting/E1/E1_ddp_fullk_K100_s300k_20260405_003358/trajectory,/eagle/lc-mpi/Zhiqing/polaris_ebm/runs_pipeline_then_weighting/E1/E1_ddp_fullk_K100_s300k_20260405_003358/trajectory/step255000/metrics_compare.json
E1,E1_ddp_fullk_K100_s300k,Deep-only pipeline-factor control under strict DDP,ddp_fullk,1,260000,67.6590338769696,0.40961699025471887,,/eagle/lc-mpi/Zhiqing/polaris_ebm/runs_pipeline_then_weighting/E1/E1_ddp_fullk_K100_s300k_20260405_003358/trajectory,/eagle/lc-mpi/Zhiqing/polaris_ebm/runs_pipeline_then_weighting/E1/E1_ddp_fullk_K100_s300k_20260405_003358/trajectory/step260000/metrics_compare.json
E1,E1_ddp_fullk_K100_s300k,Deep-only pipeline-factor control under strict DDP,ddp_fullk,1,265000,67.49530239724936,0.27847178468991274,,/eagle/lc-mpi/Zhiqing/polaris_ebm/runs_pipeline_then_weighting/E1/E1_ddp_fullk_K100_s300k_20260405_003358/trajectory,/eagle/lc-mpi/Zhiqing/polaris_ebm/runs_pipeline_then_weighting/E1/E1_ddp_fullk_K100_s300k_20260405_003358/trajectory/step265000/metrics_compare.json
E1,E1_ddp_fullk_K100_s300k,Deep-only pipeline-factor control under strict DDP,ddp_fullk,1,270000,69.09973163273071,0.3007359469848012,,/eagle/lc-mpi/Zhiqing/polaris_ebm/runs_pipeline_then_weighting/E1/E1_ddp_fullk_K100_s300k_20260405_003358/trajectory,/eagle/lc-mpi/Zhiqing/polaris_ebm/runs_pipeline_then_weighting/E1/E1_ddp_fullk_K100_s300k_20260405_003358/trajectory/step270000/metrics_compare.json
E1,E1_ddp_fullk_K100_s300k,Deep-only pipeline-factor control under strict DDP,ddp_fullk,1,275000,73.34924751468361,0.2949701759402785,,/eagle/lc-mpi/Zhiqing/polaris_ebm/runs_pipeline_then_weighting/E1/E1_ddp_fullk_K100_s300k_20260405_003358/trajectory,/eagle/lc-mpi/Zhiqing/polaris_ebm/runs_pipeline_then_weighting/E1/E1_ddp_fullk_K100_s300k_20260405_003358/trajectory/step275000/metrics_compare.json
E1,E1_ddp_fullk_K100_s300k,Deep-only pipeline-factor control under strict DDP,ddp_fullk,1,280000,60.06632919554403,0.3731779015262937,,/eagle/lc-mpi/Zhiqing/polaris_ebm/runs_pipeline_then_weighting/E1/E1_ddp_fullk_K100_s300k_20260405_003358/trajectory,/eagle/lc-mpi/Zhiqing/polaris_ebm/runs_pipeline_then_weighting/E1/E1_ddp_fullk_K100_s300k_20260405_003358/trajectory/step280000/metrics_compare.json
E1,E1_ddp_fullk_K100_s300k,Deep-only pipeline-factor control under strict DDP,ddp_fullk,1,285000,75.16333440081331,0.3109247541319107,,/eagle/lc-mpi/Zhiqing/polaris_ebm/runs_pipeline_then_weighting/E1/E1_ddp_fullk_K100_s300k_20260405_003358/trajectory,/eagle/lc-mpi/Zhiqing/polaris_ebm/runs_pipeline_then_weighting/E1/E1_ddp_fullk_K100_s300k_20260405_003358/trajectory/step285000/metrics_compare.json
E1,E1_ddp_fullk_K100_s300k,Deep-only pipeline-factor control under strict DDP,ddp_fullk,1,290000,63.29858667147488,0.48838315916615116,,/eagle/lc-mpi/Zhiqing/polaris_ebm/runs_pipeline_then_weighting/E1/E1_ddp_fullk_K100_s300k_20260405_003358/trajectory,/eagle/lc-mpi/Zhiqing/polaris_ebm/runs_pipeline_then_weighting/E1/E1_ddp_fullk_K100_s300k_20260405_003358/trajectory/step290000/metrics_compare.json
E1,E1_ddp_fullk_K100_s300k,Deep-only pipeline-factor control under strict DDP,ddp_fullk,1,295000,68.40286197197696,0.4964540098284793,,/eagle/lc-mpi/Zhiqing/polaris_ebm/runs_pipeline_then_weighting/E1/E1_ddp_fullk_K100_s300k_20260405_003358/trajectory,/eagle/lc-mpi/Zhiqing/polaris_ebm/runs_pipeline_then_weighting/E1/E1_ddp_fullk_K100_s300k_20260405_003358/trajectory/step295000/metrics_compare.json
E1,E1_ddp_fullk_K100_s300k,Deep-only pipeline-factor control under strict DDP,ddp_fullk,1,300000,69.01543000614134,0.3789632241131464,,/eagle/lc-mpi/Zhiqing/polaris_ebm/runs_pipeline_then_weighting/E1/E1_ddp_fullk_K100_s300k_20260405_003358/trajectory,/eagle/lc-mpi/Zhiqing/polaris_ebm/runs_pipeline_then_weighting/E1/E1_ddp_fullk_K100_s300k_20260405_003358/trajectory/step300000/metrics_compare.json
E1,E1_single_fullk_K100_s300k,Deep-only pipeline-factor control on a single GPU,single_fullk,1,5000,124.4552148151154,0.5644210826991447,,/lus/eagle/projects/lc-mpi/Zhiqing/polaris_ebm/runs_pipeline_then_weighting/E1/E1_single_fullk_K100_s300k_local_20260404_151327/trajectory,/lus/eagle/projects/lc-mpi/Zhiqing/polaris_ebm/runs_pipeline_then_weighting/E1/E1_single_fullk_K100_s300k_local_20260404_151327/trajectory/step005000/metrics_compare.json
E1,E1_single_fullk_K100_s300k,Deep-only pipeline-factor control on a single GPU,single_fullk,1,10000,117.60776262695089,0.6320407669079309,,/lus/eagle/projects/lc-mpi/Zhiqing/polaris_ebm/runs_pipeline_then_weighting/E1/E1_single_fullk_K100_s300k_local_20260404_151327/trajectory,/lus/eagle/projects/lc-mpi/Zhiqing/polaris_ebm/runs_pipeline_then_weighting/E1/E1_single_fullk_K100_s300k_local_20260404_151327/trajectory/step010000/metrics_compare.json
E1,E1_single_fullk_K100_s300k,Deep-only pipeline-factor control on a single GPU,single_fullk,1,15000,100.36922790170945,0.41357497169146384,,/lus/eagle/projects/lc-mpi/Zhiqing/polaris_ebm/runs_pipeline_then_weighting/E1/E1_single_fullk_K100_s300k_local_20260404_151327/trajectory,/lus/eagle/projects/lc-mpi/Zhiqing/polaris_ebm/runs_pipeline_then_weighting/E1/E1_single_fullk_K100_s300k_local_20260404_151327/trajectory/step015000/metrics_compare.json
E1,E1_single_fullk_K100_s300k,Deep-only pipeline-factor control on a single GPU,single_fullk,1,20000,92.85709761232033,0.2814339085066351,,/lus/eagle/projects/lc-mpi/Zhiqing/polaris_ebm/runs_pipeline_then_weighting/E1/E1_single_fullk_K100_s300k_local_20260404_151327/trajectory,/lus/eagle/projects/lc-mpi/Zhiqing/polaris_ebm/runs_pipeline_then_weighting/E1/E1_single_fullk_K100_s300k_local_20260404_151327/trajectory/step020000/metrics_compare.json
E1,E1_single_fullk_K100_s300k,Deep-only pipeline-factor control on a single GPU,single_fullk,1,25000,89.19755324754215,0.29728580526851545,,/lus/eagle/projects/lc-mpi/Zhiqing/polaris_ebm/runs_pipeline_then_weighting/E1/E1_single_fullk_K100_s300k_local_20260404_151327/trajectory,/lus/eagle/projects/lc-mpi/Zhiqing/polaris_ebm/runs_pipeline_then_weighting/E1/E1_single_fullk_K100_s300k_local_20260404_151327/trajectory/step025000/metrics_compare.json
E1,E1_single_fullk_K100_s300k,Deep-only pipeline-factor control on a single GPU,single_fullk,1,30000,95.4017865179971,0.36625131060112537,,/lus/eagle/projects/lc-mpi/Zhiqing/polaris_ebm/runs_pipeline_then_weighting/E1/E1_single_fullk_K100_s300k_local_20260404_151327/trajectory,/lus/eagle/projects/lc-mpi/Zhiqing/polaris_ebm/runs_pipeline_then_weighting/E1/E1_single_fullk_K100_s300k_local_20260404_151327/trajectory/step030000/metrics_compare.json
E1,E1_single_fullk_K100_s300k,Deep-only pipeline-factor control on a single GPU,single_fullk,1,35000,87.00456516467023,1.514419026735542,,/lus/eagle/projects/lc-mpi/Zhiqing/polaris_ebm/runs_pipeline_then_weighting/E1/E1_single_fullk_K100_s300k_local_20260404_151327/trajectory,/lus/eagle/projects/lc-mpi/Zhiqing/polaris_ebm/runs_pipeline_then_weighting/E1/E1_single_fullk_K100_s300k_local_20260404_151327/trajectory/step035000/metrics_compare.json
E1,E1_single_fullk_K100_s300k,Deep-only pipeline-factor control on a single GPU,single_fullk,1,40000,83.99406924644478,0.47943841330007686,,/lus/eagle/projects/lc-mpi/Zhiqing/polaris_ebm/runs_pipeline_then_weighting/E1/E1_single_fullk_K100_s300k_local_20260404_151327/trajectory,/lus/eagle/projects/lc-mpi/Zhiqing/polaris_ebm/runs_pipeline_then_weighting/E1/E1_single_fullk_K100_s300k_local_20260404_151327/trajectory/step040000/metrics_compare.json
E1,E1_single_fullk_K100_s300k,Deep-only pipeline-factor control on a single GPU,single_fullk,1,45000,81.63373049484807,1.3496190081338781,,/lus/eagle/projects/lc-mpi/Zhiqing/polaris_ebm/runs_pipeline_then_weighting/E1/E1_single_fullk_K100_s300k_local_20260404_151327/trajectory,/lus/eagle/projects/lc-mpi/Zhiqing/polaris_ebm/runs_pipeline_then_weighting/E1/E1_single_fullk_K100_s300k_local_20260404_151327/trajectory/step045000/metrics_compare.json
E1,E1_single_fullk_K100_s300k,Deep-only pipeline-factor control on a single GPU,single_fullk,1,50000,89.5179707432826,0.26784204872615547,,/lus/eagle/projects/lc-mpi/Zhiqing/polaris_ebm/runs_pipeline_then_weighting/E1/E1_single_fullk_K100_s300k_local_20260404_151327/trajectory,/lus/eagle/projects/lc-mpi/Zhiqing/polaris_ebm/runs_pipeline_then_weighting/E1/E1_single_fullk_K100_s300k_local_20260404_151327/trajectory/step050000/metrics_compare.json
E1,E1_single_fullk_K100_s300k,Deep-only pipeline-factor control on a single GPU,single_fullk,1,55000,89.07176554062664,0.6308877292508015,,/lus/eagle/projects/lc-mpi/Zhiqing/polaris_ebm/runs_pipeline_then_weighting/E1/E1_single_fullk_K100_s300k_local_20260404_151327/trajectory,/lus/eagle/projects/lc-mpi/Zhiqing/polaris_ebm/runs_pipeline_then_weighting/E1/E1_single_fullk_K100_s300k_local_20260404_151327/trajectory/step055000/metrics_compare.json
E1,E1_single_fullk_K100_s300k,Deep-only pipeline-factor control on a single GPU,single_fullk,1,60000,72.26747892787034,0.26577791993855016,,/lus/eagle/projects/lc-mpi/Zhiqing/polaris_ebm/runs_pipeline_then_weighting/E1/E1_single_fullk_K100_s300k_local_20260404_151327/trajectory,/lus/eagle/projects/lc-mpi/Zhiqing/polaris_ebm/runs_pipeline_then_weighting/E1/E1_single_fullk_K100_s300k_local_20260404_151327/trajectory/step060000/metrics_compare.json
E1,E1_single_fullk_K100_s300k,Deep-only pipeline-factor control on a single GPU,single_fullk,1,65000,104.24737811896824,0.45133214545264977,,/lus/eagle/projects/lc-mpi/Zhiqing/polaris_ebm/runs_pipeline_then_weighting/E1/E1_single_fullk_K100_s300k_local_20260404_151327/trajectory,/lus/eagle/projects/lc-mpi/Zhiqing/polaris_ebm/runs_pipeline_then_weighting/E1/E1_single_fullk_K100_s300k_local_20260404_151327/trajectory/step065000/metrics_compare.json
E1,E1_single_fullk_K100_s300k,Deep-only pipeline-factor control on a single GPU,single_fullk,1,70000,96.67617419195079,0.544680481180464,,/lus/eagle/projects/lc-mpi/Zhiqing/polaris_ebm/runs_pipeline_then_weighting/E1/E1_single_fullk_K100_s300k_local_20260404_151327/trajectory,/lus/eagle/projects/lc-mpi/Zhiqing/polaris_ebm/runs_pipeline_then_weighting/E1/E1_single_fullk_K100_s300k_local_20260404_151327/trajectory/step070000/metrics_compare.json
E1,E1_single_fullk_K100_s300k,Deep-only pipeline-factor control on a single GPU,single_fullk,1,75000,71.73621802536746,0.3389966685604442,,/lus/eagle/projects/lc-mpi/Zhiqing/polaris_ebm/runs_pipeline_then_weighting/E1/E1_single_fullk_K100_s300k_local_20260404_151327/trajectory,/lus/eagle/projects/lc-mpi/Zhiqing/polaris_ebm/runs_pipeline_then_weighting/E1/E1_single_fullk_K100_s300k_local_20260404_151327/trajectory/step075000/metrics_compare.json
E1,E1_single_fullk_K100_s300k,Deep-only pipeline-factor control on a single GPU,single_fullk,1,80000,72.00709229384614,0.5867042005551326,,/lus/eagle/projects/lc-mpi/Zhiqing/polaris_ebm/runs_pipeline_then_weighting/E1/E1_single_fullk_K100_s300k_local_20260404_151327/trajectory,/lus/eagle/projects/lc-mpi/Zhiqing/polaris_ebm/runs_pipeline_then_weighting/E1/E1_single_fullk_K100_s300k_local_20260404_151327/trajectory/step080000/metrics_compare.json
E1,E1_single_fullk_K100_s300k,Deep-only pipeline-factor control on a single GPU,single_fullk,1,85000,64.03771344080394,0.3480126236909733,,/lus/eagle/projects/lc-mpi/Zhiqing/polaris_ebm/runs_pipeline_then_weighting/E1/E1_single_fullk_K100_s300k_local_20260404_151327/trajectory,/lus/eagle/projects/lc-mpi/Zhiqing/polaris_ebm/runs_pipeline_then_weighting/E1/E1_single_fullk_K100_s300k_local_20260404_151327/trajectory/step085000/metrics_compare.json
E1,E1_single_fullk_K100_s300k,Deep-only pipeline-factor control on a single GPU,single_fullk,1,90000,88.92703448558399,0.2921858956852148,,/lus/eagle/projects/lc-mpi/Zhiqing/polaris_ebm/runs_pipeline_then_weighting/E1/E1_single_fullk_K100_s300k_local_20260404_151327/trajectory,/lus/eagle/projects/lc-mpi/Zhiqing/polaris_ebm/runs_pipeline_then_weighting/E1/E1_single_fullk_K100_s300k_local_20260404_151327/trajectory/step090000/metrics_compare.json
E1,E1_single_fullk_K100_s300k,Deep-only pipeline-factor control on a single GPU,single_fullk,1,95000,70.29903425244174,0.25291608453884606,,/lus/eagle/projects/lc-mpi/Zhiqing/polaris_ebm/runs_pipeline_then_weighting/E1/E1_single_fullk_K100_s300k_local_20260404_151327/trajectory,/lus/eagle/projects/lc-mpi/Zhiqing/polaris_ebm/runs_pipeline_then_weighting/E1/E1_single_fullk_K100_s300k_local_20260404_151327/trajectory/step095000/metrics_compare.json
E1,E1_single_fullk_K100_s300k,Deep-only pipeline-factor control on a single GPU,single_fullk,1,100000,71.54977084795382,0.333972222971326,,/lus/eagle/projects/lc-mpi/Zhiqing/polaris_ebm/runs_pipeline_then_weighting/E1/E1_single_fullk_K100_s300k_local_20260404_151327/trajectory,/lus/eagle/projects/lc-mpi/Zhiqing/polaris_ebm/runs_pipeline_then_weighting/E1/E1_single_fullk_K100_s300k_local_20260404_151327/trajectory/step100000/metrics_compare.json
E1,E1_single_fullk_K100_s300k,Deep-only pipeline-factor control on a single GPU,single_fullk,1,105000,61.974915400904194,0.49210215541782176,,/lus/eagle/projects/lc-mpi/Zhiqing/polaris_ebm/runs_pipeline_then_weighting/E1/E1_single_fullk_K100_s300k_local_20260404_151327/trajectory,/lus/eagle/projects/lc-mpi/Zhiqing/polaris_ebm/runs_pipeline_then_weighting/E1/E1_single_fullk_K100_s300k_local_20260404_151327/trajectory/step105000/metrics_compare.json
E1,E1_single_fullk_K100_s300k,Deep-only pipeline-factor control on a single GPU,single_fullk,1,110000,85.54333875546155,0.6773765477343581,,/lus/eagle/projects/lc-mpi/Zhiqing/polaris_ebm/runs_pipeline_then_weighting/E1/E1_single_fullk_K100_s300k_local_20260404_151327/trajectory,/lus/eagle/projects/lc-mpi/Zhiqing/polaris_ebm/runs_pipeline_then_weighting/E1/E1_single_fullk_K100_s300k_local_20260404_151327/trajectory/step110000/metrics_compare.json
E1,E1_single_fullk_K100_s300k,Deep-only pipeline-factor control on a single GPU,single_fullk,1,115000,79.84043597868424,0.7759732426301227,,/lus/eagle/projects/lc-mpi/Zhiqing/polaris_ebm/runs_pipeline_then_weighting/E1/E1_single_fullk_K100_s300k_local_20260404_151327/trajectory,/lus/eagle/projects/lc-mpi/Zhiqing/polaris_ebm/runs_pipeline_then_weighting/E1/E1_single_fullk_K100_s300k_local_20260404_151327/trajectory/step115000/metrics_compare.json
E1,E1_single_fullk_K100_s300k,Deep-only pipeline-factor control on a single GPU,single_fullk,1,120000,84.0099028847041,1.0585077582967521,,/lus/eagle/projects/lc-mpi/Zhiqing/polaris_ebm/runs_pipeline_then_weighting/E1/E1_single_fullk_K100_s300k_local_20260404_151327/trajectory,/lus/eagle/projects/lc-mpi/Zhiqing/polaris_ebm/runs_pipeline_then_weighting/E1/E1_single_fullk_K100_s300k_local_20260404_151327/trajectory/step120000/metrics_compare.json
E1,E1_single_fullk_K100_s300k,Deep-only pipeline-factor control on a single GPU,single_fullk,1,125000,64.97949311272384,0.4452256186941632,,/lus/eagle/projects/lc-mpi/Zhiqing/polaris_ebm/runs_pipeline_then_weighting/E1/E1_single_fullk_K100_s300k_local_20260404_151327/trajectory,/lus/eagle/projects/lc-mpi/Zhiqing/polaris_ebm/runs_pipeline_then_weighting/E1/E1_single_fullk_K100_s300k_local_20260404_151327/trajectory/step125000/metrics_compare.json
E1,E1_single_fullk_K100_s300k,Deep-only pipeline-factor control on a single GPU,single_fullk,1,130000,83.88847043226747,0.582406632606908,,/lus/eagle/projects/lc-mpi/Zhiqing/polaris_ebm/runs_pipeline_then_weighting/E1/E1_single_fullk_K100_s300k_local_20260404_151327/trajectory,/lus/eagle/projects/lc-mpi/Zhiqing/polaris_ebm/runs_pipeline_then_weighting/E1/E1_single_fullk_K100_s300k_local_20260404_151327/trajectory/step130000/metrics_compare.json
E1,E1_single_fullk_K100_s300k,Deep-only pipeline-factor control on a single GPU,single_fullk,1,135000,75.96449210657477,0.4116412077133269,,/lus/eagle/projects/lc-mpi/Zhiqing/polaris_ebm/runs_pipeline_then_weighting/E1/E1_single_fullk_K100_s300k_local_20260404_151327/trajectory,/lus/eagle/projects/lc-mpi/Zhiqing/polaris_ebm/runs_pipeline_then_weighting/E1/E1_single_fullk_K100_s300k_local_20260404_151327/trajectory/step135000/metrics_compare.json
E1,E1_single_fullk_K100_s300k,Deep-only pipeline-factor control on a single GPU,single_fullk,1,140000,67.43620445024942,0.4100523738618449,,/lus/eagle/projects/lc-mpi/Zhiqing/polaris_ebm/runs_pipeline_then_weighting/E1/E1_single_fullk_K100_s300k_local_20260404_151327/trajectory,/lus/eagle/projects/lc-mpi/Zhiqing/polaris_ebm/runs_pipeline_then_weighting/E1/E1_single_fullk_K100_s300k_local_20260404_151327/trajectory/step140000/metrics_compare.json
E1,E1_single_fullk_K100_s300k,Deep-only pipeline-factor control on a single GPU,single_fullk,1,145000,59.35784032652725,0.4106130313736891,,/lus/eagle/projects/lc-mpi/Zhiqing/polaris_ebm/runs_pipeline_then_weighting/E1/E1_single_fullk_K100_s300k_local_20260404_151327/trajectory,/lus/eagle/projects/lc-mpi/Zhiqing/polaris_ebm/runs_pipeline_then_weighting/E1/E1_single_fullk_K100_s300k_local_20260404_151327/trajectory/step145000/metrics_compare.json
E1,E1_single_fullk_K100_s300k,Deep-only pipeline-factor control on a single GPU,single_fullk,1,150000,77.9628419146839,0.6295261257274056,,/lus/eagle/projects/lc-mpi/Zhiqing/polaris_ebm/runs_pipeline_then_weighting/E1/E1_single_fullk_K100_s300k_local_20260404_151327/trajectory,/lus/eagle/projects/lc-mpi/Zhiqing/polaris_ebm/runs_pipeline_then_weighting/E1/E1_single_fullk_K100_s300k_local_20260404_151327/trajectory/step150000/metrics_compare.json
E1,E1_single_fullk_K100_s300k,Deep-only pipeline-factor control on a single GPU,single_fullk,1,155000,67.45012037801638,0.2904972458953452,,/lus/eagle/projects/lc-mpi/Zhiqing/polaris_ebm/runs_pipeline_then_weighting/E1/E1_single_fullk_K100_s300k_local_20260404_151327/trajectory,/lus/eagle/projects/lc-mpi/Zhiqing/polaris_ebm/runs_pipeline_then_weighting/E1/E1_single_fullk_K100_s300k_local_20260404_151327/trajectory/step155000/metrics_compare.json
E1,E1_single_fullk_K100_s300k,Deep-only pipeline-factor control on a single GPU,single_fullk,1,160000,64.61117730211959,0.5301356746817945,,/lus/eagle/projects/lc-mpi/Zhiqing/polaris_ebm/runs_pipeline_then_weighting/E1/E1_single_fullk_K100_s300k_local_20260404_151327/trajectory,/lus/eagle/projects/lc-mpi/Zhiqing/polaris_ebm/runs_pipeline_then_weighting/E1/E1_single_fullk_K100_s300k_local_20260404_151327/trajectory/step160000/metrics_compare.json
E1,E1_single_fullk_K100_s300k,Deep-only pipeline-factor control on a single GPU,single_fullk,1,165000,72.3245204483348,0.22332806104387615,,/lus/eagle/projects/lc-mpi/Zhiqing/polaris_ebm/runs_pipeline_then_weighting/E1/E1_single_fullk_K100_s300k_local_20260404_151327/trajectory,/lus/eagle/projects/lc-mpi/Zhiqing/polaris_ebm/runs_pipeline_then_weighting/E1/E1_single_fullk_K100_s300k_local_20260404_151327/trajectory/step165000/metrics_compare.json
E1,E1_single_fullk_K100_s300k,Deep-only pipeline-factor control on a single GPU,single_fullk,1,170000,74.17076432521134,0.4657989905430817,,/lus/eagle/projects/lc-mpi/Zhiqing/polaris_ebm/runs_pipeline_then_weighting/E1/E1_single_fullk_K100_s300k_local_20260404_151327/trajectory,/lus/eagle/projects/lc-mpi/Zhiqing/polaris_ebm/runs_pipeline_then_weighting/E1/E1_single_fullk_K100_s300k_local_20260404_151327/trajectory/step170000/metrics_compare.json
E1,E1_single_fullk_K100_s300k,Deep-only pipeline-factor control on a single GPU,single_fullk,1,175000,79.54903736616131,0.342403437959355,,/lus/eagle/projects/lc-mpi/Zhiqing/polaris_ebm/runs_pipeline_then_weighting/E1/E1_single_fullk_K100_s300k_local_20260404_151327/trajectory,/lus/eagle/projects/lc-mpi/Zhiqing/polaris_ebm/runs_pipeline_then_weighting/E1/E1_single_fullk_K100_s300k_local_20260404_151327/trajectory/step175000/metrics_compare.json
E1,E1_single_fullk_K100_s300k,Deep-only pipeline-factor control on a single GPU,single_fullk,1,180000,69.42234516980415,1.085888539046831,,/lus/eagle/projects/lc-mpi/Zhiqing/polaris_ebm/runs_pipeline_then_weighting/E1/E1_single_fullk_K100_s300k_local_20260404_151327/trajectory,/lus/eagle/projects/lc-mpi/Zhiqing/polaris_ebm/runs_pipeline_then_weighting/E1/E1_single_fullk_K100_s300k_local_20260404_151327/trajectory/step180000/metrics_compare.json
E1,E1_single_fullk_K100_s300k,Deep-only pipeline-factor control on a single GPU,single_fullk,1,185000,68.11801560940779,0.3359563208942511,,/lus/eagle/projects/lc-mpi/Zhiqing/polaris_ebm/runs_pipeline_then_weighting/E1/E1_single_fullk_K100_s300k_local_20260404_151327/trajectory,/lus/eagle/projects/lc-mpi/Zhiqing/polaris_ebm/runs_pipeline_then_weighting/E1/E1_single_fullk_K100_s300k_local_20260404_151327/trajectory/step185000/metrics_compare.json
E1,E1_single_fullk_K100_s300k,Deep-only pipeline-factor control on a single GPU,single_fullk,1,190000,69.1945594634501,0.3738194560667125,,/lus/eagle/projects/lc-mpi/Zhiqing/polaris_ebm/runs_pipeline_then_weighting/E1/E1_single_fullk_K100_s300k_local_20260404_151327/trajectory,/lus/eagle/projects/lc-mpi/Zhiqing/polaris_ebm/runs_pipeline_then_weighting/E1/E1_single_fullk_K100_s300k_local_20260404_151327/trajectory/step190000/metrics_compare.json
E1,E1_single_fullk_K100_s300k,Deep-only pipeline-factor control on a single GPU,single_fullk,1,195000,63.61893071215246,0.5218059710923839,,/lus/eagle/projects/lc-mpi/Zhiqing/polaris_ebm/runs_pipeline_then_weighting/E1/E1_single_fullk_K100_s300k_local_20260404_151327/trajectory,/lus/eagle/projects/lc-mpi/Zhiqing/polaris_ebm/runs_pipeline_then_weighting/E1/E1_single_fullk_K100_s300k_local_20260404_151327/trajectory/step195000/metrics_compare.json
E1,E1_single_fullk_K100_s300k,Deep-only pipeline-factor control on a single GPU,single_fullk,1,200000,71.23755947972802,0.8062750165862873,,/lus/eagle/projects/lc-mpi/Zhiqing/polaris_ebm/runs_pipeline_then_weighting/E1/E1_single_fullk_K100_s300k_local_20260404_151327/trajectory,/lus/eagle/projects/lc-mpi/Zhiqing/polaris_ebm/runs_pipeline_then_weighting/E1/E1_single_fullk_K100_s300k_local_20260404_151327/trajectory/step200000/metrics_compare.json
E1,E1_single_fullk_K100_s300k,Deep-only pipeline-factor control on a single GPU,single_fullk,1,205000,79.28022917346965,0.36076917504382777,,/lus/eagle/projects/lc-mpi/Zhiqing/polaris_ebm/runs_pipeline_then_weighting/E1/E1_single_fullk_K100_s300k_local_20260404_151327/trajectory,/lus/eagle/projects/lc-mpi/Zhiqing/polaris_ebm/runs_pipeline_then_weighting/E1/E1_single_fullk_K100_s300k_local_20260404_151327/trajectory/step205000/metrics_compare.json
E1,E1_single_fullk_K100_s300k,Deep-only pipeline-factor control on a single GPU,single_fullk,1,210000,76.64367278346265,0.3333288452051555,,/lus/eagle/projects/lc-mpi/Zhiqing/polaris_ebm/runs_pipeline_then_weighting/E1/E1_single_fullk_K100_s300k_local_20260404_151327/trajectory,/lus/eagle/projects/lc-mpi/Zhiqing/polaris_ebm/runs_pipeline_then_weighting/E1/E1_single_fullk_K100_s300k_local_20260404_151327/trajectory/step210000/metrics_compare.json
E1,E1_single_fullk_K100_s300k,Deep-only pipeline-factor control on a single GPU,single_fullk,1,215000,64.11997169407869,0.3904844522267332,,/lus/eagle/projects/lc-mpi/Zhiqing/polaris_ebm/runs_pipeline_then_weighting/E1/E1_single_fullk_K100_s300k_local_20260404_151327/trajectory,/lus/eagle/projects/lc-mpi/Zhiqing/polaris_ebm/runs_pipeline_then_weighting/E1/E1_single_fullk_K100_s300k_local_20260404_151327/trajectory/step215000/metrics_compare.json
E1,E1_single_fullk_K100_s300k,Deep-only pipeline-factor control on a single GPU,single_fullk,1,220000,55.38456113742791,0.6484538352550864,,/lus/eagle/projects/lc-mpi/Zhiqing/polaris_ebm/runs_pipeline_then_weighting/E1/E1_single_fullk_K100_s300k_local_20260404_151327/trajectory,/lus/eagle/projects/lc-mpi/Zhiqing/polaris_ebm/runs_pipeline_then_weighting/E1/E1_single_fullk_K100_s300k_local_20260404_151327/trajectory/step220000/metrics_compare.json
E1,E1_single_fullk_K100_s300k,Deep-only pipeline-factor control on a single GPU,single_fullk,1,225000,63.811718911084085,0.423523015073755,,/lus/eagle/projects/lc-mpi/Zhiqing/polaris_ebm/runs_pipeline_then_weighting/E1/E1_single_fullk_K100_s300k_local_20260404_151327/trajectory,/lus/eagle/projects/lc-mpi/Zhiqing/polaris_ebm/runs_pipeline_then_weighting/E1/E1_single_fullk_K100_s300k_local_20260404_151327/trajectory/step225000/metrics_compare.json
E1,E1_single_fullk_K100_s300k,Deep-only pipeline-factor control on a single GPU,single_fullk,1,230000,68.17167701020361,1.182457359407664,,/lus/eagle/projects/lc-mpi/Zhiqing/polaris_ebm/runs_pipeline_then_weighting/E1/E1_single_fullk_K100_s300k_local_20260404_151327/trajectory,/lus/eagle/projects/lc-mpi/Zhiqing/polaris_ebm/runs_pipeline_then_weighting/E1/E1_single_fullk_K100_s300k_local_20260404_151327/trajectory/step230000/metrics_compare.json
E1,E1_single_fullk_K100_s300k,Deep-only pipeline-factor control on a single GPU,single_fullk,1,235000,66.75509826847485,0.45828392662643935,,/lus/eagle/projects/lc-mpi/Zhiqing/polaris_ebm/runs_pipeline_then_weighting/E1/E1_single_fullk_K100_s300k_local_20260404_151327/trajectory,/lus/eagle/projects/lc-mpi/Zhiqing/polaris_ebm/runs_pipeline_then_weighting/E1/E1_single_fullk_K100_s300k_local_20260404_151327/trajectory/step235000/metrics_compare.json
E1,E1_single_fullk_K100_s300k,Deep-only pipeline-factor control on a single GPU,single_fullk,1,240000,64.19933372645153,0.28987912873116883,,/lus/eagle/projects/lc-mpi/Zhiqing/polaris_ebm/runs_pipeline_then_weighting/E1/E1_single_fullk_K100_s300k_local_20260404_151327/trajectory,/lus/eagle/projects/lc-mpi/Zhiqing/polaris_ebm/runs_pipeline_then_weighting/E1/E1_single_fullk_K100_s300k_local_20260404_151327/trajectory/step240000/metrics_compare.json
E1,E1_single_fullk_K100_s300k,Deep-only pipeline-factor control on a single GPU,single_fullk,1,245000,57.061868877742654,0.2448793407908667,,/lus/eagle/projects/lc-mpi/Zhiqing/polaris_ebm/runs_pipeline_then_weighting/E1/E1_single_fullk_K100_s300k_local_20260404_151327/trajectory,/lus/eagle/projects/lc-mpi/Zhiqing/polaris_ebm/runs_pipeline_then_weighting/E1/E1_single_fullk_K100_s300k_local_20260404_151327/trajectory/step245000/metrics_compare.json
E1,E1_single_fullk_K100_s300k,Deep-only pipeline-factor control on a single GPU,single_fullk,1,250000,71.79282310311464,0.3080791087165231,,/lus/eagle/projects/lc-mpi/Zhiqing/polaris_ebm/runs_pipeline_then_weighting/E1/E1_single_fullk_K100_s300k_local_20260404_151327/trajectory,/lus/eagle/projects/lc-mpi/Zhiqing/polaris_ebm/runs_pipeline_then_weighting/E1/E1_single_fullk_K100_s300k_local_20260404_151327/trajectory/step250000/metrics_compare.json
E1,E1_single_fullk_K100_s300k,Deep-only pipeline-factor control on a single GPU,single_fullk,1,255000,63.96753412517819,0.4098664902517406,,/lus/eagle/projects/lc-mpi/Zhiqing/polaris_ebm/runs_pipeline_then_weighting/E1/E1_single_fullk_K100_s300k_local_20260404_151327/trajectory,/lus/eagle/projects/lc-mpi/Zhiqing/polaris_ebm/runs_pipeline_then_weighting/E1/E1_single_fullk_K100_s300k_local_20260404_151327/trajectory/step255000/metrics_compare.json
E1,E1_single_fullk_K100_s300k,Deep-only pipeline-factor control on a single GPU,single_fullk,1,260000,67.18686962506729,0.3031773030585079,,/lus/eagle/projects/lc-mpi/Zhiqing/polaris_ebm/runs_pipeline_then_weighting/E1/E1_single_fullk_K100_s300k_local_20260404_151327/trajectory,/lus/eagle/projects/lc-mpi/Zhiqing/polaris_ebm/runs_pipeline_then_weighting/E1/E1_single_fullk_K100_s300k_local_20260404_151327/trajectory/step260000/metrics_compare.json
E1,E1_single_fullk_K100_s300k,Deep-only pipeline-factor control on a single GPU,single_fullk,1,265000,60.6816604066027,0.4554537089671342,,/lus/eagle/projects/lc-mpi/Zhiqing/polaris_ebm/runs_pipeline_then_weighting/E1/E1_single_fullk_K100_s300k_local_20260404_151327/trajectory,/lus/eagle/projects/lc-mpi/Zhiqing/polaris_ebm/runs_pipeline_then_weighting/E1/E1_single_fullk_K100_s300k_local_20260404_151327/trajectory/step265000/metrics_compare.json
E1,E1_single_fullk_K100_s300k,Deep-only pipeline-factor control on a single GPU,single_fullk,1,270000,67.00910311394006,0.3572857996438046,,/lus/eagle/projects/lc-mpi/Zhiqing/polaris_ebm/runs_pipeline_then_weighting/E1/E1_single_fullk_K100_s300k_local_20260404_151327/trajectory,/lus/eagle/projects/lc-mpi/Zhiqing/polaris_ebm/runs_pipeline_then_weighting/E1/E1_single_fullk_K100_s300k_local_20260404_151327/trajectory/step270000/metrics_compare.json
E1,E1_single_fullk_K100_s300k,Deep-only pipeline-factor control on a single GPU,single_fullk,1,275000,63.97678296394264,0.27829713487923513,,/lus/eagle/projects/lc-mpi/Zhiqing/polaris_ebm/runs_pipeline_then_weighting/E1/E1_single_fullk_K100_s300k_local_20260404_151327/trajectory,/lus/eagle/projects/lc-mpi/Zhiqing/polaris_ebm/runs_pipeline_then_weighting/E1/E1_single_fullk_K100_s300k_local_20260404_151327/trajectory/step275000/metrics_compare.json
E1,E1_single_fullk_K100_s300k,Deep-only pipeline-factor control on a single GPU,single_fullk,1,280000,53.55113070113953,0.2303042770912498,,/lus/eagle/projects/lc-mpi/Zhiqing/polaris_ebm/runs_pipeline_then_weighting/E1/E1_single_fullk_K100_s300k_local_20260404_151327/trajectory,/lus/eagle/projects/lc-mpi/Zhiqing/polaris_ebm/runs_pipeline_then_weighting/E1/E1_single_fullk_K100_s300k_local_20260404_151327/trajectory/step280000/metrics_compare.json
E1,E1_single_fullk_K100_s300k,Deep-only pipeline-factor control on a single GPU,single_fullk,1,285000,73.75232875948916,0.3154216967936634,,/lus/eagle/projects/lc-mpi/Zhiqing/polaris_ebm/runs_pipeline_then_weighting/E1/E1_single_fullk_K100_s300k_local_20260404_151327/trajectory,/lus/eagle/projects/lc-mpi/Zhiqing/polaris_ebm/runs_pipeline_then_weighting/E1/E1_single_fullk_K100_s300k_local_20260404_151327/trajectory/step285000/metrics_compare.json
E1,E1_single_fullk_K100_s300k,Deep-only pipeline-factor control on a single GPU,single_fullk,1,290000,63.943310976809585,0.26906047749511686,,/lus/eagle/projects/lc-mpi/Zhiqing/polaris_ebm/runs_pipeline_then_weighting/E1/E1_single_fullk_K100_s300k_local_20260404_151327/trajectory,/lus/eagle/projects/lc-mpi/Zhiqing/polaris_ebm/runs_pipeline_then_weighting/E1/E1_single_fullk_K100_s300k_local_20260404_151327/trajectory/step290000/metrics_compare.json
E1,E1_single_fullk_K100_s300k,Deep-only pipeline-factor control on a single GPU,single_fullk,1,295000,68.39456372371023,0.254600552112322,,/lus/eagle/projects/lc-mpi/Zhiqing/polaris_ebm/runs_pipeline_then_weighting/E1/E1_single_fullk_K100_s300k_local_20260404_151327/trajectory,/lus/eagle/projects/lc-mpi/Zhiqing/polaris_ebm/runs_pipeline_then_weighting/E1/E1_single_fullk_K100_s300k_local_20260404_151327/trajectory/step295000/metrics_compare.json
E1,E1_single_fullk_K100_s300k,Deep-only pipeline-factor control on a single GPU,single_fullk,1,300000,62.76117718878572,0.43403999058416787,,/lus/eagle/projects/lc-mpi/Zhiqing/polaris_ebm/runs_pipeline_then_weighting/E1/E1_single_fullk_K100_s300k_local_20260404_151327/trajectory,/lus/eagle/projects/lc-mpi/Zhiqing/polaris_ebm/runs_pipeline_then_weighting/E1/E1_single_fullk_K100_s300k_local_20260404_151327/trajectory/step300000/metrics_compare.json
E1,E1_single_pipe_emul_P2_deep_K100_s300k,Single-GPU completion-aware objective with P=2 deep-only,single_pipe_emul,1,5000,186.60602796408978,5.100529991463993,,/eagle/lc-mpi/Zhiqing/polaris_ebm/runs_pipeline_then_weighting/E1/E1_single_pipe_emul_P2_deep_K100_s300k_20260405_003358/trajectory,/eagle/lc-mpi/Zhiqing/polaris_ebm/runs_pipeline_then_weighting/E1/E1_single_pipe_emul_P2_deep_K100_s300k_20260405_003358/trajectory/step005000/metrics_compare.json
E1,E1_single_pipe_emul_P2_deep_K100_s300k,Single-GPU completion-aware objective with P=2 deep-only,single_pipe_emul,1,10000,162.54765161249367,3.6588605113608157,,/eagle/lc-mpi/Zhiqing/polaris_ebm/runs_pipeline_then_weighting/E1/E1_single_pipe_emul_P2_deep_K100_s300k_20260405_003358/trajectory,/eagle/lc-mpi/Zhiqing/polaris_ebm/runs_pipeline_then_weighting/E1/E1_single_pipe_emul_P2_deep_K100_s300k_20260405_003358/trajectory/step010000/metrics_compare.json
E1,E1_single_pipe_emul_P2_deep_K100_s300k,Single-GPU completion-aware objective with P=2 deep-only,single_pipe_emul,1,15000,124.98558161703238,1.7716152417080195,,/eagle/lc-mpi/Zhiqing/polaris_ebm/runs_pipeline_then_weighting/E1/E1_single_pipe_emul_P2_deep_K100_s300k_20260405_003358/trajectory,/eagle/lc-mpi/Zhiqing/polaris_ebm/runs_pipeline_then_weighting/E1/E1_single_pipe_emul_P2_deep_K100_s300k_20260405_003358/trajectory/step015000/metrics_compare.json
E1,E1_single_pipe_emul_P2_deep_K100_s300k,Single-GPU completion-aware objective with P=2 deep-only,single_pipe_emul,1,20000,90.63205762833047,0.39765979619380687,,/eagle/lc-mpi/Zhiqing/polaris_ebm/runs_pipeline_then_weighting/E1/E1_single_pipe_emul_P2_deep_K100_s300k_20260405_003358/trajectory,/eagle/lc-mpi/Zhiqing/polaris_ebm/runs_pipeline_then_weighting/E1/E1_single_pipe_emul_P2_deep_K100_s300k_20260405_003358/trajectory/step020000/metrics_compare.json
E1,E1_single_pipe_emul_P2_deep_K100_s300k,Single-GPU completion-aware objective with P=2 deep-only,single_pipe_emul,1,25000,91.48983456543317,2.606730225611159,,/eagle/lc-mpi/Zhiqing/polaris_ebm/runs_pipeline_then_weighting/E1/E1_single_pipe_emul_P2_deep_K100_s300k_20260405_003358/trajectory,/eagle/lc-mpi/Zhiqing/polaris_ebm/runs_pipeline_then_weighting/E1/E1_single_pipe_emul_P2_deep_K100_s300k_20260405_003358/trajectory/step025000/metrics_compare.json
E1,E1_single_pipe_emul_P2_deep_K100_s300k,Single-GPU completion-aware objective with P=2 deep-only,single_pipe_emul,1,30000,106.06171391666078,0.6281675458816203,,/eagle/lc-mpi/Zhiqing/polaris_ebm/runs_pipeline_then_weighting/E1/E1_single_pipe_emul_P2_deep_K100_s300k_20260405_003358/trajectory,/eagle/lc-mpi/Zhiqing/polaris_ebm/runs_pipeline_then_weighting/E1/E1_single_pipe_emul_P2_deep_K100_s300k_20260405_003358/trajectory/step030000/metrics_compare.json
E1,E1_single_pipe_emul_P2_deep_K100_s300k,Single-GPU completion-aware objective with P=2 deep-only,single_pipe_emul,1,35000,82.05542298347149,0.786991028050771,,/eagle/lc-mpi/Zhiqing/polaris_ebm/runs_pipeline_then_weighting/E1/E1_single_pipe_emul_P2_deep_K100_s300k_20260405_003358/trajectory,/eagle/lc-mpi/Zhiqing/polaris_ebm/runs_pipeline_then_weighting/E1/E1_single_pipe_emul_P2_deep_K100_s300k_20260405_003358/trajectory/step035000/metrics_compare.json
E1,E1_single_pipe_emul_P2_deep_K100_s300k,Single-GPU completion-aware objective with P=2 deep-only,single_pipe_emul,1,40000,67.36259385557616,0.5623079266066853,,/eagle/lc-mpi/Zhiqing/polaris_ebm/runs_pipeline_then_weighting/E1/E1_single_pipe_emul_P2_deep_K100_s300k_20260405_003358/trajectory,/eagle/lc-mpi/Zhiqing/polaris_ebm/runs_pipeline_then_weighting/E1/E1_single_pipe_emul_P2_deep_K100_s300k_20260405_003358/trajectory/step040000/metrics_compare.json
E1,E1_single_pipe_emul_P2_deep_K100_s300k,Single-GPU completion-aware objective with P=2 deep-only,single_pipe_emul,1,45000,65.00422033119241,0.4489719393107592,,/eagle/lc-mpi/Zhiqing/polaris_ebm/runs_pipeline_then_weighting/E1/E1_single_pipe_emul_P2_deep_K100_s300k_20260405_003358/trajectory,/eagle/lc-mpi/Zhiqing/polaris_ebm/runs_pipeline_then_weighting/E1/E1_single_pipe_emul_P2_deep_K100_s300k_20260405_003358/trajectory/step045000/metrics_compare.json
E1,E1_single_pipe_emul_P2_deep_K100_s300k,Single-GPU completion-aware objective with P=2 deep-only,single_pipe_emul,1,50000,87.59276787060878,1.2109487638713148,,/eagle/lc-mpi/Zhiqing/polaris_ebm/runs_pipeline_then_weighting/E1/E1_single_pipe_emul_P2_deep_K100_s300k_20260405_003358/trajectory,/eagle/lc-mpi/Zhiqing/polaris_ebm/runs_pipeline_then_weighting/E1/E1_single_pipe_emul_P2_deep_K100_s300k_20260405_003358/trajectory/step050000/metrics_compare.json
E1,E1_single_pipe_emul_P2_deep_K100_s300k,Single-GPU completion-aware objective with P=2 deep-only,single_pipe_emul,1,55000,83.58439777511109,0.47929016435436367,,/eagle/lc-mpi/Zhiqing/polaris_ebm/runs_pipeline_then_weighting/E1/E1_single_pipe_emul_P2_deep_K100_s300k_20260405_003358/trajectory,/eagle/lc-mpi/Zhiqing/polaris_ebm/runs_pipeline_then_weighting/E1/E1_single_pipe_emul_P2_deep_K100_s300k_20260405_003358/trajectory/step055000/metrics_compare.json
E1,E1_single_pipe_emul_P2_deep_K100_s300k,Single-GPU completion-aware objective with P=2 deep-only,single_pipe_emul,1,60000,86.02182390025649,0.5217634915907396,,/eagle/lc-mpi/Zhiqing/polaris_ebm/runs_pipeline_then_weighting/E1/E1_single_pipe_emul_P2_deep_K100_s300k_20260405_003358/trajectory,/eagle/lc-mpi/Zhiqing/polaris_ebm/runs_pipeline_then_weighting/E1/E1_single_pipe_emul_P2_deep_K100_s300k_20260405_003358/trajectory/step060000/metrics_compare.json
E1,E1_single_pipe_emul_P2_deep_K100_s300k,Single-GPU completion-aware objective with P=2 deep-only,single_pipe_emul,1,65000,77.10330115959147,1.866207175176676,,/eagle/lc-mpi/Zhiqing/polaris_ebm/runs_pipeline_then_weighting/E1/E1_single_pipe_emul_P2_deep_K100_s300k_20260405_003358/trajectory,/eagle/lc-mpi/Zhiqing/polaris_ebm/runs_pipeline_then_weighting/E1/E1_single_pipe_emul_P2_deep_K100_s300k_20260405_003358/trajectory/step065000/metrics_compare.json
E1,E1_single_pipe_emul_P2_deep_K100_s300k,Single-GPU completion-aware objective with P=2 deep-only,single_pipe_emul,1,70000,83.74473355747216,0.5365493825303638,,/eagle/lc-mpi/Zhiqing/polaris_ebm/runs_pipeline_then_weighting/E1/E1_single_pipe_emul_P2_deep_K100_s300k_20260405_003358/trajectory,/eagle/lc-mpi/Zhiqing/polaris_ebm/runs_pipeline_then_weighting/E1/E1_single_pipe_emul_P2_deep_K100_s300k_20260405_003358/trajectory/step070000/metrics_compare.json
E1,E1_single_pipe_emul_P2_deep_K100_s300k,Single-GPU completion-aware objective with P=2 deep-only,single_pipe_emul,1,75000,73.52638808704808,0.7143566577227141,,/eagle/lc-mpi/Zhiqing/polaris_ebm/runs_pipeline_then_weighting/E1/E1_single_pipe_emul_P2_deep_K100_s300k_20260405_003358/trajectory,/eagle/lc-mpi/Zhiqing/polaris_ebm/runs_pipeline_then_weighting/E1/E1_single_pipe_emul_P2_deep_K100_s300k_20260405_003358/trajectory/step075000/metrics_compare.json
E1,E1_single_pipe_emul_P2_deep_K100_s300k,Single-GPU completion-aware objective with P=2 deep-only,single_pipe_emul,1,80000,81.96614008932187,1.2394455837321168,,/eagle/lc-mpi/Zhiqing/polaris_ebm/runs_pipeline_then_weighting/E1/E1_single_pipe_emul_P2_deep_K100_s300k_20260405_003358/trajectory,/eagle/lc-mpi/Zhiqing/polaris_ebm/runs_pipeline_then_weighting/E1/E1_single_pipe_emul_P2_deep_K100_s300k_20260405_003358/trajectory/step080000/metrics_compare.json
E1,E1_single_pipe_emul_P2_deep_K100_s300k,Single-GPU completion-aware objective with P=2 deep-only,single_pipe_emul,1,85000,94.14980740992763,1.2206437074604999,,/eagle/lc-mpi/Zhiqing/polaris_ebm/runs_pipeline_then_weighting/E1/E1_single_pipe_emul_P2_deep_K100_s300k_20260405_003358/trajectory,/eagle/lc-mpi/Zhiqing/polaris_ebm/runs_pipeline_then_weighting/E1/E1_single_pipe_emul_P2_deep_K100_s300k_20260405_003358/trajectory/step085000/metrics_compare.json
E1,E1_single_pipe_emul_P2_deep_K100_s300k,Single-GPU completion-aware objective with P=2 deep-only,single_pipe_emul,1,90000,83.13201104729751,0.4812655959658372,,/eagle/lc-mpi/Zhiqing/polaris_ebm/runs_pipeline_then_weighting/E1/E1_single_pipe_emul_P2_deep_K100_s300k_20260405_003358/trajectory,/eagle/lc-mpi/Zhiqing/polaris_ebm/runs_pipeline_then_weighting/E1/E1_single_pipe_emul_P2_deep_K100_s300k_20260405_003358/trajectory/step090000/metrics_compare.json
E1,E1_single_pipe_emul_P2_deep_K100_s300k,Single-GPU completion-aware objective with P=2 deep-only,single_pipe_emul,1,95000,80.99958924718078,1.2546313287204107,,/eagle/lc-mpi/Zhiqing/polaris_ebm/runs_pipeline_then_weighting/E1/E1_single_pipe_emul_P2_deep_K100_s300k_20260405_003358/trajectory,/eagle/lc-mpi/Zhiqing/polaris_ebm/runs_pipeline_then_weighting/E1/E1_single_pipe_emul_P2_deep_K100_s300k_20260405_003358/trajectory/step095000/metrics_compare.json
E1,E1_single_pipe_emul_P2_deep_K100_s300k,Single-GPU completion-aware objective with P=2 deep-only,single_pipe_emul,1,100000,81.70333914693487,0.4078452598283988,,/eagle/lc-mpi/Zhiqing/polaris_ebm/runs_pipeline_then_weighting/E1/E1_single_pipe_emul_P2_deep_K100_s300k_20260405_003358/trajectory,/eagle/lc-mpi/Zhiqing/polaris_ebm/runs_pipeline_then_weighting/E1/E1_single_pipe_emul_P2_deep_K100_s300k_20260405_003358/trajectory/step100000/metrics_compare.json
E1,E1_single_pipe_emul_P2_deep_K100_s300k,Single-GPU completion-aware objective with P=2 deep-only,single_pipe_emul,1,105000,76.48834358651322,0.7909971724309628,,/eagle/lc-mpi/Zhiqing/polaris_ebm/runs_pipeline_then_weighting/E1/E1_single_pipe_emul_P2_deep_K100_s300k_20260405_003358/trajectory,/eagle/lc-mpi/Zhiqing/polaris_ebm/runs_pipeline_then_weighting/E1/E1_single_pipe_emul_P2_deep_K100_s300k_20260405_003358/trajectory/step105000/metrics_compare.json
E1,E1_single_pipe_emul_P2_deep_K100_s300k,Single-GPU completion-aware objective with P=2 deep-only,single_pipe_emul,1,110000,85.51227952478399,0.7709023005921694,,/eagle/lc-mpi/Zhiqing/polaris_ebm/runs_pipeline_then_weighting/E1/E1_single_pipe_emul_P2_deep_K100_s300k_20260405_003358/trajectory,/eagle/lc-mpi/Zhiqing/polaris_ebm/runs_pipeline_then_weighting/E1/E1_single_pipe_emul_P2_deep_K100_s300k_20260405_003358/trajectory/step110000/metrics_compare.json
E1,E1_single_pipe_emul_P2_deep_K100_s300k,Single-GPU completion-aware objective with P=2 deep-only,single_pipe_emul,1,115000,62.453260626785095,1.2640407192090777,,/eagle/lc-mpi/Zhiqing/polaris_ebm/runs_pipeline_then_weighting/E1/E1_single_pipe_emul_P2_deep_K100_s300k_20260405_003358/trajectory,/eagle/lc-mpi/Zhiqing/polaris_ebm/runs_pipeline_then_weighting/E1/E1_single_pipe_emul_P2_deep_K100_s300k_20260405_003358/trajectory/step115000/metrics_compare.json
E1,E1_single_pipe_emul_P2_deep_K100_s300k,Single-GPU completion-aware objective with P=2 deep-only,single_pipe_emul,1,120000,74.86163622738292,0.6746093619153797,,/eagle/lc-mpi/Zhiqing/polaris_ebm/runs_pipeline_then_weighting/E1/E1_single_pipe_emul_P2_deep_K100_s300k_20260405_003358/trajectory,/eagle/lc-mpi/Zhiqing/polaris_ebm/runs_pipeline_then_weighting/E1/E1_single_pipe_emul_P2_deep_K100_s300k_20260405_003358/trajectory/step120000/metrics_compare.json
E1,E1_single_pipe_emul_P2_deep_K100_s300k,Single-GPU completion-aware objective with P=2 deep-only,single_pipe_emul,1,125000,69.61719300904986,1.835935700950495,,/eagle/lc-mpi/Zhiqing/polaris_ebm/runs_pipeline_then_weighting/E1/E1_single_pipe_emul_P2_deep_K100_s300k_20260405_003358/trajectory,/eagle/lc-mpi/Zhiqing/polaris_ebm/runs_pipeline_then_weighting/E1/E1_single_pipe_emul_P2_deep_K100_s300k_20260405_003358/trajectory/step125000/metrics_compare.json
E1,E1_single_pipe_emul_P2_deep_K100_s300k,Single-GPU completion-aware objective with P=2 deep-only,single_pipe_emul,1,130000,75.12899138541474,0.39350808887026645,,/eagle/lc-mpi/Zhiqing/polaris_ebm/runs_pipeline_then_weighting/E1/E1_single_pipe_emul_P2_deep_K100_s300k_20260405_003358/trajectory,/eagle/lc-mpi/Zhiqing/polaris_ebm/runs_pipeline_then_weighting/E1/E1_single_pipe_emul_P2_deep_K100_s300k_20260405_003358/trajectory/step130000/metrics_compare.json
E1,E1_single_pipe_emul_P2_deep_K100_s300k,Single-GPU completion-aware objective with P=2 deep-only,single_pipe_emul,1,135000,67.03593328228646,0.691993861953847,,/eagle/lc-mpi/Zhiqing/polaris_ebm/runs_pipeline_then_weighting/E1/E1_single_pipe_emul_P2_deep_K100_s300k_20260405_003358/trajectory,/eagle/lc-mpi/Zhiqing/polaris_ebm/runs_pipeline_then_weighting/E1/E1_single_pipe_emul_P2_deep_K100_s300k_20260405_003358/trajectory/step135000/metrics_compare.json
E1,E1_single_pipe_emul_P2_deep_K100_s300k,Single-GPU completion-aware objective with P=2 deep-only,single_pipe_emul,1,140000,70.32698895901018,0.6812883521586386,,/eagle/lc-mpi/Zhiqing/polaris_ebm/runs_pipeline_then_weighting/E1/E1_single_pipe_emul_P2_deep_K100_s300k_20260405_003358/trajectory,/eagle/lc-mpi/Zhiqing/polaris_ebm/runs_pipeline_then_weighting/E1/E1_single_pipe_emul_P2_deep_K100_s300k_20260405_003358/trajectory/step140000/metrics_compare.json
E1,E1_single_pipe_emul_P2_deep_K100_s300k,Single-GPU completion-aware objective with P=2 deep-only,single_pipe_emul,1,145000,69.48800662844036,0.3981248907038477,,/eagle/lc-mpi/Zhiqing/polaris_ebm/runs_pipeline_then_weighting/E1/E1_single_pipe_emul_P2_deep_K100_s300k_20260405_003358/trajectory,/eagle/lc-mpi/Zhiqing/polaris_ebm/runs_pipeline_then_weighting/E1/E1_single_pipe_emul_P2_deep_K100_s300k_20260405_003358/trajectory/step145000/metrics_compare.json
E1,E1_single_pipe_emul_P2_deep_K100_s300k,Single-GPU completion-aware objective with P=2 deep-only,single_pipe_emul,1,150000,55.87310142339834,0.6624019826617307,,/eagle/lc-mpi/Zhiqing/polaris_ebm/runs_pipeline_then_weighting/E1/E1_single_pipe_emul_P2_deep_K100_s300k_20260405_003358/trajectory,/eagle/lc-mpi/Zhiqing/polaris_ebm/runs_pipeline_then_weighting/E1/E1_single_pipe_emul_P2_deep_K100_s300k_20260405_003358/trajectory/step150000/metrics_compare.json
E1,E1_single_pipe_emul_P2_deep_K100_s300k,Single-GPU completion-aware objective with P=2 deep-only,single_pipe_emul,1,155000,81.56708929750391,0.4100711120983114,,/eagle/lc-mpi/Zhiqing/polaris_ebm/runs_pipeline_then_weighting/E1/E1_single_pipe_emul_P2_deep_K100_s300k_20260405_003358/trajectory,/eagle/lc-mpi/Zhiqing/polaris_ebm/runs_pipeline_then_weighting/E1/E1_single_pipe_emul_P2_deep_K100_s300k_20260405_003358/trajectory/step155000/metrics_compare.json
E1,E1_single_pipe_emul_P2_deep_K100_s300k,Single-GPU completion-aware objective with P=2 deep-only,single_pipe_emul,1,160000,74.08562624269086,0.4618738928177848,,/eagle/lc-mpi/Zhiqing/polaris_ebm/runs_pipeline_then_weighting/E1/E1_single_pipe_emul_P2_deep_K100_s300k_20260405_003358/trajectory,/eagle/lc-mpi/Zhiqing/polaris_ebm/runs_pipeline_then_weighting/E1/E1_single_pipe_emul_P2_deep_K100_s300k_20260405_003358/trajectory/step160000/metrics_compare.json
E1,E1_single_pipe_emul_P2_deep_K100_s300k,Single-GPU completion-aware objective with P=2 deep-only,single_pipe_emul,1,165000,73.21190267811323,0.37145420713995847,,/eagle/lc-mpi/Zhiqing/polaris_ebm/runs_pipeline_then_weighting/E1/E1_single_pipe_emul_P2_deep_K100_s300k_20260405_003358/trajectory,/eagle/lc-mpi/Zhiqing/polaris_ebm/runs_pipeline_then_weighting/E1/E1_single_pipe_emul_P2_deep_K100_s300k_20260405_003358/trajectory/step165000/metrics_compare.json
E1,E1_single_pipe_emul_P2_deep_K100_s300k,Single-GPU completion-aware objective with P=2 deep-only,single_pipe_emul,1,170000,68.26123764814542,1.2436594125110858,,/eagle/lc-mpi/Zhiqing/polaris_ebm/runs_pipeline_then_weighting/E1/E1_single_pipe_emul_P2_deep_K100_s300k_20260405_003358/trajectory,/eagle/lc-mpi/Zhiqing/polaris_ebm/runs_pipeline_then_weighting/E1/E1_single_pipe_emul_P2_deep_K100_s300k_20260405_003358/trajectory/step170000/metrics_compare.json
E1,E1_single_pipe_emul_P2_deep_K100_s300k,Single-GPU completion-aware objective with P=2 deep-only,single_pipe_emul,1,175000,68.88762538188348,0.6255318078611296,,/eagle/lc-mpi/Zhiqing/polaris_ebm/runs_pipeline_then_weighting/E1/E1_single_pipe_emul_P2_deep_K100_s300k_20260405_003358/trajectory,/eagle/lc-mpi/Zhiqing/polaris_ebm/runs_pipeline_then_weighting/E1/E1_single_pipe_emul_P2_deep_K100_s300k_20260405_003358/trajectory/step175000/metrics_compare.json
E1,E1_single_pipe_emul_P2_deep_K100_s300k,Single-GPU completion-aware objective with P=2 deep-only,single_pipe_emul,1,180000,60.24895580556131,2.3835472182473616,,/eagle/lc-mpi/Zhiqing/polaris_ebm/runs_pipeline_then_weighting/E1/E1_single_pipe_emul_P2_deep_K100_s300k_20260405_003358/trajectory,/eagle/lc-mpi/Zhiqing/polaris_ebm/runs_pipeline_then_weighting/E1/E1_single_pipe_emul_P2_deep_K100_s300k_20260405_003358/trajectory/step180000/metrics_compare.json
E1,E1_single_pipe_emul_P2_deep_K100_s300k,Single-GPU completion-aware objective with P=2 deep-only,single_pipe_emul,1,185000,64.334674269522,0.5172531512477789,,/eagle/lc-mpi/Zhiqing/polaris_ebm/runs_pipeline_then_weighting/E1/E1_single_pipe_emul_P2_deep_K100_s300k_20260405_003358/trajectory,/eagle/lc-mpi/Zhiqing/polaris_ebm/runs_pipeline_then_weighting/E1/E1_single_pipe_emul_P2_deep_K100_s300k_20260405_003358/trajectory/step185000/metrics_compare.json
E1,E1_single_pipe_emul_P2_deep_K100_s300k,Single-GPU completion-aware objective with P=2 deep-only,single_pipe_emul,1,190000,69.76694853688838,1.298007861181265,,/eagle/lc-mpi/Zhiqing/polaris_ebm/runs_pipeline_then_weighting/E1/E1_single_pipe_emul_P2_deep_K100_s300k_20260405_003358/trajectory,/eagle/lc-mpi/Zhiqing/polaris_ebm/runs_pipeline_then_weighting/E1/E1_single_pipe_emul_P2_deep_K100_s300k_20260405_003358/trajectory/step190000/metrics_compare.json
E1,E1_single_pipe_emul_P2_deep_K100_s300k,Single-GPU completion-aware objective with P=2 deep-only,single_pipe_emul,1,195000,61.50373713536476,0.29725870470574023,,/eagle/lc-mpi/Zhiqing/polaris_ebm/runs_pipeline_then_weighting/E1/E1_single_pipe_emul_P2_deep_K100_s300k_20260405_003358/trajectory,/eagle/lc-mpi/Zhiqing/polaris_ebm/runs_pipeline_then_weighting/E1/E1_single_pipe_emul_P2_deep_K100_s300k_20260405_003358/trajectory/step195000/metrics_compare.json
E1,E1_single_pipe_emul_P2_deep_K100_s300k,Single-GPU completion-aware objective with P=2 deep-only,single_pipe_emul,1,200000,70.05274445838938,0.3971969937221722,,/eagle/lc-mpi/Zhiqing/polaris_ebm/runs_pipeline_then_weighting/E1/E1_single_pipe_emul_P2_deep_K100_s300k_20260405_003358/trajectory,/eagle/lc-mpi/Zhiqing/polaris_ebm/runs_pipeline_then_weighting/E1/E1_single_pipe_emul_P2_deep_K100_s300k_20260405_003358/trajectory/step200000/metrics_compare.json
E1,E1_single_pipe_emul_P2_deep_K100_s300k,Single-GPU completion-aware objective with P=2 deep-only,single_pipe_emul,1,205000,63.3171201595452,0.6666640590210271,,/eagle/lc-mpi/Zhiqing/polaris_ebm/runs_pipeline_then_weighting/E1/E1_single_pipe_emul_P2_deep_K100_s300k_20260405_003358/trajectory,/eagle/lc-mpi/Zhiqing/polaris_ebm/runs_pipeline_then_weighting/E1/E1_single_pipe_emul_P2_deep_K100_s300k_20260405_003358/trajectory/step205000/metrics_compare.json
E1,E1_single_pipe_emul_P2_deep_K100_s300k,Single-GPU completion-aware objective with P=2 deep-only,single_pipe_emul,1,210000,68.25048091562815,0.493424953092763,,/eagle/lc-mpi/Zhiqing/polaris_ebm/runs_pipeline_then_weighting/E1/E1_single_pipe_emul_P2_deep_K100_s300k_20260405_003358/trajectory,/eagle/lc-mpi/Zhiqing/polaris_ebm/runs_pipeline_then_weighting/E1/E1_single_pipe_emul_P2_deep_K100_s300k_20260405_003358/trajectory/step210000/metrics_compare.json
E1,E1_single_pipe_emul_P2_deep_K100_s300k,Single-GPU completion-aware objective with P=2 deep-only,single_pipe_emul,1,215000,75.32726034475604,0.883072438100541,,/eagle/lc-mpi/Zhiqing/polaris_ebm/runs_pipeline_then_weighting/E1/E1_single_pipe_emul_P2_deep_K100_s300k_20260405_003358/trajectory,/eagle/lc-mpi/Zhiqing/polaris_ebm/runs_pipeline_then_weighting/E1/E1_single_pipe_emul_P2_deep_K100_s300k_20260405_003358/trajectory/step215000/metrics_compare.json
E1,E1_single_pipe_emul_P2_deep_K100_s300k,Single-GPU completion-aware objective with P=2 deep-only,single_pipe_emul,1,220000,75.20132855387635,1.4149308302503094,,/eagle/lc-mpi/Zhiqing/polaris_ebm/runs_pipeline_then_weighting/E1/E1_single_pipe_emul_P2_deep_K100_s300k_20260405_003358/trajectory,/eagle/lc-mpi/Zhiqing/polaris_ebm/runs_pipeline_then_weighting/E1/E1_single_pipe_emul_P2_deep_K100_s300k_20260405_003358/trajectory/step220000/metrics_compare.json
E1,E1_single_pipe_emul_P2_deep_K100_s300k,Single-GPU completion-aware objective with P=2 deep-only,single_pipe_emul,1,225000,64.60827813451192,2.6625759237647664,,/eagle/lc-mpi/Zhiqing/polaris_ebm/runs_pipeline_then_weighting/E1/E1_single_pipe_emul_P2_deep_K100_s300k_20260405_003358/trajectory,/eagle/lc-mpi/Zhiqing/polaris_ebm/runs_pipeline_then_weighting/E1/E1_single_pipe_emul_P2_deep_K100_s300k_20260405_003358/trajectory/step225000/metrics_compare.json
E1,E1_single_pipe_emul_P2_deep_K100_s300k,Single-GPU completion-aware objective with P=2 deep-only,single_pipe_emul,1,230000,70.7278202961071,0.4463617966856681,,/eagle/lc-mpi/Zhiqing/polaris_ebm/runs_pipeline_then_weighting/E1/E1_single_pipe_emul_P2_deep_K100_s300k_20260405_003358/trajectory,/eagle/lc-mpi/Zhiqing/polaris_ebm/runs_pipeline_then_weighting/E1/E1_single_pipe_emul_P2_deep_K100_s300k_20260405_003358/trajectory/step230000/metrics_compare.json
E1,E1_single_pipe_emul_P2_deep_K100_s300k,Single-GPU completion-aware objective with P=2 deep-only,single_pipe_emul,1,235000,64.19263699127913,0.4759501780658475,,/eagle/lc-mpi/Zhiqing/polaris_ebm/runs_pipeline_then_weighting/E1/E1_single_pipe_emul_P2_deep_K100_s300k_20260405_003358/trajectory,/eagle/lc-mpi/Zhiqing/polaris_ebm/runs_pipeline_then_weighting/E1/E1_single_pipe_emul_P2_deep_K100_s300k_20260405_003358/trajectory/step235000/metrics_compare.json
E1,E1_single_pipe_emul_P2_deep_K100_s300k,Single-GPU completion-aware objective with P=2 deep-only,single_pipe_emul,1,240000,66.35954957743604,0.670848670403533,,/eagle/lc-mpi/Zhiqing/polaris_ebm/runs_pipeline_then_weighting/E1/E1_single_pipe_emul_P2_deep_K100_s300k_20260405_003358/trajectory,/eagle/lc-mpi/Zhiqing/polaris_ebm/runs_pipeline_then_weighting/E1/E1_single_pipe_emul_P2_deep_K100_s300k_20260405_003358/trajectory/step240000/metrics_compare.json
E1,E1_single_pipe_emul_P2_deep_K100_s300k,Single-GPU completion-aware objective with P=2 deep-only,single_pipe_emul,1,245000,92.03599050463322,0.754928873406076,,/eagle/lc-mpi/Zhiqing/polaris_ebm/runs_pipeline_then_weighting/E1/E1_single_pipe_emul_P2_deep_K100_s300k_20260405_003358/trajectory,/eagle/lc-mpi/Zhiqing/polaris_ebm/runs_pipeline_then_weighting/E1/E1_single_pipe_emul_P2_deep_K100_s300k_20260405_003358/trajectory/step245000/metrics_compare.json
E1,E1_single_pipe_emul_P2_deep_K100_s300k,Single-GPU completion-aware objective with P=2 deep-only,single_pipe_emul,1,250000,67.39055894902822,0.5305074782126837,,/eagle/lc-mpi/Zhiqing/polaris_ebm/runs_pipeline_then_weighting/E1/E1_single_pipe_emul_P2_deep_K100_s300k_20260405_003358/trajectory,/eagle/lc-mpi/Zhiqing/polaris_ebm/runs_pipeline_then_weighting/E1/E1_single_pipe_emul_P2_deep_K100_s300k_20260405_003358/trajectory/step250000/metrics_compare.json
E1,E1_single_pipe_emul_P2_deep_K100_s300k,Single-GPU completion-aware objective with P=2 deep-only,single_pipe_emul,1,255000,75.45181913229311,0.491001978158188,,/eagle/lc-mpi/Zhiqing/polaris_ebm/runs_pipeline_then_weighting/E1/E1_single_pipe_emul_P2_deep_K100_s300k_20260405_003358/trajectory,/eagle/lc-mpi/Zhiqing/polaris_ebm/runs_pipeline_then_weighting/E1/E1_single_pipe_emul_P2_deep_K100_s300k_20260405_003358/trajectory/step255000/metrics_compare.json
E1,E1_single_pipe_emul_P2_deep_K100_s300k,Single-GPU completion-aware objective with P=2 deep-only,single_pipe_emul,1,260000,63.85913251172775,0.6669133005881491,,/eagle/lc-mpi/Zhiqing/polaris_ebm/runs_pipeline_then_weighting/E1/E1_single_pipe_emul_P2_deep_K100_s300k_20260405_003358/trajectory,/eagle/lc-mpi/Zhiqing/polaris_ebm/runs_pipeline_then_weighting/E1/E1_single_pipe_emul_P2_deep_K100_s300k_20260405_003358/trajectory/step260000/metrics_compare.json
E1,E1_single_pipe_emul_P2_deep_K100_s300k,Single-GPU completion-aware objective with P=2 deep-only,single_pipe_emul,1,265000,68.2847345601578,0.4196347419780011,,/eagle/lc-mpi/Zhiqing/polaris_ebm/runs_pipeline_then_weighting/E1/E1_single_pipe_emul_P2_deep_K100_s300k_20260405_003358/trajectory,/eagle/lc-mpi/Zhiqing/polaris_ebm/runs_pipeline_then_weighting/E1/E1_single_pipe_emul_P2_deep_K100_s300k_20260405_003358/trajectory/step265000/metrics_compare.json
E1,E1_single_pipe_emul_P2_deep_K100_s300k,Single-GPU completion-aware objective with P=2 deep-only,single_pipe_emul,1,270000,61.22743664786469,0.2674791677640975,,/eagle/lc-mpi/Zhiqing/polaris_ebm/runs_pipeline_then_weighting/E1/E1_single_pipe_emul_P2_deep_K100_s300k_20260405_003358/trajectory,/eagle/lc-mpi/Zhiqing/polaris_ebm/runs_pipeline_then_weighting/E1/E1_single_pipe_emul_P2_deep_K100_s300k_20260405_003358/trajectory/step270000/metrics_compare.json
E1,E1_single_pipe_emul_P2_deep_K100_s300k,Single-GPU completion-aware objective with P=2 deep-only,single_pipe_emul,1,275000,64.28856750060947,0.38270741618896764,,/eagle/lc-mpi/Zhiqing/polaris_ebm/runs_pipeline_then_weighting/E1/E1_single_pipe_emul_P2_deep_K100_s300k_20260405_003358/trajectory,/eagle/lc-mpi/Zhiqing/polaris_ebm/runs_pipeline_then_weighting/E1/E1_single_pipe_emul_P2_deep_K100_s300k_20260405_003358/trajectory/step275000/metrics_compare.json
E1,E1_single_pipe_emul_P2_deep_K100_s300k,Single-GPU completion-aware objective with P=2 deep-only,single_pipe_emul,1,280000,56.21715718864442,0.973365257127103,,/eagle/lc-mpi/Zhiqing/polaris_ebm/runs_pipeline_then_weighting/E1/E1_single_pipe_emul_P2_deep_K100_s300k_20260405_003358/trajectory,/eagle/lc-mpi/Zhiqing/polaris_ebm/runs_pipeline_then_weighting/E1/E1_single_pipe_emul_P2_deep_K100_s300k_20260405_003358/trajectory/step280000/metrics_compare.json
E1,E1_single_pipe_emul_P2_deep_K100_s300k,Single-GPU completion-aware objective with P=2 deep-only,single_pipe_emul,1,285000,62.31027001979942,0.8313725058244543,,/eagle/lc-mpi/Zhiqing/polaris_ebm/runs_pipeline_then_weighting/E1/E1_single_pipe_emul_P2_deep_K100_s300k_20260405_003358/trajectory,/eagle/lc-mpi/Zhiqing/polaris_ebm/runs_pipeline_then_weighting/E1/E1_single_pipe_emul_P2_deep_K100_s300k_20260405_003358/trajectory/step285000/metrics_compare.json
E1,E1_single_pipe_emul_P2_deep_K100_s300k,Single-GPU completion-aware objective with P=2 deep-only,single_pipe_emul,1,290000,58.96894336400538,0.3903273140714134,,/eagle/lc-mpi/Zhiqing/polaris_ebm/runs_pipeline_then_weighting/E1/E1_single_pipe_emul_P2_deep_K100_s300k_20260405_003358/trajectory,/eagle/lc-mpi/Zhiqing/polaris_ebm/runs_pipeline_then_weighting/E1/E1_single_pipe_emul_P2_deep_K100_s300k_20260405_003358/trajectory/step290000/metrics_compare.json
E1,E1_single_pipe_emul_P2_deep_K100_s300k,Single-GPU completion-aware objective with P=2 deep-only,single_pipe_emul,1,295000,70.81622546970095,1.5331872128665616,,/eagle/lc-mpi/Zhiqing/polaris_ebm/runs_pipeline_then_weighting/E1/E1_single_pipe_emul_P2_deep_K100_s300k_20260405_003358/trajectory,/eagle/lc-mpi/Zhiqing/polaris_ebm/runs_pipeline_then_weighting/E1/E1_single_pipe_emul_P2_deep_K100_s300k_20260405_003358/trajectory/step295000/metrics_compare.json
E1,E1_single_pipe_emul_P2_deep_K100_s300k,Single-GPU completion-aware objective with P=2 deep-only,single_pipe_emul,1,300000,64.99540164872894,0.9573583826061842,,/eagle/lc-mpi/Zhiqing/polaris_ebm/runs_pipeline_then_weighting/E1/E1_single_pipe_emul_P2_deep_K100_s300k_20260405_003358/trajectory,/eagle/lc-mpi/Zhiqing/polaris_ebm/runs_pipeline_then_weighting/E1/E1_single_pipe_emul_P2_deep_K100_s300k_20260405_003358/trajectory/step300000/metrics_compare.json
E1,E1_single_pipe_emul_P4_deep_K100_s300k,Single-GPU completion-aware objective with P=4 deep-only,single_pipe_emul,1,5000,186.83319921863807,9.307111784683704,,/lus/eagle/projects/lc-mpi/Zhiqing/polaris_ebm/runs_pipeline_then_weighting/E1/E1_single_pipe_emul_P4_deep_K100_s300k_local_20260404_151327/trajectory,/lus/eagle/projects/lc-mpi/Zhiqing/polaris_ebm/runs_pipeline_then_weighting/E1/E1_single_pipe_emul_P4_deep_K100_s300k_local_20260404_151327/trajectory/step005000/metrics_compare.json
E1,E1_single_pipe_emul_P4_deep_K100_s300k,Single-GPU completion-aware objective with P=4 deep-only,single_pipe_emul,1,10000,145.7922048004271,1.8977205466943765,,/lus/eagle/projects/lc-mpi/Zhiqing/polaris_ebm/runs_pipeline_then_weighting/E1/E1_single_pipe_emul_P4_deep_K100_s300k_local_20260404_151327/trajectory,/lus/eagle/projects/lc-mpi/Zhiqing/polaris_ebm/runs_pipeline_then_weighting/E1/E1_single_pipe_emul_P4_deep_K100_s300k_local_20260404_151327/trajectory/step010000/metrics_compare.json
E1,E1_single_pipe_emul_P4_deep_K100_s300k,Single-GPU completion-aware objective with P=4 deep-only,single_pipe_emul,1,15000,101.4747187654292,7.258262026739587,,/lus/eagle/projects/lc-mpi/Zhiqing/polaris_ebm/runs_pipeline_then_weighting/E1/E1_single_pipe_emul_P4_deep_K100_s300k_local_20260404_151327/trajectory,/lus/eagle/projects/lc-mpi/Zhiqing/polaris_ebm/runs_pipeline_then_weighting/E1/E1_single_pipe_emul_P4_deep_K100_s300k_local_20260404_151327/trajectory/step015000/metrics_compare.json
E1,E1_single_pipe_emul_P4_deep_K100_s300k,Single-GPU completion-aware objective with P=4 deep-only,single_pipe_emul,1,20000,130.85901265310324,5.652779663955975,,/lus/eagle/projects/lc-mpi/Zhiqing/polaris_ebm/runs_pipeline_then_weighting/E1/E1_single_pipe_emul_P4_deep_K100_s300k_local_20260404_151327/trajectory,/lus/eagle/projects/lc-mpi/Zhiqing/polaris_ebm/runs_pipeline_then_weighting/E1/E1_single_pipe_emul_P4_deep_K100_s300k_local_20260404_151327/trajectory/step020000/metrics_compare.json
E1,E1_single_pipe_emul_P4_deep_K100_s300k,Single-GPU completion-aware objective with P=4 deep-only,single_pipe_emul,1,25000,148.6493459519368,2.167438704378938,,/lus/eagle/projects/lc-mpi/Zhiqing/polaris_ebm/runs_pipeline_then_weighting/E1/E1_single_pipe_emul_P4_deep_K100_s300k_local_20260404_151327/trajectory,/lus/eagle/projects/lc-mpi/Zhiqing/polaris_ebm/runs_pipeline_then_weighting/E1/E1_single_pipe_emul_P4_deep_K100_s300k_local_20260404_151327/trajectory/step025000/metrics_compare.json
E1,E1_single_pipe_emul_P4_deep_K100_s300k,Single-GPU completion-aware objective with P=4 deep-only,single_pipe_emul,1,30000,101.26768310225168,0.9429596600356867,,/lus/eagle/projects/lc-mpi/Zhiqing/polaris_ebm/runs_pipeline_then_weighting/E1/E1_single_pipe_emul_P4_deep_K100_s300k_local_20260404_151327/trajectory,/lus/eagle/projects/lc-mpi/Zhiqing/polaris_ebm/runs_pipeline_then_weighting/E1/E1_single_pipe_emul_P4_deep_K100_s300k_local_20260404_151327/trajectory/step030000/metrics_compare.json
E1,E1_single_pipe_emul_P4_deep_K100_s300k,Single-GPU completion-aware objective with P=4 deep-only,single_pipe_emul,1,35000,111.08542210370291,1.8576967339422659,,/lus/eagle/projects/lc-mpi/Zhiqing/polaris_ebm/runs_pipeline_then_weighting/E1/E1_single_pipe_emul_P4_deep_K100_s300k_local_20260404_151327/trajectory,/lus/eagle/projects/lc-mpi/Zhiqing/polaris_ebm/runs_pipeline_then_weighting/E1/E1_single_pipe_emul_P4_deep_K100_s300k_local_20260404_151327/trajectory/step035000/metrics_compare.json
E1,E1_single_pipe_emul_P4_deep_K100_s300k,Single-GPU completion-aware objective with P=4 deep-only,single_pipe_emul,1,40000,135.69124593131883,2.0282256574265283,,/lus/eagle/projects/lc-mpi/Zhiqing/polaris_ebm/runs_pipeline_then_weighting/E1/E1_single_pipe_emul_P4_deep_K100_s300k_local_20260404_151327/trajectory,/lus/eagle/projects/lc-mpi/Zhiqing/polaris_ebm/runs_pipeline_then_weighting/E1/E1_single_pipe_emul_P4_deep_K100_s300k_local_20260404_151327/trajectory/step040000/metrics_compare.json
E1,E1_single_pipe_emul_P4_deep_K100_s300k,Single-GPU completion-aware objective with P=4 deep-only,single_pipe_emul,1,45000,91.08845128169327,1.5094129950707096,,/lus/eagle/projects/lc-mpi/Zhiqing/polaris_ebm/runs_pipeline_then_weighting/E1/E1_single_pipe_emul_P4_deep_K100_s300k_local_20260404_151327/trajectory,/lus/eagle/projects/lc-mpi/Zhiqing/polaris_ebm/runs_pipeline_then_weighting/E1/E1_single_pipe_emul_P4_deep_K100_s300k_local_20260404_151327/trajectory/step045000/metrics_compare.json
E1,E1_single_pipe_emul_P4_deep_K100_s300k,Single-GPU completion-aware objective with P=4 deep-only,single_pipe_emul,1,50000,104.17071992350691,1.1165779420295756,,/lus/eagle/projects/lc-mpi/Zhiqing/polaris_ebm/runs_pipeline_then_weighting/E1/E1_single_pipe_emul_P4_deep_K100_s300k_local_20260404_151327/trajectory,/lus/eagle/projects/lc-mpi/Zhiqing/polaris_ebm/runs_pipeline_then_weighting/E1/E1_single_pipe_emul_P4_deep_K100_s300k_local_20260404_151327/trajectory/step050000/metrics_compare.json
E1,E1_single_pipe_emul_P4_deep_K100_s300k,Single-GPU completion-aware objective with P=4 deep-only,single_pipe_emul,1,55000,113.06832829932625,3.156714371915667,,/lus/eagle/projects/lc-mpi/Zhiqing/polaris_ebm/runs_pipeline_then_weighting/E1/E1_single_pipe_emul_P4_deep_K100_s300k_local_20260404_151327/trajectory,/lus/eagle/projects/lc-mpi/Zhiqing/polaris_ebm/runs_pipeline_then_weighting/E1/E1_single_pipe_emul_P4_deep_K100_s300k_local_20260404_151327/trajectory/step055000/metrics_compare.json
E1,E1_single_pipe_emul_P4_deep_K100_s300k,Single-GPU completion-aware objective with P=4 deep-only,single_pipe_emul,1,60000,97.17037350117289,0.9110184418914322,,/lus/eagle/projects/lc-mpi/Zhiqing/polaris_ebm/runs_pipeline_then_weighting/E1/E1_single_pipe_emul_P4_deep_K100_s300k_local_20260404_151327/trajectory,/lus/eagle/projects/lc-mpi/Zhiqing/polaris_ebm/runs_pipeline_then_weighting/E1/E1_single_pipe_emul_P4_deep_K100_s300k_local_20260404_151327/trajectory/step060000/metrics_compare.json
E1,E1_single_pipe_emul_P4_deep_K100_s300k,Single-GPU completion-aware objective with P=4 deep-only,single_pipe_emul,1,65000,92.75862472894272,2.4218503023066624,,/lus/eagle/projects/lc-mpi/Zhiqing/polaris_ebm/runs_pipeline_then_weighting/E1/E1_single_pipe_emul_P4_deep_K100_s300k_local_20260404_151327/trajectory,/lus/eagle/projects/lc-mpi/Zhiqing/polaris_ebm/runs_pipeline_then_weighting/E1/E1_single_pipe_emul_P4_deep_K100_s300k_local_20260404_151327/trajectory/step065000/metrics_compare.json
E1,E1_single_pipe_emul_P4_deep_K100_s300k,Single-GPU completion-aware objective with P=4 deep-only,single_pipe_emul,1,70000,79.86071239123999,0.9197273139408466,,/lus/eagle/projects/lc-mpi/Zhiqing/polaris_ebm/runs_pipeline_then_weighting/E1/E1_single_pipe_emul_P4_deep_K100_s300k_local_20260404_151327/trajectory,/lus/eagle/projects/lc-mpi/Zhiqing/polaris_ebm/runs_pipeline_then_weighting/E1/E1_single_pipe_emul_P4_deep_K100_s300k_local_20260404_151327/trajectory/step070000/metrics_compare.json
E1,E1_single_pipe_emul_P4_deep_K100_s300k,Single-GPU completion-aware objective with P=4 deep-only,single_pipe_emul,1,75000,93.57734754299184,1.3386400501309161,,/lus/eagle/projects/lc-mpi/Zhiqing/polaris_ebm/runs_pipeline_then_weighting/E1/E1_single_pipe_emul_P4_deep_K100_s300k_local_20260404_151327/trajectory,/lus/eagle/projects/lc-mpi/Zhiqing/polaris_ebm/runs_pipeline_then_weighting/E1/E1_single_pipe_emul_P4_deep_K100_s300k_local_20260404_151327/trajectory/step075000/metrics_compare.json
E1,E1_single_pipe_emul_P4_deep_K100_s300k,Single-GPU completion-aware objective with P=4 deep-only,single_pipe_emul,1,80000,62.739484894886914,0.9843588124462173,,/lus/eagle/projects/lc-mpi/Zhiqing/polaris_ebm/runs_pipeline_then_weighting/E1/E1_single_pipe_emul_P4_deep_K100_s300k_local_20260404_151327/trajectory,/lus/eagle/projects/lc-mpi/Zhiqing/polaris_ebm/runs_pipeline_then_weighting/E1/E1_single_pipe_emul_P4_deep_K100_s300k_local_20260404_151327/trajectory/step080000/metrics_compare.json
E1,E1_single_pipe_emul_P4_deep_K100_s300k,Single-GPU completion-aware objective with P=4 deep-only,single_pipe_emul,1,85000,74.37118374313428,0.7117078956390763,,/lus/eagle/projects/lc-mpi/Zhiqing/polaris_ebm/runs_pipeline_then_weighting/E1/E1_single_pipe_emul_P4_deep_K100_s300k_local_20260404_151327/trajectory,/lus/eagle/projects/lc-mpi/Zhiqing/polaris_ebm/runs_pipeline_then_weighting/E1/E1_single_pipe_emul_P4_deep_K100_s300k_local_20260404_151327/trajectory/step085000/metrics_compare.json
E1,E1_single_pipe_emul_P4_deep_K100_s300k,Single-GPU completion-aware objective with P=4 deep-only,single_pipe_emul,1,90000,80.58239176984415,1.1414772183402562,,/lus/eagle/projects/lc-mpi/Zhiqing/polaris_ebm/runs_pipeline_then_weighting/E1/E1_single_pipe_emul_P4_deep_K100_s300k_local_20260404_151327/trajectory,/lus/eagle/projects/lc-mpi/Zhiqing/polaris_ebm/runs_pipeline_then_weighting/E1/E1_single_pipe_emul_P4_deep_K100_s300k_local_20260404_151327/trajectory/step090000/metrics_compare.json
E1,E1_single_pipe_emul_P4_deep_K100_s300k,Single-GPU completion-aware objective with P=4 deep-only,single_pipe_emul,1,95000,72.85322189142448,0.5764029871410834,,/lus/eagle/projects/lc-mpi/Zhiqing/polaris_ebm/runs_pipeline_then_weighting/E1/E1_single_pipe_emul_P4_deep_K100_s300k_local_20260404_151327/trajectory,/lus/eagle/projects/lc-mpi/Zhiqing/polaris_ebm/runs_pipeline_then_weighting/E1/E1_single_pipe_emul_P4_deep_K100_s300k_local_20260404_151327/trajectory/step095000/metrics_compare.json
E1,E1_single_pipe_emul_P4_deep_K100_s300k,Single-GPU completion-aware objective with P=4 deep-only,single_pipe_emul,1,100000,85.32987747568973,0.6469776155051257,,/lus/eagle/projects/lc-mpi/Zhiqing/polaris_ebm/runs_pipeline_then_weighting/E1/E1_single_pipe_emul_P4_deep_K100_s300k_local_20260404_151327/trajectory,/lus/eagle/projects/lc-mpi/Zhiqing/polaris_ebm/runs_pipeline_then_weighting/E1/E1_single_pipe_emul_P4_deep_K100_s300k_local_20260404_151327/trajectory/step100000/metrics_compare.json
E1,E1_single_pipe_emul_P4_deep_K100_s300k,Single-GPU completion-aware objective with P=4 deep-only,single_pipe_emul,1,105000,84.25557892668542,1.7288251137688881,,/lus/eagle/projects/lc-mpi/Zhiqing/polaris_ebm/runs_pipeline_then_weighting/E1/E1_single_pipe_emul_P4_deep_K100_s300k_local_20260404_151327/trajectory,/lus/eagle/projects/lc-mpi/Zhiqing/polaris_ebm/runs_pipeline_then_weighting/E1/E1_single_pipe_emul_P4_deep_K100_s300k_local_20260404_151327/trajectory/step105000/metrics_compare.json
E1,E1_single_pipe_emul_P4_deep_K100_s300k,Single-GPU completion-aware objective with P=4 deep-only,single_pipe_emul,1,110000,95.11064179859517,0.9596486955404444,,/lus/eagle/projects/lc-mpi/Zhiqing/polaris_ebm/runs_pipeline_then_weighting/E1/E1_single_pipe_emul_P4_deep_K100_s300k_local_20260404_151327/trajectory,/lus/eagle/projects/lc-mpi/Zhiqing/polaris_ebm/runs_pipeline_then_weighting/E1/E1_single_pipe_emul_P4_deep_K100_s300k_local_20260404_151327/trajectory/step110000/metrics_compare.json
E1,E1_single_pipe_emul_P4_deep_K100_s300k,Single-GPU completion-aware objective with P=4 deep-only,single_pipe_emul,1,115000,95.35085222726008,0.7444257367044571,,/lus/eagle/projects/lc-mpi/Zhiqing/polaris_ebm/runs_pipeline_then_weighting/E1/E1_single_pipe_emul_P4_deep_K100_s300k_local_20260404_151327/trajectory,/lus/eagle/projects/lc-mpi/Zhiqing/polaris_ebm/runs_pipeline_then_weighting/E1/E1_single_pipe_emul_P4_deep_K100_s300k_local_20260404_151327/trajectory/step115000/metrics_compare.json
E1,E1_single_pipe_emul_P4_deep_K100_s300k,Single-GPU completion-aware objective with P=4 deep-only,single_pipe_emul,1,120000,88.42189710377022,1.1952611153090977,,/lus/eagle/projects/lc-mpi/Zhiqing/polaris_ebm/runs_pipeline_then_weighting/E1/E1_single_pipe_emul_P4_deep_K100_s300k_local_20260404_151327/trajectory,/lus/eagle/projects/lc-mpi/Zhiqing/polaris_ebm/runs_pipeline_then_weighting/E1/E1_single_pipe_emul_P4_deep_K100_s300k_local_20260404_151327/trajectory/step120000/metrics_compare.json
E1,E1_single_pipe_emul_P4_deep_K100_s300k,Single-GPU completion-aware objective with P=4 deep-only,single_pipe_emul,1,125000,75.82849080465678,0.5726760782859479,,/lus/eagle/projects/lc-mpi/Zhiqing/polaris_ebm/runs_pipeline_then_weighting/E1/E1_single_pipe_emul_P4_deep_K100_s300k_local_20260404_151327/trajectory,/lus/eagle/projects/lc-mpi/Zhiqing/polaris_ebm/runs_pipeline_then_weighting/E1/E1_single_pipe_emul_P4_deep_K100_s300k_local_20260404_151327/trajectory/step125000/metrics_compare.json
E1,E1_single_pipe_emul_P4_deep_K100_s300k,Single-GPU completion-aware objective with P=4 deep-only,single_pipe_emul,1,130000,88.05458083711017,1.0900388864985828,,/lus/eagle/projects/lc-mpi/Zhiqing/polaris_ebm/runs_pipeline_then_weighting/E1/E1_single_pipe_emul_P4_deep_K100_s300k_local_20260404_151327/trajectory,/lus/eagle/projects/lc-mpi/Zhiqing/polaris_ebm/runs_pipeline_then_weighting/E1/E1_single_pipe_emul_P4_deep_K100_s300k_local_20260404_151327/trajectory/step130000/metrics_compare.json
E1,E1_single_pipe_emul_P4_deep_K100_s300k,Single-GPU completion-aware objective with P=4 deep-only,single_pipe_emul,1,135000,81.18245472928379,1.624238339507695,,/lus/eagle/projects/lc-mpi/Zhiqing/polaris_ebm/runs_pipeline_then_weighting/E1/E1_single_pipe_emul_P4_deep_K100_s300k_local_20260404_151327/trajectory,/lus/eagle/projects/lc-mpi/Zhiqing/polaris_ebm/runs_pipeline_then_weighting/E1/E1_single_pipe_emul_P4_deep_K100_s300k_local_20260404_151327/trajectory/step135000/metrics_compare.json
E1,E1_single_pipe_emul_P4_deep_K100_s300k,Single-GPU completion-aware objective with P=4 deep-only,single_pipe_emul,1,140000,79.58946635763255,0.5984749965796574,,/lus/eagle/projects/lc-mpi/Zhiqing/polaris_ebm/runs_pipeline_then_weighting/E1/E1_single_pipe_emul_P4_deep_K100_s300k_local_20260404_151327/trajectory,/lus/eagle/projects/lc-mpi/Zhiqing/polaris_ebm/runs_pipeline_then_weighting/E1/E1_single_pipe_emul_P4_deep_K100_s300k_local_20260404_151327/trajectory/step140000/metrics_compare.json
E1,E1_single_pipe_emul_P4_deep_K100_s300k,Single-GPU completion-aware objective with P=4 deep-only,single_pipe_emul,1,145000,77.67730805161591,2.579879349234268,,/lus/eagle/projects/lc-mpi/Zhiqing/polaris_ebm/runs_pipeline_then_weighting/E1/E1_single_pipe_emul_P4_deep_K100_s300k_local_20260404_151327/trajectory,/lus/eagle/projects/lc-mpi/Zhiqing/polaris_ebm/runs_pipeline_then_weighting/E1/E1_single_pipe_emul_P4_deep_K100_s300k_local_20260404_151327/trajectory/step145000/metrics_compare.json
E1,E1_single_pipe_emul_P4_deep_K100_s300k,Single-GPU completion-aware objective with P=4 deep-only,single_pipe_emul,1,150000,69.69903641606703,1.0945639046600846,,/lus/eagle/projects/lc-mpi/Zhiqing/polaris_ebm/runs_pipeline_then_weighting/E1/E1_single_pipe_emul_P4_deep_K100_s300k_local_20260404_151327/trajectory,/lus/eagle/projects/lc-mpi/Zhiqing/polaris_ebm/runs_pipeline_then_weighting/E1/E1_single_pipe_emul_P4_deep_K100_s300k_local_20260404_151327/trajectory/step150000/metrics_compare.json
E1,E1_single_pipe_emul_P4_deep_K100_s300k,Single-GPU completion-aware objective with P=4 deep-only,single_pipe_emul,1,155000,93.70424511404264,1.03383524042453,,/lus/eagle/projects/lc-mpi/Zhiqing/polaris_ebm/runs_pipeline_then_weighting/E1/E1_single_pipe_emul_P4_deep_K100_s300k_local_20260404_151327/trajectory,/lus/eagle/projects/lc-mpi/Zhiqing/polaris_ebm/runs_pipeline_then_weighting/E1/E1_single_pipe_emul_P4_deep_K100_s300k_local_20260404_151327/trajectory/step155000/metrics_compare.json
E1,E1_single_pipe_emul_P4_deep_K100_s300k,Single-GPU completion-aware objective with P=4 deep-only,single_pipe_emul,1,160000,85.85115694002553,1.5189335915550082,,/lus/eagle/projects/lc-mpi/Zhiqing/polaris_ebm/runs_pipeline_then_weighting/E1/E1_single_pipe_emul_P4_deep_K100_s300k_local_20260404_151327/trajectory,/lus/eagle/projects/lc-mpi/Zhiqing/polaris_ebm/runs_pipeline_then_weighting/E1/E1_single_pipe_emul_P4_deep_K100_s300k_local_20260404_151327/trajectory/step160000/metrics_compare.json
E1,E1_single_pipe_emul_P4_deep_K100_s300k,Single-GPU completion-aware objective with P=4 deep-only,single_pipe_emul,1,165000,73.62311668748606,0.82993467523346,,/lus/eagle/projects/lc-mpi/Zhiqing/polaris_ebm/runs_pipeline_then_weighting/E1/E1_single_pipe_emul_P4_deep_K100_s300k_local_20260404_151327/trajectory,/lus/eagle/projects/lc-mpi/Zhiqing/polaris_ebm/runs_pipeline_then_weighting/E1/E1_single_pipe_emul_P4_deep_K100_s300k_local_20260404_151327/trajectory/step165000/metrics_compare.json
E1,E1_single_pipe_emul_P4_deep_K100_s300k,Single-GPU completion-aware objective with P=4 deep-only,single_pipe_emul,1,170000,69.45487692817596,0.7255120854492461,,/lus/eagle/projects/lc-mpi/Zhiqing/polaris_ebm/runs_pipeline_then_weighting/E1/E1_single_pipe_emul_P4_deep_K100_s300k_local_20260404_151327/trajectory,/lus/eagle/projects/lc-mpi/Zhiqing/polaris_ebm/runs_pipeline_then_weighting/E1/E1_single_pipe_emul_P4_deep_K100_s300k_local_20260404_151327/trajectory/step170000/metrics_compare.json
E1,E1_single_pipe_emul_P4_deep_K100_s300k,Single-GPU completion-aware objective with P=4 deep-only,single_pipe_emul,1,175000,69.39704567573801,0.6872982763406483,,/lus/eagle/projects/lc-mpi/Zhiqing/polaris_ebm/runs_pipeline_then_weighting/E1/E1_single_pipe_emul_P4_deep_K100_s300k_local_20260404_151327/trajectory,/lus/eagle/projects/lc-mpi/Zhiqing/polaris_ebm/runs_pipeline_then_weighting/E1/E1_single_pipe_emul_P4_deep_K100_s300k_local_20260404_151327/trajectory/step175000/metrics_compare.json
E1,E1_single_pipe_emul_P4_deep_K100_s300k,Single-GPU completion-aware objective with P=4 deep-only,single_pipe_emul,1,180000,81.7102667657744,0.8560752174375192,,/lus/eagle/projects/lc-mpi/Zhiqing/polaris_ebm/runs_pipeline_then_weighting/E1/E1_single_pipe_emul_P4_deep_K100_s300k_local_20260404_151327/trajectory,/lus/eagle/projects/lc-mpi/Zhiqing/polaris_ebm/runs_pipeline_then_weighting/E1/E1_single_pipe_emul_P4_deep_K100_s300k_local_20260404_151327/trajectory/step180000/metrics_compare.json
E1,E1_single_pipe_emul_P4_deep_K100_s300k,Single-GPU completion-aware objective with P=4 deep-only,single_pipe_emul,1,185000,66.60648902975578,0.6877417112423068,,/lus/eagle/projects/lc-mpi/Zhiqing/polaris_ebm/runs_pipeline_then_weighting/E1/E1_single_pipe_emul_P4_deep_K100_s300k_local_20260404_151327/trajectory,/lus/eagle/projects/lc-mpi/Zhiqing/polaris_ebm/runs_pipeline_then_weighting/E1/E1_single_pipe_emul_P4_deep_K100_s300k_local_20260404_151327/trajectory/step185000/metrics_compare.json
E1,E1_single_pipe_emul_P4_deep_K100_s300k,Single-GPU completion-aware objective with P=4 deep-only,single_pipe_emul,1,190000,75.61569686938896,1.5057923248083185,,/lus/eagle/projects/lc-mpi/Zhiqing/polaris_ebm/runs_pipeline_then_weighting/E1/E1_single_pipe_emul_P4_deep_K100_s300k_local_20260404_151327/trajectory,/lus/eagle/projects/lc-mpi/Zhiqing/polaris_ebm/runs_pipeline_then_weighting/E1/E1_single_pipe_emul_P4_deep_K100_s300k_local_20260404_151327/trajectory/step190000/metrics_compare.json
E1,E1_single_pipe_emul_P4_deep_K100_s300k,Single-GPU completion-aware objective with P=4 deep-only,single_pipe_emul,1,195000,84.68452266495922,1.2811508671646656,,/lus/eagle/projects/lc-mpi/Zhiqing/polaris_ebm/runs_pipeline_then_weighting/E1/E1_single_pipe_emul_P4_deep_K100_s300k_local_20260404_151327/trajectory,/lus/eagle/projects/lc-mpi/Zhiqing/polaris_ebm/runs_pipeline_then_weighting/E1/E1_single_pipe_emul_P4_deep_K100_s300k_local_20260404_151327/trajectory/step195000/metrics_compare.json
E1,E1_single_pipe_emul_P4_deep_K100_s300k,Single-GPU completion-aware objective with P=4 deep-only,single_pipe_emul,1,200000,98.56136635272736,3.3786629321440884,,/lus/eagle/projects/lc-mpi/Zhiqing/polaris_ebm/runs_pipeline_then_weighting/E1/E1_single_pipe_emul_P4_deep_K100_s300k_local_20260404_151327/trajectory,/lus/eagle/projects/lc-mpi/Zhiqing/polaris_ebm/runs_pipeline_then_weighting/E1/E1_single_pipe_emul_P4_deep_K100_s300k_local_20260404_151327/trajectory/step200000/metrics_compare.json
E1,E1_single_pipe_emul_P4_deep_K100_s300k,Single-GPU completion-aware objective with P=4 deep-only,single_pipe_emul,1,205000,72.93078899269779,0.8668372334403358,,/lus/eagle/projects/lc-mpi/Zhiqing/polaris_ebm/runs_pipeline_then_weighting/E1/E1_single_pipe_emul_P4_deep_K100_s300k_local_20260404_151327/trajectory,/lus/eagle/projects/lc-mpi/Zhiqing/polaris_ebm/runs_pipeline_then_weighting/E1/E1_single_pipe_emul_P4_deep_K100_s300k_local_20260404_151327/trajectory/step205000/metrics_compare.json
E1,E1_single_pipe_emul_P4_deep_K100_s300k,Single-GPU completion-aware objective with P=4 deep-only,single_pipe_emul,1,210000,90.73017849854489,2.829160382278282,,/lus/eagle/projects/lc-mpi/Zhiqing/polaris_ebm/runs_pipeline_then_weighting/E1/E1_single_pipe_emul_P4_deep_K100_s300k_local_20260404_151327/trajectory,/lus/eagle/projects/lc-mpi/Zhiqing/polaris_ebm/runs_pipeline_then_weighting/E1/E1_single_pipe_emul_P4_deep_K100_s300k_local_20260404_151327/trajectory/step210000/metrics_compare.json
E1,E1_single_pipe_emul_P4_deep_K100_s300k,Single-GPU completion-aware objective with P=4 deep-only,single_pipe_emul,1,215000,59.31362217938448,0.4729997363348275,,/lus/eagle/projects/lc-mpi/Zhiqing/polaris_ebm/runs_pipeline_then_weighting/E1/E1_single_pipe_emul_P4_deep_K100_s300k_local_20260404_151327/trajectory,/lus/eagle/projects/lc-mpi/Zhiqing/polaris_ebm/runs_pipeline_then_weighting/E1/E1_single_pipe_emul_P4_deep_K100_s300k_local_20260404_151327/trajectory/step215000/metrics_compare.json
E1,E1_single_pipe_emul_P4_deep_K100_s300k,Single-GPU completion-aware objective with P=4 deep-only,single_pipe_emul,1,220000,69.06184420704614,1.558767694406857,,/lus/eagle/projects/lc-mpi/Zhiqing/polaris_ebm/runs_pipeline_then_weighting/E1/E1_single_pipe_emul_P4_deep_K100_s300k_local_20260404_151327/trajectory,/lus/eagle/projects/lc-mpi/Zhiqing/polaris_ebm/runs_pipeline_then_weighting/E1/E1_single_pipe_emul_P4_deep_K100_s300k_local_20260404_151327/trajectory/step220000/metrics_compare.json
E1,E1_single_pipe_emul_P4_deep_K100_s300k,Single-GPU completion-aware objective with P=4 deep-only,single_pipe_emul,1,225000,62.47375856680662,0.6246517055610035,,/lus/eagle/projects/lc-mpi/Zhiqing/polaris_ebm/runs_pipeline_then_weighting/E1/E1_single_pipe_emul_P4_deep_K100_s300k_local_20260404_151327/trajectory,/lus/eagle/projects/lc-mpi/Zhiqing/polaris_ebm/runs_pipeline_then_weighting/E1/E1_single_pipe_emul_P4_deep_K100_s300k_local_20260404_151327/trajectory/step225000/metrics_compare.json
E1,E1_single_pipe_emul_P4_deep_K100_s300k,Single-GPU completion-aware objective with P=4 deep-only,single_pipe_emul,1,230000,85.14334663260257,1.5457911057772193,,/lus/eagle/projects/lc-mpi/Zhiqing/polaris_ebm/runs_pipeline_then_weighting/E1/E1_single_pipe_emul_P4_deep_K100_s300k_local_20260404_151327/trajectory,/lus/eagle/projects/lc-mpi/Zhiqing/polaris_ebm/runs_pipeline_then_weighting/E1/E1_single_pipe_emul_P4_deep_K100_s300k_local_20260404_151327/trajectory/step230000/metrics_compare.json
E1,E1_single_pipe_emul_P4_deep_K100_s300k,Single-GPU completion-aware objective with P=4 deep-only,single_pipe_emul,1,235000,89.88222917977015,1.6297741684986278,,/lus/eagle/projects/lc-mpi/Zhiqing/polaris_ebm/runs_pipeline_then_weighting/E1/E1_single_pipe_emul_P4_deep_K100_s300k_local_20260404_151327/trajectory,/lus/eagle/projects/lc-mpi/Zhiqing/polaris_ebm/runs_pipeline_then_weighting/E1/E1_single_pipe_emul_P4_deep_K100_s300k_local_20260404_151327/trajectory/step235000/metrics_compare.json
E1,E1_single_pipe_emul_P4_deep_K100_s300k,Single-GPU completion-aware objective with P=4 deep-only,single_pipe_emul,1,240000,80.16308734189857,3.0473494545968975,,/lus/eagle/projects/lc-mpi/Zhiqing/polaris_ebm/runs_pipeline_then_weighting/E1/E1_single_pipe_emul_P4_deep_K100_s300k_local_20260404_151327/trajectory,/lus/eagle/projects/lc-mpi/Zhiqing/polaris_ebm/runs_pipeline_then_weighting/E1/E1_single_pipe_emul_P4_deep_K100_s300k_local_20260404_151327/trajectory/step240000/metrics_compare.json
E1,E1_single_pipe_emul_P4_deep_K100_s300k,Single-GPU completion-aware objective with P=4 deep-only,single_pipe_emul,1,245000,84.71933072045823,0.6652159363739578,,/lus/eagle/projects/lc-mpi/Zhiqing/polaris_ebm/runs_pipeline_then_weighting/E1/E1_single_pipe_emul_P4_deep_K100_s300k_local_20260404_151327/trajectory,/lus/eagle/projects/lc-mpi/Zhiqing/polaris_ebm/runs_pipeline_then_weighting/E1/E1_single_pipe_emul_P4_deep_K100_s300k_local_20260404_151327/trajectory/step245000/metrics_compare.json
E1,E1_single_pipe_emul_P4_deep_K100_s300k,Single-GPU completion-aware objective with P=4 deep-only,single_pipe_emul,1,250000,73.71114439213295,0.6171882977164067,,/lus/eagle/projects/lc-mpi/Zhiqing/polaris_ebm/runs_pipeline_then_weighting/E1/E1_single_pipe_emul_P4_deep_K100_s300k_local_20260404_151327/trajectory,/lus/eagle/projects/lc-mpi/Zhiqing/polaris_ebm/runs_pipeline_then_weighting/E1/E1_single_pipe_emul_P4_deep_K100_s300k_local_20260404_151327/trajectory/step250000/metrics_compare.json
E1,E1_single_pipe_emul_P4_deep_K100_s300k,Single-GPU completion-aware objective with P=4 deep-only,single_pipe_emul,1,255000,67.38094897885833,2.8295216470226165,,/lus/eagle/projects/lc-mpi/Zhiqing/polaris_ebm/runs_pipeline_then_weighting/E1/E1_single_pipe_emul_P4_deep_K100_s300k_local_20260404_151327/trajectory,/lus/eagle/projects/lc-mpi/Zhiqing/polaris_ebm/runs_pipeline_then_weighting/E1/E1_single_pipe_emul_P4_deep_K100_s300k_local_20260404_151327/trajectory/step255000/metrics_compare.json
E1,E1_single_pipe_emul_P4_deep_K100_s300k,Single-GPU completion-aware objective with P=4 deep-only,single_pipe_emul,1,260000,81.1488626388848,1.990470486010345,,/lus/eagle/projects/lc-mpi/Zhiqing/polaris_ebm/runs_pipeline_then_weighting/E1/E1_single_pipe_emul_P4_deep_K100_s300k_local_20260404_151327/trajectory,/lus/eagle/projects/lc-mpi/Zhiqing/polaris_ebm/runs_pipeline_then_weighting/E1/E1_single_pipe_emul_P4_deep_K100_s300k_local_20260404_151327/trajectory/step260000/metrics_compare.json
E1,E1_single_pipe_emul_P4_deep_K100_s300k,Single-GPU completion-aware objective with P=4 deep-only,single_pipe_emul,1,265000,86.55966503556442,0.6397291592747258,,/lus/eagle/projects/lc-mpi/Zhiqing/polaris_ebm/runs_pipeline_then_weighting/E1/E1_single_pipe_emul_P4_deep_K100_s300k_local_20260404_151327/trajectory,/lus/eagle/projects/lc-mpi/Zhiqing/polaris_ebm/runs_pipeline_then_weighting/E1/E1_single_pipe_emul_P4_deep_K100_s300k_local_20260404_151327/trajectory/step265000/metrics_compare.json
E1,E1_single_pipe_emul_P4_deep_K100_s300k,Single-GPU completion-aware objective with P=4 deep-only,single_pipe_emul,1,270000,74.59981544810563,0.7290329244373162,,/lus/eagle/projects/lc-mpi/Zhiqing/polaris_ebm/runs_pipeline_then_weighting/E1/E1_single_pipe_emul_P4_deep_K100_s300k_local_20260404_151327/trajectory,/lus/eagle/projects/lc-mpi/Zhiqing/polaris_ebm/runs_pipeline_then_weighting/E1/E1_single_pipe_emul_P4_deep_K100_s300k_local_20260404_151327/trajectory/step270000/metrics_compare.json
E1,E1_single_pipe_emul_P4_deep_K100_s300k,Single-GPU completion-aware objective with P=4 deep-only,single_pipe_emul,1,275000,65.75980308599617,0.7528305518722433,,/lus/eagle/projects/lc-mpi/Zhiqing/polaris_ebm/runs_pipeline_then_weighting/E1/E1_single_pipe_emul_P4_deep_K100_s300k_local_20260404_151327/trajectory,/lus/eagle/projects/lc-mpi/Zhiqing/polaris_ebm/runs_pipeline_then_weighting/E1/E1_single_pipe_emul_P4_deep_K100_s300k_local_20260404_151327/trajectory/step275000/metrics_compare.json
E1,E1_single_pipe_emul_P4_deep_K100_s300k,Single-GPU completion-aware objective with P=4 deep-only,single_pipe_emul,1,280000,69.78969027303117,1.0152526219341844,,/lus/eagle/projects/lc-mpi/Zhiqing/polaris_ebm/runs_pipeline_then_weighting/E1/E1_single_pipe_emul_P4_deep_K100_s300k_local_20260404_151327/trajectory,/lus/eagle/projects/lc-mpi/Zhiqing/polaris_ebm/runs_pipeline_then_weighting/E1/E1_single_pipe_emul_P4_deep_K100_s300k_local_20260404_151327/trajectory/step280000/metrics_compare.json
E1,E1_single_pipe_emul_P4_deep_K100_s300k,Single-GPU completion-aware objective with P=4 deep-only,single_pipe_emul,1,285000,67.37087029372856,1.999386755783263,,/lus/eagle/projects/lc-mpi/Zhiqing/polaris_ebm/runs_pipeline_then_weighting/E1/E1_single_pipe_emul_P4_deep_K100_s300k_local_20260404_151327/trajectory,/lus/eagle/projects/lc-mpi/Zhiqing/polaris_ebm/runs_pipeline_then_weighting/E1/E1_single_pipe_emul_P4_deep_K100_s300k_local_20260404_151327/trajectory/step285000/metrics_compare.json
E1,E1_single_pipe_emul_P4_deep_K100_s300k,Single-GPU completion-aware objective with P=4 deep-only,single_pipe_emul,1,290000,66.52930083126768,1.0308587015166601,,/lus/eagle/projects/lc-mpi/Zhiqing/polaris_ebm/runs_pipeline_then_weighting/E1/E1_single_pipe_emul_P4_deep_K100_s300k_local_20260404_151327/trajectory,/lus/eagle/projects/lc-mpi/Zhiqing/polaris_ebm/runs_pipeline_then_weighting/E1/E1_single_pipe_emul_P4_deep_K100_s300k_local_20260404_151327/trajectory/step290000/metrics_compare.json
E1,E1_single_pipe_emul_P4_deep_K100_s300k,Single-GPU completion-aware objective with P=4 deep-only,single_pipe_emul,1,295000,69.52796799444809,1.0648569057309523,,/lus/eagle/projects/lc-mpi/Zhiqing/polaris_ebm/runs_pipeline_then_weighting/E1/E1_single_pipe_emul_P4_deep_K100_s300k_local_20260404_151327/trajectory,/lus/eagle/projects/lc-mpi/Zhiqing/polaris_ebm/runs_pipeline_then_weighting/E1/E1_single_pipe_emul_P4_deep_K100_s300k_local_20260404_151327/trajectory/step295000/metrics_compare.json
E1,E1_single_pipe_emul_P4_deep_K100_s300k,Single-GPU completion-aware objective with P=4 deep-only,single_pipe_emul,1,300000,75.59256463495547,1.5945589787632208,,/lus/eagle/projects/lc-mpi/Zhiqing/polaris_ebm/runs_pipeline_then_weighting/E1/E1_single_pipe_emul_P4_deep_K100_s300k_local_20260404_151327/trajectory,/lus/eagle/projects/lc-mpi/Zhiqing/polaris_ebm/runs_pipeline_then_weighting/E1/E1_single_pipe_emul_P4_deep_K100_s300k_local_20260404_151327/trajectory/step300000/metrics_compare.json
E2,E2_pipe_strict_deep_P4_K100_s300k,Provisional weighting study at fixed P=4,pipe_strict,1,5000,188.6030769861104,10.460072326133108,,/eagle/lc-mpi/Zhiqing/polaris_ebm/runs_pipeline_then_weighting/E2/E2_pipe_strict_deep_P4_K100_s300k_20260405_003926/trajectory,/eagle/lc-mpi/Zhiqing/polaris_ebm/runs_pipeline_then_weighting/E2/E2_pipe_strict_deep_P4_K100_s300k_20260405_003926/trajectory/step005000/metrics_compare.json
E2,E2_pipe_strict_deep_P4_K100_s300k,Provisional weighting study at fixed P=4,pipe_strict,1,10000,145.79105864327067,1.5265012171752907,,/eagle/lc-mpi/Zhiqing/polaris_ebm/runs_pipeline_then_weighting/E2/E2_pipe_strict_deep_P4_K100_s300k_20260405_003926/trajectory,/eagle/lc-mpi/Zhiqing/polaris_ebm/runs_pipeline_then_weighting/E2/E2_pipe_strict_deep_P4_K100_s300k_20260405_003926/trajectory/step010000/metrics_compare.json
E2,E2_pipe_strict_deep_P4_K100_s300k,Provisional weighting study at fixed P=4,pipe_strict,1,15000,167.43012982072497,3.265571518346686,,/eagle/lc-mpi/Zhiqing/polaris_ebm/runs_pipeline_then_weighting/E2/E2_pipe_strict_deep_P4_K100_s300k_20260405_003926/trajectory,/eagle/lc-mpi/Zhiqing/polaris_ebm/runs_pipeline_then_weighting/E2/E2_pipe_strict_deep_P4_K100_s300k_20260405_003926/trajectory/step015000/metrics_compare.json
E2,E2_pipe_strict_deep_P4_K100_s300k,Provisional weighting study at fixed P=4,pipe_strict,1,20000,120.70826645923557,1.1005594701500918,,/eagle/lc-mpi/Zhiqing/polaris_ebm/runs_pipeline_then_weighting/E2/E2_pipe_strict_deep_P4_K100_s300k_20260405_003926/trajectory,/eagle/lc-mpi/Zhiqing/polaris_ebm/runs_pipeline_then_weighting/E2/E2_pipe_strict_deep_P4_K100_s300k_20260405_003926/trajectory/step020000/metrics_compare.json
E2,E2_pipe_strict_deep_P4_K100_s300k,Provisional weighting study at fixed P=4,pipe_strict,1,25000,116.97483481530298,5.233088547565664,,/eagle/lc-mpi/Zhiqing/polaris_ebm/runs_pipeline_then_weighting/E2/E2_pipe_strict_deep_P4_K100_s300k_20260405_003926/trajectory,/eagle/lc-mpi/Zhiqing/polaris_ebm/runs_pipeline_then_weighting/E2/E2_pipe_strict_deep_P4_K100_s300k_20260405_003926/trajectory/step025000/metrics_compare.json
E2,E2_pipe_strict_deep_P4_K100_s300k,Provisional weighting study at fixed P=4,pipe_strict,1,30000,88.15640399181132,3.201469066240417,,/eagle/lc-mpi/Zhiqing/polaris_ebm/runs_pipeline_then_weighting/E2/E2_pipe_strict_deep_P4_K100_s300k_20260405_003926/trajectory,/eagle/lc-mpi/Zhiqing/polaris_ebm/runs_pipeline_then_weighting/E2/E2_pipe_strict_deep_P4_K100_s300k_20260405_003926/trajectory/step030000/metrics_compare.json
E2,E2_pipe_strict_deep_P4_K100_s300k,Provisional weighting study at fixed P=4,pipe_strict,1,35000,119.0559551086481,7.046717407449055,,/eagle/lc-mpi/Zhiqing/polaris_ebm/runs_pipeline_then_weighting/E2/E2_pipe_strict_deep_P4_K100_s300k_20260405_003926/trajectory,/eagle/lc-mpi/Zhiqing/polaris_ebm/runs_pipeline_then_weighting/E2/E2_pipe_strict_deep_P4_K100_s300k_20260405_003926/trajectory/step035000/metrics_compare.json
E2,E2_pipe_strict_deep_P4_K100_s300k,Provisional weighting study at fixed P=4,pipe_strict,1,40000,103.68048467821177,1.4866044449736826,,/eagle/lc-mpi/Zhiqing/polaris_ebm/runs_pipeline_then_weighting/E2/E2_pipe_strict_deep_P4_K100_s300k_20260405_003926/trajectory,/eagle/lc-mpi/Zhiqing/polaris_ebm/runs_pipeline_then_weighting/E2/E2_pipe_strict_deep_P4_K100_s300k_20260405_003926/trajectory/step040000/metrics_compare.json
E2,E2_pipe_strict_deep_P4_K100_s300k,Provisional weighting study at fixed P=4,pipe_strict,1,45000,123.2224728583339,5.149830596980781,,/eagle/lc-mpi/Zhiqing/polaris_ebm/runs_pipeline_then_weighting/E2/E2_pipe_strict_deep_P4_K100_s300k_20260405_003926/trajectory,/eagle/lc-mpi/Zhiqing/polaris_ebm/runs_pipeline_then_weighting/E2/E2_pipe_strict_deep_P4_K100_s300k_20260405_003926/trajectory/step045000/metrics_compare.json
E2,E2_pipe_strict_deep_P4_K100_s300k,Provisional weighting study at fixed P=4,pipe_strict,1,50000,115.67328395322505,2.555167011765196,,/eagle/lc-mpi/Zhiqing/polaris_ebm/runs_pipeline_then_weighting/E2/E2_pipe_strict_deep_P4_K100_s300k_20260405_003926/trajectory,/eagle/lc-mpi/Zhiqing/polaris_ebm/runs_pipeline_then_weighting/E2/E2_pipe_strict_deep_P4_K100_s300k_20260405_003926/trajectory/step050000/metrics_compare.json
E2,E2_pipe_strict_deep_P4_K100_s300k,Provisional weighting study at fixed P=4,pipe_strict,1,55000,84.92041845332176,2.24515368373574,,/eagle/lc-mpi/Zhiqing/polaris_ebm/runs_pipeline_then_weighting/E2/E2_pipe_strict_deep_P4_K100_s300k_20260405_003926/trajectory,/eagle/lc-mpi/Zhiqing/polaris_ebm/runs_pipeline_then_weighting/E2/E2_pipe_strict_deep_P4_K100_s300k_20260405_003926/trajectory/step055000/metrics_compare.json
E2,E2_pipe_strict_deep_P4_K100_s300k,Provisional weighting study at fixed P=4,pipe_strict,1,60000,103.47340368209666,0.6185263823071274,,/eagle/lc-mpi/Zhiqing/polaris_ebm/runs_pipeline_then_weighting/E2/E2_pipe_strict_deep_P4_K100_s300k_20260405_003926/trajectory,/eagle/lc-mpi/Zhiqing/polaris_ebm/runs_pipeline_then_weighting/E2/E2_pipe_strict_deep_P4_K100_s300k_20260405_003926/trajectory/step060000/metrics_compare.json
E2,E2_pipe_strict_deep_P4_K100_s300k,Provisional weighting study at fixed P=4,pipe_strict,1,65000,87.07215556374734,2.5516180726667343,,/eagle/lc-mpi/Zhiqing/polaris_ebm/runs_pipeline_then_weighting/E2/E2_pipe_strict_deep_P4_K100_s300k_20260405_003926/trajectory,/eagle/lc-mpi/Zhiqing/polaris_ebm/runs_pipeline_then_weighting/E2/E2_pipe_strict_deep_P4_K100_s300k_20260405_003926/trajectory/step065000/metrics_compare.json
E2,E2_pipe_strict_deep_P4_K100_s300k,Provisional weighting study at fixed P=4,pipe_strict,1,70000,114.23934981647488,2.5082360011354687,,/eagle/lc-mpi/Zhiqing/polaris_ebm/runs_pipeline_then_weighting/E2/E2_pipe_strict_deep_P4_K100_s300k_20260405_003926/trajectory,/eagle/lc-mpi/Zhiqing/polaris_ebm/runs_pipeline_then_weighting/E2/E2_pipe_strict_deep_P4_K100_s300k_20260405_003926/trajectory/step070000/metrics_compare.json
E2,E2_pipe_strict_deep_P4_K100_s300k,Provisional weighting study at fixed P=4,pipe_strict,1,75000,145.24849426157462,3.658659278722144,,/eagle/lc-mpi/Zhiqing/polaris_ebm/runs_pipeline_then_weighting/E2/E2_pipe_strict_deep_P4_K100_s300k_20260405_003926/trajectory,/eagle/lc-mpi/Zhiqing/polaris_ebm/runs_pipeline_then_weighting/E2/E2_pipe_strict_deep_P4_K100_s300k_20260405_003926/trajectory/step075000/metrics_compare.json
E2,E2_pipe_strict_deep_P4_K100_s300k,Provisional weighting study at fixed P=4,pipe_strict,1,80000,94.4505041423148,1.8203974183374996,,/eagle/lc-mpi/Zhiqing/polaris_ebm/runs_pipeline_then_weighting/E2/E2_pipe_strict_deep_P4_K100_s300k_20260405_003926/trajectory,/eagle/lc-mpi/Zhiqing/polaris_ebm/runs_pipeline_then_weighting/E2/E2_pipe_strict_deep_P4_K100_s300k_20260405_003926/trajectory/step080000/metrics_compare.json
E2,E2_pipe_strict_deep_P4_K100_s300k,Provisional weighting study at fixed P=4,pipe_strict,1,85000,92.09902299829565,1.751740873367492,,/eagle/lc-mpi/Zhiqing/polaris_ebm/runs_pipeline_then_weighting/E2/E2_pipe_strict_deep_P4_K100_s300k_20260405_003926/trajectory,/eagle/lc-mpi/Zhiqing/polaris_ebm/runs_pipeline_then_weighting/E2/E2_pipe_strict_deep_P4_K100_s300k_20260405_003926/trajectory/step085000/metrics_compare.json
E2,E2_pipe_strict_deep_P4_K100_s300k,Provisional weighting study at fixed P=4,pipe_strict,1,90000,97.73050127757614,1.2117268030595483,,/eagle/lc-mpi/Zhiqing/polaris_ebm/runs_pipeline_then_weighting/E2/E2_pipe_strict_deep_P4_K100_s300k_20260405_003926/trajectory,/eagle/lc-mpi/Zhiqing/polaris_ebm/runs_pipeline_then_weighting/E2/E2_pipe_strict_deep_P4_K100_s300k_20260405_003926/trajectory/step090000/metrics_compare.json
E2,E2_pipe_strict_deep_P4_K100_s300k,Provisional weighting study at fixed P=4,pipe_strict,1,95000,69.89495202807575,3.0311157494005094,,/eagle/lc-mpi/Zhiqing/polaris_ebm/runs_pipeline_then_weighting/E2/E2_pipe_strict_deep_P4_K100_s300k_20260405_003926/trajectory,/eagle/lc-mpi/Zhiqing/polaris_ebm/runs_pipeline_then_weighting/E2/E2_pipe_strict_deep_P4_K100_s300k_20260405_003926/trajectory/step095000/metrics_compare.json
E2,E2_pipe_strict_deep_P4_K100_s300k,Provisional weighting study at fixed P=4,pipe_strict,1,100000,87.86337753334294,1.4934881405991938,,/eagle/lc-mpi/Zhiqing/polaris_ebm/runs_pipeline_then_weighting/E2/E2_pipe_strict_deep_P4_K100_s300k_20260405_003926/trajectory,/eagle/lc-mpi/Zhiqing/polaris_ebm/runs_pipeline_then_weighting/E2/E2_pipe_strict_deep_P4_K100_s300k_20260405_003926/trajectory/step100000/metrics_compare.json
E2,E2_pipe_strict_deep_P4_K100_s300k,Provisional weighting study at fixed P=4,pipe_strict,1,105000,114.10635634746359,2.4871246945599275,,/eagle/lc-mpi/Zhiqing/polaris_ebm/runs_pipeline_then_weighting/E2/E2_pipe_strict_deep_P4_K100_s300k_20260405_003926/trajectory,/eagle/lc-mpi/Zhiqing/polaris_ebm/runs_pipeline_then_weighting/E2/E2_pipe_strict_deep_P4_K100_s300k_20260405_003926/trajectory/step105000/metrics_compare.json
E2,E2_pipe_strict_deep_P4_K100_s300k,Provisional weighting study at fixed P=4,pipe_strict,1,110000,85.83801307524652,2.1733264463114885,,/eagle/lc-mpi/Zhiqing/polaris_ebm/runs_pipeline_then_weighting/E2/E2_pipe_strict_deep_P4_K100_s300k_20260405_003926/trajectory,/eagle/lc-mpi/Zhiqing/polaris_ebm/runs_pipeline_then_weighting/E2/E2_pipe_strict_deep_P4_K100_s300k_20260405_003926/trajectory/step110000/metrics_compare.json
E2,E2_pipe_strict_deep_P4_K100_s300k,Provisional weighting study at fixed P=4,pipe_strict,1,115000,84.36287966219874,2.013687998500089,,/eagle/lc-mpi/Zhiqing/polaris_ebm/runs_pipeline_then_weighting/E2/E2_pipe_strict_deep_P4_K100_s300k_20260405_003926/trajectory,/eagle/lc-mpi/Zhiqing/polaris_ebm/runs_pipeline_then_weighting/E2/E2_pipe_strict_deep_P4_K100_s300k_20260405_003926/trajectory/step115000/metrics_compare.json
E2,E2_pipe_strict_deep_P4_K100_s300k,Provisional weighting study at fixed P=4,pipe_strict,1,120000,96.57003112688784,2.4122405909091746,,/eagle/lc-mpi/Zhiqing/polaris_ebm/runs_pipeline_then_weighting/E2/E2_pipe_strict_deep_P4_K100_s300k_20260405_003926/trajectory,/eagle/lc-mpi/Zhiqing/polaris_ebm/runs_pipeline_then_weighting/E2/E2_pipe_strict_deep_P4_K100_s300k_20260405_003926/trajectory/step120000/metrics_compare.json
E2,E2_pipe_strict_deep_P4_K100_s300k,Provisional weighting study at fixed P=4,pipe_strict,1,125000,80.47838265027337,1.425356089219349,,/eagle/lc-mpi/Zhiqing/polaris_ebm/runs_pipeline_then_weighting/E2/E2_pipe_strict_deep_P4_K100_s300k_20260405_003926/trajectory,/eagle/lc-mpi/Zhiqing/polaris_ebm/runs_pipeline_then_weighting/E2/E2_pipe_strict_deep_P4_K100_s300k_20260405_003926/trajectory/step125000/metrics_compare.json
E2,E2_pipe_strict_deep_P4_K100_s300k,Provisional weighting study at fixed P=4,pipe_strict,1,130000,77.4839526049409,2.580059646736675,,/eagle/lc-mpi/Zhiqing/polaris_ebm/runs_pipeline_then_weighting/E2/E2_pipe_strict_deep_P4_K100_s300k_20260405_003926/trajectory,/eagle/lc-mpi/Zhiqing/polaris_ebm/runs_pipeline_then_weighting/E2/E2_pipe_strict_deep_P4_K100_s300k_20260405_003926/trajectory/step130000/metrics_compare.json
E2,E2_pipe_strict_deep_P4_K100_s300k,Provisional weighting study at fixed P=4,pipe_strict,1,135000,87.66213917056945,1.2968024700499399,,/eagle/lc-mpi/Zhiqing/polaris_ebm/runs_pipeline_then_weighting/E2/E2_pipe_strict_deep_P4_K100_s300k_20260405_003926/trajectory,/eagle/lc-mpi/Zhiqing/polaris_ebm/runs_pipeline_then_weighting/E2/E2_pipe_strict_deep_P4_K100_s300k_20260405_003926/trajectory/step135000/metrics_compare.json
E2,E2_pipe_strict_deep_P4_K100_s300k,Provisional weighting study at fixed P=4,pipe_strict,1,140000,91.854894945968,0.987308902617837,,/eagle/lc-mpi/Zhiqing/polaris_ebm/runs_pipeline_then_weighting/E2/E2_pipe_strict_deep_P4_K100_s300k_20260405_003926/trajectory,/eagle/lc-mpi/Zhiqing/polaris_ebm/runs_pipeline_then_weighting/E2/E2_pipe_strict_deep_P4_K100_s300k_20260405_003926/trajectory/step140000/metrics_compare.json
E2,E2_pipe_strict_deep_P4_K100_s300k,Provisional weighting study at fixed P=4,pipe_strict,1,145000,63.83250225139159,0.6344783492858035,,/eagle/lc-mpi/Zhiqing/polaris_ebm/runs_pipeline_then_weighting/E2/E2_pipe_strict_deep_P4_K100_s300k_20260405_003926/trajectory,/eagle/lc-mpi/Zhiqing/polaris_ebm/runs_pipeline_then_weighting/E2/E2_pipe_strict_deep_P4_K100_s300k_20260405_003926/trajectory/step145000/metrics_compare.json
E2,E2_pipe_strict_deep_P4_K100_s300k,Provisional weighting study at fixed P=4,pipe_strict,1,150000,117.02624653016909,4.775454919507792,,/eagle/lc-mpi/Zhiqing/polaris_ebm/runs_pipeline_then_weighting/E2/E2_pipe_strict_deep_P4_K100_s300k_20260405_003926/trajectory,/eagle/lc-mpi/Zhiqing/polaris_ebm/runs_pipeline_then_weighting/E2/E2_pipe_strict_deep_P4_K100_s300k_20260405_003926/trajectory/step150000/metrics_compare.json
E2,E2_pipe_strict_deep_P4_K100_s300k,Provisional weighting study at fixed P=4,pipe_strict,1,155000,67.51867654779949,2.3595312433555655,,/eagle/lc-mpi/Zhiqing/polaris_ebm/runs_pipeline_then_weighting/E2/E2_pipe_strict_deep_P4_K100_s300k_20260405_003926/trajectory,/eagle/lc-mpi/Zhiqing/polaris_ebm/runs_pipeline_then_weighting/E2/E2_pipe_strict_deep_P4_K100_s300k_20260405_003926/trajectory/step155000/metrics_compare.json
E2,E2_pipe_strict_deep_P4_K100_s300k,Provisional weighting study at fixed P=4,pipe_strict,1,160000,108.22980995596527,3.3840719690054577,,/eagle/lc-mpi/Zhiqing/polaris_ebm/runs_pipeline_then_weighting/E2/E2_pipe_strict_deep_P4_K100_s300k_20260405_003926/trajectory,/eagle/lc-mpi/Zhiqing/polaris_ebm/runs_pipeline_then_weighting/E2/E2_pipe_strict_deep_P4_K100_s300k_20260405_003926/trajectory/step160000/metrics_compare.json
E2,E2_pipe_strict_deep_P4_K100_s300k,Provisional weighting study at fixed P=4,pipe_strict,1,165000,78.53167328696577,0.6482498040678593,,/eagle/lc-mpi/Zhiqing/polaris_ebm/runs_pipeline_then_weighting/E2/E2_pipe_strict_deep_P4_K100_s300k_20260405_003926/trajectory,/eagle/lc-mpi/Zhiqing/polaris_ebm/runs_pipeline_then_weighting/E2/E2_pipe_strict_deep_P4_K100_s300k_20260405_003926/trajectory/step165000/metrics_compare.json
E2,E2_pipe_strict_deep_P4_K100_s300k,Provisional weighting study at fixed P=4,pipe_strict,1,170000,79.50649489759712,1.7639586356433092,,/eagle/lc-mpi/Zhiqing/polaris_ebm/runs_pipeline_then_weighting/E2/E2_pipe_strict_deep_P4_K100_s300k_20260405_003926/trajectory,/eagle/lc-mpi/Zhiqing/polaris_ebm/runs_pipeline_then_weighting/E2/E2_pipe_strict_deep_P4_K100_s300k_20260405_003926/trajectory/step170000/metrics_compare.json
E2,E2_pipe_strict_deep_P4_K100_s300k,Provisional weighting study at fixed P=4,pipe_strict,1,175000,83.39392473649389,0.8319809211718798,,/eagle/lc-mpi/Zhiqing/polaris_ebm/runs_pipeline_then_weighting/E2/E2_pipe_strict_deep_P4_K100_s300k_20260405_003926/trajectory,/eagle/lc-mpi/Zhiqing/polaris_ebm/runs_pipeline_then_weighting/E2/E2_pipe_strict_deep_P4_K100_s300k_20260405_003926/trajectory/step175000/metrics_compare.json
E2,E2_pipe_strict_deep_P4_K100_s300k,Provisional weighting study at fixed P=4,pipe_strict,1,180000,64.70989179840933,0.5497152498762539,,/eagle/lc-mpi/Zhiqing/polaris_ebm/runs_pipeline_then_weighting/E2/E2_pipe_strict_deep_P4_K100_s300k_20260405_003926/trajectory,/eagle/lc-mpi/Zhiqing/polaris_ebm/runs_pipeline_then_weighting/E2/E2_pipe_strict_deep_P4_K100_s300k_20260405_003926/trajectory/step180000/metrics_compare.json
E2,E2_pipe_strict_deep_P4_K100_s300k,Provisional weighting study at fixed P=4,pipe_strict,1,185000,80.18068546672185,2.4239386956398796,,/eagle/lc-mpi/Zhiqing/polaris_ebm/runs_pipeline_then_weighting/E2/E2_pipe_strict_deep_P4_K100_s300k_20260405_003926/trajectory,/eagle/lc-mpi/Zhiqing/polaris_ebm/runs_pipeline_then_weighting/E2/E2_pipe_strict_deep_P4_K100_s300k_20260405_003926/trajectory/step185000/metrics_compare.json
E2,E2_pipe_strict_deep_P4_K100_s300k,Provisional weighting study at fixed P=4,pipe_strict,1,190000,88.34802173699586,1.3326290798565417,,/eagle/lc-mpi/Zhiqing/polaris_ebm/runs_pipeline_then_weighting/E2/E2_pipe_strict_deep_P4_K100_s300k_20260405_003926/trajectory,/eagle/lc-mpi/Zhiqing/polaris_ebm/runs_pipeline_then_weighting/E2/E2_pipe_strict_deep_P4_K100_s300k_20260405_003926/trajectory/step190000/metrics_compare.json
E2,E2_pipe_strict_deep_P4_K100_s300k,Provisional weighting study at fixed P=4,pipe_strict,1,195000,66.53985911275748,0.7679710717385326,,/eagle/lc-mpi/Zhiqing/polaris_ebm/runs_pipeline_then_weighting/E2/E2_pipe_strict_deep_P4_K100_s300k_20260405_003926/trajectory,/eagle/lc-mpi/Zhiqing/polaris_ebm/runs_pipeline_then_weighting/E2/E2_pipe_strict_deep_P4_K100_s300k_20260405_003926/trajectory/step195000/metrics_compare.json
E2,E2_pipe_strict_deep_P4_K100_s300k,Provisional weighting study at fixed P=4,pipe_strict,1,200000,71.25247720204368,0.7373280997501119,,/eagle/lc-mpi/Zhiqing/polaris_ebm/runs_pipeline_then_weighting/E2/E2_pipe_strict_deep_P4_K100_s300k_20260405_003926/trajectory,/eagle/lc-mpi/Zhiqing/polaris_ebm/runs_pipeline_then_weighting/E2/E2_pipe_strict_deep_P4_K100_s300k_20260405_003926/trajectory/step200000/metrics_compare.json
E2,E2_pipe_strict_deep_P4_K100_s300k,Provisional weighting study at fixed P=4,pipe_strict,1,205000,67.95235962436004,2.284644213533447,,/eagle/lc-mpi/Zhiqing/polaris_ebm/runs_pipeline_then_weighting/E2/E2_pipe_strict_deep_P4_K100_s300k_20260405_003926/trajectory,/eagle/lc-mpi/Zhiqing/polaris_ebm/runs_pipeline_then_weighting/E2/E2_pipe_strict_deep_P4_K100_s300k_20260405_003926/trajectory/step205000/metrics_compare.json
E2,E2_pipe_strict_deep_P4_K100_s300k,Provisional weighting study at fixed P=4,pipe_strict,1,210000,71.38255013836113,1.3593594420648536,,/eagle/lc-mpi/Zhiqing/polaris_ebm/runs_pipeline_then_weighting/E2/E2_pipe_strict_deep_P4_K100_s300k_20260405_003926/trajectory,/eagle/lc-mpi/Zhiqing/polaris_ebm/runs_pipeline_then_weighting/E2/E2_pipe_strict_deep_P4_K100_s300k_20260405_003926/trajectory/step210000/metrics_compare.json
E2,E2_pipe_strict_deep_P4_K100_s300k,Provisional weighting study at fixed P=4,pipe_strict,1,215000,76.4842430485935,0.958880394280623,,/eagle/lc-mpi/Zhiqing/polaris_ebm/runs_pipeline_then_weighting/E2/E2_pipe_strict_deep_P4_K100_s300k_20260405_003926/trajectory,/eagle/lc-mpi/Zhiqing/polaris_ebm/runs_pipeline_then_weighting/E2/E2_pipe_strict_deep_P4_K100_s300k_20260405_003926/trajectory/step215000/metrics_compare.json
E2,E2_pipe_strict_deep_P4_K100_s300k,Provisional weighting study at fixed P=4,pipe_strict,1,220000,71.7879339102575,0.750400708894702,,/eagle/lc-mpi/Zhiqing/polaris_ebm/runs_pipeline_then_weighting/E2/E2_pipe_strict_deep_P4_K100_s300k_20260405_003926/trajectory,/eagle/lc-mpi/Zhiqing/polaris_ebm/runs_pipeline_then_weighting/E2/E2_pipe_strict_deep_P4_K100_s300k_20260405_003926/trajectory/step220000/metrics_compare.json
E2,E2_pipe_strict_deep_P4_K100_s300k,Provisional weighting study at fixed P=4,pipe_strict,1,225000,71.19902980601017,3.0205443545617037,,/eagle/lc-mpi/Zhiqing/polaris_ebm/runs_pipeline_then_weighting/E2/E2_pipe_strict_deep_P4_K100_s300k_20260405_003926/trajectory,/eagle/lc-mpi/Zhiqing/polaris_ebm/runs_pipeline_then_weighting/E2/E2_pipe_strict_deep_P4_K100_s300k_20260405_003926/trajectory/step225000/metrics_compare.json
E2,E2_pipe_strict_deep_P4_K100_s300k,Provisional weighting study at fixed P=4,pipe_strict,1,230000,77.02124964477349,1.2011222797477252,,/eagle/lc-mpi/Zhiqing/polaris_ebm/runs_pipeline_then_weighting/E2/E2_pipe_strict_deep_P4_K100_s300k_20260405_003926/trajectory,/eagle/lc-mpi/Zhiqing/polaris_ebm/runs_pipeline_then_weighting/E2/E2_pipe_strict_deep_P4_K100_s300k_20260405_003926/trajectory/step230000/metrics_compare.json
E2,E2_pipe_strict_deep_P4_K100_s300k,Provisional weighting study at fixed P=4,pipe_strict,1,235000,78.06486976995654,0.838324740022216,,/eagle/lc-mpi/Zhiqing/polaris_ebm/runs_pipeline_then_weighting/E2/E2_pipe_strict_deep_P4_K100_s300k_20260405_003926/trajectory,/eagle/lc-mpi/Zhiqing/polaris_ebm/runs_pipeline_then_weighting/E2/E2_pipe_strict_deep_P4_K100_s300k_20260405_003926/trajectory/step235000/metrics_compare.json
E2,E2_pipe_strict_deep_P4_K100_s300k,Provisional weighting study at fixed P=4,pipe_strict,1,240000,69.57200059407813,4.147741373558812,,/eagle/lc-mpi/Zhiqing/polaris_ebm/runs_pipeline_then_weighting/E2/E2_pipe_strict_deep_P4_K100_s300k_20260405_003926/trajectory,/eagle/lc-mpi/Zhiqing/polaris_ebm/runs_pipeline_then_weighting/E2/E2_pipe_strict_deep_P4_K100_s300k_20260405_003926/trajectory/step240000/metrics_compare.json
E2,E2_pipe_strict_deep_P4_K100_s300k,Provisional weighting study at fixed P=4,pipe_strict,1,245000,68.99557935780979,0.8984328273149274,,/eagle/lc-mpi/Zhiqing/polaris_ebm/runs_pipeline_then_weighting/E2/E2_pipe_strict_deep_P4_K100_s300k_20260405_003926/trajectory,/eagle/lc-mpi/Zhiqing/polaris_ebm/runs_pipeline_then_weighting/E2/E2_pipe_strict_deep_P4_K100_s300k_20260405_003926/trajectory/step245000/metrics_compare.json
E2,E2_pipe_strict_deep_P4_K100_s300k,Provisional weighting study at fixed P=4,pipe_strict,1,250000,79.9329810494836,1.281623778126093,,/eagle/lc-mpi/Zhiqing/polaris_ebm/runs_pipeline_then_weighting/E2/E2_pipe_strict_deep_P4_K100_s300k_20260405_003926/trajectory,/eagle/lc-mpi/Zhiqing/polaris_ebm/runs_pipeline_then_weighting/E2/E2_pipe_strict_deep_P4_K100_s300k_20260405_003926/trajectory/step250000/metrics_compare.json
E2,E2_pipe_strict_deep_P4_K100_s300k,Provisional weighting study at fixed P=4,pipe_strict,1,255000,62.6326956261924,1.0100624091958856,,/eagle/lc-mpi/Zhiqing/polaris_ebm/runs_pipeline_then_weighting/E2/E2_pipe_strict_deep_P4_K100_s300k_20260405_003926/trajectory,/eagle/lc-mpi/Zhiqing/polaris_ebm/runs_pipeline_then_weighting/E2/E2_pipe_strict_deep_P4_K100_s300k_20260405_003926/trajectory/step255000/metrics_compare.json
E2,E2_pipe_strict_deep_P4_K100_s300k,Provisional weighting study at fixed P=4,pipe_strict,1,260000,64.20788851032285,2.4446399537608237,,/eagle/lc-mpi/Zhiqing/polaris_ebm/runs_pipeline_then_weighting/E2/E2_pipe_strict_deep_P4_K100_s300k_20260405_003926/trajectory,/eagle/lc-mpi/Zhiqing/polaris_ebm/runs_pipeline_then_weighting/E2/E2_pipe_strict_deep_P4_K100_s300k_20260405_003926/trajectory/step260000/metrics_compare.json
E2,E2_pipe_strict_deep_P4_K100_s300k,Provisional weighting study at fixed P=4,pipe_strict,1,265000,89.15191926348871,2.255288166112912,,/eagle/lc-mpi/Zhiqing/polaris_ebm/runs_pipeline_then_weighting/E2/E2_pipe_strict_deep_P4_K100_s300k_20260405_003926/trajectory,/eagle/lc-mpi/Zhiqing/polaris_ebm/runs_pipeline_then_weighting/E2/E2_pipe_strict_deep_P4_K100_s300k_20260405_003926/trajectory/step265000/metrics_compare.json
E2,E2_pipe_strict_deep_P4_K100_s300k,Provisional weighting study at fixed P=4,pipe_strict,1,270000,92.41775951465246,2.867765756094924,,/eagle/lc-mpi/Zhiqing/polaris_ebm/runs_pipeline_then_weighting/E2/E2_pipe_strict_deep_P4_K100_s300k_20260405_003926/trajectory,/eagle/lc-mpi/Zhiqing/polaris_ebm/runs_pipeline_then_weighting/E2/E2_pipe_strict_deep_P4_K100_s300k_20260405_003926/trajectory/step270000/metrics_compare.json
E2,E2_pipe_strict_deep_P4_K100_s300k,Provisional weighting study at fixed P=4,pipe_strict,1,275000,64.95220104062162,2.9724227631355475,,/eagle/lc-mpi/Zhiqing/polaris_ebm/runs_pipeline_then_weighting/E2/E2_pipe_strict_deep_P4_K100_s300k_20260405_003926/trajectory,/eagle/lc-mpi/Zhiqing/polaris_ebm/runs_pipeline_then_weighting/E2/E2_pipe_strict_deep_P4_K100_s300k_20260405_003926/trajectory/step275000/metrics_compare.json
E2,E2_pipe_strict_deep_P4_K100_s300k,Provisional weighting study at fixed P=4,pipe_strict,1,280000,61.56870659396532,1.4951310308473005,,/eagle/lc-mpi/Zhiqing/polaris_ebm/runs_pipeline_then_weighting/E2/E2_pipe_strict_deep_P4_K100_s300k_20260405_003926/trajectory,/eagle/lc-mpi/Zhiqing/polaris_ebm/runs_pipeline_then_weighting/E2/E2_pipe_strict_deep_P4_K100_s300k_20260405_003926/trajectory/step280000/metrics_compare.json
E2,E2_pipe_strict_deep_P4_K100_s300k,Provisional weighting study at fixed P=4,pipe_strict,1,285000,92.05459408472603,0.7082861265808447,,/eagle/lc-mpi/Zhiqing/polaris_ebm/runs_pipeline_then_weighting/E2/E2_pipe_strict_deep_P4_K100_s300k_20260405_003926/trajectory,/eagle/lc-mpi/Zhiqing/polaris_ebm/runs_pipeline_then_weighting/E2/E2_pipe_strict_deep_P4_K100_s300k_20260405_003926/trajectory/step285000/metrics_compare.json
E2,E2_pipe_strict_deep_P4_K100_s300k,Provisional weighting study at fixed P=4,pipe_strict,1,290000,87.56400842521862,1.5972952896358805,,/eagle/lc-mpi/Zhiqing/polaris_ebm/runs_pipeline_then_weighting/E2/E2_pipe_strict_deep_P4_K100_s300k_20260405_003926/trajectory,/eagle/lc-mpi/Zhiqing/polaris_ebm/runs_pipeline_then_weighting/E2/E2_pipe_strict_deep_P4_K100_s300k_20260405_003926/trajectory/step290000/metrics_compare.json
E2,E2_pipe_strict_deep_P4_K100_s300k,Provisional weighting study at fixed P=4,pipe_strict,1,295000,64.64309418071122,0.5775491046567289,,/eagle/lc-mpi/Zhiqing/polaris_ebm/runs_pipeline_then_weighting/E2/E2_pipe_strict_deep_P4_K100_s300k_20260405_003926/trajectory,/eagle/lc-mpi/Zhiqing/polaris_ebm/runs_pipeline_then_weighting/E2/E2_pipe_strict_deep_P4_K100_s300k_20260405_003926/trajectory/step295000/metrics_compare.json
E2,E2_pipe_strict_deep_P4_K100_s300k,Provisional weighting study at fixed P=4,pipe_strict,1,300000,63.510411063951096,0.3525804045874352,,/eagle/lc-mpi/Zhiqing/polaris_ebm/runs_pipeline_then_weighting/E2/E2_pipe_strict_deep_P4_K100_s300k_20260405_003926/trajectory,/eagle/lc-mpi/Zhiqing/polaris_ebm/runs_pipeline_then_weighting/E2/E2_pipe_strict_deep_P4_K100_s300k_20260405_003926/trajectory/step300000/metrics_compare.json
E2,E2_pipe_strict_last2b0005_P4_K100_s300k,Provisional weighting study at fixed P=4,pipe_strict,1,5000,170.9703187018788,5.809852849342281,,/eagle/lc-mpi/Zhiqing/polaris_ebm/runs_pipeline_then_weighting/E2/E2_pipe_strict_last2b0005_P4_K100_s300k_20260405_003926/trajectory,/eagle/lc-mpi/Zhiqing/polaris_ebm/runs_pipeline_then_weighting/E2/E2_pipe_strict_last2b0005_P4_K100_s300k_20260405_003926/trajectory/step005000/metrics_compare.json
E2,E2_pipe_strict_last2b0005_P4_K100_s300k,Provisional weighting study at fixed P=4,pipe_strict,1,10000,131.21764015504965,3.3649939718573467,,/eagle/lc-mpi/Zhiqing/polaris_ebm/runs_pipeline_then_weighting/E2/E2_pipe_strict_last2b0005_P4_K100_s300k_20260405_003926/trajectory,/eagle/lc-mpi/Zhiqing/polaris_ebm/runs_pipeline_then_weighting/E2/E2_pipe_strict_last2b0005_P4_K100_s300k_20260405_003926/trajectory/step010000/metrics_compare.json
E2,E2_pipe_strict_last2b0005_P4_K100_s300k,Provisional weighting study at fixed P=4,pipe_strict,1,15000,145.76998465590736,2.3395607175544413,,/eagle/lc-mpi/Zhiqing/polaris_ebm/runs_pipeline_then_weighting/E2/E2_pipe_strict_last2b0005_P4_K100_s300k_20260405_003926/trajectory,/eagle/lc-mpi/Zhiqing/polaris_ebm/runs_pipeline_then_weighting/E2/E2_pipe_strict_last2b0005_P4_K100_s300k_20260405_003926/trajectory/step015000/metrics_compare.json
E2,E2_pipe_strict_last2b0005_P4_K100_s300k,Provisional weighting study at fixed P=4,pipe_strict,1,20000,107.50997220916526,6.32771731384593,,/eagle/lc-mpi/Zhiqing/polaris_ebm/runs_pipeline_then_weighting/E2/E2_pipe_strict_last2b0005_P4_K100_s300k_20260405_003926/trajectory,/eagle/lc-mpi/Zhiqing/polaris_ebm/runs_pipeline_then_weighting/E2/E2_pipe_strict_last2b0005_P4_K100_s300k_20260405_003926/trajectory/step020000/metrics_compare.json
E2,E2_pipe_strict_last2b0005_P4_K100_s300k,Provisional weighting study at fixed P=4,pipe_strict,1,25000,146.65757680652473,2.682311114296825,,/eagle/lc-mpi/Zhiqing/polaris_ebm/runs_pipeline_then_weighting/E2/E2_pipe_strict_last2b0005_P4_K100_s300k_20260405_003926/trajectory,/eagle/lc-mpi/Zhiqing/polaris_ebm/runs_pipeline_then_weighting/E2/E2_pipe_strict_last2b0005_P4_K100_s300k_20260405_003926/trajectory/step025000/metrics_compare.json
E2,E2_pipe_strict_last2b0005_P4_K100_s300k,Provisional weighting study at fixed P=4,pipe_strict,1,30000,117.5229918004195,1.035652897686738,,/eagle/lc-mpi/Zhiqing/polaris_ebm/runs_pipeline_then_weighting/E2/E2_pipe_strict_last2b0005_P4_K100_s300k_20260405_003926/trajectory,/eagle/lc-mpi/Zhiqing/polaris_ebm/runs_pipeline_then_weighting/E2/E2_pipe_strict_last2b0005_P4_K100_s300k_20260405_003926/trajectory/step030000/metrics_compare.json
E2,E2_pipe_strict_last2b0005_P4_K100_s300k,Provisional weighting study at fixed P=4,pipe_strict,1,35000,110.85290249276557,1.190208847960875,,/eagle/lc-mpi/Zhiqing/polaris_ebm/runs_pipeline_then_weighting/E2/E2_pipe_strict_last2b0005_P4_K100_s300k_20260405_003926/trajectory,/eagle/lc-mpi/Zhiqing/polaris_ebm/runs_pipeline_then_weighting/E2/E2_pipe_strict_last2b0005_P4_K100_s300k_20260405_003926/trajectory/step035000/metrics_compare.json
E2,E2_pipe_strict_last2b0005_P4_K100_s300k,Provisional weighting study at fixed P=4,pipe_strict,1,40000,86.13596348782278,1.8759224666187357,,/eagle/lc-mpi/Zhiqing/polaris_ebm/runs_pipeline_then_weighting/E2/E2_pipe_strict_last2b0005_P4_K100_s300k_20260405_003926/trajectory,/eagle/lc-mpi/Zhiqing/polaris_ebm/runs_pipeline_then_weighting/E2/E2_pipe_strict_last2b0005_P4_K100_s300k_20260405_003926/trajectory/step040000/metrics_compare.json
E2,E2_pipe_strict_last2b0005_P4_K100_s300k,Provisional weighting study at fixed P=4,pipe_strict,1,45000,140.13607249196798,4.14563238901999,,/eagle/lc-mpi/Zhiqing/polaris_ebm/runs_pipeline_then_weighting/E2/E2_pipe_strict_last2b0005_P4_K100_s300k_20260405_003926/trajectory,/eagle/lc-mpi/Zhiqing/polaris_ebm/runs_pipeline_then_weighting/E2/E2_pipe_strict_last2b0005_P4_K100_s300k_20260405_003926/trajectory/step045000/metrics_compare.json
E2,E2_pipe_strict_last2b0005_P4_K100_s300k,Provisional weighting study at fixed P=4,pipe_strict,1,50000,104.67046033705185,3.9363053835639565,,/eagle/lc-mpi/Zhiqing/polaris_ebm/runs_pipeline_then_weighting/E2/E2_pipe_strict_last2b0005_P4_K100_s300k_20260405_003926/trajectory,/eagle/lc-mpi/Zhiqing/polaris_ebm/runs_pipeline_then_weighting/E2/E2_pipe_strict_last2b0005_P4_K100_s300k_20260405_003926/trajectory/step050000/metrics_compare.json
E2,E2_pipe_strict_last2b0005_P4_K100_s300k,Provisional weighting study at fixed P=4,pipe_strict,1,55000,120.48814337262479,1.232484173318344,,/eagle/lc-mpi/Zhiqing/polaris_ebm/runs_pipeline_then_weighting/E2/E2_pipe_strict_last2b0005_P4_K100_s300k_20260405_003926/trajectory,/eagle/lc-mpi/Zhiqing/polaris_ebm/runs_pipeline_then_weighting/E2/E2_pipe_strict_last2b0005_P4_K100_s300k_20260405_003926/trajectory/step055000/metrics_compare.json
E2,E2_pipe_strict_last2b0005_P4_K100_s300k,Provisional weighting study at fixed P=4,pipe_strict,1,60000,87.9724876413764,1.0209506707565943,,/eagle/lc-mpi/Zhiqing/polaris_ebm/runs_pipeline_then_weighting/E2/E2_pipe_strict_last2b0005_P4_K100_s300k_20260405_003926/trajectory,/eagle/lc-mpi/Zhiqing/polaris_ebm/runs_pipeline_then_weighting/E2/E2_pipe_strict_last2b0005_P4_K100_s300k_20260405_003926/trajectory/step060000/metrics_compare.json
E2,E2_pipe_strict_last2b0005_P4_K100_s300k,Provisional weighting study at fixed P=4,pipe_strict,1,65000,111.27857050053427,1.4895754590132952,,/eagle/lc-mpi/Zhiqing/polaris_ebm/runs_pipeline_then_weighting/E2/E2_pipe_strict_last2b0005_P4_K100_s300k_20260405_003926/trajectory,/eagle/lc-mpi/Zhiqing/polaris_ebm/runs_pipeline_then_weighting/E2/E2_pipe_strict_last2b0005_P4_K100_s300k_20260405_003926/trajectory/step065000/metrics_compare.json
E2,E2_pipe_strict_last2b0005_P4_K100_s300k,Provisional weighting study at fixed P=4,pipe_strict,1,70000,104.97781957251397,0.6191304415056429,,/eagle/lc-mpi/Zhiqing/polaris_ebm/runs_pipeline_then_weighting/E2/E2_pipe_strict_last2b0005_P4_K100_s300k_20260405_003926/trajectory,/eagle/lc-mpi/Zhiqing/polaris_ebm/runs_pipeline_then_weighting/E2/E2_pipe_strict_last2b0005_P4_K100_s300k_20260405_003926/trajectory/step070000/metrics_compare.json
E2,E2_pipe_strict_last2b0005_P4_K100_s300k,Provisional weighting study at fixed P=4,pipe_strict,1,75000,111.4282259525549,2.1682670843123866,,/eagle/lc-mpi/Zhiqing/polaris_ebm/runs_pipeline_then_weighting/E2/E2_pipe_strict_last2b0005_P4_K100_s300k_20260405_003926/trajectory,/eagle/lc-mpi/Zhiqing/polaris_ebm/runs_pipeline_then_weighting/E2/E2_pipe_strict_last2b0005_P4_K100_s300k_20260405_003926/trajectory/step075000/metrics_compare.json
E2,E2_pipe_strict_last2b0005_P4_K100_s300k,Provisional weighting study at fixed P=4,pipe_strict,1,80000,102.9790783649716,3.0755001038466006,,/eagle/lc-mpi/Zhiqing/polaris_ebm/runs_pipeline_then_weighting/E2/E2_pipe_strict_last2b0005_P4_K100_s300k_20260405_003926/trajectory,/eagle/lc-mpi/Zhiqing/polaris_ebm/runs_pipeline_then_weighting/E2/E2_pipe_strict_last2b0005_P4_K100_s300k_20260405_003926/trajectory/step080000/metrics_compare.json
E2,E2_pipe_strict_last2b0005_P4_K100_s300k,Provisional weighting study at fixed P=4,pipe_strict,1,85000,132.00880773326492,1.9660730098845605,,/eagle/lc-mpi/Zhiqing/polaris_ebm/runs_pipeline_then_weighting/E2/E2_pipe_strict_last2b0005_P4_K100_s300k_20260405_003926/trajectory,/eagle/lc-mpi/Zhiqing/polaris_ebm/runs_pipeline_then_weighting/E2/E2_pipe_strict_last2b0005_P4_K100_s300k_20260405_003926/trajectory/step085000/metrics_compare.json
E2,E2_pipe_strict_last2b0005_P4_K100_s300k,Provisional weighting study at fixed P=4,pipe_strict,1,90000,91.06606388697912,2.5188074052866973,,/eagle/lc-mpi/Zhiqing/polaris_ebm/runs_pipeline_then_weighting/E2/E2_pipe_strict_last2b0005_P4_K100_s300k_20260405_003926/trajectory,/eagle/lc-mpi/Zhiqing/polaris_ebm/runs_pipeline_then_weighting/E2/E2_pipe_strict_last2b0005_P4_K100_s300k_20260405_003926/trajectory/step090000/metrics_compare.json
E2,E2_pipe_strict_last2b0005_P4_K100_s300k,Provisional weighting study at fixed P=4,pipe_strict,1,95000,70.74277717669293,2.775254891306968,,/eagle/lc-mpi/Zhiqing/polaris_ebm/runs_pipeline_then_weighting/E2/E2_pipe_strict_last2b0005_P4_K100_s300k_20260405_003926/trajectory,/eagle/lc-mpi/Zhiqing/polaris_ebm/runs_pipeline_then_weighting/E2/E2_pipe_strict_last2b0005_P4_K100_s300k_20260405_003926/trajectory/step095000/metrics_compare.json
E2,E2_pipe_strict_last2b0005_P4_K100_s300k,Provisional weighting study at fixed P=4,pipe_strict,1,100000,78.4442221402162,0.7423204329400335,,/eagle/lc-mpi/Zhiqing/polaris_ebm/runs_pipeline_then_weighting/E2/E2_pipe_strict_last2b0005_P4_K100_s300k_20260405_003926/trajectory,/eagle/lc-mpi/Zhiqing/polaris_ebm/runs_pipeline_then_weighting/E2/E2_pipe_strict_last2b0005_P4_K100_s300k_20260405_003926/trajectory/step100000/metrics_compare.json
E2,E2_pipe_strict_last2b0005_P4_K100_s300k,Provisional weighting study at fixed P=4,pipe_strict,1,105000,106.35948318966638,1.379842049837773,,/eagle/lc-mpi/Zhiqing/polaris_ebm/runs_pipeline_then_weighting/E2/E2_pipe_strict_last2b0005_P4_K100_s300k_20260405_003926/trajectory,/eagle/lc-mpi/Zhiqing/polaris_ebm/runs_pipeline_then_weighting/E2/E2_pipe_strict_last2b0005_P4_K100_s300k_20260405_003926/trajectory/step105000/metrics_compare.json
E2,E2_pipe_strict_last2b0005_P4_K100_s300k,Provisional weighting study at fixed P=4,pipe_strict,1,110000,85.89451445343809,3.118958740469271,,/eagle/lc-mpi/Zhiqing/polaris_ebm/runs_pipeline_then_weighting/E2/E2_pipe_strict_last2b0005_P4_K100_s300k_20260405_003926/trajectory,/eagle/lc-mpi/Zhiqing/polaris_ebm/runs_pipeline_then_weighting/E2/E2_pipe_strict_last2b0005_P4_K100_s300k_20260405_003926/trajectory/step110000/metrics_compare.json
E2,E2_pipe_strict_last2b0005_P4_K100_s300k,Provisional weighting study at fixed P=4,pipe_strict,1,115000,91.31782272857089,3.259518926852529,,/eagle/lc-mpi/Zhiqing/polaris_ebm/runs_pipeline_then_weighting/E2/E2_pipe_strict_last2b0005_P4_K100_s300k_20260405_003926/trajectory,/eagle/lc-mpi/Zhiqing/polaris_ebm/runs_pipeline_then_weighting/E2/E2_pipe_strict_last2b0005_P4_K100_s300k_20260405_003926/trajectory/step115000/metrics_compare.json
E2,E2_pipe_strict_last2b0005_P4_K100_s300k,Provisional weighting study at fixed P=4,pipe_strict,1,120000,82.61237474466594,0.5558218507898616,,/eagle/lc-mpi/Zhiqing/polaris_ebm/runs_pipeline_then_weighting/E2/E2_pipe_strict_last2b0005_P4_K100_s300k_20260405_003926/trajectory,/eagle/lc-mpi/Zhiqing/polaris_ebm/runs_pipeline_then_weighting/E2/E2_pipe_strict_last2b0005_P4_K100_s300k_20260405_003926/trajectory/step120000/metrics_compare.json
E2,E2_pipe_strict_last2b0005_P4_K100_s300k,Provisional weighting study at fixed P=4,pipe_strict,1,125000,80.86422149495576,2.4427225784628845,,/eagle/lc-mpi/Zhiqing/polaris_ebm/runs_pipeline_then_weighting/E2/E2_pipe_strict_last2b0005_P4_K100_s300k_20260405_003926/trajectory,/eagle/lc-mpi/Zhiqing/polaris_ebm/runs_pipeline_then_weighting/E2/E2_pipe_strict_last2b0005_P4_K100_s300k_20260405_003926/trajectory/step125000/metrics_compare.json
E2,E2_pipe_strict_last2b0005_P4_K100_s300k,Provisional weighting study at fixed P=4,pipe_strict,1,130000,87.30333638042941,1.1660307375717984,,/eagle/lc-mpi/Zhiqing/polaris_ebm/runs_pipeline_then_weighting/E2/E2_pipe_strict_last2b0005_P4_K100_s300k_20260405_003926/trajectory,/eagle/lc-mpi/Zhiqing/polaris_ebm/runs_pipeline_then_weighting/E2/E2_pipe_strict_last2b0005_P4_K100_s300k_20260405_003926/trajectory/step130000/metrics_compare.json
E2,E2_pipe_strict_last2b0005_P4_K100_s300k,Provisional weighting study at fixed P=4,pipe_strict,1,135000,79.60804658925247,0.8412639969198068,,/eagle/lc-mpi/Zhiqing/polaris_ebm/runs_pipeline_then_weighting/E2/E2_pipe_strict_last2b0005_P4_K100_s300k_20260405_003926/trajectory,/eagle/lc-mpi/Zhiqing/polaris_ebm/runs_pipeline_then_weighting/E2/E2_pipe_strict_last2b0005_P4_K100_s300k_20260405_003926/trajectory/step135000/metrics_compare.json
E2,E2_pipe_strict_last2b0005_P4_K100_s300k,Provisional weighting study at fixed P=4,pipe_strict,1,140000,77.13828649317452,1.1682985450283176,,/eagle/lc-mpi/Zhiqing/polaris_ebm/runs_pipeline_then_weighting/E2/E2_pipe_strict_last2b0005_P4_K100_s300k_20260405_003926/trajectory,/eagle/lc-mpi/Zhiqing/polaris_ebm/runs_pipeline_then_weighting/E2/E2_pipe_strict_last2b0005_P4_K100_s300k_20260405_003926/trajectory/step140000/metrics_compare.json
E2,E2_pipe_strict_last2b0005_P4_K100_s300k,Provisional weighting study at fixed P=4,pipe_strict,1,145000,67.70732790273411,0.7826566400569135,,/eagle/lc-mpi/Zhiqing/polaris_ebm/runs_pipeline_then_weighting/E2/E2_pipe_strict_last2b0005_P4_K100_s300k_20260405_003926/trajectory,/eagle/lc-mpi/Zhiqing/polaris_ebm/runs_pipeline_then_weighting/E2/E2_pipe_strict_last2b0005_P4_K100_s300k_20260405_003926/trajectory/step145000/metrics_compare.json
E2,E2_pipe_strict_last2b0005_P4_K100_s300k,Provisional weighting study at fixed P=4,pipe_strict,1,150000,83.360987994548,2.227809517670444,,/eagle/lc-mpi/Zhiqing/polaris_ebm/runs_pipeline_then_weighting/E2/E2_pipe_strict_last2b0005_P4_K100_s300k_20260405_003926/trajectory,/eagle/lc-mpi/Zhiqing/polaris_ebm/runs_pipeline_then_weighting/E2/E2_pipe_strict_last2b0005_P4_K100_s300k_20260405_003926/trajectory/step150000/metrics_compare.json
E2,E2_pipe_strict_last2b0005_P4_K100_s300k,Provisional weighting study at fixed P=4,pipe_strict,1,155000,60.23322601001553,0.6949360619924434,,/eagle/lc-mpi/Zhiqing/polaris_ebm/runs_pipeline_then_weighting/E2/E2_pipe_strict_last2b0005_P4_K100_s300k_20260405_003926/trajectory,/eagle/lc-mpi/Zhiqing/polaris_ebm/runs_pipeline_then_weighting/E2/E2_pipe_strict_last2b0005_P4_K100_s300k_20260405_003926/trajectory/step155000/metrics_compare.json
E2,E2_pipe_strict_last2b0005_P4_K100_s300k,Provisional weighting study at fixed P=4,pipe_strict,1,160000,98.43767140999591,5.057250419151449,,/eagle/lc-mpi/Zhiqing/polaris_ebm/runs_pipeline_then_weighting/E2/E2_pipe_strict_last2b0005_P4_K100_s300k_20260405_003926/trajectory,/eagle/lc-mpi/Zhiqing/polaris_ebm/runs_pipeline_then_weighting/E2/E2_pipe_strict_last2b0005_P4_K100_s300k_20260405_003926/trajectory/step160000/metrics_compare.json
E2,E2_pipe_strict_last2b0005_P4_K100_s300k,Provisional weighting study at fixed P=4,pipe_strict,1,165000,75.8621098550716,0.830558632306321,,/eagle/lc-mpi/Zhiqing/polaris_ebm/runs_pipeline_then_weighting/E2/E2_pipe_strict_last2b0005_P4_K100_s300k_20260405_003926/trajectory,/eagle/lc-mpi/Zhiqing/polaris_ebm/runs_pipeline_then_weighting/E2/E2_pipe_strict_last2b0005_P4_K100_s300k_20260405_003926/trajectory/step165000/metrics_compare.json
E2,E2_pipe_strict_last2b0005_P4_K100_s300k,Provisional weighting study at fixed P=4,pipe_strict,1,170000,79.64779797346614,1.0073834740969154,,/eagle/lc-mpi/Zhiqing/polaris_ebm/runs_pipeline_then_weighting/E2/E2_pipe_strict_last2b0005_P4_K100_s300k_20260405_003926/trajectory,/eagle/lc-mpi/Zhiqing/polaris_ebm/runs_pipeline_then_weighting/E2/E2_pipe_strict_last2b0005_P4_K100_s300k_20260405_003926/trajectory/step170000/metrics_compare.json
E2,E2_pipe_strict_last2b0005_P4_K100_s300k,Provisional weighting study at fixed P=4,pipe_strict,1,175000,78.50290576148933,1.3730107294854825,,/eagle/lc-mpi/Zhiqing/polaris_ebm/runs_pipeline_then_weighting/E2/E2_pipe_strict_last2b0005_P4_K100_s300k_20260405_003926/trajectory,/eagle/lc-mpi/Zhiqing/polaris_ebm/runs_pipeline_then_weighting/E2/E2_pipe_strict_last2b0005_P4_K100_s300k_20260405_003926/trajectory/step175000/metrics_compare.json
E2,E2_pipe_strict_last2b0005_P4_K100_s300k,Provisional weighting study at fixed P=4,pipe_strict,1,180000,88.36544101927836,1.1688172776274506,,/eagle/lc-mpi/Zhiqing/polaris_ebm/runs_pipeline_then_weighting/E2/E2_pipe_strict_last2b0005_P4_K100_s300k_20260405_003926/trajectory,/eagle/lc-mpi/Zhiqing/polaris_ebm/runs_pipeline_then_weighting/E2/E2_pipe_strict_last2b0005_P4_K100_s300k_20260405_003926/trajectory/step180000/metrics_compare.json
E2,E2_pipe_strict_last2b0005_P4_K100_s300k,Provisional weighting study at fixed P=4,pipe_strict,1,185000,81.4406130965126,1.6707739000660489,,/eagle/lc-mpi/Zhiqing/polaris_ebm/runs_pipeline_then_weighting/E2/E2_pipe_strict_last2b0005_P4_K100_s300k_20260405_003926/trajectory,/eagle/lc-mpi/Zhiqing/polaris_ebm/runs_pipeline_then_weighting/E2/E2_pipe_strict_last2b0005_P4_K100_s300k_20260405_003926/trajectory/step185000/metrics_compare.json
E2,E2_pipe_strict_last2b0005_P4_K100_s300k,Provisional weighting study at fixed P=4,pipe_strict,1,190000,88.81194462463185,1.219458384685332,,/eagle/lc-mpi/Zhiqing/polaris_ebm/runs_pipeline_then_weighting/E2/E2_pipe_strict_last2b0005_P4_K100_s300k_20260405_003926/trajectory,/eagle/lc-mpi/Zhiqing/polaris_ebm/runs_pipeline_then_weighting/E2/E2_pipe_strict_last2b0005_P4_K100_s300k_20260405_003926/trajectory/step190000/metrics_compare.json
E2,E2_pipe_strict_last2b0005_P4_K100_s300k,Provisional weighting study at fixed P=4,pipe_strict,1,195000,88.68148870471293,3.0110856114446154,,/eagle/lc-mpi/Zhiqing/polaris_ebm/runs_pipeline_then_weighting/E2/E2_pipe_strict_last2b0005_P4_K100_s300k_20260405_003926/trajectory,/eagle/lc-mpi/Zhiqing/polaris_ebm/runs_pipeline_then_weighting/E2/E2_pipe_strict_last2b0005_P4_K100_s300k_20260405_003926/trajectory/step195000/metrics_compare.json
E2,E2_pipe_strict_last2b0005_P4_K100_s300k,Provisional weighting study at fixed P=4,pipe_strict,1,200000,74.0192756686472,0.5333384655932392,,/eagle/lc-mpi/Zhiqing/polaris_ebm/runs_pipeline_then_weighting/E2/E2_pipe_strict_last2b0005_P4_K100_s300k_20260405_003926/trajectory,/eagle/lc-mpi/Zhiqing/polaris_ebm/runs_pipeline_then_weighting/E2/E2_pipe_strict_last2b0005_P4_K100_s300k_20260405_003926/trajectory/step200000/metrics_compare.json
E2,E2_pipe_strict_last2b0005_P4_K100_s300k,Provisional weighting study at fixed P=4,pipe_strict,1,205000,65.1163591432599,2.183196161434232,,/eagle/lc-mpi/Zhiqing/polaris_ebm/runs_pipeline_then_weighting/E2/E2_pipe_strict_last2b0005_P4_K100_s300k_20260405_003926/trajectory,/eagle/lc-mpi/Zhiqing/polaris_ebm/runs_pipeline_then_weighting/E2/E2_pipe_strict_last2b0005_P4_K100_s300k_20260405_003926/trajectory/step205000/metrics_compare.json
E2,E2_pipe_strict_last2b0005_P4_K100_s300k,Provisional weighting study at fixed P=4,pipe_strict,1,210000,63.928046659931965,0.6119114409355646,,/eagle/lc-mpi/Zhiqing/polaris_ebm/runs_pipeline_then_weighting/E2/E2_pipe_strict_last2b0005_P4_K100_s300k_20260405_003926/trajectory,/eagle/lc-mpi/Zhiqing/polaris_ebm/runs_pipeline_then_weighting/E2/E2_pipe_strict_last2b0005_P4_K100_s300k_20260405_003926/trajectory/step210000/metrics_compare.json
E2,E2_pipe_strict_last2b0005_P4_K100_s300k,Provisional weighting study at fixed P=4,pipe_strict,1,215000,91.0552072457653,1.7256901595725935,,/eagle/lc-mpi/Zhiqing/polaris_ebm/runs_pipeline_then_weighting/E2/E2_pipe_strict_last2b0005_P4_K100_s300k_20260405_003926/trajectory,/eagle/lc-mpi/Zhiqing/polaris_ebm/runs_pipeline_then_weighting/E2/E2_pipe_strict_last2b0005_P4_K100_s300k_20260405_003926/trajectory/step215000/metrics_compare.json
E2,E2_pipe_strict_last2b0005_P4_K100_s300k,Provisional weighting study at fixed P=4,pipe_strict,1,220000,96.58896329515358,2.454616576558095,,/eagle/lc-mpi/Zhiqing/polaris_ebm/runs_pipeline_then_weighting/E2/E2_pipe_strict_last2b0005_P4_K100_s300k_20260405_003926/trajectory,/eagle/lc-mpi/Zhiqing/polaris_ebm/runs_pipeline_then_weighting/E2/E2_pipe_strict_last2b0005_P4_K100_s300k_20260405_003926/trajectory/step220000/metrics_compare.json
E2,E2_pipe_strict_last2b0005_P4_K100_s300k,Provisional weighting study at fixed P=4,pipe_strict,1,225000,76.62814176213209,1.1569843942262032,,/eagle/lc-mpi/Zhiqing/polaris_ebm/runs_pipeline_then_weighting/E2/E2_pipe_strict_last2b0005_P4_K100_s300k_20260405_003926/trajectory,/eagle/lc-mpi/Zhiqing/polaris_ebm/runs_pipeline_then_weighting/E2/E2_pipe_strict_last2b0005_P4_K100_s300k_20260405_003926/trajectory/step225000/metrics_compare.json
E2,E2_pipe_strict_last2b0005_P4_K100_s300k,Provisional weighting study at fixed P=4,pipe_strict,1,230000,91.81839578650113,2.9204554557403064,,/eagle/lc-mpi/Zhiqing/polaris_ebm/runs_pipeline_then_weighting/E2/E2_pipe_strict_last2b0005_P4_K100_s300k_20260405_003926/trajectory,/eagle/lc-mpi/Zhiqing/polaris_ebm/runs_pipeline_then_weighting/E2/E2_pipe_strict_last2b0005_P4_K100_s300k_20260405_003926/trajectory/step230000/metrics_compare.json
E2,E2_pipe_strict_last2b0005_P4_K100_s300k,Provisional weighting study at fixed P=4,pipe_strict,1,235000,73.06227905189797,1.082773748707936,,/eagle/lc-mpi/Zhiqing/polaris_ebm/runs_pipeline_then_weighting/E2/E2_pipe_strict_last2b0005_P4_K100_s300k_20260405_003926/trajectory,/eagle/lc-mpi/Zhiqing/polaris_ebm/runs_pipeline_then_weighting/E2/E2_pipe_strict_last2b0005_P4_K100_s300k_20260405_003926/trajectory/step235000/metrics_compare.json
E2,E2_pipe_strict_last2b0005_P4_K100_s300k,Provisional weighting study at fixed P=4,pipe_strict,1,240000,68.69371441433492,1.4583078156714357,,/eagle/lc-mpi/Zhiqing/polaris_ebm/runs_pipeline_then_weighting/E2/E2_pipe_strict_last2b0005_P4_K100_s300k_20260405_003926/trajectory,/eagle/lc-mpi/Zhiqing/polaris_ebm/runs_pipeline_then_weighting/E2/E2_pipe_strict_last2b0005_P4_K100_s300k_20260405_003926/trajectory/step240000/metrics_compare.json
E2,E2_pipe_strict_last2b0005_P4_K100_s300k,Provisional weighting study at fixed P=4,pipe_strict,1,245000,56.72982802352584,0.8212266356394302,,/eagle/lc-mpi/Zhiqing/polaris_ebm/runs_pipeline_then_weighting/E2/E2_pipe_strict_last2b0005_P4_K100_s300k_20260405_003926/trajectory,/eagle/lc-mpi/Zhiqing/polaris_ebm/runs_pipeline_then_weighting/E2/E2_pipe_strict_last2b0005_P4_K100_s300k_20260405_003926/trajectory/step245000/metrics_compare.json
E2,E2_pipe_strict_last2b0005_P4_K100_s300k,Provisional weighting study at fixed P=4,pipe_strict,1,250000,76.2614731504483,0.9670849763405513,,/eagle/lc-mpi/Zhiqing/polaris_ebm/runs_pipeline_then_weighting/E2/E2_pipe_strict_last2b0005_P4_K100_s300k_20260405_003926/trajectory,/eagle/lc-mpi/Zhiqing/polaris_ebm/runs_pipeline_then_weighting/E2/E2_pipe_strict_last2b0005_P4_K100_s300k_20260405_003926/trajectory/step250000/metrics_compare.json
E2,E2_pipe_strict_last2b0005_P4_K100_s300k,Provisional weighting study at fixed P=4,pipe_strict,1,255000,80.0348269993591,0.96210517146989,,/eagle/lc-mpi/Zhiqing/polaris_ebm/runs_pipeline_then_weighting/E2/E2_pipe_strict_last2b0005_P4_K100_s300k_20260405_003926/trajectory,/eagle/lc-mpi/Zhiqing/polaris_ebm/runs_pipeline_then_weighting/E2/E2_pipe_strict_last2b0005_P4_K100_s300k_20260405_003926/trajectory/step255000/metrics_compare.json
E2,E2_pipe_strict_last2b0005_P4_K100_s300k,Provisional weighting study at fixed P=4,pipe_strict,1,260000,62.576783410731366,0.9297086046783747,,/eagle/lc-mpi/Zhiqing/polaris_ebm/runs_pipeline_then_weighting/E2/E2_pipe_strict_last2b0005_P4_K100_s300k_20260405_003926/trajectory,/eagle/lc-mpi/Zhiqing/polaris_ebm/runs_pipeline_then_weighting/E2/E2_pipe_strict_last2b0005_P4_K100_s300k_20260405_003926/trajectory/step260000/metrics_compare.json
E2,E2_pipe_strict_last2b0005_P4_K100_s300k,Provisional weighting study at fixed P=4,pipe_strict,1,265000,77.83634739478987,4.868860846490833,,/eagle/lc-mpi/Zhiqing/polaris_ebm/runs_pipeline_then_weighting/E2/E2_pipe_strict_last2b0005_P4_K100_s300k_20260405_003926/trajectory,/eagle/lc-mpi/Zhiqing/polaris_ebm/runs_pipeline_then_weighting/E2/E2_pipe_strict_last2b0005_P4_K100_s300k_20260405_003926/trajectory/step265000/metrics_compare.json
E2,E2_pipe_strict_last2b0005_P4_K100_s300k,Provisional weighting study at fixed P=4,pipe_strict,1,270000,68.02553789749675,0.9531789729431033,,/eagle/lc-mpi/Zhiqing/polaris_ebm/runs_pipeline_then_weighting/E2/E2_pipe_strict_last2b0005_P4_K100_s300k_20260405_003926/trajectory,/eagle/lc-mpi/Zhiqing/polaris_ebm/runs_pipeline_then_weighting/E2/E2_pipe_strict_last2b0005_P4_K100_s300k_20260405_003926/trajectory/step270000/metrics_compare.json
E2,E2_pipe_strict_last2b0005_P4_K100_s300k,Provisional weighting study at fixed P=4,pipe_strict,1,275000,60.27392119973308,1.525871391207847,,/eagle/lc-mpi/Zhiqing/polaris_ebm/runs_pipeline_then_weighting/E2/E2_pipe_strict_last2b0005_P4_K100_s300k_20260405_003926/trajectory,/eagle/lc-mpi/Zhiqing/polaris_ebm/runs_pipeline_then_weighting/E2/E2_pipe_strict_last2b0005_P4_K100_s300k_20260405_003926/trajectory/step275000/metrics_compare.json
E2,E2_pipe_strict_last2b0005_P4_K100_s300k,Provisional weighting study at fixed P=4,pipe_strict,1,280000,62.9528406196207,0.43871658799595536,,/eagle/lc-mpi/Zhiqing/polaris_ebm/runs_pipeline_then_weighting/E2/E2_pipe_strict_last2b0005_P4_K100_s300k_20260405_003926/trajectory,/eagle/lc-mpi/Zhiqing/polaris_ebm/runs_pipeline_then_weighting/E2/E2_pipe_strict_last2b0005_P4_K100_s300k_20260405_003926/trajectory/step280000/metrics_compare.json
E2,E2_pipe_strict_last2b0005_P4_K100_s300k,Provisional weighting study at fixed P=4,pipe_strict,1,285000,69.23410697622774,0.7819701508223176,,/eagle/lc-mpi/Zhiqing/polaris_ebm/runs_pipeline_then_weighting/E2/E2_pipe_strict_last2b0005_P4_K100_s300k_20260405_003926/trajectory,/eagle/lc-mpi/Zhiqing/polaris_ebm/runs_pipeline_then_weighting/E2/E2_pipe_strict_last2b0005_P4_K100_s300k_20260405_003926/trajectory/step285000/metrics_compare.json
E2,E2_pipe_strict_last2b0005_P4_K100_s300k,Provisional weighting study at fixed P=4,pipe_strict,1,290000,68.25691726273283,0.6901721909831693,,/eagle/lc-mpi/Zhiqing/polaris_ebm/runs_pipeline_then_weighting/E2/E2_pipe_strict_last2b0005_P4_K100_s300k_20260405_003926/trajectory,/eagle/lc-mpi/Zhiqing/polaris_ebm/runs_pipeline_then_weighting/E2/E2_pipe_strict_last2b0005_P4_K100_s300k_20260405_003926/trajectory/step290000/metrics_compare.json
E2,E2_pipe_strict_last2b0005_P4_K100_s300k,Provisional weighting study at fixed P=4,pipe_strict,1,295000,72.4076991355521,3.4783613987311455,,/eagle/lc-mpi/Zhiqing/polaris_ebm/runs_pipeline_then_weighting/E2/E2_pipe_strict_last2b0005_P4_K100_s300k_20260405_003926/trajectory,/eagle/lc-mpi/Zhiqing/polaris_ebm/runs_pipeline_then_weighting/E2/E2_pipe_strict_last2b0005_P4_K100_s300k_20260405_003926/trajectory/step295000/metrics_compare.json
E2,E2_pipe_strict_last2b0005_P4_K100_s300k,Provisional weighting study at fixed P=4,pipe_strict,1,300000,86.57803764202293,0.8128791468680596,,/eagle/lc-mpi/Zhiqing/polaris_ebm/runs_pipeline_then_weighting/E2/E2_pipe_strict_last2b0005_P4_K100_s300k_20260405_003926/trajectory,/eagle/lc-mpi/Zhiqing/polaris_ebm/runs_pipeline_then_weighting/E2/E2_pipe_strict_last2b0005_P4_K100_s300k_20260405_003926/trajectory/step300000/metrics_compare.json
E2,E2_pipe_strict_last2b001_P4_K100_s300k,Provisional weighting study at fixed P=4,pipe_strict,1,5000,244.18676439608754,5.345264351147957,,/eagle/lc-mpi/Zhiqing/polaris_ebm/runs_pipeline_then_weighting/E2/E2_pipe_strict_last2b001_P4_K100_s300k_20260405_003926/trajectory,/eagle/lc-mpi/Zhiqing/polaris_ebm/runs_pipeline_then_weighting/E2/E2_pipe_strict_last2b001_P4_K100_s300k_20260405_003926/trajectory/step005000/metrics_compare.json
E2,E2_pipe_strict_last2b001_P4_K100_s300k,Provisional weighting study at fixed P=4,pipe_strict,1,10000,138.82256181022274,2.0869955777735854,,/eagle/lc-mpi/Zhiqing/polaris_ebm/runs_pipeline_then_weighting/E2/E2_pipe_strict_last2b001_P4_K100_s300k_20260405_003926/trajectory,/eagle/lc-mpi/Zhiqing/polaris_ebm/runs_pipeline_then_weighting/E2/E2_pipe_strict_last2b001_P4_K100_s300k_20260405_003926/trajectory/step010000/metrics_compare.json
E2,E2_pipe_strict_last2b001_P4_K100_s300k,Provisional weighting study at fixed P=4,pipe_strict,1,15000,127.15374439552198,4.99658430001579,,/eagle/lc-mpi/Zhiqing/polaris_ebm/runs_pipeline_then_weighting/E2/E2_pipe_strict_last2b001_P4_K100_s300k_20260405_003926/trajectory,/eagle/lc-mpi/Zhiqing/polaris_ebm/runs_pipeline_then_weighting/E2/E2_pipe_strict_last2b001_P4_K100_s300k_20260405_003926/trajectory/step015000/metrics_compare.json
E2,E2_pipe_strict_last2b001_P4_K100_s300k,Provisional weighting study at fixed P=4,pipe_strict,1,20000,119.26809836624278,1.5277940735088293,,/eagle/lc-mpi/Zhiqing/polaris_ebm/runs_pipeline_then_weighting/E2/E2_pipe_strict_last2b001_P4_K100_s300k_20260405_003926/trajectory,/eagle/lc-mpi/Zhiqing/polaris_ebm/runs_pipeline_then_weighting/E2/E2_pipe_strict_last2b001_P4_K100_s300k_20260405_003926/trajectory/step020000/metrics_compare.json
E2,E2_pipe_strict_last2b001_P4_K100_s300k,Provisional weighting study at fixed P=4,pipe_strict,1,25000,120.60620400937347,1.355264259570685,,/eagle/lc-mpi/Zhiqing/polaris_ebm/runs_pipeline_then_weighting/E2/E2_pipe_strict_last2b001_P4_K100_s300k_20260405_003926/trajectory,/eagle/lc-mpi/Zhiqing/polaris_ebm/runs_pipeline_then_weighting/E2/E2_pipe_strict_last2b001_P4_K100_s300k_20260405_003926/trajectory/step025000/metrics_compare.json
E2,E2_pipe_strict_last2b001_P4_K100_s300k,Provisional weighting study at fixed P=4,pipe_strict,1,30000,127.25144267193309,2.0236879089004773,,/eagle/lc-mpi/Zhiqing/polaris_ebm/runs_pipeline_then_weighting/E2/E2_pipe_strict_last2b001_P4_K100_s300k_20260405_003926/trajectory,/eagle/lc-mpi/Zhiqing/polaris_ebm/runs_pipeline_then_weighting/E2/E2_pipe_strict_last2b001_P4_K100_s300k_20260405_003926/trajectory/step030000/metrics_compare.json
E2,E2_pipe_strict_last2b001_P4_K100_s300k,Provisional weighting study at fixed P=4,pipe_strict,1,35000,92.40917223457825,1.159725143255681,,/eagle/lc-mpi/Zhiqing/polaris_ebm/runs_pipeline_then_weighting/E2/E2_pipe_strict_last2b001_P4_K100_s300k_20260405_003926/trajectory,/eagle/lc-mpi/Zhiqing/polaris_ebm/runs_pipeline_then_weighting/E2/E2_pipe_strict_last2b001_P4_K100_s300k_20260405_003926/trajectory/step035000/metrics_compare.json
E2,E2_pipe_strict_last2b001_P4_K100_s300k,Provisional weighting study at fixed P=4,pipe_strict,1,40000,93.07758526685774,1.584160923305154,,/eagle/lc-mpi/Zhiqing/polaris_ebm/runs_pipeline_then_weighting/E2/E2_pipe_strict_last2b001_P4_K100_s300k_20260405_003926/trajectory,/eagle/lc-mpi/Zhiqing/polaris_ebm/runs_pipeline_then_weighting/E2/E2_pipe_strict_last2b001_P4_K100_s300k_20260405_003926/trajectory/step040000/metrics_compare.json
E2,E2_pipe_strict_last2b001_P4_K100_s300k,Provisional weighting study at fixed P=4,pipe_strict,1,45000,105.66101656325168,2.046038658162237,,/eagle/lc-mpi/Zhiqing/polaris_ebm/runs_pipeline_then_weighting/E2/E2_pipe_strict_last2b001_P4_K100_s300k_20260405_003926/trajectory,/eagle/lc-mpi/Zhiqing/polaris_ebm/runs_pipeline_then_weighting/E2/E2_pipe_strict_last2b001_P4_K100_s300k_20260405_003926/trajectory/step045000/metrics_compare.json
E2,E2_pipe_strict_last2b001_P4_K100_s300k,Provisional weighting study at fixed P=4,pipe_strict,1,50000,113.1765151351799,2.8857864609648747,,/eagle/lc-mpi/Zhiqing/polaris_ebm/runs_pipeline_then_weighting/E2/E2_pipe_strict_last2b001_P4_K100_s300k_20260405_003926/trajectory,/eagle/lc-mpi/Zhiqing/polaris_ebm/runs_pipeline_then_weighting/E2/E2_pipe_strict_last2b001_P4_K100_s300k_20260405_003926/trajectory/step050000/metrics_compare.json
E2,E2_pipe_strict_last2b001_P4_K100_s300k,Provisional weighting study at fixed P=4,pipe_strict,1,55000,91.36298016166694,1.4195812478769732,,/eagle/lc-mpi/Zhiqing/polaris_ebm/runs_pipeline_then_weighting/E2/E2_pipe_strict_last2b001_P4_K100_s300k_20260405_003926/trajectory,/eagle/lc-mpi/Zhiqing/polaris_ebm/runs_pipeline_then_weighting/E2/E2_pipe_strict_last2b001_P4_K100_s300k_20260405_003926/trajectory/step055000/metrics_compare.json
E2,E2_pipe_strict_last2b001_P4_K100_s300k,Provisional weighting study at fixed P=4,pipe_strict,1,60000,108.87228037930493,1.5307162369914522,,/eagle/lc-mpi/Zhiqing/polaris_ebm/runs_pipeline_then_weighting/E2/E2_pipe_strict_last2b001_P4_K100_s300k_20260405_003926/trajectory,/eagle/lc-mpi/Zhiqing/polaris_ebm/runs_pipeline_then_weighting/E2/E2_pipe_strict_last2b001_P4_K100_s300k_20260405_003926/trajectory/step060000/metrics_compare.json
E2,E2_pipe_strict_last2b001_P4_K100_s300k,Provisional weighting study at fixed P=4,pipe_strict,1,65000,110.93056874966521,3.897062793106894,,/eagle/lc-mpi/Zhiqing/polaris_ebm/runs_pipeline_then_weighting/E2/E2_pipe_strict_last2b001_P4_K100_s300k_20260405_003926/trajectory,/eagle/lc-mpi/Zhiqing/polaris_ebm/runs_pipeline_then_weighting/E2/E2_pipe_strict_last2b001_P4_K100_s300k_20260405_003926/trajectory/step065000/metrics_compare.json
E2,E2_pipe_strict_last2b001_P4_K100_s300k,Provisional weighting study at fixed P=4,pipe_strict,1,70000,78.88600210885221,2.7814782346372553,,/eagle/lc-mpi/Zhiqing/polaris_ebm/runs_pipeline_then_weighting/E2/E2_pipe_strict_last2b001_P4_K100_s300k_20260405_003926/trajectory,/eagle/lc-mpi/Zhiqing/polaris_ebm/runs_pipeline_then_weighting/E2/E2_pipe_strict_last2b001_P4_K100_s300k_20260405_003926/trajectory/step070000/metrics_compare.json
E2,E2_pipe_strict_last2b001_P4_K100_s300k,Provisional weighting study at fixed P=4,pipe_strict,1,75000,115.23747342706474,1.073138711760535,,/eagle/lc-mpi/Zhiqing/polaris_ebm/runs_pipeline_then_weighting/E2/E2_pipe_strict_last2b001_P4_K100_s300k_20260405_003926/trajectory,/eagle/lc-mpi/Zhiqing/polaris_ebm/runs_pipeline_then_weighting/E2/E2_pipe_strict_last2b001_P4_K100_s300k_20260405_003926/trajectory/step075000/metrics_compare.json
E2,E2_pipe_strict_last2b001_P4_K100_s300k,Provisional weighting study at fixed P=4,pipe_strict,1,80000,78.57279846511392,2.5373007979937903,,/eagle/lc-mpi/Zhiqing/polaris_ebm/runs_pipeline_then_weighting/E2/E2_pipe_strict_last2b001_P4_K100_s300k_20260405_003926/trajectory,/eagle/lc-mpi/Zhiqing/polaris_ebm/runs_pipeline_then_weighting/E2/E2_pipe_strict_last2b001_P4_K100_s300k_20260405_003926/trajectory/step080000/metrics_compare.json
E2,E2_pipe_strict_last2b001_P4_K100_s300k,Provisional weighting study at fixed P=4,pipe_strict,1,85000,123.28606460355564,1.2206582089716562,,/eagle/lc-mpi/Zhiqing/polaris_ebm/runs_pipeline_then_weighting/E2/E2_pipe_strict_last2b001_P4_K100_s300k_20260405_003926/trajectory,/eagle/lc-mpi/Zhiqing/polaris_ebm/runs_pipeline_then_weighting/E2/E2_pipe_strict_last2b001_P4_K100_s300k_20260405_003926/trajectory/step085000/metrics_compare.json
E2,E2_pipe_strict_last2b001_P4_K100_s300k,Provisional weighting study at fixed P=4,pipe_strict,1,90000,72.7771412137322,0.6422280048733064,,/eagle/lc-mpi/Zhiqing/polaris_ebm/runs_pipeline_then_weighting/E2/E2_pipe_strict_last2b001_P4_K100_s300k_20260405_003926/trajectory,/eagle/lc-mpi/Zhiqing/polaris_ebm/runs_pipeline_then_weighting/E2/E2_pipe_strict_last2b001_P4_K100_s300k_20260405_003926/trajectory/step090000/metrics_compare.json
E2,E2_pipe_strict_last2b001_P4_K100_s300k,Provisional weighting study at fixed P=4,pipe_strict,1,95000,80.37343207722,2.302723152100608,,/eagle/lc-mpi/Zhiqing/polaris_ebm/runs_pipeline_then_weighting/E2/E2_pipe_strict_last2b001_P4_K100_s300k_20260405_003926/trajectory,/eagle/lc-mpi/Zhiqing/polaris_ebm/runs_pipeline_then_weighting/E2/E2_pipe_strict_last2b001_P4_K100_s300k_20260405_003926/trajectory/step095000/metrics_compare.json
E2,E2_pipe_strict_last2b001_P4_K100_s300k,Provisional weighting study at fixed P=4,pipe_strict,1,100000,78.59107215131036,0.5995860651298628,,/eagle/lc-mpi/Zhiqing/polaris_ebm/runs_pipeline_then_weighting/E2/E2_pipe_strict_last2b001_P4_K100_s300k_20260405_003926/trajectory,/eagle/lc-mpi/Zhiqing/polaris_ebm/runs_pipeline_then_weighting/E2/E2_pipe_strict_last2b001_P4_K100_s300k_20260405_003926/trajectory/step100000/metrics_compare.json
E2,E2_pipe_strict_last2b001_P4_K100_s300k,Provisional weighting study at fixed P=4,pipe_strict,1,105000,98.71483357575386,2.4250085235731618,,/eagle/lc-mpi/Zhiqing/polaris_ebm/runs_pipeline_then_weighting/E2/E2_pipe_strict_last2b001_P4_K100_s300k_20260405_003926/trajectory,/eagle/lc-mpi/Zhiqing/polaris_ebm/runs_pipeline_then_weighting/E2/E2_pipe_strict_last2b001_P4_K100_s300k_20260405_003926/trajectory/step105000/metrics_compare.json
E2,E2_pipe_strict_last2b001_P4_K100_s300k,Provisional weighting study at fixed P=4,pipe_strict,1,110000,73.27356779224664,1.5668148377254063,,/eagle/lc-mpi/Zhiqing/polaris_ebm/runs_pipeline_then_weighting/E2/E2_pipe_strict_last2b001_P4_K100_s300k_20260405_003926/trajectory,/eagle/lc-mpi/Zhiqing/polaris_ebm/runs_pipeline_then_weighting/E2/E2_pipe_strict_last2b001_P4_K100_s300k_20260405_003926/trajectory/step110000/metrics_compare.json
E2,E2_pipe_strict_last2b001_P4_K100_s300k,Provisional weighting study at fixed P=4,pipe_strict,1,115000,105.80415415008514,0.7132325001237163,,/eagle/lc-mpi/Zhiqing/polaris_ebm/runs_pipeline_then_weighting/E2/E2_pipe_strict_last2b001_P4_K100_s300k_20260405_003926/trajectory,/eagle/lc-mpi/Zhiqing/polaris_ebm/runs_pipeline_then_weighting/E2/E2_pipe_strict_last2b001_P4_K100_s300k_20260405_003926/trajectory/step115000/metrics_compare.json
E2,E2_pipe_strict_last2b001_P4_K100_s300k,Provisional weighting study at fixed P=4,pipe_strict,1,120000,84.54414827143444,0.892208691955819,,/eagle/lc-mpi/Zhiqing/polaris_ebm/runs_pipeline_then_weighting/E2/E2_pipe_strict_last2b001_P4_K100_s300k_20260405_003926/trajectory,/eagle/lc-mpi/Zhiqing/polaris_ebm/runs_pipeline_then_weighting/E2/E2_pipe_strict_last2b001_P4_K100_s300k_20260405_003926/trajectory/step120000/metrics_compare.json
E2,E2_pipe_strict_last2b001_P4_K100_s300k,Provisional weighting study at fixed P=4,pipe_strict,1,125000,78.34827440882805,1.2392904088357177,,/eagle/lc-mpi/Zhiqing/polaris_ebm/runs_pipeline_then_weighting/E2/E2_pipe_strict_last2b001_P4_K100_s300k_20260405_003926/trajectory,/eagle/lc-mpi/Zhiqing/polaris_ebm/runs_pipeline_then_weighting/E2/E2_pipe_strict_last2b001_P4_K100_s300k_20260405_003926/trajectory/step125000/metrics_compare.json
E2,E2_pipe_strict_last2b001_P4_K100_s300k,Provisional weighting study at fixed P=4,pipe_strict,1,130000,69.51744214138319,0.6125824181210788,,/eagle/lc-mpi/Zhiqing/polaris_ebm/runs_pipeline_then_weighting/E2/E2_pipe_strict_last2b001_P4_K100_s300k_20260405_003926/trajectory,/eagle/lc-mpi/Zhiqing/polaris_ebm/runs_pipeline_then_weighting/E2/E2_pipe_strict_last2b001_P4_K100_s300k_20260405_003926/trajectory/step130000/metrics_compare.json
E2,E2_pipe_strict_last2b001_P4_K100_s300k,Provisional weighting study at fixed P=4,pipe_strict,1,135000,91.82827519623004,0.6566672913883238,,/eagle/lc-mpi/Zhiqing/polaris_ebm/runs_pipeline_then_weighting/E2/E2_pipe_strict_last2b001_P4_K100_s300k_20260405_003926/trajectory,/eagle/lc-mpi/Zhiqing/polaris_ebm/runs_pipeline_then_weighting/E2/E2_pipe_strict_last2b001_P4_K100_s300k_20260405_003926/trajectory/step135000/metrics_compare.json
E2,E2_pipe_strict_last2b001_P4_K100_s300k,Provisional weighting study at fixed P=4,pipe_strict,1,140000,70.30812591351417,1.067909364313575,,/eagle/lc-mpi/Zhiqing/polaris_ebm/runs_pipeline_then_weighting/E2/E2_pipe_strict_last2b001_P4_K100_s300k_20260405_003926/trajectory,/eagle/lc-mpi/Zhiqing/polaris_ebm/runs_pipeline_then_weighting/E2/E2_pipe_strict_last2b001_P4_K100_s300k_20260405_003926/trajectory/step140000/metrics_compare.json
E2,E2_pipe_strict_last2b001_P4_K100_s300k,Provisional weighting study at fixed P=4,pipe_strict,1,145000,65.76692224911943,0.6530659022995486,,/eagle/lc-mpi/Zhiqing/polaris_ebm/runs_pipeline_then_weighting/E2/E2_pipe_strict_last2b001_P4_K100_s300k_20260405_003926/trajectory,/eagle/lc-mpi/Zhiqing/polaris_ebm/runs_pipeline_then_weighting/E2/E2_pipe_strict_last2b001_P4_K100_s300k_20260405_003926/trajectory/step145000/metrics_compare.json
E2,E2_pipe_strict_last2b001_P4_K100_s300k,Provisional weighting study at fixed P=4,pipe_strict,1,150000,75.31043294283518,1.1894169039848457,,/eagle/lc-mpi/Zhiqing/polaris_ebm/runs_pipeline_then_weighting/E2/E2_pipe_strict_last2b001_P4_K100_s300k_20260405_003926/trajectory,/eagle/lc-mpi/Zhiqing/polaris_ebm/runs_pipeline_then_weighting/E2/E2_pipe_strict_last2b001_P4_K100_s300k_20260405_003926/trajectory/step150000/metrics_compare.json
E2,E2_pipe_strict_last2b001_P4_K100_s300k,Provisional weighting study at fixed P=4,pipe_strict,1,155000,69.58788097746316,0.816346429211098,,/eagle/lc-mpi/Zhiqing/polaris_ebm/runs_pipeline_then_weighting/E2/E2_pipe_strict_last2b001_P4_K100_s300k_20260405_003926/trajectory,/eagle/lc-mpi/Zhiqing/polaris_ebm/runs_pipeline_then_weighting/E2/E2_pipe_strict_last2b001_P4_K100_s300k_20260405_003926/trajectory/step155000/metrics_compare.json
E2,E2_pipe_strict_last2b001_P4_K100_s300k,Provisional weighting study at fixed P=4,pipe_strict,1,160000,78.03036128489794,0.5314562335988704,,/eagle/lc-mpi/Zhiqing/polaris_ebm/runs_pipeline_then_weighting/E2/E2_pipe_strict_last2b001_P4_K100_s300k_20260405_003926/trajectory,/eagle/lc-mpi/Zhiqing/polaris_ebm/runs_pipeline_then_weighting/E2/E2_pipe_strict_last2b001_P4_K100_s300k_20260405_003926/trajectory/step160000/metrics_compare.json
E2,E2_pipe_strict_last2b001_P4_K100_s300k,Provisional weighting study at fixed P=4,pipe_strict,1,165000,70.7675988095337,1.1618643275031708,,/eagle/lc-mpi/Zhiqing/polaris_ebm/runs_pipeline_then_weighting/E2/E2_pipe_strict_last2b001_P4_K100_s300k_20260405_003926/trajectory,/eagle/lc-mpi/Zhiqing/polaris_ebm/runs_pipeline_then_weighting/E2/E2_pipe_strict_last2b001_P4_K100_s300k_20260405_003926/trajectory/step165000/metrics_compare.json
E2,E2_pipe_strict_last2b001_P4_K100_s300k,Provisional weighting study at fixed P=4,pipe_strict,1,170000,75.75077011015145,0.5363548686298039,,/eagle/lc-mpi/Zhiqing/polaris_ebm/runs_pipeline_then_weighting/E2/E2_pipe_strict_last2b001_P4_K100_s300k_20260405_003926/trajectory,/eagle/lc-mpi/Zhiqing/polaris_ebm/runs_pipeline_then_weighting/E2/E2_pipe_strict_last2b001_P4_K100_s300k_20260405_003926/trajectory/step170000/metrics_compare.json
E2,E2_pipe_strict_last2b001_P4_K100_s300k,Provisional weighting study at fixed P=4,pipe_strict,1,175000,82.54744053094612,1.0617224886419052,,/eagle/lc-mpi/Zhiqing/polaris_ebm/runs_pipeline_then_weighting/E2/E2_pipe_strict_last2b001_P4_K100_s300k_20260405_003926/trajectory,/eagle/lc-mpi/Zhiqing/polaris_ebm/runs_pipeline_then_weighting/E2/E2_pipe_strict_last2b001_P4_K100_s300k_20260405_003926/trajectory/step175000/metrics_compare.json
E2,E2_pipe_strict_last2b001_P4_K100_s300k,Provisional weighting study at fixed P=4,pipe_strict,1,180000,80.58093977203805,0.774565383917377,,/eagle/lc-mpi/Zhiqing/polaris_ebm/runs_pipeline_then_weighting/E2/E2_pipe_strict_last2b001_P4_K100_s300k_20260405_003926/trajectory,/eagle/lc-mpi/Zhiqing/polaris_ebm/runs_pipeline_then_weighting/E2/E2_pipe_strict_last2b001_P4_K100_s300k_20260405_003926/trajectory/step180000/metrics_compare.json
E2,E2_pipe_strict_last2b001_P4_K100_s300k,Provisional weighting study at fixed P=4,pipe_strict,1,185000,77.22748100852681,1.2930597177927439,,/eagle/lc-mpi/Zhiqing/polaris_ebm/runs_pipeline_then_weighting/E2/E2_pipe_strict_last2b001_P4_K100_s300k_20260405_003926/trajectory,/eagle/lc-mpi/Zhiqing/polaris_ebm/runs_pipeline_then_weighting/E2/E2_pipe_strict_last2b001_P4_K100_s300k_20260405_003926/trajectory/step185000/metrics_compare.json
E2,E2_pipe_strict_last2b001_P4_K100_s300k,Provisional weighting study at fixed P=4,pipe_strict,1,190000,66.94401338470897,0.6678548092106773,,/eagle/lc-mpi/Zhiqing/polaris_ebm/runs_pipeline_then_weighting/E2/E2_pipe_strict_last2b001_P4_K100_s300k_20260405_003926/trajectory,/eagle/lc-mpi/Zhiqing/polaris_ebm/runs_pipeline_then_weighting/E2/E2_pipe_strict_last2b001_P4_K100_s300k_20260405_003926/trajectory/step190000/metrics_compare.json
E2,E2_pipe_strict_last2b001_P4_K100_s300k,Provisional weighting study at fixed P=4,pipe_strict,1,195000,81.58602426735331,0.6530674213676129,,/eagle/lc-mpi/Zhiqing/polaris_ebm/runs_pipeline_then_weighting/E2/E2_pipe_strict_last2b001_P4_K100_s300k_20260405_003926/trajectory,/eagle/lc-mpi/Zhiqing/polaris_ebm/runs_pipeline_then_weighting/E2/E2_pipe_strict_last2b001_P4_K100_s300k_20260405_003926/trajectory/step195000/metrics_compare.json
E2,E2_pipe_strict_last2b001_P4_K100_s300k,Provisional weighting study at fixed P=4,pipe_strict,1,200000,66.04250453751604,0.5507331322331197,,/eagle/lc-mpi/Zhiqing/polaris_ebm/runs_pipeline_then_weighting/E2/E2_pipe_strict_last2b001_P4_K100_s300k_20260405_003926/trajectory,/eagle/lc-mpi/Zhiqing/polaris_ebm/runs_pipeline_then_weighting/E2/E2_pipe_strict_last2b001_P4_K100_s300k_20260405_003926/trajectory/step200000/metrics_compare.json
E2,E2_pipe_strict_last2b001_P4_K100_s300k,Provisional weighting study at fixed P=4,pipe_strict,1,205000,79.90321366635123,1.1769572005508735,,/eagle/lc-mpi/Zhiqing/polaris_ebm/runs_pipeline_then_weighting/E2/E2_pipe_strict_last2b001_P4_K100_s300k_20260405_003926/trajectory,/eagle/lc-mpi/Zhiqing/polaris_ebm/runs_pipeline_then_weighting/E2/E2_pipe_strict_last2b001_P4_K100_s300k_20260405_003926/trajectory/step205000/metrics_compare.json
E2,E2_pipe_strict_last2b001_P4_K100_s300k,Provisional weighting study at fixed P=4,pipe_strict,1,210000,77.3051570963608,2.5201318141413367,,/eagle/lc-mpi/Zhiqing/polaris_ebm/runs_pipeline_then_weighting/E2/E2_pipe_strict_last2b001_P4_K100_s300k_20260405_003926/trajectory,/eagle/lc-mpi/Zhiqing/polaris_ebm/runs_pipeline_then_weighting/E2/E2_pipe_strict_last2b001_P4_K100_s300k_20260405_003926/trajectory/step210000/metrics_compare.json
E2,E2_pipe_strict_last2b001_P4_K100_s300k,Provisional weighting study at fixed P=4,pipe_strict,1,215000,80.95633128520257,0.7975379510373273,,/eagle/lc-mpi/Zhiqing/polaris_ebm/runs_pipeline_then_weighting/E2/E2_pipe_strict_last2b001_P4_K100_s300k_20260405_003926/trajectory,/eagle/lc-mpi/Zhiqing/polaris_ebm/runs_pipeline_then_weighting/E2/E2_pipe_strict_last2b001_P4_K100_s300k_20260405_003926/trajectory/step215000/metrics_compare.json
E2,E2_pipe_strict_last2b001_P4_K100_s300k,Provisional weighting study at fixed P=4,pipe_strict,1,220000,95.77617799268614,1.9613145018928417,,/eagle/lc-mpi/Zhiqing/polaris_ebm/runs_pipeline_then_weighting/E2/E2_pipe_strict_last2b001_P4_K100_s300k_20260405_003926/trajectory,/eagle/lc-mpi/Zhiqing/polaris_ebm/runs_pipeline_then_weighting/E2/E2_pipe_strict_last2b001_P4_K100_s300k_20260405_003926/trajectory/step220000/metrics_compare.json
E2,E2_pipe_strict_last2b001_P4_K100_s300k,Provisional weighting study at fixed P=4,pipe_strict,1,225000,72.8668139119954,0.625375893425673,,/eagle/lc-mpi/Zhiqing/polaris_ebm/runs_pipeline_then_weighting/E2/E2_pipe_strict_last2b001_P4_K100_s300k_20260405_003926/trajectory,/eagle/lc-mpi/Zhiqing/polaris_ebm/runs_pipeline_then_weighting/E2/E2_pipe_strict_last2b001_P4_K100_s300k_20260405_003926/trajectory/step225000/metrics_compare.json
E2,E2_pipe_strict_last2b001_P4_K100_s300k,Provisional weighting study at fixed P=4,pipe_strict,1,230000,67.16033252542849,1.3102305893125852,,/eagle/lc-mpi/Zhiqing/polaris_ebm/runs_pipeline_then_weighting/E2/E2_pipe_strict_last2b001_P4_K100_s300k_20260405_003926/trajectory,/eagle/lc-mpi/Zhiqing/polaris_ebm/runs_pipeline_then_weighting/E2/E2_pipe_strict_last2b001_P4_K100_s300k_20260405_003926/trajectory/step230000/metrics_compare.json
E2,E2_pipe_strict_last2b001_P4_K100_s300k,Provisional weighting study at fixed P=4,pipe_strict,1,235000,71.41196011329504,0.39487515500758263,,/eagle/lc-mpi/Zhiqing/polaris_ebm/runs_pipeline_then_weighting/E2/E2_pipe_strict_last2b001_P4_K100_s300k_20260405_003926/trajectory,/eagle/lc-mpi/Zhiqing/polaris_ebm/runs_pipeline_then_weighting/E2/E2_pipe_strict_last2b001_P4_K100_s300k_20260405_003926/trajectory/step235000/metrics_compare.json
E2,E2_pipe_strict_last2b001_P4_K100_s300k,Provisional weighting study at fixed P=4,pipe_strict,1,240000,81.11347409533056,2.584287733920398,,/eagle/lc-mpi/Zhiqing/polaris_ebm/runs_pipeline_then_weighting/E2/E2_pipe_strict_last2b001_P4_K100_s300k_20260405_003926/trajectory,/eagle/lc-mpi/Zhiqing/polaris_ebm/runs_pipeline_then_weighting/E2/E2_pipe_strict_last2b001_P4_K100_s300k_20260405_003926/trajectory/step240000/metrics_compare.json
E2,E2_pipe_strict_last2b001_P4_K100_s300k,Provisional weighting study at fixed P=4,pipe_strict,1,245000,84.83091132651168,2.016412826956639,,/eagle/lc-mpi/Zhiqing/polaris_ebm/runs_pipeline_then_weighting/E2/E2_pipe_strict_last2b001_P4_K100_s300k_20260405_003926/trajectory,/eagle/lc-mpi/Zhiqing/polaris_ebm/runs_pipeline_then_weighting/E2/E2_pipe_strict_last2b001_P4_K100_s300k_20260405_003926/trajectory/step245000/metrics_compare.json
E2,E2_pipe_strict_last2b001_P4_K100_s300k,Provisional weighting study at fixed P=4,pipe_strict,1,250000,65.98037284643601,0.8819899716077835,,/eagle/lc-mpi/Zhiqing/polaris_ebm/runs_pipeline_then_weighting/E2/E2_pipe_strict_last2b001_P4_K100_s300k_20260405_003926/trajectory,/eagle/lc-mpi/Zhiqing/polaris_ebm/runs_pipeline_then_weighting/E2/E2_pipe_strict_last2b001_P4_K100_s300k_20260405_003926/trajectory/step250000/metrics_compare.json
E2,E2_pipe_strict_last2b001_P4_K100_s300k,Provisional weighting study at fixed P=4,pipe_strict,1,255000,73.34511105339294,1.2774640353076947,,/eagle/lc-mpi/Zhiqing/polaris_ebm/runs_pipeline_then_weighting/E2/E2_pipe_strict_last2b001_P4_K100_s300k_20260405_003926/trajectory,/eagle/lc-mpi/Zhiqing/polaris_ebm/runs_pipeline_then_weighting/E2/E2_pipe_strict_last2b001_P4_K100_s300k_20260405_003926/trajectory/step255000/metrics_compare.json
E2,E2_pipe_strict_last2b001_P4_K100_s300k,Provisional weighting study at fixed P=4,pipe_strict,1,260000,65.07578799624713,0.61748823029912,,/eagle/lc-mpi/Zhiqing/polaris_ebm/runs_pipeline_then_weighting/E2/E2_pipe_strict_last2b001_P4_K100_s300k_20260405_003926/trajectory,/eagle/lc-mpi/Zhiqing/polaris_ebm/runs_pipeline_then_weighting/E2/E2_pipe_strict_last2b001_P4_K100_s300k_20260405_003926/trajectory/step260000/metrics_compare.json
E2,E2_pipe_strict_last2b001_P4_K100_s300k,Provisional weighting study at fixed P=4,pipe_strict,1,265000,79.45299609004746,3.115714338168619,,/eagle/lc-mpi/Zhiqing/polaris_ebm/runs_pipeline_then_weighting/E2/E2_pipe_strict_last2b001_P4_K100_s300k_20260405_003926/trajectory,/eagle/lc-mpi/Zhiqing/polaris_ebm/runs_pipeline_then_weighting/E2/E2_pipe_strict_last2b001_P4_K100_s300k_20260405_003926/trajectory/step265000/metrics_compare.json
E2,E2_pipe_strict_last2b001_P4_K100_s300k,Provisional weighting study at fixed P=4,pipe_strict,1,270000,60.68704339559201,0.946094963243354,,/eagle/lc-mpi/Zhiqing/polaris_ebm/runs_pipeline_then_weighting/E2/E2_pipe_strict_last2b001_P4_K100_s300k_20260405_003926/trajectory,/eagle/lc-mpi/Zhiqing/polaris_ebm/runs_pipeline_then_weighting/E2/E2_pipe_strict_last2b001_P4_K100_s300k_20260405_003926/trajectory/step270000/metrics_compare.json
E2,E2_pipe_strict_last2b001_P4_K100_s300k,Provisional weighting study at fixed P=4,pipe_strict,1,275000,64.24300246805217,2.2814487180148113,,/eagle/lc-mpi/Zhiqing/polaris_ebm/runs_pipeline_then_weighting/E2/E2_pipe_strict_last2b001_P4_K100_s300k_20260405_003926/trajectory,/eagle/lc-mpi/Zhiqing/polaris_ebm/runs_pipeline_then_weighting/E2/E2_pipe_strict_last2b001_P4_K100_s300k_20260405_003926/trajectory/step275000/metrics_compare.json
E2,E2_pipe_strict_last2b001_P4_K100_s300k,Provisional weighting study at fixed P=4,pipe_strict,1,280000,72.93263949885488,0.9638303538658164,,/eagle/lc-mpi/Zhiqing/polaris_ebm/runs_pipeline_then_weighting/E2/E2_pipe_strict_last2b001_P4_K100_s300k_20260405_003926/trajectory,/eagle/lc-mpi/Zhiqing/polaris_ebm/runs_pipeline_then_weighting/E2/E2_pipe_strict_last2b001_P4_K100_s300k_20260405_003926/trajectory/step280000/metrics_compare.json
E2,E2_pipe_strict_last2b001_P4_K100_s300k,Provisional weighting study at fixed P=4,pipe_strict,1,285000,83.34505887281983,0.6674374650938795,,/eagle/lc-mpi/Zhiqing/polaris_ebm/runs_pipeline_then_weighting/E2/E2_pipe_strict_last2b001_P4_K100_s300k_20260405_003926/trajectory,/eagle/lc-mpi/Zhiqing/polaris_ebm/runs_pipeline_then_weighting/E2/E2_pipe_strict_last2b001_P4_K100_s300k_20260405_003926/trajectory/step285000/metrics_compare.json
E2,E2_pipe_strict_last2b001_P4_K100_s300k,Provisional weighting study at fixed P=4,pipe_strict,1,290000,93.25133559860387,0.5585519846387292,,/eagle/lc-mpi/Zhiqing/polaris_ebm/runs_pipeline_then_weighting/E2/E2_pipe_strict_last2b001_P4_K100_s300k_20260405_003926/trajectory,/eagle/lc-mpi/Zhiqing/polaris_ebm/runs_pipeline_then_weighting/E2/E2_pipe_strict_last2b001_P4_K100_s300k_20260405_003926/trajectory/step290000/metrics_compare.json
E2,E2_pipe_strict_last2b001_P4_K100_s300k,Provisional weighting study at fixed P=4,pipe_strict,1,295000,78.6557443780112,1.7923664326489046,,/eagle/lc-mpi/Zhiqing/polaris_ebm/runs_pipeline_then_weighting/E2/E2_pipe_strict_last2b001_P4_K100_s300k_20260405_003926/trajectory,/eagle/lc-mpi/Zhiqing/polaris_ebm/runs_pipeline_then_weighting/E2/E2_pipe_strict_last2b001_P4_K100_s300k_20260405_003926/trajectory/step295000/metrics_compare.json
E2,E2_pipe_strict_last2b001_P4_K100_s300k,Provisional weighting study at fixed P=4,pipe_strict,1,300000,68.04799612110031,0.8046256841503237,,/eagle/lc-mpi/Zhiqing/polaris_ebm/runs_pipeline_then_weighting/E2/E2_pipe_strict_last2b001_P4_K100_s300k_20260405_003926/trajectory,/eagle/lc-mpi/Zhiqing/polaris_ebm/runs_pipeline_then_weighting/E2/E2_pipe_strict_last2b001_P4_K100_s300k_20260405_003926/trajectory/step300000/metrics_compare.json
E2,E2_pipe_strict_last2b002_P4_K100_s300k,Provisional weighting study at fixed P=4,pipe_strict,1,5000,232.75888375357644,3.61683176958719,,/eagle/lc-mpi/Zhiqing/polaris_ebm/runs_pipeline_then_weighting/E2/E2_pipe_strict_last2b002_P4_K100_s300k_20260405_003926/trajectory,/eagle/lc-mpi/Zhiqing/polaris_ebm/runs_pipeline_then_weighting/E2/E2_pipe_strict_last2b002_P4_K100_s300k_20260405_003926/trajectory/step005000/metrics_compare.json
E2,E2_pipe_strict_last2b002_P4_K100_s300k,Provisional weighting study at fixed P=4,pipe_strict,1,10000,154.60494489321735,1.6185416111749689,,/eagle/lc-mpi/Zhiqing/polaris_ebm/runs_pipeline_then_weighting/E2/E2_pipe_strict_last2b002_P4_K100_s300k_20260405_003926/trajectory,/eagle/lc-mpi/Zhiqing/polaris_ebm/runs_pipeline_then_weighting/E2/E2_pipe_strict_last2b002_P4_K100_s300k_20260405_003926/trajectory/step010000/metrics_compare.json
E2,E2_pipe_strict_last2b002_P4_K100_s300k,Provisional weighting study at fixed P=4,pipe_strict,1,15000,126.12571795634045,3.6351504138580566,,/eagle/lc-mpi/Zhiqing/polaris_ebm/runs_pipeline_then_weighting/E2/E2_pipe_strict_last2b002_P4_K100_s300k_20260405_003926/trajectory,/eagle/lc-mpi/Zhiqing/polaris_ebm/runs_pipeline_then_weighting/E2/E2_pipe_strict_last2b002_P4_K100_s300k_20260405_003926/trajectory/step015000/metrics_compare.json
E2,E2_pipe_strict_last2b002_P4_K100_s300k,Provisional weighting study at fixed P=4,pipe_strict,1,20000,106.55069609836772,1.402721144252446,,/eagle/lc-mpi/Zhiqing/polaris_ebm/runs_pipeline_then_weighting/E2/E2_pipe_strict_last2b002_P4_K100_s300k_20260405_003926/trajectory,/eagle/lc-mpi/Zhiqing/polaris_ebm/runs_pipeline_then_weighting/E2/E2_pipe_strict_last2b002_P4_K100_s300k_20260405_003926/trajectory/step020000/metrics_compare.json
E2,E2_pipe_strict_last2b002_P4_K100_s300k,Provisional weighting study at fixed P=4,pipe_strict,1,25000,135.9658061112679,1.2627755357115689,,/eagle/lc-mpi/Zhiqing/polaris_ebm/runs_pipeline_then_weighting/E2/E2_pipe_strict_last2b002_P4_K100_s300k_20260405_003926/trajectory,/eagle/lc-mpi/Zhiqing/polaris_ebm/runs_pipeline_then_weighting/E2/E2_pipe_strict_last2b002_P4_K100_s300k_20260405_003926/trajectory/step025000/metrics_compare.json
E2,E2_pipe_strict_last2b002_P4_K100_s300k,Provisional weighting study at fixed P=4,pipe_strict,1,30000,94.19206779541366,5.3725103294883105,,/eagle/lc-mpi/Zhiqing/polaris_ebm/runs_pipeline_then_weighting/E2/E2_pipe_strict_last2b002_P4_K100_s300k_20260405_003926/trajectory,/eagle/lc-mpi/Zhiqing/polaris_ebm/runs_pipeline_then_weighting/E2/E2_pipe_strict_last2b002_P4_K100_s300k_20260405_003926/trajectory/step030000/metrics_compare.json
E2,E2_pipe_strict_last2b002_P4_K100_s300k,Provisional weighting study at fixed P=4,pipe_strict,1,35000,87.52981549598155,1.9223500659758344,,/eagle/lc-mpi/Zhiqing/polaris_ebm/runs_pipeline_then_weighting/E2/E2_pipe_strict_last2b002_P4_K100_s300k_20260405_003926/trajectory,/eagle/lc-mpi/Zhiqing/polaris_ebm/runs_pipeline_then_weighting/E2/E2_pipe_strict_last2b002_P4_K100_s300k_20260405_003926/trajectory/step035000/metrics_compare.json
E2,E2_pipe_strict_last2b002_P4_K100_s300k,Provisional weighting study at fixed P=4,pipe_strict,1,40000,101.11811035078682,2.99690502326618,,/eagle/lc-mpi/Zhiqing/polaris_ebm/runs_pipeline_then_weighting/E2/E2_pipe_strict_last2b002_P4_K100_s300k_20260405_003926/trajectory,/eagle/lc-mpi/Zhiqing/polaris_ebm/runs_pipeline_then_weighting/E2/E2_pipe_strict_last2b002_P4_K100_s300k_20260405_003926/trajectory/step040000/metrics_compare.json
E2,E2_pipe_strict_last2b002_P4_K100_s300k,Provisional weighting study at fixed P=4,pipe_strict,1,45000,100.48921722217437,1.082424194840872,,/eagle/lc-mpi/Zhiqing/polaris_ebm/runs_pipeline_then_weighting/E2/E2_pipe_strict_last2b002_P4_K100_s300k_20260405_003926/trajectory,/eagle/lc-mpi/Zhiqing/polaris_ebm/runs_pipeline_then_weighting/E2/E2_pipe_strict_last2b002_P4_K100_s300k_20260405_003926/trajectory/step045000/metrics_compare.json
E2,E2_pipe_strict_last2b002_P4_K100_s300k,Provisional weighting study at fixed P=4,pipe_strict,1,50000,95.84276067133891,1.6704514183661026,,/eagle/lc-mpi/Zhiqing/polaris_ebm/runs_pipeline_then_weighting/E2/E2_pipe_strict_last2b002_P4_K100_s300k_20260405_003926/trajectory,/eagle/lc-mpi/Zhiqing/polaris_ebm/runs_pipeline_then_weighting/E2/E2_pipe_strict_last2b002_P4_K100_s300k_20260405_003926/trajectory/step050000/metrics_compare.json
E2,E2_pipe_strict_last2b002_P4_K100_s300k,Provisional weighting study at fixed P=4,pipe_strict,1,55000,79.80984807887626,4.705684906317888,,/eagle/lc-mpi/Zhiqing/polaris_ebm/runs_pipeline_then_weighting/E2/E2_pipe_strict_last2b002_P4_K100_s300k_20260405_003926/trajectory,/eagle/lc-mpi/Zhiqing/polaris_ebm/runs_pipeline_then_weighting/E2/E2_pipe_strict_last2b002_P4_K100_s300k_20260405_003926/trajectory/step055000/metrics_compare.json
E2,E2_pipe_strict_last2b002_P4_K100_s300k,Provisional weighting study at fixed P=4,pipe_strict,1,60000,83.61052214274588,0.9198810567812004,,/eagle/lc-mpi/Zhiqing/polaris_ebm/runs_pipeline_then_weighting/E2/E2_pipe_strict_last2b002_P4_K100_s300k_20260405_003926/trajectory,/eagle/lc-mpi/Zhiqing/polaris_ebm/runs_pipeline_then_weighting/E2/E2_pipe_strict_last2b002_P4_K100_s300k_20260405_003926/trajectory/step060000/metrics_compare.json
E2,E2_pipe_strict_last2b002_P4_K100_s300k,Provisional weighting study at fixed P=4,pipe_strict,1,65000,94.26096782949628,1.151729334809616,,/eagle/lc-mpi/Zhiqing/polaris_ebm/runs_pipeline_then_weighting/E2/E2_pipe_strict_last2b002_P4_K100_s300k_20260405_003926/trajectory,/eagle/lc-mpi/Zhiqing/polaris_ebm/runs_pipeline_then_weighting/E2/E2_pipe_strict_last2b002_P4_K100_s300k_20260405_003926/trajectory/step065000/metrics_compare.json
E2,E2_pipe_strict_last2b002_P4_K100_s300k,Provisional weighting study at fixed P=4,pipe_strict,1,70000,95.91051966271039,0.729320199350866,,/eagle/lc-mpi/Zhiqing/polaris_ebm/runs_pipeline_then_weighting/E2/E2_pipe_strict_last2b002_P4_K100_s300k_20260405_003926/trajectory,/eagle/lc-mpi/Zhiqing/polaris_ebm/runs_pipeline_then_weighting/E2/E2_pipe_strict_last2b002_P4_K100_s300k_20260405_003926/trajectory/step070000/metrics_compare.json
E2,E2_pipe_strict_last2b002_P4_K100_s300k,Provisional weighting study at fixed P=4,pipe_strict,1,75000,109.55975295928403,2.0779018116290437,,/eagle/lc-mpi/Zhiqing/polaris_ebm/runs_pipeline_then_weighting/E2/E2_pipe_strict_last2b002_P4_K100_s300k_20260405_003926/trajectory,/eagle/lc-mpi/Zhiqing/polaris_ebm/runs_pipeline_then_weighting/E2/E2_pipe_strict_last2b002_P4_K100_s300k_20260405_003926/trajectory/step075000/metrics_compare.json
E2,E2_pipe_strict_last2b002_P4_K100_s300k,Provisional weighting study at fixed P=4,pipe_strict,1,80000,92.01522066182747,0.8872320702048384,,/eagle/lc-mpi/Zhiqing/polaris_ebm/runs_pipeline_then_weighting/E2/E2_pipe_strict_last2b002_P4_K100_s300k_20260405_003926/trajectory,/eagle/lc-mpi/Zhiqing/polaris_ebm/runs_pipeline_then_weighting/E2/E2_pipe_strict_last2b002_P4_K100_s300k_20260405_003926/trajectory/step080000/metrics_compare.json
E2,E2_pipe_strict_last2b002_P4_K100_s300k,Provisional weighting study at fixed P=4,pipe_strict,1,85000,91.84731392465108,2.530809664386883,,/eagle/lc-mpi/Zhiqing/polaris_ebm/runs_pipeline_then_weighting/E2/E2_pipe_strict_last2b002_P4_K100_s300k_20260405_003926/trajectory,/eagle/lc-mpi/Zhiqing/polaris_ebm/runs_pipeline_then_weighting/E2/E2_pipe_strict_last2b002_P4_K100_s300k_20260405_003926/trajectory/step085000/metrics_compare.json
E2,E2_pipe_strict_last2b002_P4_K100_s300k,Provisional weighting study at fixed P=4,pipe_strict,1,90000,84.57423510439173,0.8806742979040187,,/eagle/lc-mpi/Zhiqing/polaris_ebm/runs_pipeline_then_weighting/E2/E2_pipe_strict_last2b002_P4_K100_s300k_20260405_003926/trajectory,/eagle/lc-mpi/Zhiqing/polaris_ebm/runs_pipeline_then_weighting/E2/E2_pipe_strict_last2b002_P4_K100_s300k_20260405_003926/trajectory/step090000/metrics_compare.json
E2,E2_pipe_strict_last2b002_P4_K100_s300k,Provisional weighting study at fixed P=4,pipe_strict,1,95000,76.95584389296414,1.5148699340719283,,/eagle/lc-mpi/Zhiqing/polaris_ebm/runs_pipeline_then_weighting/E2/E2_pipe_strict_last2b002_P4_K100_s300k_20260405_003926/trajectory,/eagle/lc-mpi/Zhiqing/polaris_ebm/runs_pipeline_then_weighting/E2/E2_pipe_strict_last2b002_P4_K100_s300k_20260405_003926/trajectory/step095000/metrics_compare.json
E2,E2_pipe_strict_last2b002_P4_K100_s300k,Provisional weighting study at fixed P=4,pipe_strict,1,100000,74.06456365032602,0.6420483410538402,,/eagle/lc-mpi/Zhiqing/polaris_ebm/runs_pipeline_then_weighting/E2/E2_pipe_strict_last2b002_P4_K100_s300k_20260405_003926/trajectory,/eagle/lc-mpi/Zhiqing/polaris_ebm/runs_pipeline_then_weighting/E2/E2_pipe_strict_last2b002_P4_K100_s300k_20260405_003926/trajectory/step100000/metrics_compare.json
E2,E2_pipe_strict_last2b002_P4_K100_s300k,Provisional weighting study at fixed P=4,pipe_strict,1,105000,88.51484985377942,1.9468634722103033,,/eagle/lc-mpi/Zhiqing/polaris_ebm/runs_pipeline_then_weighting/E2/E2_pipe_strict_last2b002_P4_K100_s300k_20260405_003926/trajectory,/eagle/lc-mpi/Zhiqing/polaris_ebm/runs_pipeline_then_weighting/E2/E2_pipe_strict_last2b002_P4_K100_s300k_20260405_003926/trajectory/step105000/metrics_compare.json
E2,E2_pipe_strict_last2b002_P4_K100_s300k,Provisional weighting study at fixed P=4,pipe_strict,1,110000,77.6255111752393,2.119857888610529,,/eagle/lc-mpi/Zhiqing/polaris_ebm/runs_pipeline_then_weighting/E2/E2_pipe_strict_last2b002_P4_K100_s300k_20260405_003926/trajectory,/eagle/lc-mpi/Zhiqing/polaris_ebm/runs_pipeline_then_weighting/E2/E2_pipe_strict_last2b002_P4_K100_s300k_20260405_003926/trajectory/step110000/metrics_compare.json
E2,E2_pipe_strict_last2b002_P4_K100_s300k,Provisional weighting study at fixed P=4,pipe_strict,1,115000,86.71682299891461,1.0662671678325069,,/eagle/lc-mpi/Zhiqing/polaris_ebm/runs_pipeline_then_weighting/E2/E2_pipe_strict_last2b002_P4_K100_s300k_20260405_003926/trajectory,/eagle/lc-mpi/Zhiqing/polaris_ebm/runs_pipeline_then_weighting/E2/E2_pipe_strict_last2b002_P4_K100_s300k_20260405_003926/trajectory/step115000/metrics_compare.json
E2,E2_pipe_strict_last2b002_P4_K100_s300k,Provisional weighting study at fixed P=4,pipe_strict,1,120000,93.75525839947977,1.2378222359963083,,/eagle/lc-mpi/Zhiqing/polaris_ebm/runs_pipeline_then_weighting/E2/E2_pipe_strict_last2b002_P4_K100_s300k_20260405_003926/trajectory,/eagle/lc-mpi/Zhiqing/polaris_ebm/runs_pipeline_then_weighting/E2/E2_pipe_strict_last2b002_P4_K100_s300k_20260405_003926/trajectory/step120000/metrics_compare.json
E2,E2_pipe_strict_last2b002_P4_K100_s300k,Provisional weighting study at fixed P=4,pipe_strict,1,125000,77.95278313987876,0.9272201225211525,,/eagle/lc-mpi/Zhiqing/polaris_ebm/runs_pipeline_then_weighting/E2/E2_pipe_strict_last2b002_P4_K100_s300k_20260405_003926/trajectory,/eagle/lc-mpi/Zhiqing/polaris_ebm/runs_pipeline_then_weighting/E2/E2_pipe_strict_last2b002_P4_K100_s300k_20260405_003926/trajectory/step125000/metrics_compare.json
E2,E2_pipe_strict_last2b002_P4_K100_s300k,Provisional weighting study at fixed P=4,pipe_strict,1,130000,92.5580879567305,1.0092632434422626,,/eagle/lc-mpi/Zhiqing/polaris_ebm/runs_pipeline_then_weighting/E2/E2_pipe_strict_last2b002_P4_K100_s300k_20260405_003926/trajectory,/eagle/lc-mpi/Zhiqing/polaris_ebm/runs_pipeline_then_weighting/E2/E2_pipe_strict_last2b002_P4_K100_s300k_20260405_003926/trajectory/step130000/metrics_compare.json
E2,E2_pipe_strict_last2b002_P4_K100_s300k,Provisional weighting study at fixed P=4,pipe_strict,1,135000,83.70032170381711,0.7960729170449099,,/eagle/lc-mpi/Zhiqing/polaris_ebm/runs_pipeline_then_weighting/E2/E2_pipe_strict_last2b002_P4_K100_s300k_20260405_003926/trajectory,/eagle/lc-mpi/Zhiqing/polaris_ebm/runs_pipeline_then_weighting/E2/E2_pipe_strict_last2b002_P4_K100_s300k_20260405_003926/trajectory/step135000/metrics_compare.json
E2,E2_pipe_strict_last2b002_P4_K100_s300k,Provisional weighting study at fixed P=4,pipe_strict,1,140000,75.94179093659739,1.4030367500369962,,/eagle/lc-mpi/Zhiqing/polaris_ebm/runs_pipeline_then_weighting/E2/E2_pipe_strict_last2b002_P4_K100_s300k_20260405_003926/trajectory,/eagle/lc-mpi/Zhiqing/polaris_ebm/runs_pipeline_then_weighting/E2/E2_pipe_strict_last2b002_P4_K100_s300k_20260405_003926/trajectory/step140000/metrics_compare.json
E2,E2_pipe_strict_last2b002_P4_K100_s300k,Provisional weighting study at fixed P=4,pipe_strict,1,145000,68.40462648355663,0.6993953243135174,,/eagle/lc-mpi/Zhiqing/polaris_ebm/runs_pipeline_then_weighting/E2/E2_pipe_strict_last2b002_P4_K100_s300k_20260405_003926/trajectory,/eagle/lc-mpi/Zhiqing/polaris_ebm/runs_pipeline_then_weighting/E2/E2_pipe_strict_last2b002_P4_K100_s300k_20260405_003926/trajectory/step145000/metrics_compare.json
E2,E2_pipe_strict_last2b002_P4_K100_s300k,Provisional weighting study at fixed P=4,pipe_strict,1,150000,69.2043117584987,0.8528148921601506,,/eagle/lc-mpi/Zhiqing/polaris_ebm/runs_pipeline_then_weighting/E2/E2_pipe_strict_last2b002_P4_K100_s300k_20260405_003926/trajectory,/eagle/lc-mpi/Zhiqing/polaris_ebm/runs_pipeline_then_weighting/E2/E2_pipe_strict_last2b002_P4_K100_s300k_20260405_003926/trajectory/step150000/metrics_compare.json
E2,E2_pipe_strict_last2b002_P4_K100_s300k,Provisional weighting study at fixed P=4,pipe_strict,1,155000,81.18064477578724,1.6799684546080869,,/eagle/lc-mpi/Zhiqing/polaris_ebm/runs_pipeline_then_weighting/E2/E2_pipe_strict_last2b002_P4_K100_s300k_20260405_003926/trajectory,/eagle/lc-mpi/Zhiqing/polaris_ebm/runs_pipeline_then_weighting/E2/E2_pipe_strict_last2b002_P4_K100_s300k_20260405_003926/trajectory/step155000/metrics_compare.json
E2,E2_pipe_strict_last2b002_P4_K100_s300k,Provisional weighting study at fixed P=4,pipe_strict,1,160000,90.6282664319632,1.2667227304038775,,/eagle/lc-mpi/Zhiqing/polaris_ebm/runs_pipeline_then_weighting/E2/E2_pipe_strict_last2b002_P4_K100_s300k_20260405_003926/trajectory,/eagle/lc-mpi/Zhiqing/polaris_ebm/runs_pipeline_then_weighting/E2/E2_pipe_strict_last2b002_P4_K100_s300k_20260405_003926/trajectory/step160000/metrics_compare.json
E2,E2_pipe_strict_last2b002_P4_K100_s300k,Provisional weighting study at fixed P=4,pipe_strict,1,165000,76.25566648092348,1.874977405957953,,/eagle/lc-mpi/Zhiqing/polaris_ebm/runs_pipeline_then_weighting/E2/E2_pipe_strict_last2b002_P4_K100_s300k_20260405_003926/trajectory,/eagle/lc-mpi/Zhiqing/polaris_ebm/runs_pipeline_then_weighting/E2/E2_pipe_strict_last2b002_P4_K100_s300k_20260405_003926/trajectory/step165000/metrics_compare.json
E2,E2_pipe_strict_last2b002_P4_K100_s300k,Provisional weighting study at fixed P=4,pipe_strict,1,170000,68.97760309092735,0.9865290726350686,,/eagle/lc-mpi/Zhiqing/polaris_ebm/runs_pipeline_then_weighting/E2/E2_pipe_strict_last2b002_P4_K100_s300k_20260405_003926/trajectory,/eagle/lc-mpi/Zhiqing/polaris_ebm/runs_pipeline_then_weighting/E2/E2_pipe_strict_last2b002_P4_K100_s300k_20260405_003926/trajectory/step170000/metrics_compare.json
E2,E2_pipe_strict_last2b002_P4_K100_s300k,Provisional weighting study at fixed P=4,pipe_strict,1,175000,87.63673795308523,0.797748407215618,,/eagle/lc-mpi/Zhiqing/polaris_ebm/runs_pipeline_then_weighting/E2/E2_pipe_strict_last2b002_P4_K100_s300k_20260405_003926/trajectory,/eagle/lc-mpi/Zhiqing/polaris_ebm/runs_pipeline_then_weighting/E2/E2_pipe_strict_last2b002_P4_K100_s300k_20260405_003926/trajectory/step175000/metrics_compare.json
E2,E2_pipe_strict_last2b002_P4_K100_s300k,Provisional weighting study at fixed P=4,pipe_strict,1,180000,72.5733448080195,0.8030209995989708,,/eagle/lc-mpi/Zhiqing/polaris_ebm/runs_pipeline_then_weighting/E2/E2_pipe_strict_last2b002_P4_K100_s300k_20260405_003926/trajectory,/eagle/lc-mpi/Zhiqing/polaris_ebm/runs_pipeline_then_weighting/E2/E2_pipe_strict_last2b002_P4_K100_s300k_20260405_003926/trajectory/step180000/metrics_compare.json
E2,E2_pipe_strict_last2b002_P4_K100_s300k,Provisional weighting study at fixed P=4,pipe_strict,1,185000,78.12933935480874,0.54310534137581,,/eagle/lc-mpi/Zhiqing/polaris_ebm/runs_pipeline_then_weighting/E2/E2_pipe_strict_last2b002_P4_K100_s300k_20260405_003926/trajectory,/eagle/lc-mpi/Zhiqing/polaris_ebm/runs_pipeline_then_weighting/E2/E2_pipe_strict_last2b002_P4_K100_s300k_20260405_003926/trajectory/step185000/metrics_compare.json
E2,E2_pipe_strict_last2b002_P4_K100_s300k,Provisional weighting study at fixed P=4,pipe_strict,1,190000,74.85822808285599,0.7018982340042896,,/eagle/lc-mpi/Zhiqing/polaris_ebm/runs_pipeline_then_weighting/E2/E2_pipe_strict_last2b002_P4_K100_s300k_20260405_003926/trajectory,/eagle/lc-mpi/Zhiqing/polaris_ebm/runs_pipeline_then_weighting/E2/E2_pipe_strict_last2b002_P4_K100_s300k_20260405_003926/trajectory/step190000/metrics_compare.json
E2,E2_pipe_strict_last2b002_P4_K100_s300k,Provisional weighting study at fixed P=4,pipe_strict,1,195000,100.59209850288107,1.5527167985211285,,/eagle/lc-mpi/Zhiqing/polaris_ebm/runs_pipeline_then_weighting/E2/E2_pipe_strict_last2b002_P4_K100_s300k_20260405_003926/trajectory,/eagle/lc-mpi/Zhiqing/polaris_ebm/runs_pipeline_then_weighting/E2/E2_pipe_strict_last2b002_P4_K100_s300k_20260405_003926/trajectory/step195000/metrics_compare.json
E2,E2_pipe_strict_last2b002_P4_K100_s300k,Provisional weighting study at fixed P=4,pipe_strict,1,200000,78.2940061887665,1.4654309437929243,,/eagle/lc-mpi/Zhiqing/polaris_ebm/runs_pipeline_then_weighting/E2/E2_pipe_strict_last2b002_P4_K100_s300k_20260405_003926/trajectory,/eagle/lc-mpi/Zhiqing/polaris_ebm/runs_pipeline_then_weighting/E2/E2_pipe_strict_last2b002_P4_K100_s300k_20260405_003926/trajectory/step200000/metrics_compare.json
E2,E2_pipe_strict_last2b002_P4_K100_s300k,Provisional weighting study at fixed P=4,pipe_strict,1,205000,85.78655535642088,2.1453316775851725,,/eagle/lc-mpi/Zhiqing/polaris_ebm/runs_pipeline_then_weighting/E2/E2_pipe_strict_last2b002_P4_K100_s300k_20260405_003926/trajectory,/eagle/lc-mpi/Zhiqing/polaris_ebm/runs_pipeline_then_weighting/E2/E2_pipe_strict_last2b002_P4_K100_s300k_20260405_003926/trajectory/step205000/metrics_compare.json
E2,E2_pipe_strict_last2b002_P4_K100_s300k,Provisional weighting study at fixed P=4,pipe_strict,1,210000,86.65013216147412,1.8806833215843142,,/eagle/lc-mpi/Zhiqing/polaris_ebm/runs_pipeline_then_weighting/E2/E2_pipe_strict_last2b002_P4_K100_s300k_20260405_003926/trajectory,/eagle/lc-mpi/Zhiqing/polaris_ebm/runs_pipeline_then_weighting/E2/E2_pipe_strict_last2b002_P4_K100_s300k_20260405_003926/trajectory/step210000/metrics_compare.json
E2,E2_pipe_strict_last2b002_P4_K100_s300k,Provisional weighting study at fixed P=4,pipe_strict,1,215000,81.85841657516244,0.5686545674401167,,/eagle/lc-mpi/Zhiqing/polaris_ebm/runs_pipeline_then_weighting/E2/E2_pipe_strict_last2b002_P4_K100_s300k_20260405_003926/trajectory,/eagle/lc-mpi/Zhiqing/polaris_ebm/runs_pipeline_then_weighting/E2/E2_pipe_strict_last2b002_P4_K100_s300k_20260405_003926/trajectory/step215000/metrics_compare.json
E2,E2_pipe_strict_last2b002_P4_K100_s300k,Provisional weighting study at fixed P=4,pipe_strict,1,220000,71.90075332678362,0.7023417153109968,,/eagle/lc-mpi/Zhiqing/polaris_ebm/runs_pipeline_then_weighting/E2/E2_pipe_strict_last2b002_P4_K100_s300k_20260405_003926/trajectory,/eagle/lc-mpi/Zhiqing/polaris_ebm/runs_pipeline_then_weighting/E2/E2_pipe_strict_last2b002_P4_K100_s300k_20260405_003926/trajectory/step220000/metrics_compare.json
E2,E2_pipe_strict_last2b002_P4_K100_s300k,Provisional weighting study at fixed P=4,pipe_strict,1,225000,88.5039358697203,1.1993263975537438,,/eagle/lc-mpi/Zhiqing/polaris_ebm/runs_pipeline_then_weighting/E2/E2_pipe_strict_last2b002_P4_K100_s300k_20260405_003926/trajectory,/eagle/lc-mpi/Zhiqing/polaris_ebm/runs_pipeline_then_weighting/E2/E2_pipe_strict_last2b002_P4_K100_s300k_20260405_003926/trajectory/step225000/metrics_compare.json
E2,E2_pipe_strict_last2b002_P4_K100_s300k,Provisional weighting study at fixed P=4,pipe_strict,1,230000,65.3764760358444,1.5523881756994058,,/eagle/lc-mpi/Zhiqing/polaris_ebm/runs_pipeline_then_weighting/E2/E2_pipe_strict_last2b002_P4_K100_s300k_20260405_003926/trajectory,/eagle/lc-mpi/Zhiqing/polaris_ebm/runs_pipeline_then_weighting/E2/E2_pipe_strict_last2b002_P4_K100_s300k_20260405_003926/trajectory/step230000/metrics_compare.json
E2,E2_pipe_strict_last2b002_P4_K100_s300k,Provisional weighting study at fixed P=4,pipe_strict,1,235000,62.621114533238995,0.6019071222954331,,/eagle/lc-mpi/Zhiqing/polaris_ebm/runs_pipeline_then_weighting/E2/E2_pipe_strict_last2b002_P4_K100_s300k_20260405_003926/trajectory,/eagle/lc-mpi/Zhiqing/polaris_ebm/runs_pipeline_then_weighting/E2/E2_pipe_strict_last2b002_P4_K100_s300k_20260405_003926/trajectory/step235000/metrics_compare.json
E2,E2_pipe_strict_last2b002_P4_K100_s300k,Provisional weighting study at fixed P=4,pipe_strict,1,240000,64.84135348049637,1.9949633314096893,,/eagle/lc-mpi/Zhiqing/polaris_ebm/runs_pipeline_then_weighting/E2/E2_pipe_strict_last2b002_P4_K100_s300k_20260405_003926/trajectory,/eagle/lc-mpi/Zhiqing/polaris_ebm/runs_pipeline_then_weighting/E2/E2_pipe_strict_last2b002_P4_K100_s300k_20260405_003926/trajectory/step240000/metrics_compare.json
E2,E2_pipe_strict_last2b002_P4_K100_s300k,Provisional weighting study at fixed P=4,pipe_strict,1,245000,78.74391167240123,0.7187352511176925,,/eagle/lc-mpi/Zhiqing/polaris_ebm/runs_pipeline_then_weighting/E2/E2_pipe_strict_last2b002_P4_K100_s300k_20260405_003926/trajectory,/eagle/lc-mpi/Zhiqing/polaris_ebm/runs_pipeline_then_weighting/E2/E2_pipe_strict_last2b002_P4_K100_s300k_20260405_003926/trajectory/step245000/metrics_compare.json
E2,E2_pipe_strict_last2b002_P4_K100_s300k,Provisional weighting study at fixed P=4,pipe_strict,1,250000,65.33468064257897,1.1687544257976157,,/eagle/lc-mpi/Zhiqing/polaris_ebm/runs_pipeline_then_weighting/E2/E2_pipe_strict_last2b002_P4_K100_s300k_20260405_003926/trajectory,/eagle/lc-mpi/Zhiqing/polaris_ebm/runs_pipeline_then_weighting/E2/E2_pipe_strict_last2b002_P4_K100_s300k_20260405_003926/trajectory/step250000/metrics_compare.json
E2,E2_pipe_strict_last2b002_P4_K100_s300k,Provisional weighting study at fixed P=4,pipe_strict,1,255000,72.43449056899402,0.7744105116941782,,/eagle/lc-mpi/Zhiqing/polaris_ebm/runs_pipeline_then_weighting/E2/E2_pipe_strict_last2b002_P4_K100_s300k_20260405_003926/trajectory,/eagle/lc-mpi/Zhiqing/polaris_ebm/runs_pipeline_then_weighting/E2/E2_pipe_strict_last2b002_P4_K100_s300k_20260405_003926/trajectory/step255000/metrics_compare.json
E2,E2_pipe_strict_last2b002_P4_K100_s300k,Provisional weighting study at fixed P=4,pipe_strict,1,260000,66.97901501536751,1.650811981950568,,/eagle/lc-mpi/Zhiqing/polaris_ebm/runs_pipeline_then_weighting/E2/E2_pipe_strict_last2b002_P4_K100_s300k_20260405_003926/trajectory,/eagle/lc-mpi/Zhiqing/polaris_ebm/runs_pipeline_then_weighting/E2/E2_pipe_strict_last2b002_P4_K100_s300k_20260405_003926/trajectory/step260000/metrics_compare.json
E2,E2_pipe_strict_last2b002_P4_K100_s300k,Provisional weighting study at fixed P=4,pipe_strict,1,265000,70.29336304953478,4.34644566066229,,/eagle/lc-mpi/Zhiqing/polaris_ebm/runs_pipeline_then_weighting/E2/E2_pipe_strict_last2b002_P4_K100_s300k_20260405_003926/trajectory,/eagle/lc-mpi/Zhiqing/polaris_ebm/runs_pipeline_then_weighting/E2/E2_pipe_strict_last2b002_P4_K100_s300k_20260405_003926/trajectory/step265000/metrics_compare.json
E2,E2_pipe_strict_last2b002_P4_K100_s300k,Provisional weighting study at fixed P=4,pipe_strict,1,270000,88.61741530581554,2.3305475668625313,,/eagle/lc-mpi/Zhiqing/polaris_ebm/runs_pipeline_then_weighting/E2/E2_pipe_strict_last2b002_P4_K100_s300k_20260405_003926/trajectory,/eagle/lc-mpi/Zhiqing/polaris_ebm/runs_pipeline_then_weighting/E2/E2_pipe_strict_last2b002_P4_K100_s300k_20260405_003926/trajectory/step270000/metrics_compare.json
E2,E2_pipe_strict_last2b002_P4_K100_s300k,Provisional weighting study at fixed P=4,pipe_strict,1,275000,75.95389669315273,2.6520682193888128,,/eagle/lc-mpi/Zhiqing/polaris_ebm/runs_pipeline_then_weighting/E2/E2_pipe_strict_last2b002_P4_K100_s300k_20260405_003926/trajectory,/eagle/lc-mpi/Zhiqing/polaris_ebm/runs_pipeline_then_weighting/E2/E2_pipe_strict_last2b002_P4_K100_s300k_20260405_003926/trajectory/step275000/metrics_compare.json
E2,E2_pipe_strict_last2b002_P4_K100_s300k,Provisional weighting study at fixed P=4,pipe_strict,1,280000,64.14232380009463,0.6417428637611629,,/eagle/lc-mpi/Zhiqing/polaris_ebm/runs_pipeline_then_weighting/E2/E2_pipe_strict_last2b002_P4_K100_s300k_20260405_003926/trajectory,/eagle/lc-mpi/Zhiqing/polaris_ebm/runs_pipeline_then_weighting/E2/E2_pipe_strict_last2b002_P4_K100_s300k_20260405_003926/trajectory/step280000/metrics_compare.json
E2,E2_pipe_strict_last2b002_P4_K100_s300k,Provisional weighting study at fixed P=4,pipe_strict,1,285000,73.73475764714027,1.587777829688953,,/eagle/lc-mpi/Zhiqing/polaris_ebm/runs_pipeline_then_weighting/E2/E2_pipe_strict_last2b002_P4_K100_s300k_20260405_003926/trajectory,/eagle/lc-mpi/Zhiqing/polaris_ebm/runs_pipeline_then_weighting/E2/E2_pipe_strict_last2b002_P4_K100_s300k_20260405_003926/trajectory/step285000/metrics_compare.json
E2,E2_pipe_strict_last2b002_P4_K100_s300k,Provisional weighting study at fixed P=4,pipe_strict,1,290000,70.74875242466089,1.1557840074642876,,/eagle/lc-mpi/Zhiqing/polaris_ebm/runs_pipeline_then_weighting/E2/E2_pipe_strict_last2b002_P4_K100_s300k_20260405_003926/trajectory,/eagle/lc-mpi/Zhiqing/polaris_ebm/runs_pipeline_then_weighting/E2/E2_pipe_strict_last2b002_P4_K100_s300k_20260405_003926/trajectory/step290000/metrics_compare.json
E2,E2_pipe_strict_last2b002_P4_K100_s300k,Provisional weighting study at fixed P=4,pipe_strict,1,295000,69.81330905690629,1.2026262963707275,,/eagle/lc-mpi/Zhiqing/polaris_ebm/runs_pipeline_then_weighting/E2/E2_pipe_strict_last2b002_P4_K100_s300k_20260405_003926/trajectory,/eagle/lc-mpi/Zhiqing/polaris_ebm/runs_pipeline_then_weighting/E2/E2_pipe_strict_last2b002_P4_K100_s300k_20260405_003926/trajectory/step295000/metrics_compare.json
E2,E2_pipe_strict_last2b002_P4_K100_s300k,Provisional weighting study at fixed P=4,pipe_strict,1,300000,69.56097300698849,3.9384451797205244,,/eagle/lc-mpi/Zhiqing/polaris_ebm/runs_pipeline_then_weighting/E2/E2_pipe_strict_last2b002_P4_K100_s300k_20260405_003926/trajectory,/eagle/lc-mpi/Zhiqing/polaris_ebm/runs_pipeline_then_weighting/E2/E2_pipe_strict_last2b002_P4_K100_s300k_20260405_003926/trajectory/step300000/metrics_compare.json
E2,E2_pipe_strict_last2b003_P4_K100_s300k,Provisional weighting study at fixed P=4,pipe_strict,1,5000,179.7778314972563,7.0084113006879285,,/eagle/lc-mpi/Zhiqing/polaris_ebm/runs_pipeline_then_weighting/E2/E2_pipe_strict_last2b003_P4_K100_s300k_20260405_003926/trajectory,/eagle/lc-mpi/Zhiqing/polaris_ebm/runs_pipeline_then_weighting/E2/E2_pipe_strict_last2b003_P4_K100_s300k_20260405_003926/trajectory/step005000/metrics_compare.json
E2,E2_pipe_strict_last2b003_P4_K100_s300k,Provisional weighting study at fixed P=4,pipe_strict,1,10000,152.24003646847933,3.3063644494660807,,/eagle/lc-mpi/Zhiqing/polaris_ebm/runs_pipeline_then_weighting/E2/E2_pipe_strict_last2b003_P4_K100_s300k_20260405_003926/trajectory,/eagle/lc-mpi/Zhiqing/polaris_ebm/runs_pipeline_then_weighting/E2/E2_pipe_strict_last2b003_P4_K100_s300k_20260405_003926/trajectory/step010000/metrics_compare.json
E2,E2_pipe_strict_last2b003_P4_K100_s300k,Provisional weighting study at fixed P=4,pipe_strict,1,15000,142.74125979843706,4.909555502471891,,/eagle/lc-mpi/Zhiqing/polaris_ebm/runs_pipeline_then_weighting/E2/E2_pipe_strict_last2b003_P4_K100_s300k_20260405_003926/trajectory,/eagle/lc-mpi/Zhiqing/polaris_ebm/runs_pipeline_then_weighting/E2/E2_pipe_strict_last2b003_P4_K100_s300k_20260405_003926/trajectory/step015000/metrics_compare.json
E2,E2_pipe_strict_last2b003_P4_K100_s300k,Provisional weighting study at fixed P=4,pipe_strict,1,20000,106.8569761120956,2.8757198650469817,,/eagle/lc-mpi/Zhiqing/polaris_ebm/runs_pipeline_then_weighting/E2/E2_pipe_strict_last2b003_P4_K100_s300k_20260405_003926/trajectory,/eagle/lc-mpi/Zhiqing/polaris_ebm/runs_pipeline_then_weighting/E2/E2_pipe_strict_last2b003_P4_K100_s300k_20260405_003926/trajectory/step020000/metrics_compare.json
E2,E2_pipe_strict_last2b003_P4_K100_s300k,Provisional weighting study at fixed P=4,pipe_strict,1,25000,115.59987511360373,1.63737190832844,,/eagle/lc-mpi/Zhiqing/polaris_ebm/runs_pipeline_then_weighting/E2/E2_pipe_strict_last2b003_P4_K100_s300k_20260405_003926/trajectory,/eagle/lc-mpi/Zhiqing/polaris_ebm/runs_pipeline_then_weighting/E2/E2_pipe_strict_last2b003_P4_K100_s300k_20260405_003926/trajectory/step025000/metrics_compare.json
E2,E2_pipe_strict_last2b003_P4_K100_s300k,Provisional weighting study at fixed P=4,pipe_strict,1,30000,94.73084886899773,0.919128638789541,,/eagle/lc-mpi/Zhiqing/polaris_ebm/runs_pipeline_then_weighting/E2/E2_pipe_strict_last2b003_P4_K100_s300k_20260405_003926/trajectory,/eagle/lc-mpi/Zhiqing/polaris_ebm/runs_pipeline_then_weighting/E2/E2_pipe_strict_last2b003_P4_K100_s300k_20260405_003926/trajectory/step030000/metrics_compare.json
E2,E2_pipe_strict_last2b003_P4_K100_s300k,Provisional weighting study at fixed P=4,pipe_strict,1,35000,111.89672433700576,5.900437363784755,,/eagle/lc-mpi/Zhiqing/polaris_ebm/runs_pipeline_then_weighting/E2/E2_pipe_strict_last2b003_P4_K100_s300k_20260405_003926/trajectory,/eagle/lc-mpi/Zhiqing/polaris_ebm/runs_pipeline_then_weighting/E2/E2_pipe_strict_last2b003_P4_K100_s300k_20260405_003926/trajectory/step035000/metrics_compare.json
E2,E2_pipe_strict_last2b003_P4_K100_s300k,Provisional weighting study at fixed P=4,pipe_strict,1,40000,86.32909501842653,0.8489877759140363,,/eagle/lc-mpi/Zhiqing/polaris_ebm/runs_pipeline_then_weighting/E2/E2_pipe_strict_last2b003_P4_K100_s300k_20260405_003926/trajectory,/eagle/lc-mpi/Zhiqing/polaris_ebm/runs_pipeline_then_weighting/E2/E2_pipe_strict_last2b003_P4_K100_s300k_20260405_003926/trajectory/step040000/metrics_compare.json
E2,E2_pipe_strict_last2b003_P4_K100_s300k,Provisional weighting study at fixed P=4,pipe_strict,1,45000,109.56536161965619,3.451784635150439,,/eagle/lc-mpi/Zhiqing/polaris_ebm/runs_pipeline_then_weighting/E2/E2_pipe_strict_last2b003_P4_K100_s300k_20260405_003926/trajectory,/eagle/lc-mpi/Zhiqing/polaris_ebm/runs_pipeline_then_weighting/E2/E2_pipe_strict_last2b003_P4_K100_s300k_20260405_003926/trajectory/step045000/metrics_compare.json
E2,E2_pipe_strict_last2b003_P4_K100_s300k,Provisional weighting study at fixed P=4,pipe_strict,1,50000,111.30366303337297,5.3910664688637695,,/eagle/lc-mpi/Zhiqing/polaris_ebm/runs_pipeline_then_weighting/E2/E2_pipe_strict_last2b003_P4_K100_s300k_20260405_003926/trajectory,/eagle/lc-mpi/Zhiqing/polaris_ebm/runs_pipeline_then_weighting/E2/E2_pipe_strict_last2b003_P4_K100_s300k_20260405_003926/trajectory/step050000/metrics_compare.json
E2,E2_pipe_strict_last2b003_P4_K100_s300k,Provisional weighting study at fixed P=4,pipe_strict,1,55000,81.82311736658716,3.073778280546156,,/eagle/lc-mpi/Zhiqing/polaris_ebm/runs_pipeline_then_weighting/E2/E2_pipe_strict_last2b003_P4_K100_s300k_20260405_003926/trajectory,/eagle/lc-mpi/Zhiqing/polaris_ebm/runs_pipeline_then_weighting/E2/E2_pipe_strict_last2b003_P4_K100_s300k_20260405_003926/trajectory/step055000/metrics_compare.json
E2,E2_pipe_strict_last2b003_P4_K100_s300k,Provisional weighting study at fixed P=4,pipe_strict,1,60000,98.54341240995956,1.2359604813670693,,/eagle/lc-mpi/Zhiqing/polaris_ebm/runs_pipeline_then_weighting/E2/E2_pipe_strict_last2b003_P4_K100_s300k_20260405_003926/trajectory,/eagle/lc-mpi/Zhiqing/polaris_ebm/runs_pipeline_then_weighting/E2/E2_pipe_strict_last2b003_P4_K100_s300k_20260405_003926/trajectory/step060000/metrics_compare.json
E2,E2_pipe_strict_last2b003_P4_K100_s300k,Provisional weighting study at fixed P=4,pipe_strict,1,65000,77.73469243873046,0.9522311404042085,,/eagle/lc-mpi/Zhiqing/polaris_ebm/runs_pipeline_then_weighting/E2/E2_pipe_strict_last2b003_P4_K100_s300k_20260405_003926/trajectory,/eagle/lc-mpi/Zhiqing/polaris_ebm/runs_pipeline_then_weighting/E2/E2_pipe_strict_last2b003_P4_K100_s300k_20260405_003926/trajectory/step065000/metrics_compare.json
E2,E2_pipe_strict_last2b003_P4_K100_s300k,Provisional weighting study at fixed P=4,pipe_strict,1,70000,103.19425161889501,2.628169105306874,,/eagle/lc-mpi/Zhiqing/polaris_ebm/runs_pipeline_then_weighting/E2/E2_pipe_strict_last2b003_P4_K100_s300k_20260405_003926/trajectory,/eagle/lc-mpi/Zhiqing/polaris_ebm/runs_pipeline_then_weighting/E2/E2_pipe_strict_last2b003_P4_K100_s300k_20260405_003926/trajectory/step070000/metrics_compare.json
E2,E2_pipe_strict_last2b003_P4_K100_s300k,Provisional weighting study at fixed P=4,pipe_strict,1,75000,97.32204368285608,1.1999886122334118,,/eagle/lc-mpi/Zhiqing/polaris_ebm/runs_pipeline_then_weighting/E2/E2_pipe_strict_last2b003_P4_K100_s300k_20260405_003926/trajectory,/eagle/lc-mpi/Zhiqing/polaris_ebm/runs_pipeline_then_weighting/E2/E2_pipe_strict_last2b003_P4_K100_s300k_20260405_003926/trajectory/step075000/metrics_compare.json
E2,E2_pipe_strict_last2b003_P4_K100_s300k,Provisional weighting study at fixed P=4,pipe_strict,1,80000,80.98934238422305,1.5824806345244298,,/eagle/lc-mpi/Zhiqing/polaris_ebm/runs_pipeline_then_weighting/E2/E2_pipe_strict_last2b003_P4_K100_s300k_20260405_003926/trajectory,/eagle/lc-mpi/Zhiqing/polaris_ebm/runs_pipeline_then_weighting/E2/E2_pipe_strict_last2b003_P4_K100_s300k_20260405_003926/trajectory/step080000/metrics_compare.json
E2,E2_pipe_strict_last2b003_P4_K100_s300k,Provisional weighting study at fixed P=4,pipe_strict,1,85000,85.93079922666544,1.44807248572873,,/eagle/lc-mpi/Zhiqing/polaris_ebm/runs_pipeline_then_weighting/E2/E2_pipe_strict_last2b003_P4_K100_s300k_20260405_003926/trajectory,/eagle/lc-mpi/Zhiqing/polaris_ebm/runs_pipeline_then_weighting/E2/E2_pipe_strict_last2b003_P4_K100_s300k_20260405_003926/trajectory/step085000/metrics_compare.json
E2,E2_pipe_strict_last2b003_P4_K100_s300k,Provisional weighting study at fixed P=4,pipe_strict,1,90000,79.44523448716177,2.29029068037765,,/eagle/lc-mpi/Zhiqing/polaris_ebm/runs_pipeline_then_weighting/E2/E2_pipe_strict_last2b003_P4_K100_s300k_20260405_003926/trajectory,/eagle/lc-mpi/Zhiqing/polaris_ebm/runs_pipeline_then_weighting/E2/E2_pipe_strict_last2b003_P4_K100_s300k_20260405_003926/trajectory/step090000/metrics_compare.json
E2,E2_pipe_strict_last2b003_P4_K100_s300k,Provisional weighting study at fixed P=4,pipe_strict,1,95000,86.18687801106239,0.629708268537442,,/eagle/lc-mpi/Zhiqing/polaris_ebm/runs_pipeline_then_weighting/E2/E2_pipe_strict_last2b003_P4_K100_s300k_20260405_003926/trajectory,/eagle/lc-mpi/Zhiqing/polaris_ebm/runs_pipeline_then_weighting/E2/E2_pipe_strict_last2b003_P4_K100_s300k_20260405_003926/trajectory/step095000/metrics_compare.json
E2,E2_pipe_strict_last2b003_P4_K100_s300k,Provisional weighting study at fixed P=4,pipe_strict,1,100000,79.5324886374732,1.276887526567279,,/eagle/lc-mpi/Zhiqing/polaris_ebm/runs_pipeline_then_weighting/E2/E2_pipe_strict_last2b003_P4_K100_s300k_20260405_003926/trajectory,/eagle/lc-mpi/Zhiqing/polaris_ebm/runs_pipeline_then_weighting/E2/E2_pipe_strict_last2b003_P4_K100_s300k_20260405_003926/trajectory/step100000/metrics_compare.json
E2,E2_pipe_strict_last2b003_P4_K100_s300k,Provisional weighting study at fixed P=4,pipe_strict,1,105000,80.16249110146731,0.8489590893386421,,/eagle/lc-mpi/Zhiqing/polaris_ebm/runs_pipeline_then_weighting/E2/E2_pipe_strict_last2b003_P4_K100_s300k_20260405_003926/trajectory,/eagle/lc-mpi/Zhiqing/polaris_ebm/runs_pipeline_then_weighting/E2/E2_pipe_strict_last2b003_P4_K100_s300k_20260405_003926/trajectory/step105000/metrics_compare.json
E2,E2_pipe_strict_last2b003_P4_K100_s300k,Provisional weighting study at fixed P=4,pipe_strict,1,110000,92.17036608890328,0.901946432962859,,/eagle/lc-mpi/Zhiqing/polaris_ebm/runs_pipeline_then_weighting/E2/E2_pipe_strict_last2b003_P4_K100_s300k_20260405_003926/trajectory,/eagle/lc-mpi/Zhiqing/polaris_ebm/runs_pipeline_then_weighting/E2/E2_pipe_strict_last2b003_P4_K100_s300k_20260405_003926/trajectory/step110000/metrics_compare.json
E2,E2_pipe_strict_last2b003_P4_K100_s300k,Provisional weighting study at fixed P=4,pipe_strict,1,115000,136.68604026838162,7.131961365424196,,/eagle/lc-mpi/Zhiqing/polaris_ebm/runs_pipeline_then_weighting/E2/E2_pipe_strict_last2b003_P4_K100_s300k_20260405_003926/trajectory,/eagle/lc-mpi/Zhiqing/polaris_ebm/runs_pipeline_then_weighting/E2/E2_pipe_strict_last2b003_P4_K100_s300k_20260405_003926/trajectory/step115000/metrics_compare.json
E2,E2_pipe_strict_last2b003_P4_K100_s300k,Provisional weighting study at fixed P=4,pipe_strict,1,120000,118.01503222710608,4.596996216894478,,/eagle/lc-mpi/Zhiqing/polaris_ebm/runs_pipeline_then_weighting/E2/E2_pipe_strict_last2b003_P4_K100_s300k_20260405_003926/trajectory,/eagle/lc-mpi/Zhiqing/polaris_ebm/runs_pipeline_then_weighting/E2/E2_pipe_strict_last2b003_P4_K100_s300k_20260405_003926/trajectory/step120000/metrics_compare.json
E2,E2_pipe_strict_last2b003_P4_K100_s300k,Provisional weighting study at fixed P=4,pipe_strict,1,125000,68.54686108130193,0.9335805004236235,,/eagle/lc-mpi/Zhiqing/polaris_ebm/runs_pipeline_then_weighting/E2/E2_pipe_strict_last2b003_P4_K100_s300k_20260405_003926/trajectory,/eagle/lc-mpi/Zhiqing/polaris_ebm/runs_pipeline_then_weighting/E2/E2_pipe_strict_last2b003_P4_K100_s300k_20260405_003926/trajectory/step125000/metrics_compare.json
E2,E2_pipe_strict_last2b003_P4_K100_s300k,Provisional weighting study at fixed P=4,pipe_strict,1,130000,79.9057588429963,1.0033508417888761,,/eagle/lc-mpi/Zhiqing/polaris_ebm/runs_pipeline_then_weighting/E2/E2_pipe_strict_last2b003_P4_K100_s300k_20260405_003926/trajectory,/eagle/lc-mpi/Zhiqing/polaris_ebm/runs_pipeline_then_weighting/E2/E2_pipe_strict_last2b003_P4_K100_s300k_20260405_003926/trajectory/step130000/metrics_compare.json
E2,E2_pipe_strict_last2b003_P4_K100_s300k,Provisional weighting study at fixed P=4,pipe_strict,1,135000,82.81686098754494,5.287758810249468,,/eagle/lc-mpi/Zhiqing/polaris_ebm/runs_pipeline_then_weighting/E2/E2_pipe_strict_last2b003_P4_K100_s300k_20260405_003926/trajectory,/eagle/lc-mpi/Zhiqing/polaris_ebm/runs_pipeline_then_weighting/E2/E2_pipe_strict_last2b003_P4_K100_s300k_20260405_003926/trajectory/step135000/metrics_compare.json
E2,E2_pipe_strict_last2b003_P4_K100_s300k,Provisional weighting study at fixed P=4,pipe_strict,1,140000,84.75987030134075,3.865589381556063,,/eagle/lc-mpi/Zhiqing/polaris_ebm/runs_pipeline_then_weighting/E2/E2_pipe_strict_last2b003_P4_K100_s300k_20260405_003926/trajectory,/eagle/lc-mpi/Zhiqing/polaris_ebm/runs_pipeline_then_weighting/E2/E2_pipe_strict_last2b003_P4_K100_s300k_20260405_003926/trajectory/step140000/metrics_compare.json
E2,E2_pipe_strict_last2b003_P4_K100_s300k,Provisional weighting study at fixed P=4,pipe_strict,1,145000,74.62805317500676,1.5580676275796321,,/eagle/lc-mpi/Zhiqing/polaris_ebm/runs_pipeline_then_weighting/E2/E2_pipe_strict_last2b003_P4_K100_s300k_20260405_003926/trajectory,/eagle/lc-mpi/Zhiqing/polaris_ebm/runs_pipeline_then_weighting/E2/E2_pipe_strict_last2b003_P4_K100_s300k_20260405_003926/trajectory/step145000/metrics_compare.json
E2,E2_pipe_strict_last2b003_P4_K100_s300k,Provisional weighting study at fixed P=4,pipe_strict,1,150000,99.01748743971888,1.2645632042194919,,/eagle/lc-mpi/Zhiqing/polaris_ebm/runs_pipeline_then_weighting/E2/E2_pipe_strict_last2b003_P4_K100_s300k_20260405_003926/trajectory,/eagle/lc-mpi/Zhiqing/polaris_ebm/runs_pipeline_then_weighting/E2/E2_pipe_strict_last2b003_P4_K100_s300k_20260405_003926/trajectory/step150000/metrics_compare.json
E2,E2_pipe_strict_last2b003_P4_K100_s300k,Provisional weighting study at fixed P=4,pipe_strict,1,155000,85.4854617960674,4.758573226185298,,/eagle/lc-mpi/Zhiqing/polaris_ebm/runs_pipeline_then_weighting/E2/E2_pipe_strict_last2b003_P4_K100_s300k_20260405_003926/trajectory,/eagle/lc-mpi/Zhiqing/polaris_ebm/runs_pipeline_then_weighting/E2/E2_pipe_strict_last2b003_P4_K100_s300k_20260405_003926/trajectory/step155000/metrics_compare.json
E2,E2_pipe_strict_last2b003_P4_K100_s300k,Provisional weighting study at fixed P=4,pipe_strict,1,160000,104.35775467157924,5.212357681656101,,/eagle/lc-mpi/Zhiqing/polaris_ebm/runs_pipeline_then_weighting/E2/E2_pipe_strict_last2b003_P4_K100_s300k_20260405_003926/trajectory,/eagle/lc-mpi/Zhiqing/polaris_ebm/runs_pipeline_then_weighting/E2/E2_pipe_strict_last2b003_P4_K100_s300k_20260405_003926/trajectory/step160000/metrics_compare.json
E2,E2_pipe_strict_last2b003_P4_K100_s300k,Provisional weighting study at fixed P=4,pipe_strict,1,165000,123.00227142757774,0.8920897680756177,,/eagle/lc-mpi/Zhiqing/polaris_ebm/runs_pipeline_then_weighting/E2/E2_pipe_strict_last2b003_P4_K100_s300k_20260405_003926/trajectory,/eagle/lc-mpi/Zhiqing/polaris_ebm/runs_pipeline_then_weighting/E2/E2_pipe_strict_last2b003_P4_K100_s300k_20260405_003926/trajectory/step165000/metrics_compare.json
E2,E2_pipe_strict_last2b003_P4_K100_s300k,Provisional weighting study at fixed P=4,pipe_strict,1,170000,81.35788214198806,0.9752492754952975,,/eagle/lc-mpi/Zhiqing/polaris_ebm/runs_pipeline_then_weighting/E2/E2_pipe_strict_last2b003_P4_K100_s300k_20260405_003926/trajectory,/eagle/lc-mpi/Zhiqing/polaris_ebm/runs_pipeline_then_weighting/E2/E2_pipe_strict_last2b003_P4_K100_s300k_20260405_003926/trajectory/step170000/metrics_compare.json
E2,E2_pipe_strict_last2b003_P4_K100_s300k,Provisional weighting study at fixed P=4,pipe_strict,1,175000,64.94155271551676,1.3404961127818957,,/eagle/lc-mpi/Zhiqing/polaris_ebm/runs_pipeline_then_weighting/E2/E2_pipe_strict_last2b003_P4_K100_s300k_20260405_003926/trajectory,/eagle/lc-mpi/Zhiqing/polaris_ebm/runs_pipeline_then_weighting/E2/E2_pipe_strict_last2b003_P4_K100_s300k_20260405_003926/trajectory/step175000/metrics_compare.json
E2,E2_pipe_strict_last2b003_P4_K100_s300k,Provisional weighting study at fixed P=4,pipe_strict,1,180000,81.93398873418232,0.9264449380322191,,/eagle/lc-mpi/Zhiqing/polaris_ebm/runs_pipeline_then_weighting/E2/E2_pipe_strict_last2b003_P4_K100_s300k_20260405_003926/trajectory,/eagle/lc-mpi/Zhiqing/polaris_ebm/runs_pipeline_then_weighting/E2/E2_pipe_strict_last2b003_P4_K100_s300k_20260405_003926/trajectory/step180000/metrics_compare.json
E2,E2_pipe_strict_last2b003_P4_K100_s300k,Provisional weighting study at fixed P=4,pipe_strict,1,185000,81.31925624029799,0.6270025346020525,,/eagle/lc-mpi/Zhiqing/polaris_ebm/runs_pipeline_then_weighting/E2/E2_pipe_strict_last2b003_P4_K100_s300k_20260405_003926/trajectory,/eagle/lc-mpi/Zhiqing/polaris_ebm/runs_pipeline_then_weighting/E2/E2_pipe_strict_last2b003_P4_K100_s300k_20260405_003926/trajectory/step185000/metrics_compare.json
E2,E2_pipe_strict_last2b003_P4_K100_s300k,Provisional weighting study at fixed P=4,pipe_strict,1,190000,65.70598196181226,0.6746244201151441,,/eagle/lc-mpi/Zhiqing/polaris_ebm/runs_pipeline_then_weighting/E2/E2_pipe_strict_last2b003_P4_K100_s300k_20260405_003926/trajectory,/eagle/lc-mpi/Zhiqing/polaris_ebm/runs_pipeline_then_weighting/E2/E2_pipe_strict_last2b003_P4_K100_s300k_20260405_003926/trajectory/step190000/metrics_compare.json
E2,E2_pipe_strict_last2b003_P4_K100_s300k,Provisional weighting study at fixed P=4,pipe_strict,1,195000,89.44481575544319,3.4727158677606838,,/eagle/lc-mpi/Zhiqing/polaris_ebm/runs_pipeline_then_weighting/E2/E2_pipe_strict_last2b003_P4_K100_s300k_20260405_003926/trajectory,/eagle/lc-mpi/Zhiqing/polaris_ebm/runs_pipeline_then_weighting/E2/E2_pipe_strict_last2b003_P4_K100_s300k_20260405_003926/trajectory/step195000/metrics_compare.json
E2,E2_pipe_strict_last2b003_P4_K100_s300k,Provisional weighting study at fixed P=4,pipe_strict,1,200000,89.3792018435687,0.6214903492979538,,/eagle/lc-mpi/Zhiqing/polaris_ebm/runs_pipeline_then_weighting/E2/E2_pipe_strict_last2b003_P4_K100_s300k_20260405_003926/trajectory,/eagle/lc-mpi/Zhiqing/polaris_ebm/runs_pipeline_then_weighting/E2/E2_pipe_strict_last2b003_P4_K100_s300k_20260405_003926/trajectory/step200000/metrics_compare.json
E2,E2_pipe_strict_last2b003_P4_K100_s300k,Provisional weighting study at fixed P=4,pipe_strict,1,205000,75.77673723692487,1.2958986854912098,,/eagle/lc-mpi/Zhiqing/polaris_ebm/runs_pipeline_then_weighting/E2/E2_pipe_strict_last2b003_P4_K100_s300k_20260405_003926/trajectory,/eagle/lc-mpi/Zhiqing/polaris_ebm/runs_pipeline_then_weighting/E2/E2_pipe_strict_last2b003_P4_K100_s300k_20260405_003926/trajectory/step205000/metrics_compare.json
E2,E2_pipe_strict_last2b003_P4_K100_s300k,Provisional weighting study at fixed P=4,pipe_strict,1,210000,67.89088644096898,2.094466309166087,,/eagle/lc-mpi/Zhiqing/polaris_ebm/runs_pipeline_then_weighting/E2/E2_pipe_strict_last2b003_P4_K100_s300k_20260405_003926/trajectory,/eagle/lc-mpi/Zhiqing/polaris_ebm/runs_pipeline_then_weighting/E2/E2_pipe_strict_last2b003_P4_K100_s300k_20260405_003926/trajectory/step210000/metrics_compare.json
E2,E2_pipe_strict_last2b003_P4_K100_s300k,Provisional weighting study at fixed P=4,pipe_strict,1,215000,85.99577469966448,3.3685900585851627,,/eagle/lc-mpi/Zhiqing/polaris_ebm/runs_pipeline_then_weighting/E2/E2_pipe_strict_last2b003_P4_K100_s300k_20260405_003926/trajectory,/eagle/lc-mpi/Zhiqing/polaris_ebm/runs_pipeline_then_weighting/E2/E2_pipe_strict_last2b003_P4_K100_s300k_20260405_003926/trajectory/step215000/metrics_compare.json
E2,E2_pipe_strict_last2b003_P4_K100_s300k,Provisional weighting study at fixed P=4,pipe_strict,1,220000,74.89261822802115,0.4535105792003691,,/eagle/lc-mpi/Zhiqing/polaris_ebm/runs_pipeline_then_weighting/E2/E2_pipe_strict_last2b003_P4_K100_s300k_20260405_003926/trajectory,/eagle/lc-mpi/Zhiqing/polaris_ebm/runs_pipeline_then_weighting/E2/E2_pipe_strict_last2b003_P4_K100_s300k_20260405_003926/trajectory/step220000/metrics_compare.json
E2,E2_pipe_strict_last2b003_P4_K100_s300k,Provisional weighting study at fixed P=4,pipe_strict,1,225000,77.63934764754674,1.4277699829429196,,/eagle/lc-mpi/Zhiqing/polaris_ebm/runs_pipeline_then_weighting/E2/E2_pipe_strict_last2b003_P4_K100_s300k_20260405_003926/trajectory,/eagle/lc-mpi/Zhiqing/polaris_ebm/runs_pipeline_then_weighting/E2/E2_pipe_strict_last2b003_P4_K100_s300k_20260405_003926/trajectory/step225000/metrics_compare.json
E2,E2_pipe_strict_last2b003_P4_K100_s300k,Provisional weighting study at fixed P=4,pipe_strict,1,230000,80.17182803723296,0.6695840890846227,,/eagle/lc-mpi/Zhiqing/polaris_ebm/runs_pipeline_then_weighting/E2/E2_pipe_strict_last2b003_P4_K100_s300k_20260405_003926/trajectory,/eagle/lc-mpi/Zhiqing/polaris_ebm/runs_pipeline_then_weighting/E2/E2_pipe_strict_last2b003_P4_K100_s300k_20260405_003926/trajectory/step230000/metrics_compare.json
E2,E2_pipe_strict_last2b003_P4_K100_s300k,Provisional weighting study at fixed P=4,pipe_strict,1,235000,65.77416571239502,0.900406973833018,,/eagle/lc-mpi/Zhiqing/polaris_ebm/runs_pipeline_then_weighting/E2/E2_pipe_strict_last2b003_P4_K100_s300k_20260405_003926/trajectory,/eagle/lc-mpi/Zhiqing/polaris_ebm/runs_pipeline_then_weighting/E2/E2_pipe_strict_last2b003_P4_K100_s300k_20260405_003926/trajectory/step235000/metrics_compare.json
E2,E2_pipe_strict_last2b003_P4_K100_s300k,Provisional weighting study at fixed P=4,pipe_strict,1,240000,67.15301096853727,0.42077949977011286,,/eagle/lc-mpi/Zhiqing/polaris_ebm/runs_pipeline_then_weighting/E2/E2_pipe_strict_last2b003_P4_K100_s300k_20260405_003926/trajectory,/eagle/lc-mpi/Zhiqing/polaris_ebm/runs_pipeline_then_weighting/E2/E2_pipe_strict_last2b003_P4_K100_s300k_20260405_003926/trajectory/step240000/metrics_compare.json
E2,E2_pipe_strict_last2b003_P4_K100_s300k,Provisional weighting study at fixed P=4,pipe_strict,1,245000,74.86722906212935,1.0733360656792108,,/eagle/lc-mpi/Zhiqing/polaris_ebm/runs_pipeline_then_weighting/E2/E2_pipe_strict_last2b003_P4_K100_s300k_20260405_003926/trajectory,/eagle/lc-mpi/Zhiqing/polaris_ebm/runs_pipeline_then_weighting/E2/E2_pipe_strict_last2b003_P4_K100_s300k_20260405_003926/trajectory/step245000/metrics_compare.json
E2,E2_pipe_strict_last2b003_P4_K100_s300k,Provisional weighting study at fixed P=4,pipe_strict,1,250000,77.03697331377333,2.0645746904499624,,/eagle/lc-mpi/Zhiqing/polaris_ebm/runs_pipeline_then_weighting/E2/E2_pipe_strict_last2b003_P4_K100_s300k_20260405_003926/trajectory,/eagle/lc-mpi/Zhiqing/polaris_ebm/runs_pipeline_then_weighting/E2/E2_pipe_strict_last2b003_P4_K100_s300k_20260405_003926/trajectory/step250000/metrics_compare.json
E2,E2_pipe_strict_last2b003_P4_K100_s300k,Provisional weighting study at fixed P=4,pipe_strict,1,255000,82.91262980350177,3.779674139876761,,/eagle/lc-mpi/Zhiqing/polaris_ebm/runs_pipeline_then_weighting/E2/E2_pipe_strict_last2b003_P4_K100_s300k_20260405_003926/trajectory,/eagle/lc-mpi/Zhiqing/polaris_ebm/runs_pipeline_then_weighting/E2/E2_pipe_strict_last2b003_P4_K100_s300k_20260405_003926/trajectory/step255000/metrics_compare.json
E2,E2_pipe_strict_last2b003_P4_K100_s300k,Provisional weighting study at fixed P=4,pipe_strict,1,260000,71.87487112675774,0.4013353894317184,,/eagle/lc-mpi/Zhiqing/polaris_ebm/runs_pipeline_then_weighting/E2/E2_pipe_strict_last2b003_P4_K100_s300k_20260405_003926/trajectory,/eagle/lc-mpi/Zhiqing/polaris_ebm/runs_pipeline_then_weighting/E2/E2_pipe_strict_last2b003_P4_K100_s300k_20260405_003926/trajectory/step260000/metrics_compare.json
E2,E2_pipe_strict_last2b003_P4_K100_s300k,Provisional weighting study at fixed P=4,pipe_strict,1,265000,67.27924370574505,1.7877334364781632,,/eagle/lc-mpi/Zhiqing/polaris_ebm/runs_pipeline_then_weighting/E2/E2_pipe_strict_last2b003_P4_K100_s300k_20260405_003926/trajectory,/eagle/lc-mpi/Zhiqing/polaris_ebm/runs_pipeline_then_weighting/E2/E2_pipe_strict_last2b003_P4_K100_s300k_20260405_003926/trajectory/step265000/metrics_compare.json
E2,E2_pipe_strict_last2b003_P4_K100_s300k,Provisional weighting study at fixed P=4,pipe_strict,1,270000,86.29286338358526,1.3921625667986213,,/eagle/lc-mpi/Zhiqing/polaris_ebm/runs_pipeline_then_weighting/E2/E2_pipe_strict_last2b003_P4_K100_s300k_20260405_003926/trajectory,/eagle/lc-mpi/Zhiqing/polaris_ebm/runs_pipeline_then_weighting/E2/E2_pipe_strict_last2b003_P4_K100_s300k_20260405_003926/trajectory/step270000/metrics_compare.json
E2,E2_pipe_strict_last2b003_P4_K100_s300k,Provisional weighting study at fixed P=4,pipe_strict,1,275000,71.46708733688388,3.061089366632821,,/eagle/lc-mpi/Zhiqing/polaris_ebm/runs_pipeline_then_weighting/E2/E2_pipe_strict_last2b003_P4_K100_s300k_20260405_003926/trajectory,/eagle/lc-mpi/Zhiqing/polaris_ebm/runs_pipeline_then_weighting/E2/E2_pipe_strict_last2b003_P4_K100_s300k_20260405_003926/trajectory/step275000/metrics_compare.json
E2,E2_pipe_strict_last2b003_P4_K100_s300k,Provisional weighting study at fixed P=4,pipe_strict,1,280000,65.86155086715667,2.78856919359761,,/eagle/lc-mpi/Zhiqing/polaris_ebm/runs_pipeline_then_weighting/E2/E2_pipe_strict_last2b003_P4_K100_s300k_20260405_003926/trajectory,/eagle/lc-mpi/Zhiqing/polaris_ebm/runs_pipeline_then_weighting/E2/E2_pipe_strict_last2b003_P4_K100_s300k_20260405_003926/trajectory/step280000/metrics_compare.json
E2,E2_pipe_strict_last2b003_P4_K100_s300k,Provisional weighting study at fixed P=4,pipe_strict,1,285000,92.04152443472981,0.9933096054766999,,/eagle/lc-mpi/Zhiqing/polaris_ebm/runs_pipeline_then_weighting/E2/E2_pipe_strict_last2b003_P4_K100_s300k_20260405_003926/trajectory,/eagle/lc-mpi/Zhiqing/polaris_ebm/runs_pipeline_then_weighting/E2/E2_pipe_strict_last2b003_P4_K100_s300k_20260405_003926/trajectory/step285000/metrics_compare.json
E2,E2_pipe_strict_last2b003_P4_K100_s300k,Provisional weighting study at fixed P=4,pipe_strict,1,290000,65.26662889222888,0.42028265234695183,,/eagle/lc-mpi/Zhiqing/polaris_ebm/runs_pipeline_then_weighting/E2/E2_pipe_strict_last2b003_P4_K100_s300k_20260405_003926/trajectory,/eagle/lc-mpi/Zhiqing/polaris_ebm/runs_pipeline_then_weighting/E2/E2_pipe_strict_last2b003_P4_K100_s300k_20260405_003926/trajectory/step290000/metrics_compare.json
E2,E2_pipe_strict_last2b003_P4_K100_s300k,Provisional weighting study at fixed P=4,pipe_strict,1,295000,80.99500487088108,2.2195846737699654,,/eagle/lc-mpi/Zhiqing/polaris_ebm/runs_pipeline_then_weighting/E2/E2_pipe_strict_last2b003_P4_K100_s300k_20260405_003926/trajectory,/eagle/lc-mpi/Zhiqing/polaris_ebm/runs_pipeline_then_weighting/E2/E2_pipe_strict_last2b003_P4_K100_s300k_20260405_003926/trajectory/step295000/metrics_compare.json
E2,E2_pipe_strict_last2b003_P4_K100_s300k,Provisional weighting study at fixed P=4,pipe_strict,1,300000,81.08612296018487,1.2008648642295725,,/eagle/lc-mpi/Zhiqing/polaris_ebm/runs_pipeline_then_weighting/E2/E2_pipe_strict_last2b003_P4_K100_s300k_20260405_003926/trajectory,/eagle/lc-mpi/Zhiqing/polaris_ebm/runs_pipeline_then_weighting/E2/E2_pipe_strict_last2b003_P4_K100_s300k_20260405_003926/trajectory/step300000/metrics_compare.json
E2,E2_pipe_strict_last2b005_P4_K100_s300k,Provisional weighting study at fixed P=4,pipe_strict,1,5000,222.42589554606394,8.690135211203977,,/eagle/lc-mpi/Zhiqing/polaris_ebm/runs_pipeline_then_weighting/E2/E2_pipe_strict_last2b005_P4_K100_s300k_20260405_003926/trajectory,/eagle/lc-mpi/Zhiqing/polaris_ebm/runs_pipeline_then_weighting/E2/E2_pipe_strict_last2b005_P4_K100_s300k_20260405_003926/trajectory/step005000/metrics_compare.json
E2,E2_pipe_strict_last2b005_P4_K100_s300k,Provisional weighting study at fixed P=4,pipe_strict,1,10000,125.5670499020865,4.917987424011212,,/eagle/lc-mpi/Zhiqing/polaris_ebm/runs_pipeline_then_weighting/E2/E2_pipe_strict_last2b005_P4_K100_s300k_20260405_003926/trajectory,/eagle/lc-mpi/Zhiqing/polaris_ebm/runs_pipeline_then_weighting/E2/E2_pipe_strict_last2b005_P4_K100_s300k_20260405_003926/trajectory/step010000/metrics_compare.json
E2,E2_pipe_strict_last2b005_P4_K100_s300k,Provisional weighting study at fixed P=4,pipe_strict,1,15000,163.97088408345968,3.534912113637006,,/eagle/lc-mpi/Zhiqing/polaris_ebm/runs_pipeline_then_weighting/E2/E2_pipe_strict_last2b005_P4_K100_s300k_20260405_003926/trajectory,/eagle/lc-mpi/Zhiqing/polaris_ebm/runs_pipeline_then_weighting/E2/E2_pipe_strict_last2b005_P4_K100_s300k_20260405_003926/trajectory/step015000/metrics_compare.json
E2,E2_pipe_strict_last2b005_P4_K100_s300k,Provisional weighting study at fixed P=4,pipe_strict,1,20000,127.52379495078696,2.263479536116737,,/eagle/lc-mpi/Zhiqing/polaris_ebm/runs_pipeline_then_weighting/E2/E2_pipe_strict_last2b005_P4_K100_s300k_20260405_003926/trajectory,/eagle/lc-mpi/Zhiqing/polaris_ebm/runs_pipeline_then_weighting/E2/E2_pipe_strict_last2b005_P4_K100_s300k_20260405_003926/trajectory/step020000/metrics_compare.json
E2,E2_pipe_strict_last2b005_P4_K100_s300k,Provisional weighting study at fixed P=4,pipe_strict,1,25000,107.5839303076429,5.213476067558339,,/eagle/lc-mpi/Zhiqing/polaris_ebm/runs_pipeline_then_weighting/E2/E2_pipe_strict_last2b005_P4_K100_s300k_20260405_003926/trajectory,/eagle/lc-mpi/Zhiqing/polaris_ebm/runs_pipeline_then_weighting/E2/E2_pipe_strict_last2b005_P4_K100_s300k_20260405_003926/trajectory/step025000/metrics_compare.json
E2,E2_pipe_strict_last2b005_P4_K100_s300k,Provisional weighting study at fixed P=4,pipe_strict,1,30000,105.37197723992477,4.365339782866862,,/eagle/lc-mpi/Zhiqing/polaris_ebm/runs_pipeline_then_weighting/E2/E2_pipe_strict_last2b005_P4_K100_s300k_20260405_003926/trajectory,/eagle/lc-mpi/Zhiqing/polaris_ebm/runs_pipeline_then_weighting/E2/E2_pipe_strict_last2b005_P4_K100_s300k_20260405_003926/trajectory/step030000/metrics_compare.json
E2,E2_pipe_strict_last2b005_P4_K100_s300k,Provisional weighting study at fixed P=4,pipe_strict,1,35000,85.65675385132613,1.393099531969611,,/eagle/lc-mpi/Zhiqing/polaris_ebm/runs_pipeline_then_weighting/E2/E2_pipe_strict_last2b005_P4_K100_s300k_20260405_003926/trajectory,/eagle/lc-mpi/Zhiqing/polaris_ebm/runs_pipeline_then_weighting/E2/E2_pipe_strict_last2b005_P4_K100_s300k_20260405_003926/trajectory/step035000/metrics_compare.json
E2,E2_pipe_strict_last2b005_P4_K100_s300k,Provisional weighting study at fixed P=4,pipe_strict,1,40000,92.46354485601023,1.594706164163938,,/eagle/lc-mpi/Zhiqing/polaris_ebm/runs_pipeline_then_weighting/E2/E2_pipe_strict_last2b005_P4_K100_s300k_20260405_003926/trajectory,/eagle/lc-mpi/Zhiqing/polaris_ebm/runs_pipeline_then_weighting/E2/E2_pipe_strict_last2b005_P4_K100_s300k_20260405_003926/trajectory/step040000/metrics_compare.json
E2,E2_pipe_strict_last2b005_P4_K100_s300k,Provisional weighting study at fixed P=4,pipe_strict,1,45000,107.26513953151772,1.202259272017038,,/eagle/lc-mpi/Zhiqing/polaris_ebm/runs_pipeline_then_weighting/E2/E2_pipe_strict_last2b005_P4_K100_s300k_20260405_003926/trajectory,/eagle/lc-mpi/Zhiqing/polaris_ebm/runs_pipeline_then_weighting/E2/E2_pipe_strict_last2b005_P4_K100_s300k_20260405_003926/trajectory/step045000/metrics_compare.json
E2,E2_pipe_strict_last2b005_P4_K100_s300k,Provisional weighting study at fixed P=4,pipe_strict,1,50000,101.0893964620023,2.3611930242388013,,/eagle/lc-mpi/Zhiqing/polaris_ebm/runs_pipeline_then_weighting/E2/E2_pipe_strict_last2b005_P4_K100_s300k_20260405_003926/trajectory,/eagle/lc-mpi/Zhiqing/polaris_ebm/runs_pipeline_then_weighting/E2/E2_pipe_strict_last2b005_P4_K100_s300k_20260405_003926/trajectory/step050000/metrics_compare.json
E2,E2_pipe_strict_last2b005_P4_K100_s300k,Provisional weighting study at fixed P=4,pipe_strict,1,55000,112.38442418171013,5.078642176917695,,/eagle/lc-mpi/Zhiqing/polaris_ebm/runs_pipeline_then_weighting/E2/E2_pipe_strict_last2b005_P4_K100_s300k_20260405_003926/trajectory,/eagle/lc-mpi/Zhiqing/polaris_ebm/runs_pipeline_then_weighting/E2/E2_pipe_strict_last2b005_P4_K100_s300k_20260405_003926/trajectory/step055000/metrics_compare.json
E2,E2_pipe_strict_last2b005_P4_K100_s300k,Provisional weighting study at fixed P=4,pipe_strict,1,60000,119.82901366272881,4.362405854890563,,/eagle/lc-mpi/Zhiqing/polaris_ebm/runs_pipeline_then_weighting/E2/E2_pipe_strict_last2b005_P4_K100_s300k_20260405_003926/trajectory,/eagle/lc-mpi/Zhiqing/polaris_ebm/runs_pipeline_then_weighting/E2/E2_pipe_strict_last2b005_P4_K100_s300k_20260405_003926/trajectory/step060000/metrics_compare.json
E2,E2_pipe_strict_last2b005_P4_K100_s300k,Provisional weighting study at fixed P=4,pipe_strict,1,65000,107.75663823842541,1.582823290211124,,/eagle/lc-mpi/Zhiqing/polaris_ebm/runs_pipeline_then_weighting/E2/E2_pipe_strict_last2b005_P4_K100_s300k_20260405_003926/trajectory,/eagle/lc-mpi/Zhiqing/polaris_ebm/runs_pipeline_then_weighting/E2/E2_pipe_strict_last2b005_P4_K100_s300k_20260405_003926/trajectory/step065000/metrics_compare.json
E2,E2_pipe_strict_last2b005_P4_K100_s300k,Provisional weighting study at fixed P=4,pipe_strict,1,70000,84.72480659892898,1.7720965730053635,,/eagle/lc-mpi/Zhiqing/polaris_ebm/runs_pipeline_then_weighting/E2/E2_pipe_strict_last2b005_P4_K100_s300k_20260405_003926/trajectory,/eagle/lc-mpi/Zhiqing/polaris_ebm/runs_pipeline_then_weighting/E2/E2_pipe_strict_last2b005_P4_K100_s300k_20260405_003926/trajectory/step070000/metrics_compare.json
E2,E2_pipe_strict_last2b005_P4_K100_s300k,Provisional weighting study at fixed P=4,pipe_strict,1,75000,110.17817047786548,2.708437948674373,,/eagle/lc-mpi/Zhiqing/polaris_ebm/runs_pipeline_then_weighting/E2/E2_pipe_strict_last2b005_P4_K100_s300k_20260405_003926/trajectory,/eagle/lc-mpi/Zhiqing/polaris_ebm/runs_pipeline_then_weighting/E2/E2_pipe_strict_last2b005_P4_K100_s300k_20260405_003926/trajectory/step075000/metrics_compare.json
E2,E2_pipe_strict_last2b005_P4_K100_s300k,Provisional weighting study at fixed P=4,pipe_strict,1,80000,71.72896048408808,1.293506821290368,,/eagle/lc-mpi/Zhiqing/polaris_ebm/runs_pipeline_then_weighting/E2/E2_pipe_strict_last2b005_P4_K100_s300k_20260405_003926/trajectory,/eagle/lc-mpi/Zhiqing/polaris_ebm/runs_pipeline_then_weighting/E2/E2_pipe_strict_last2b005_P4_K100_s300k_20260405_003926/trajectory/step080000/metrics_compare.json
E2,E2_pipe_strict_last2b005_P4_K100_s300k,Provisional weighting study at fixed P=4,pipe_strict,1,85000,127.74941733993091,1.8407771764808718,,/eagle/lc-mpi/Zhiqing/polaris_ebm/runs_pipeline_then_weighting/E2/E2_pipe_strict_last2b005_P4_K100_s300k_20260405_003926/trajectory,/eagle/lc-mpi/Zhiqing/polaris_ebm/runs_pipeline_then_weighting/E2/E2_pipe_strict_last2b005_P4_K100_s300k_20260405_003926/trajectory/step085000/metrics_compare.json
E2,E2_pipe_strict_last2b005_P4_K100_s300k,Provisional weighting study at fixed P=4,pipe_strict,1,90000,73.00948636518314,2.1816890901977892,,/eagle/lc-mpi/Zhiqing/polaris_ebm/runs_pipeline_then_weighting/E2/E2_pipe_strict_last2b005_P4_K100_s300k_20260405_003926/trajectory,/eagle/lc-mpi/Zhiqing/polaris_ebm/runs_pipeline_then_weighting/E2/E2_pipe_strict_last2b005_P4_K100_s300k_20260405_003926/trajectory/step090000/metrics_compare.json
E2,E2_pipe_strict_last2b005_P4_K100_s300k,Provisional weighting study at fixed P=4,pipe_strict,1,95000,84.72485354443592,6.806352401464714,,/eagle/lc-mpi/Zhiqing/polaris_ebm/runs_pipeline_then_weighting/E2/E2_pipe_strict_last2b005_P4_K100_s300k_20260405_003926/trajectory,/eagle/lc-mpi/Zhiqing/polaris_ebm/runs_pipeline_then_weighting/E2/E2_pipe_strict_last2b005_P4_K100_s300k_20260405_003926/trajectory/step095000/metrics_compare.json
E2,E2_pipe_strict_last2b005_P4_K100_s300k,Provisional weighting study at fixed P=4,pipe_strict,1,100000,79.1295556915756,2.525177336908463,,/eagle/lc-mpi/Zhiqing/polaris_ebm/runs_pipeline_then_weighting/E2/E2_pipe_strict_last2b005_P4_K100_s300k_20260405_003926/trajectory,/eagle/lc-mpi/Zhiqing/polaris_ebm/runs_pipeline_then_weighting/E2/E2_pipe_strict_last2b005_P4_K100_s300k_20260405_003926/trajectory/step100000/metrics_compare.json
E2,E2_pipe_strict_last2b005_P4_K100_s300k,Provisional weighting study at fixed P=4,pipe_strict,1,105000,99.33731914147387,1.1172950743493928,,/eagle/lc-mpi/Zhiqing/polaris_ebm/runs_pipeline_then_weighting/E2/E2_pipe_strict_last2b005_P4_K100_s300k_20260405_003926/trajectory,/eagle/lc-mpi/Zhiqing/polaris_ebm/runs_pipeline_then_weighting/E2/E2_pipe_strict_last2b005_P4_K100_s300k_20260405_003926/trajectory/step105000/metrics_compare.json
E2,E2_pipe_strict_last2b005_P4_K100_s300k,Provisional weighting study at fixed P=4,pipe_strict,1,110000,92.44088853645371,2.739890675195582,,/eagle/lc-mpi/Zhiqing/polaris_ebm/runs_pipeline_then_weighting/E2/E2_pipe_strict_last2b005_P4_K100_s300k_20260405_003926/trajectory,/eagle/lc-mpi/Zhiqing/polaris_ebm/runs_pipeline_then_weighting/E2/E2_pipe_strict_last2b005_P4_K100_s300k_20260405_003926/trajectory/step110000/metrics_compare.json
E2,E2_pipe_strict_last2b005_P4_K100_s300k,Provisional weighting study at fixed P=4,pipe_strict,1,115000,88.85259134948205,2.4544885339272824,,/eagle/lc-mpi/Zhiqing/polaris_ebm/runs_pipeline_then_weighting/E2/E2_pipe_strict_last2b005_P4_K100_s300k_20260405_003926/trajectory,/eagle/lc-mpi/Zhiqing/polaris_ebm/runs_pipeline_then_weighting/E2/E2_pipe_strict_last2b005_P4_K100_s300k_20260405_003926/trajectory/step115000/metrics_compare.json
E2,E2_pipe_strict_last2b005_P4_K100_s300k,Provisional weighting study at fixed P=4,pipe_strict,1,120000,76.83580065950088,1.3648190642135916,,/eagle/lc-mpi/Zhiqing/polaris_ebm/runs_pipeline_then_weighting/E2/E2_pipe_strict_last2b005_P4_K100_s300k_20260405_003926/trajectory,/eagle/lc-mpi/Zhiqing/polaris_ebm/runs_pipeline_then_weighting/E2/E2_pipe_strict_last2b005_P4_K100_s300k_20260405_003926/trajectory/step120000/metrics_compare.json
E2,E2_pipe_strict_last2b005_P4_K100_s300k,Provisional weighting study at fixed P=4,pipe_strict,1,125000,103.30913584298747,3.120450547194139,,/eagle/lc-mpi/Zhiqing/polaris_ebm/runs_pipeline_then_weighting/E2/E2_pipe_strict_last2b005_P4_K100_s300k_20260405_003926/trajectory,/eagle/lc-mpi/Zhiqing/polaris_ebm/runs_pipeline_then_weighting/E2/E2_pipe_strict_last2b005_P4_K100_s300k_20260405_003926/trajectory/step125000/metrics_compare.json
E2,E2_pipe_strict_last2b005_P4_K100_s300k,Provisional weighting study at fixed P=4,pipe_strict,1,130000,76.85416218042428,0.5618233612227144,,/eagle/lc-mpi/Zhiqing/polaris_ebm/runs_pipeline_then_weighting/E2/E2_pipe_strict_last2b005_P4_K100_s300k_20260405_003926/trajectory,/eagle/lc-mpi/Zhiqing/polaris_ebm/runs_pipeline_then_weighting/E2/E2_pipe_strict_last2b005_P4_K100_s300k_20260405_003926/trajectory/step130000/metrics_compare.json
E2,E2_pipe_strict_last2b005_P4_K100_s300k,Provisional weighting study at fixed P=4,pipe_strict,1,135000,71.1662983339532,0.9460577384033044,,/eagle/lc-mpi/Zhiqing/polaris_ebm/runs_pipeline_then_weighting/E2/E2_pipe_strict_last2b005_P4_K100_s300k_20260405_003926/trajectory,/eagle/lc-mpi/Zhiqing/polaris_ebm/runs_pipeline_then_weighting/E2/E2_pipe_strict_last2b005_P4_K100_s300k_20260405_003926/trajectory/step135000/metrics_compare.json
E2,E2_pipe_strict_last2b005_P4_K100_s300k,Provisional weighting study at fixed P=4,pipe_strict,1,140000,81.29121155589314,4.552868849587309,,/eagle/lc-mpi/Zhiqing/polaris_ebm/runs_pipeline_then_weighting/E2/E2_pipe_strict_last2b005_P4_K100_s300k_20260405_003926/trajectory,/eagle/lc-mpi/Zhiqing/polaris_ebm/runs_pipeline_then_weighting/E2/E2_pipe_strict_last2b005_P4_K100_s300k_20260405_003926/trajectory/step140000/metrics_compare.json
E2,E2_pipe_strict_last2b005_P4_K100_s300k,Provisional weighting study at fixed P=4,pipe_strict,1,145000,73.67923810118606,0.4676179847163695,,/eagle/lc-mpi/Zhiqing/polaris_ebm/runs_pipeline_then_weighting/E2/E2_pipe_strict_last2b005_P4_K100_s300k_20260405_003926/trajectory,/eagle/lc-mpi/Zhiqing/polaris_ebm/runs_pipeline_then_weighting/E2/E2_pipe_strict_last2b005_P4_K100_s300k_20260405_003926/trajectory/step145000/metrics_compare.json
E2,E2_pipe_strict_last2b005_P4_K100_s300k,Provisional weighting study at fixed P=4,pipe_strict,1,150000,88.35480494166308,3.657812029869646,,/eagle/lc-mpi/Zhiqing/polaris_ebm/runs_pipeline_then_weighting/E2/E2_pipe_strict_last2b005_P4_K100_s300k_20260405_003926/trajectory,/eagle/lc-mpi/Zhiqing/polaris_ebm/runs_pipeline_then_weighting/E2/E2_pipe_strict_last2b005_P4_K100_s300k_20260405_003926/trajectory/step150000/metrics_compare.json
E2,E2_pipe_strict_last2b005_P4_K100_s300k,Provisional weighting study at fixed P=4,pipe_strict,1,155000,69.1497655276126,0.9925989015417542,,/eagle/lc-mpi/Zhiqing/polaris_ebm/runs_pipeline_then_weighting/E2/E2_pipe_strict_last2b005_P4_K100_s300k_20260405_003926/trajectory,/eagle/lc-mpi/Zhiqing/polaris_ebm/runs_pipeline_then_weighting/E2/E2_pipe_strict_last2b005_P4_K100_s300k_20260405_003926/trajectory/step155000/metrics_compare.json
E2,E2_pipe_strict_last2b005_P4_K100_s300k,Provisional weighting study at fixed P=4,pipe_strict,1,160000,86.67186905950246,1.1482237467048932,,/eagle/lc-mpi/Zhiqing/polaris_ebm/runs_pipeline_then_weighting/E2/E2_pipe_strict_last2b005_P4_K100_s300k_20260405_003926/trajectory,/eagle/lc-mpi/Zhiqing/polaris_ebm/runs_pipeline_then_weighting/E2/E2_pipe_strict_last2b005_P4_K100_s300k_20260405_003926/trajectory/step160000/metrics_compare.json
E2,E2_pipe_strict_last2b005_P4_K100_s300k,Provisional weighting study at fixed P=4,pipe_strict,1,165000,90.42261821795853,0.6252305003725631,,/eagle/lc-mpi/Zhiqing/polaris_ebm/runs_pipeline_then_weighting/E2/E2_pipe_strict_last2b005_P4_K100_s300k_20260405_003926/trajectory,/eagle/lc-mpi/Zhiqing/polaris_ebm/runs_pipeline_then_weighting/E2/E2_pipe_strict_last2b005_P4_K100_s300k_20260405_003926/trajectory/step165000/metrics_compare.json
E2,E2_pipe_strict_last2b005_P4_K100_s300k,Provisional weighting study at fixed P=4,pipe_strict,1,170000,97.9153338223141,1.0921551442863517,,/eagle/lc-mpi/Zhiqing/polaris_ebm/runs_pipeline_then_weighting/E2/E2_pipe_strict_last2b005_P4_K100_s300k_20260405_003926/trajectory,/eagle/lc-mpi/Zhiqing/polaris_ebm/runs_pipeline_then_weighting/E2/E2_pipe_strict_last2b005_P4_K100_s300k_20260405_003926/trajectory/step170000/metrics_compare.json
E2,E2_pipe_strict_last2b005_P4_K100_s300k,Provisional weighting study at fixed P=4,pipe_strict,1,175000,84.2605367860777,1.6767993884860921,,/eagle/lc-mpi/Zhiqing/polaris_ebm/runs_pipeline_then_weighting/E2/E2_pipe_strict_last2b005_P4_K100_s300k_20260405_003926/trajectory,/eagle/lc-mpi/Zhiqing/polaris_ebm/runs_pipeline_then_weighting/E2/E2_pipe_strict_last2b005_P4_K100_s300k_20260405_003926/trajectory/step175000/metrics_compare.json
E2,E2_pipe_strict_last2b005_P4_K100_s300k,Provisional weighting study at fixed P=4,pipe_strict,1,180000,79.52226227499557,1.7492662073248297,,/eagle/lc-mpi/Zhiqing/polaris_ebm/runs_pipeline_then_weighting/E2/E2_pipe_strict_last2b005_P4_K100_s300k_20260405_003926/trajectory,/eagle/lc-mpi/Zhiqing/polaris_ebm/runs_pipeline_then_weighting/E2/E2_pipe_strict_last2b005_P4_K100_s300k_20260405_003926/trajectory/step180000/metrics_compare.json
E2,E2_pipe_strict_last2b005_P4_K100_s300k,Provisional weighting study at fixed P=4,pipe_strict,1,185000,67.335907112521,1.468723517571533,,/eagle/lc-mpi/Zhiqing/polaris_ebm/runs_pipeline_then_weighting/E2/E2_pipe_strict_last2b005_P4_K100_s300k_20260405_003926/trajectory,/eagle/lc-mpi/Zhiqing/polaris_ebm/runs_pipeline_then_weighting/E2/E2_pipe_strict_last2b005_P4_K100_s300k_20260405_003926/trajectory/step185000/metrics_compare.json
E2,E2_pipe_strict_last2b005_P4_K100_s300k,Provisional weighting study at fixed P=4,pipe_strict,1,190000,86.58187459635286,0.5355137735333315,,/eagle/lc-mpi/Zhiqing/polaris_ebm/runs_pipeline_then_weighting/E2/E2_pipe_strict_last2b005_P4_K100_s300k_20260405_003926/trajectory,/eagle/lc-mpi/Zhiqing/polaris_ebm/runs_pipeline_then_weighting/E2/E2_pipe_strict_last2b005_P4_K100_s300k_20260405_003926/trajectory/step190000/metrics_compare.json
E2,E2_pipe_strict_last2b005_P4_K100_s300k,Provisional weighting study at fixed P=4,pipe_strict,1,195000,98.09062447994279,3.360230652958336,,/eagle/lc-mpi/Zhiqing/polaris_ebm/runs_pipeline_then_weighting/E2/E2_pipe_strict_last2b005_P4_K100_s300k_20260405_003926/trajectory,/eagle/lc-mpi/Zhiqing/polaris_ebm/runs_pipeline_then_weighting/E2/E2_pipe_strict_last2b005_P4_K100_s300k_20260405_003926/trajectory/step195000/metrics_compare.json
E2,E2_pipe_strict_last2b005_P4_K100_s300k,Provisional weighting study at fixed P=4,pipe_strict,1,200000,69.45512563279397,0.8654030608971617,,/eagle/lc-mpi/Zhiqing/polaris_ebm/runs_pipeline_then_weighting/E2/E2_pipe_strict_last2b005_P4_K100_s300k_20260405_003926/trajectory,/eagle/lc-mpi/Zhiqing/polaris_ebm/runs_pipeline_then_weighting/E2/E2_pipe_strict_last2b005_P4_K100_s300k_20260405_003926/trajectory/step200000/metrics_compare.json
E2,E2_pipe_strict_last2b005_P4_K100_s300k,Provisional weighting study at fixed P=4,pipe_strict,1,205000,77.2039753995657,1.7320097190314385,,/eagle/lc-mpi/Zhiqing/polaris_ebm/runs_pipeline_then_weighting/E2/E2_pipe_strict_last2b005_P4_K100_s300k_20260405_003926/trajectory,/eagle/lc-mpi/Zhiqing/polaris_ebm/runs_pipeline_then_weighting/E2/E2_pipe_strict_last2b005_P4_K100_s300k_20260405_003926/trajectory/step205000/metrics_compare.json
E2,E2_pipe_strict_last2b005_P4_K100_s300k,Provisional weighting study at fixed P=4,pipe_strict,1,210000,73.87293009986536,1.2229914716302304,,/eagle/lc-mpi/Zhiqing/polaris_ebm/runs_pipeline_then_weighting/E2/E2_pipe_strict_last2b005_P4_K100_s300k_20260405_003926/trajectory,/eagle/lc-mpi/Zhiqing/polaris_ebm/runs_pipeline_then_weighting/E2/E2_pipe_strict_last2b005_P4_K100_s300k_20260405_003926/trajectory/step210000/metrics_compare.json
E2,E2_pipe_strict_last2b005_P4_K100_s300k,Provisional weighting study at fixed P=4,pipe_strict,1,215000,80.19678339222708,0.5650596583709309,,/eagle/lc-mpi/Zhiqing/polaris_ebm/runs_pipeline_then_weighting/E2/E2_pipe_strict_last2b005_P4_K100_s300k_20260405_003926/trajectory,/eagle/lc-mpi/Zhiqing/polaris_ebm/runs_pipeline_then_weighting/E2/E2_pipe_strict_last2b005_P4_K100_s300k_20260405_003926/trajectory/step215000/metrics_compare.json
E2,E2_pipe_strict_last2b005_P4_K100_s300k,Provisional weighting study at fixed P=4,pipe_strict,1,220000,80.49406152105814,1.2393313829758128,,/eagle/lc-mpi/Zhiqing/polaris_ebm/runs_pipeline_then_weighting/E2/E2_pipe_strict_last2b005_P4_K100_s300k_20260405_003926/trajectory,/eagle/lc-mpi/Zhiqing/polaris_ebm/runs_pipeline_then_weighting/E2/E2_pipe_strict_last2b005_P4_K100_s300k_20260405_003926/trajectory/step220000/metrics_compare.json
E2,E2_pipe_strict_last2b005_P4_K100_s300k,Provisional weighting study at fixed P=4,pipe_strict,1,225000,76.53614853387313,2.444785043499092,,/eagle/lc-mpi/Zhiqing/polaris_ebm/runs_pipeline_then_weighting/E2/E2_pipe_strict_last2b005_P4_K100_s300k_20260405_003926/trajectory,/eagle/lc-mpi/Zhiqing/polaris_ebm/runs_pipeline_then_weighting/E2/E2_pipe_strict_last2b005_P4_K100_s300k_20260405_003926/trajectory/step225000/metrics_compare.json
E2,E2_pipe_strict_last2b005_P4_K100_s300k,Provisional weighting study at fixed P=4,pipe_strict,1,230000,71.9156708159527,0.7119480760630132,,/eagle/lc-mpi/Zhiqing/polaris_ebm/runs_pipeline_then_weighting/E2/E2_pipe_strict_last2b005_P4_K100_s300k_20260405_003926/trajectory,/eagle/lc-mpi/Zhiqing/polaris_ebm/runs_pipeline_then_weighting/E2/E2_pipe_strict_last2b005_P4_K100_s300k_20260405_003926/trajectory/step230000/metrics_compare.json
E2,E2_pipe_strict_last2b005_P4_K100_s300k,Provisional weighting study at fixed P=4,pipe_strict,1,235000,68.34894645170249,0.6490559874937603,,/eagle/lc-mpi/Zhiqing/polaris_ebm/runs_pipeline_then_weighting/E2/E2_pipe_strict_last2b005_P4_K100_s300k_20260405_003926/trajectory,/eagle/lc-mpi/Zhiqing/polaris_ebm/runs_pipeline_then_weighting/E2/E2_pipe_strict_last2b005_P4_K100_s300k_20260405_003926/trajectory/step235000/metrics_compare.json
E2,E2_pipe_strict_last2b005_P4_K100_s300k,Provisional weighting study at fixed P=4,pipe_strict,1,240000,98.74348808506795,0.5247672592015924,,/eagle/lc-mpi/Zhiqing/polaris_ebm/runs_pipeline_then_weighting/E2/E2_pipe_strict_last2b005_P4_K100_s300k_20260405_003926/trajectory,/eagle/lc-mpi/Zhiqing/polaris_ebm/runs_pipeline_then_weighting/E2/E2_pipe_strict_last2b005_P4_K100_s300k_20260405_003926/trajectory/step240000/metrics_compare.json
E2,E2_pipe_strict_last2b005_P4_K100_s300k,Provisional weighting study at fixed P=4,pipe_strict,1,245000,69.74530335094641,0.9793325625865279,,/eagle/lc-mpi/Zhiqing/polaris_ebm/runs_pipeline_then_weighting/E2/E2_pipe_strict_last2b005_P4_K100_s300k_20260405_003926/trajectory,/eagle/lc-mpi/Zhiqing/polaris_ebm/runs_pipeline_then_weighting/E2/E2_pipe_strict_last2b005_P4_K100_s300k_20260405_003926/trajectory/step245000/metrics_compare.json
E2,E2_pipe_strict_last2b005_P4_K100_s300k,Provisional weighting study at fixed P=4,pipe_strict,1,250000,80.91783303592587,1.1532841959728586,,/eagle/lc-mpi/Zhiqing/polaris_ebm/runs_pipeline_then_weighting/E2/E2_pipe_strict_last2b005_P4_K100_s300k_20260405_003926/trajectory,/eagle/lc-mpi/Zhiqing/polaris_ebm/runs_pipeline_then_weighting/E2/E2_pipe_strict_last2b005_P4_K100_s300k_20260405_003926/trajectory/step250000/metrics_compare.json
E2,E2_pipe_strict_last2b005_P4_K100_s300k,Provisional weighting study at fixed P=4,pipe_strict,1,255000,87.31330449519027,4.260001125292881,,/eagle/lc-mpi/Zhiqing/polaris_ebm/runs_pipeline_then_weighting/E2/E2_pipe_strict_last2b005_P4_K100_s300k_20260405_003926/trajectory,/eagle/lc-mpi/Zhiqing/polaris_ebm/runs_pipeline_then_weighting/E2/E2_pipe_strict_last2b005_P4_K100_s300k_20260405_003926/trajectory/step255000/metrics_compare.json
E2,E2_pipe_strict_last2b005_P4_K100_s300k,Provisional weighting study at fixed P=4,pipe_strict,1,260000,58.0400198040075,0.6066882035592336,,/eagle/lc-mpi/Zhiqing/polaris_ebm/runs_pipeline_then_weighting/E2/E2_pipe_strict_last2b005_P4_K100_s300k_20260405_003926/trajectory,/eagle/lc-mpi/Zhiqing/polaris_ebm/runs_pipeline_then_weighting/E2/E2_pipe_strict_last2b005_P4_K100_s300k_20260405_003926/trajectory/step260000/metrics_compare.json
E2,E2_pipe_strict_last2b005_P4_K100_s300k,Provisional weighting study at fixed P=4,pipe_strict,1,265000,77.96347754406622,0.6883852814936091,,/eagle/lc-mpi/Zhiqing/polaris_ebm/runs_pipeline_then_weighting/E2/E2_pipe_strict_last2b005_P4_K100_s300k_20260405_003926/trajectory,/eagle/lc-mpi/Zhiqing/polaris_ebm/runs_pipeline_then_weighting/E2/E2_pipe_strict_last2b005_P4_K100_s300k_20260405_003926/trajectory/step265000/metrics_compare.json
E2,E2_pipe_strict_last2b005_P4_K100_s300k,Provisional weighting study at fixed P=4,pipe_strict,1,270000,81.20777237356634,2.179364141722367,,/eagle/lc-mpi/Zhiqing/polaris_ebm/runs_pipeline_then_weighting/E2/E2_pipe_strict_last2b005_P4_K100_s300k_20260405_003926/trajectory,/eagle/lc-mpi/Zhiqing/polaris_ebm/runs_pipeline_then_weighting/E2/E2_pipe_strict_last2b005_P4_K100_s300k_20260405_003926/trajectory/step270000/metrics_compare.json
E2,E2_pipe_strict_last2b005_P4_K100_s300k,Provisional weighting study at fixed P=4,pipe_strict,1,275000,61.545630108406215,2.5988225793782966,,/eagle/lc-mpi/Zhiqing/polaris_ebm/runs_pipeline_then_weighting/E2/E2_pipe_strict_last2b005_P4_K100_s300k_20260405_003926/trajectory,/eagle/lc-mpi/Zhiqing/polaris_ebm/runs_pipeline_then_weighting/E2/E2_pipe_strict_last2b005_P4_K100_s300k_20260405_003926/trajectory/step275000/metrics_compare.json
E2,E2_pipe_strict_last2b005_P4_K100_s300k,Provisional weighting study at fixed P=4,pipe_strict,1,280000,75.23005661661495,0.5741076880617371,,/eagle/lc-mpi/Zhiqing/polaris_ebm/runs_pipeline_then_weighting/E2/E2_pipe_strict_last2b005_P4_K100_s300k_20260405_003926/trajectory,/eagle/lc-mpi/Zhiqing/polaris_ebm/runs_pipeline_then_weighting/E2/E2_pipe_strict_last2b005_P4_K100_s300k_20260405_003926/trajectory/step280000/metrics_compare.json
E2,E2_pipe_strict_last2b005_P4_K100_s300k,Provisional weighting study at fixed P=4,pipe_strict,1,285000,76.62658446683531,0.8574192475531781,,/eagle/lc-mpi/Zhiqing/polaris_ebm/runs_pipeline_then_weighting/E2/E2_pipe_strict_last2b005_P4_K100_s300k_20260405_003926/trajectory,/eagle/lc-mpi/Zhiqing/polaris_ebm/runs_pipeline_then_weighting/E2/E2_pipe_strict_last2b005_P4_K100_s300k_20260405_003926/trajectory/step285000/metrics_compare.json
E2,E2_pipe_strict_last2b005_P4_K100_s300k,Provisional weighting study at fixed P=4,pipe_strict,1,290000,90.36395901953847,0.8997320261145916,,/eagle/lc-mpi/Zhiqing/polaris_ebm/runs_pipeline_then_weighting/E2/E2_pipe_strict_last2b005_P4_K100_s300k_20260405_003926/trajectory,/eagle/lc-mpi/Zhiqing/polaris_ebm/runs_pipeline_then_weighting/E2/E2_pipe_strict_last2b005_P4_K100_s300k_20260405_003926/trajectory/step290000/metrics_compare.json
E2,E2_pipe_strict_last2b005_P4_K100_s300k,Provisional weighting study at fixed P=4,pipe_strict,1,295000,58.06061959171012,0.5199147277899066,,/eagle/lc-mpi/Zhiqing/polaris_ebm/runs_pipeline_then_weighting/E2/E2_pipe_strict_last2b005_P4_K100_s300k_20260405_003926/trajectory,/eagle/lc-mpi/Zhiqing/polaris_ebm/runs_pipeline_then_weighting/E2/E2_pipe_strict_last2b005_P4_K100_s300k_20260405_003926/trajectory/step295000/metrics_compare.json
E2,E2_pipe_strict_last2b005_P4_K100_s300k,Provisional weighting study at fixed P=4,pipe_strict,1,300000,81.24128529821104,1.0245430164770752,,/eagle/lc-mpi/Zhiqing/polaris_ebm/runs_pipeline_then_weighting/E2/E2_pipe_strict_last2b005_P4_K100_s300k_20260405_003926/trajectory,/eagle/lc-mpi/Zhiqing/polaris_ebm/runs_pipeline_then_weighting/E2/E2_pipe_strict_last2b005_P4_K100_s300k_20260405_003926/trajectory/step300000/metrics_compare.json
E2,E2_pipe_strict_uniform_P4_K100_s300k,Provisional weighting study at fixed P=4,pipe_strict,1,5000,150.78772563130798,2.811815482547395,,/eagle/lc-mpi/Zhiqing/polaris_ebm/runs_pipeline_then_weighting/E2/E2_pipe_strict_uniform_P4_K100_s300k_20260405_003926/trajectory,/eagle/lc-mpi/Zhiqing/polaris_ebm/runs_pipeline_then_weighting/E2/E2_pipe_strict_uniform_P4_K100_s300k_20260405_003926/trajectory/step005000/metrics_compare.json
E2,E2_pipe_strict_uniform_P4_K100_s300k,Provisional weighting study at fixed P=4,pipe_strict,1,10000,157.73839111344327,11.194790061785476,,/eagle/lc-mpi/Zhiqing/polaris_ebm/runs_pipeline_then_weighting/E2/E2_pipe_strict_uniform_P4_K100_s300k_20260405_003926/trajectory,/eagle/lc-mpi/Zhiqing/polaris_ebm/runs_pipeline_then_weighting/E2/E2_pipe_strict_uniform_P4_K100_s300k_20260405_003926/trajectory/step010000/metrics_compare.json
E2,E2_pipe_strict_uniform_P4_K100_s300k,Provisional weighting study at fixed P=4,pipe_strict,1,15000,106.23747553064425,1.9108969856284475,,/eagle/lc-mpi/Zhiqing/polaris_ebm/runs_pipeline_then_weighting/E2/E2_pipe_strict_uniform_P4_K100_s300k_20260405_003926/trajectory,/eagle/lc-mpi/Zhiqing/polaris_ebm/runs_pipeline_then_weighting/E2/E2_pipe_strict_uniform_P4_K100_s300k_20260405_003926/trajectory/step015000/metrics_compare.json
E2,E2_pipe_strict_uniform_P4_K100_s300k,Provisional weighting study at fixed P=4,pipe_strict,1,20000,136.84926941937175,14.65837418514922,,/eagle/lc-mpi/Zhiqing/polaris_ebm/runs_pipeline_then_weighting/E2/E2_pipe_strict_uniform_P4_K100_s300k_20260405_003926/trajectory,/eagle/lc-mpi/Zhiqing/polaris_ebm/runs_pipeline_then_weighting/E2/E2_pipe_strict_uniform_P4_K100_s300k_20260405_003926/trajectory/step020000/metrics_compare.json
E2,E2_pipe_strict_uniform_P4_K100_s300k,Provisional weighting study at fixed P=4,pipe_strict,1,25000,95.84989370902963,3.3672010454918,,/eagle/lc-mpi/Zhiqing/polaris_ebm/runs_pipeline_then_weighting/E2/E2_pipe_strict_uniform_P4_K100_s300k_20260405_003926/trajectory,/eagle/lc-mpi/Zhiqing/polaris_ebm/runs_pipeline_then_weighting/E2/E2_pipe_strict_uniform_P4_K100_s300k_20260405_003926/trajectory/step025000/metrics_compare.json
E2,E2_pipe_strict_uniform_P4_K100_s300k,Provisional weighting study at fixed P=4,pipe_strict,1,30000,79.07611758368216,1.384002937571669,,/eagle/lc-mpi/Zhiqing/polaris_ebm/runs_pipeline_then_weighting/E2/E2_pipe_strict_uniform_P4_K100_s300k_20260405_003926/trajectory,/eagle/lc-mpi/Zhiqing/polaris_ebm/runs_pipeline_then_weighting/E2/E2_pipe_strict_uniform_P4_K100_s300k_20260405_003926/trajectory/step030000/metrics_compare.json
E2,E2_pipe_strict_uniform_P4_K100_s300k,Provisional weighting study at fixed P=4,pipe_strict,1,35000,89.7610912123609,8.92156617886695,,/eagle/lc-mpi/Zhiqing/polaris_ebm/runs_pipeline_then_weighting/E2/E2_pipe_strict_uniform_P4_K100_s300k_20260405_003926/trajectory,/eagle/lc-mpi/Zhiqing/polaris_ebm/runs_pipeline_then_weighting/E2/E2_pipe_strict_uniform_P4_K100_s300k_20260405_003926/trajectory/step035000/metrics_compare.json
E2,E2_pipe_strict_uniform_P4_K100_s300k,Provisional weighting study at fixed P=4,pipe_strict,1,40000,99.92967381401257,1.6691091969847562,,/eagle/lc-mpi/Zhiqing/polaris_ebm/runs_pipeline_then_weighting/E2/E2_pipe_strict_uniform_P4_K100_s300k_20260405_003926/trajectory,/eagle/lc-mpi/Zhiqing/polaris_ebm/runs_pipeline_then_weighting/E2/E2_pipe_strict_uniform_P4_K100_s300k_20260405_003926/trajectory/step040000/metrics_compare.json
E2,E2_pipe_strict_uniform_P4_K100_s300k,Provisional weighting study at fixed P=4,pipe_strict,1,45000,82.49839824934855,2.027788535381415,,/eagle/lc-mpi/Zhiqing/polaris_ebm/runs_pipeline_then_weighting/E2/E2_pipe_strict_uniform_P4_K100_s300k_20260405_003926/trajectory,/eagle/lc-mpi/Zhiqing/polaris_ebm/runs_pipeline_then_weighting/E2/E2_pipe_strict_uniform_P4_K100_s300k_20260405_003926/trajectory/step045000/metrics_compare.json
E2,E2_pipe_strict_uniform_P4_K100_s300k,Provisional weighting study at fixed P=4,pipe_strict,1,50000,73.76128037929328,2.182174774043137,,/eagle/lc-mpi/Zhiqing/polaris_ebm/runs_pipeline_then_weighting/E2/E2_pipe_strict_uniform_P4_K100_s300k_20260405_003926/trajectory,/eagle/lc-mpi/Zhiqing/polaris_ebm/runs_pipeline_then_weighting/E2/E2_pipe_strict_uniform_P4_K100_s300k_20260405_003926/trajectory/step050000/metrics_compare.json
E2,E2_pipe_strict_uniform_P4_K100_s300k,Provisional weighting study at fixed P=4,pipe_strict,1,55000,68.75163121978869,1.3535808123170696,,/eagle/lc-mpi/Zhiqing/polaris_ebm/runs_pipeline_then_weighting/E2/E2_pipe_strict_uniform_P4_K100_s300k_20260405_003926/trajectory,/eagle/lc-mpi/Zhiqing/polaris_ebm/runs_pipeline_then_weighting/E2/E2_pipe_strict_uniform_P4_K100_s300k_20260405_003926/trajectory/step055000/metrics_compare.json
E2,E2_pipe_strict_uniform_P4_K100_s300k,Provisional weighting study at fixed P=4,pipe_strict,1,60000,73.98249439675902,4.843953958462947,,/eagle/lc-mpi/Zhiqing/polaris_ebm/runs_pipeline_then_weighting/E2/E2_pipe_strict_uniform_P4_K100_s300k_20260405_003926/trajectory,/eagle/lc-mpi/Zhiqing/polaris_ebm/runs_pipeline_then_weighting/E2/E2_pipe_strict_uniform_P4_K100_s300k_20260405_003926/trajectory/step060000/metrics_compare.json
E2,E2_pipe_strict_uniform_P4_K100_s300k,Provisional weighting study at fixed P=4,pipe_strict,1,65000,73.3349990954818,1.1259150321599698,,/eagle/lc-mpi/Zhiqing/polaris_ebm/runs_pipeline_then_weighting/E2/E2_pipe_strict_uniform_P4_K100_s300k_20260405_003926/trajectory,/eagle/lc-mpi/Zhiqing/polaris_ebm/runs_pipeline_then_weighting/E2/E2_pipe_strict_uniform_P4_K100_s300k_20260405_003926/trajectory/step065000/metrics_compare.json
E2,E2_pipe_strict_uniform_P4_K100_s300k,Provisional weighting study at fixed P=4,pipe_strict,1,70000,66.15022120080585,0.9451691429558089,,/eagle/lc-mpi/Zhiqing/polaris_ebm/runs_pipeline_then_weighting/E2/E2_pipe_strict_uniform_P4_K100_s300k_20260405_003926/trajectory,/eagle/lc-mpi/Zhiqing/polaris_ebm/runs_pipeline_then_weighting/E2/E2_pipe_strict_uniform_P4_K100_s300k_20260405_003926/trajectory/step070000/metrics_compare.json
E2,E2_pipe_strict_uniform_P4_K100_s300k,Provisional weighting study at fixed P=4,pipe_strict,1,75000,100.109349823765,2.119811534782876,,/eagle/lc-mpi/Zhiqing/polaris_ebm/runs_pipeline_then_weighting/E2/E2_pipe_strict_uniform_P4_K100_s300k_20260405_003926/trajectory,/eagle/lc-mpi/Zhiqing/polaris_ebm/runs_pipeline_then_weighting/E2/E2_pipe_strict_uniform_P4_K100_s300k_20260405_003926/trajectory/step075000/metrics_compare.json
E2,E2_pipe_strict_uniform_P4_K100_s300k,Provisional weighting study at fixed P=4,pipe_strict,1,80000,68.5300898942632,1.3817944315419162,,/eagle/lc-mpi/Zhiqing/polaris_ebm/runs_pipeline_then_weighting/E2/E2_pipe_strict_uniform_P4_K100_s300k_20260405_003926/trajectory,/eagle/lc-mpi/Zhiqing/polaris_ebm/runs_pipeline_then_weighting/E2/E2_pipe_strict_uniform_P4_K100_s300k_20260405_003926/trajectory/step080000/metrics_compare.json
E2,E2_pipe_strict_uniform_P4_K100_s300k,Provisional weighting study at fixed P=4,pipe_strict,1,85000,75.90203556299201,1.7955689219390578,,/eagle/lc-mpi/Zhiqing/polaris_ebm/runs_pipeline_then_weighting/E2/E2_pipe_strict_uniform_P4_K100_s300k_20260405_003926/trajectory,/eagle/lc-mpi/Zhiqing/polaris_ebm/runs_pipeline_then_weighting/E2/E2_pipe_strict_uniform_P4_K100_s300k_20260405_003926/trajectory/step085000/metrics_compare.json
E2,E2_pipe_strict_uniform_P4_K100_s300k,Provisional weighting study at fixed P=4,pipe_strict,1,90000,68.92509302769048,1.4333169368270617,,/eagle/lc-mpi/Zhiqing/polaris_ebm/runs_pipeline_then_weighting/E2/E2_pipe_strict_uniform_P4_K100_s300k_20260405_003926/trajectory,/eagle/lc-mpi/Zhiqing/polaris_ebm/runs_pipeline_then_weighting/E2/E2_pipe_strict_uniform_P4_K100_s300k_20260405_003926/trajectory/step090000/metrics_compare.json
E2,E2_pipe_strict_uniform_P4_K100_s300k,Provisional weighting study at fixed P=4,pipe_strict,1,95000,68.2357823016352,2.3032098305623947,,/eagle/lc-mpi/Zhiqing/polaris_ebm/runs_pipeline_then_weighting/E2/E2_pipe_strict_uniform_P4_K100_s300k_20260405_003926/trajectory,/eagle/lc-mpi/Zhiqing/polaris_ebm/runs_pipeline_then_weighting/E2/E2_pipe_strict_uniform_P4_K100_s300k_20260405_003926/trajectory/step095000/metrics_compare.json
E2,E2_pipe_strict_uniform_P4_K100_s300k,Provisional weighting study at fixed P=4,pipe_strict,1,100000,75.84668268856558,3.4628056900561113,,/eagle/lc-mpi/Zhiqing/polaris_ebm/runs_pipeline_then_weighting/E2/E2_pipe_strict_uniform_P4_K100_s300k_20260405_003926/trajectory,/eagle/lc-mpi/Zhiqing/polaris_ebm/runs_pipeline_then_weighting/E2/E2_pipe_strict_uniform_P4_K100_s300k_20260405_003926/trajectory/step100000/metrics_compare.json
E2,E2_pipe_strict_uniform_P4_K100_s300k,Provisional weighting study at fixed P=4,pipe_strict,1,105000,88.85427611423847,2.0088544066906344,,/eagle/lc-mpi/Zhiqing/polaris_ebm/runs_pipeline_then_weighting/E2/E2_pipe_strict_uniform_P4_K100_s300k_20260405_003926/trajectory,/eagle/lc-mpi/Zhiqing/polaris_ebm/runs_pipeline_then_weighting/E2/E2_pipe_strict_uniform_P4_K100_s300k_20260405_003926/trajectory/step105000/metrics_compare.json
E2,E2_pipe_strict_uniform_P4_K100_s300k,Provisional weighting study at fixed P=4,pipe_strict,1,110000,71.08921309332146,2.0072753023056933,,/eagle/lc-mpi/Zhiqing/polaris_ebm/runs_pipeline_then_weighting/E2/E2_pipe_strict_uniform_P4_K100_s300k_20260405_003926/trajectory,/eagle/lc-mpi/Zhiqing/polaris_ebm/runs_pipeline_then_weighting/E2/E2_pipe_strict_uniform_P4_K100_s300k_20260405_003926/trajectory/step110000/metrics_compare.json
E2,E2_pipe_strict_uniform_P4_K100_s300k,Provisional weighting study at fixed P=4,pipe_strict,1,115000,93.50869276804997,1.76443097553393,,/eagle/lc-mpi/Zhiqing/polaris_ebm/runs_pipeline_then_weighting/E2/E2_pipe_strict_uniform_P4_K100_s300k_20260405_003926/trajectory,/eagle/lc-mpi/Zhiqing/polaris_ebm/runs_pipeline_then_weighting/E2/E2_pipe_strict_uniform_P4_K100_s300k_20260405_003926/trajectory/step115000/metrics_compare.json
E2,E2_pipe_strict_uniform_P4_K100_s300k,Provisional weighting study at fixed P=4,pipe_strict,1,120000,66.103571249781,1.7113167725161667,,/eagle/lc-mpi/Zhiqing/polaris_ebm/runs_pipeline_then_weighting/E2/E2_pipe_strict_uniform_P4_K100_s300k_20260405_003926/trajectory,/eagle/lc-mpi/Zhiqing/polaris_ebm/runs_pipeline_then_weighting/E2/E2_pipe_strict_uniform_P4_K100_s300k_20260405_003926/trajectory/step120000/metrics_compare.json
E2,E2_pipe_strict_uniform_P4_K100_s300k,Provisional weighting study at fixed P=4,pipe_strict,1,125000,77.11934426631746,2.6416840553313214,,/eagle/lc-mpi/Zhiqing/polaris_ebm/runs_pipeline_then_weighting/E2/E2_pipe_strict_uniform_P4_K100_s300k_20260405_003926/trajectory,/eagle/lc-mpi/Zhiqing/polaris_ebm/runs_pipeline_then_weighting/E2/E2_pipe_strict_uniform_P4_K100_s300k_20260405_003926/trajectory/step125000/metrics_compare.json
E2,E2_pipe_strict_uniform_P4_K100_s300k,Provisional weighting study at fixed P=4,pipe_strict,1,130000,75.05203224833531,4.852451008660786,,/eagle/lc-mpi/Zhiqing/polaris_ebm/runs_pipeline_then_weighting/E2/E2_pipe_strict_uniform_P4_K100_s300k_20260405_003926/trajectory,/eagle/lc-mpi/Zhiqing/polaris_ebm/runs_pipeline_then_weighting/E2/E2_pipe_strict_uniform_P4_K100_s300k_20260405_003926/trajectory/step130000/metrics_compare.json
E2,E2_pipe_strict_uniform_P4_K100_s300k,Provisional weighting study at fixed P=4,pipe_strict,1,135000,67.85256543072342,1.7375934755954816,,/eagle/lc-mpi/Zhiqing/polaris_ebm/runs_pipeline_then_weighting/E2/E2_pipe_strict_uniform_P4_K100_s300k_20260405_003926/trajectory,/eagle/lc-mpi/Zhiqing/polaris_ebm/runs_pipeline_then_weighting/E2/E2_pipe_strict_uniform_P4_K100_s300k_20260405_003926/trajectory/step135000/metrics_compare.json
E2,E2_pipe_strict_uniform_P4_K100_s300k,Provisional weighting study at fixed P=4,pipe_strict,1,140000,96.05499091145612,0.9969862183160849,,/eagle/lc-mpi/Zhiqing/polaris_ebm/runs_pipeline_then_weighting/E2/E2_pipe_strict_uniform_P4_K100_s300k_20260405_003926/trajectory,/eagle/lc-mpi/Zhiqing/polaris_ebm/runs_pipeline_then_weighting/E2/E2_pipe_strict_uniform_P4_K100_s300k_20260405_003926/trajectory/step140000/metrics_compare.json
E2,E2_pipe_strict_uniform_P4_K100_s300k,Provisional weighting study at fixed P=4,pipe_strict,1,145000,73.58893177335165,2.2209628795532588,,/eagle/lc-mpi/Zhiqing/polaris_ebm/runs_pipeline_then_weighting/E2/E2_pipe_strict_uniform_P4_K100_s300k_20260405_003926/trajectory,/eagle/lc-mpi/Zhiqing/polaris_ebm/runs_pipeline_then_weighting/E2/E2_pipe_strict_uniform_P4_K100_s300k_20260405_003926/trajectory/step145000/metrics_compare.json
E2,E2_pipe_strict_uniform_P4_K100_s300k,Provisional weighting study at fixed P=4,pipe_strict,1,150000,67.45596214285956,1.8778241368735884,,/eagle/lc-mpi/Zhiqing/polaris_ebm/runs_pipeline_then_weighting/E2/E2_pipe_strict_uniform_P4_K100_s300k_20260405_003926/trajectory,/eagle/lc-mpi/Zhiqing/polaris_ebm/runs_pipeline_then_weighting/E2/E2_pipe_strict_uniform_P4_K100_s300k_20260405_003926/trajectory/step150000/metrics_compare.json
E2,E2_pipe_strict_uniform_P4_K100_s300k,Provisional weighting study at fixed P=4,pipe_strict,1,155000,57.44979737898365,1.312693032184825,,/eagle/lc-mpi/Zhiqing/polaris_ebm/runs_pipeline_then_weighting/E2/E2_pipe_strict_uniform_P4_K100_s300k_20260405_003926/trajectory,/eagle/lc-mpi/Zhiqing/polaris_ebm/runs_pipeline_then_weighting/E2/E2_pipe_strict_uniform_P4_K100_s300k_20260405_003926/trajectory/step155000/metrics_compare.json
E2,E2_pipe_strict_uniform_P4_K100_s300k,Provisional weighting study at fixed P=4,pipe_strict,1,160000,62.82430964826574,1.29818904211362,,/eagle/lc-mpi/Zhiqing/polaris_ebm/runs_pipeline_then_weighting/E2/E2_pipe_strict_uniform_P4_K100_s300k_20260405_003926/trajectory,/eagle/lc-mpi/Zhiqing/polaris_ebm/runs_pipeline_then_weighting/E2/E2_pipe_strict_uniform_P4_K100_s300k_20260405_003926/trajectory/step160000/metrics_compare.json
E2,E2_pipe_strict_uniform_P4_K100_s300k,Provisional weighting study at fixed P=4,pipe_strict,1,165000,76.29921460309197,4.313898914337376,,/eagle/lc-mpi/Zhiqing/polaris_ebm/runs_pipeline_then_weighting/E2/E2_pipe_strict_uniform_P4_K100_s300k_20260405_003926/trajectory,/eagle/lc-mpi/Zhiqing/polaris_ebm/runs_pipeline_then_weighting/E2/E2_pipe_strict_uniform_P4_K100_s300k_20260405_003926/trajectory/step165000/metrics_compare.json
E2,E2_pipe_strict_uniform_P4_K100_s300k,Provisional weighting study at fixed P=4,pipe_strict,1,170000,69.13301967303244,1.5631900531865703,,/eagle/lc-mpi/Zhiqing/polaris_ebm/runs_pipeline_then_weighting/E2/E2_pipe_strict_uniform_P4_K100_s300k_20260405_003926/trajectory,/eagle/lc-mpi/Zhiqing/polaris_ebm/runs_pipeline_then_weighting/E2/E2_pipe_strict_uniform_P4_K100_s300k_20260405_003926/trajectory/step170000/metrics_compare.json
E2,E2_pipe_strict_uniform_P4_K100_s300k,Provisional weighting study at fixed P=4,pipe_strict,1,175000,97.08508918335986,2.021704345943494,,/eagle/lc-mpi/Zhiqing/polaris_ebm/runs_pipeline_then_weighting/E2/E2_pipe_strict_uniform_P4_K100_s300k_20260405_003926/trajectory,/eagle/lc-mpi/Zhiqing/polaris_ebm/runs_pipeline_then_weighting/E2/E2_pipe_strict_uniform_P4_K100_s300k_20260405_003926/trajectory/step175000/metrics_compare.json
E2,E2_pipe_strict_uniform_P4_K100_s300k,Provisional weighting study at fixed P=4,pipe_strict,1,180000,74.40304487867343,6.338166238863401,,/eagle/lc-mpi/Zhiqing/polaris_ebm/runs_pipeline_then_weighting/E2/E2_pipe_strict_uniform_P4_K100_s300k_20260405_003926/trajectory,/eagle/lc-mpi/Zhiqing/polaris_ebm/runs_pipeline_then_weighting/E2/E2_pipe_strict_uniform_P4_K100_s300k_20260405_003926/trajectory/step180000/metrics_compare.json
E2,E2_pipe_strict_uniform_P4_K100_s300k,Provisional weighting study at fixed P=4,pipe_strict,1,185000,64.42610913592489,1.1232319047781267,,/eagle/lc-mpi/Zhiqing/polaris_ebm/runs_pipeline_then_weighting/E2/E2_pipe_strict_uniform_P4_K100_s300k_20260405_003926/trajectory,/eagle/lc-mpi/Zhiqing/polaris_ebm/runs_pipeline_then_weighting/E2/E2_pipe_strict_uniform_P4_K100_s300k_20260405_003926/trajectory/step185000/metrics_compare.json
E2,E2_pipe_strict_uniform_P4_K100_s300k,Provisional weighting study at fixed P=4,pipe_strict,1,190000,69.55224811567575,2.157926376961747,,/eagle/lc-mpi/Zhiqing/polaris_ebm/runs_pipeline_then_weighting/E2/E2_pipe_strict_uniform_P4_K100_s300k_20260405_003926/trajectory,/eagle/lc-mpi/Zhiqing/polaris_ebm/runs_pipeline_then_weighting/E2/E2_pipe_strict_uniform_P4_K100_s300k_20260405_003926/trajectory/step190000/metrics_compare.json
E2,E2_pipe_strict_uniform_P4_K100_s300k,Provisional weighting study at fixed P=4,pipe_strict,1,195000,51.38251946589452,1.1535213306614835,,/eagle/lc-mpi/Zhiqing/polaris_ebm/runs_pipeline_then_weighting/E2/E2_pipe_strict_uniform_P4_K100_s300k_20260405_003926/trajectory,/eagle/lc-mpi/Zhiqing/polaris_ebm/runs_pipeline_then_weighting/E2/E2_pipe_strict_uniform_P4_K100_s300k_20260405_003926/trajectory/step195000/metrics_compare.json
E2,E2_pipe_strict_uniform_P4_K100_s300k,Provisional weighting study at fixed P=4,pipe_strict,1,200000,63.91384778250841,2.451178383711749,,/eagle/lc-mpi/Zhiqing/polaris_ebm/runs_pipeline_then_weighting/E2/E2_pipe_strict_uniform_P4_K100_s300k_20260405_003926/trajectory,/eagle/lc-mpi/Zhiqing/polaris_ebm/runs_pipeline_then_weighting/E2/E2_pipe_strict_uniform_P4_K100_s300k_20260405_003926/trajectory/step200000/metrics_compare.json
E2,E2_pipe_strict_uniform_P4_K100_s300k,Provisional weighting study at fixed P=4,pipe_strict,1,205000,56.56926296511233,1.581939190973344,,/eagle/lc-mpi/Zhiqing/polaris_ebm/runs_pipeline_then_weighting/E2/E2_pipe_strict_uniform_P4_K100_s300k_20260405_003926/trajectory,/eagle/lc-mpi/Zhiqing/polaris_ebm/runs_pipeline_then_weighting/E2/E2_pipe_strict_uniform_P4_K100_s300k_20260405_003926/trajectory/step205000/metrics_compare.json
E2,E2_pipe_strict_uniform_P4_K100_s300k,Provisional weighting study at fixed P=4,pipe_strict,1,210000,57.77287295304723,1.3520748372564633,,/eagle/lc-mpi/Zhiqing/polaris_ebm/runs_pipeline_then_weighting/E2/E2_pipe_strict_uniform_P4_K100_s300k_20260405_003926/trajectory,/eagle/lc-mpi/Zhiqing/polaris_ebm/runs_pipeline_then_weighting/E2/E2_pipe_strict_uniform_P4_K100_s300k_20260405_003926/trajectory/step210000/metrics_compare.json
E2,E2_pipe_strict_uniform_P4_K100_s300k,Provisional weighting study at fixed P=4,pipe_strict,1,215000,84.40208383075395,2.798297135980498,,/eagle/lc-mpi/Zhiqing/polaris_ebm/runs_pipeline_then_weighting/E2/E2_pipe_strict_uniform_P4_K100_s300k_20260405_003926/trajectory,/eagle/lc-mpi/Zhiqing/polaris_ebm/runs_pipeline_then_weighting/E2/E2_pipe_strict_uniform_P4_K100_s300k_20260405_003926/trajectory/step215000/metrics_compare.json
E2,E2_pipe_strict_uniform_P4_K100_s300k,Provisional weighting study at fixed P=4,pipe_strict,1,220000,71.17063039205368,6.602687781518604,,/eagle/lc-mpi/Zhiqing/polaris_ebm/runs_pipeline_then_weighting/E2/E2_pipe_strict_uniform_P4_K100_s300k_20260405_003926/trajectory,/eagle/lc-mpi/Zhiqing/polaris_ebm/runs_pipeline_then_weighting/E2/E2_pipe_strict_uniform_P4_K100_s300k_20260405_003926/trajectory/step220000/metrics_compare.json
E2,E2_pipe_strict_uniform_P4_K100_s300k,Provisional weighting study at fixed P=4,pipe_strict,1,225000,79.95537269568331,2.3103943301126044,,/eagle/lc-mpi/Zhiqing/polaris_ebm/runs_pipeline_then_weighting/E2/E2_pipe_strict_uniform_P4_K100_s300k_20260405_003926/trajectory,/eagle/lc-mpi/Zhiqing/polaris_ebm/runs_pipeline_then_weighting/E2/E2_pipe_strict_uniform_P4_K100_s300k_20260405_003926/trajectory/step225000/metrics_compare.json
E2,E2_pipe_strict_uniform_P4_K100_s300k,Provisional weighting study at fixed P=4,pipe_strict,1,230000,74.72080055883617,1.394033169221938,,/eagle/lc-mpi/Zhiqing/polaris_ebm/runs_pipeline_then_weighting/E2/E2_pipe_strict_uniform_P4_K100_s300k_20260405_003926/trajectory,/eagle/lc-mpi/Zhiqing/polaris_ebm/runs_pipeline_then_weighting/E2/E2_pipe_strict_uniform_P4_K100_s300k_20260405_003926/trajectory/step230000/metrics_compare.json
E2,E2_pipe_strict_uniform_P4_K100_s300k,Provisional weighting study at fixed P=4,pipe_strict,1,235000,59.676626676548665,1.5370105464114552,,/eagle/lc-mpi/Zhiqing/polaris_ebm/runs_pipeline_then_weighting/E2/E2_pipe_strict_uniform_P4_K100_s300k_20260405_003926/trajectory,/eagle/lc-mpi/Zhiqing/polaris_ebm/runs_pipeline_then_weighting/E2/E2_pipe_strict_uniform_P4_K100_s300k_20260405_003926/trajectory/step235000/metrics_compare.json
E2,E2_pipe_strict_uniform_P4_K100_s300k,Provisional weighting study at fixed P=4,pipe_strict,1,240000,61.91407379917041,1.9943522030145289,,/eagle/lc-mpi/Zhiqing/polaris_ebm/runs_pipeline_then_weighting/E2/E2_pipe_strict_uniform_P4_K100_s300k_20260405_003926/trajectory,/eagle/lc-mpi/Zhiqing/polaris_ebm/runs_pipeline_then_weighting/E2/E2_pipe_strict_uniform_P4_K100_s300k_20260405_003926/trajectory/step240000/metrics_compare.json
E2,E2_pipe_strict_uniform_P4_K100_s300k,Provisional weighting study at fixed P=4,pipe_strict,1,245000,62.561275046094465,1.6298101709587236,,/eagle/lc-mpi/Zhiqing/polaris_ebm/runs_pipeline_then_weighting/E2/E2_pipe_strict_uniform_P4_K100_s300k_20260405_003926/trajectory,/eagle/lc-mpi/Zhiqing/polaris_ebm/runs_pipeline_then_weighting/E2/E2_pipe_strict_uniform_P4_K100_s300k_20260405_003926/trajectory/step245000/metrics_compare.json
E2,E2_pipe_strict_uniform_P4_K100_s300k,Provisional weighting study at fixed P=4,pipe_strict,1,250000,60.59366154351511,1.4149361685200006,,/eagle/lc-mpi/Zhiqing/polaris_ebm/runs_pipeline_then_weighting/E2/E2_pipe_strict_uniform_P4_K100_s300k_20260405_003926/trajectory,/eagle/lc-mpi/Zhiqing/polaris_ebm/runs_pipeline_then_weighting/E2/E2_pipe_strict_uniform_P4_K100_s300k_20260405_003926/trajectory/step250000/metrics_compare.json
E2,E2_pipe_strict_uniform_P4_K100_s300k,Provisional weighting study at fixed P=4,pipe_strict,1,255000,64.14793902508654,1.6651681496562567,,/eagle/lc-mpi/Zhiqing/polaris_ebm/runs_pipeline_then_weighting/E2/E2_pipe_strict_uniform_P4_K100_s300k_20260405_003926/trajectory,/eagle/lc-mpi/Zhiqing/polaris_ebm/runs_pipeline_then_weighting/E2/E2_pipe_strict_uniform_P4_K100_s300k_20260405_003926/trajectory/step255000/metrics_compare.json
E2,E2_pipe_strict_uniform_P4_K100_s300k,Provisional weighting study at fixed P=4,pipe_strict,1,260000,62.15206185316708,1.2869354011131406,,/eagle/lc-mpi/Zhiqing/polaris_ebm/runs_pipeline_then_weighting/E2/E2_pipe_strict_uniform_P4_K100_s300k_20260405_003926/trajectory,/eagle/lc-mpi/Zhiqing/polaris_ebm/runs_pipeline_then_weighting/E2/E2_pipe_strict_uniform_P4_K100_s300k_20260405_003926/trajectory/step260000/metrics_compare.json
E2,E2_pipe_strict_uniform_P4_K100_s300k,Provisional weighting study at fixed P=4,pipe_strict,1,265000,89.8626666685069,1.4943435868208823,,/eagle/lc-mpi/Zhiqing/polaris_ebm/runs_pipeline_then_weighting/E2/E2_pipe_strict_uniform_P4_K100_s300k_20260405_003926/trajectory,/eagle/lc-mpi/Zhiqing/polaris_ebm/runs_pipeline_then_weighting/E2/E2_pipe_strict_uniform_P4_K100_s300k_20260405_003926/trajectory/step265000/metrics_compare.json
E2,E2_pipe_strict_uniform_P4_K100_s300k,Provisional weighting study at fixed P=4,pipe_strict,1,270000,62.910242376417784,1.4138843290980532,,/eagle/lc-mpi/Zhiqing/polaris_ebm/runs_pipeline_then_weighting/E2/E2_pipe_strict_uniform_P4_K100_s300k_20260405_003926/trajectory,/eagle/lc-mpi/Zhiqing/polaris_ebm/runs_pipeline_then_weighting/E2/E2_pipe_strict_uniform_P4_K100_s300k_20260405_003926/trajectory/step270000/metrics_compare.json
E2,E2_pipe_strict_uniform_P4_K100_s300k,Provisional weighting study at fixed P=4,pipe_strict,1,275000,56.18414038872959,1.0390037409547652,,/eagle/lc-mpi/Zhiqing/polaris_ebm/runs_pipeline_then_weighting/E2/E2_pipe_strict_uniform_P4_K100_s300k_20260405_003926/trajectory,/eagle/lc-mpi/Zhiqing/polaris_ebm/runs_pipeline_then_weighting/E2/E2_pipe_strict_uniform_P4_K100_s300k_20260405_003926/trajectory/step275000/metrics_compare.json
E2,E2_pipe_strict_uniform_P4_K100_s300k,Provisional weighting study at fixed P=4,pipe_strict,1,280000,62.11711193801386,1.2026820413967982,,/eagle/lc-mpi/Zhiqing/polaris_ebm/runs_pipeline_then_weighting/E2/E2_pipe_strict_uniform_P4_K100_s300k_20260405_003926/trajectory,/eagle/lc-mpi/Zhiqing/polaris_ebm/runs_pipeline_then_weighting/E2/E2_pipe_strict_uniform_P4_K100_s300k_20260405_003926/trajectory/step280000/metrics_compare.json
E2,E2_pipe_strict_uniform_P4_K100_s300k,Provisional weighting study at fixed P=4,pipe_strict,1,285000,48.71282507070475,0.9243396041748433,,/eagle/lc-mpi/Zhiqing/polaris_ebm/runs_pipeline_then_weighting/E2/E2_pipe_strict_uniform_P4_K100_s300k_20260405_003926/trajectory,/eagle/lc-mpi/Zhiqing/polaris_ebm/runs_pipeline_then_weighting/E2/E2_pipe_strict_uniform_P4_K100_s300k_20260405_003926/trajectory/step285000/metrics_compare.json
E2,E2_pipe_strict_uniform_P4_K100_s300k,Provisional weighting study at fixed P=4,pipe_strict,1,290000,65.46734874837222,0.976752293051959,,/eagle/lc-mpi/Zhiqing/polaris_ebm/runs_pipeline_then_weighting/E2/E2_pipe_strict_uniform_P4_K100_s300k_20260405_003926/trajectory,/eagle/lc-mpi/Zhiqing/polaris_ebm/runs_pipeline_then_weighting/E2/E2_pipe_strict_uniform_P4_K100_s300k_20260405_003926/trajectory/step290000/metrics_compare.json
E2,E2_pipe_strict_uniform_P4_K100_s300k,Provisional weighting study at fixed P=4,pipe_strict,1,295000,68.81927721652073,1.687357031935445,,/eagle/lc-mpi/Zhiqing/polaris_ebm/runs_pipeline_then_weighting/E2/E2_pipe_strict_uniform_P4_K100_s300k_20260405_003926/trajectory,/eagle/lc-mpi/Zhiqing/polaris_ebm/runs_pipeline_then_weighting/E2/E2_pipe_strict_uniform_P4_K100_s300k_20260405_003926/trajectory/step295000/metrics_compare.json
E2,E2_pipe_strict_uniform_P4_K100_s300k,Provisional weighting study at fixed P=4,pipe_strict,1,300000,67.77599169631753,2.26966802052047,,/eagle/lc-mpi/Zhiqing/polaris_ebm/runs_pipeline_then_weighting/E2/E2_pipe_strict_uniform_P4_K100_s300k_20260405_003926/trajectory,/eagle/lc-mpi/Zhiqing/polaris_ebm/runs_pipeline_then_weighting/E2/E2_pipe_strict_uniform_P4_K100_s300k_20260405_003926/trajectory/step300000/metrics_compare.json
E2,E2_single_pipe_emul_deep_P4_K100_s300k,Provisional weighting study at fixed P=4,single_pipe_emul,1,5000,226.24406651825308,4.952788226766533,,/eagle/lc-mpi/Zhiqing/polaris_ebm/runs_pipeline_then_weighting/E2/E2_single_pipe_emul_deep_P4_K100_s300k_20260405_003926/trajectory,/eagle/lc-mpi/Zhiqing/polaris_ebm/runs_pipeline_then_weighting/E2/E2_single_pipe_emul_deep_P4_K100_s300k_20260405_003926/trajectory/step005000/metrics_compare.json
E2,E2_single_pipe_emul_deep_P4_K100_s300k,Provisional weighting study at fixed P=4,single_pipe_emul,1,10000,170.92049072531915,3.223028828810115,,/eagle/lc-mpi/Zhiqing/polaris_ebm/runs_pipeline_then_weighting/E2/E2_single_pipe_emul_deep_P4_K100_s300k_20260405_003926/trajectory,/eagle/lc-mpi/Zhiqing/polaris_ebm/runs_pipeline_then_weighting/E2/E2_single_pipe_emul_deep_P4_K100_s300k_20260405_003926/trajectory/step010000/metrics_compare.json
E2,E2_single_pipe_emul_deep_P4_K100_s300k,Provisional weighting study at fixed P=4,single_pipe_emul,1,15000,125.88715535029701,1.9627273882212677,,/eagle/lc-mpi/Zhiqing/polaris_ebm/runs_pipeline_then_weighting/E2/E2_single_pipe_emul_deep_P4_K100_s300k_20260405_003926/trajectory,/eagle/lc-mpi/Zhiqing/polaris_ebm/runs_pipeline_then_weighting/E2/E2_single_pipe_emul_deep_P4_K100_s300k_20260405_003926/trajectory/step015000/metrics_compare.json
E2,E2_single_pipe_emul_deep_P4_K100_s300k,Provisional weighting study at fixed P=4,single_pipe_emul,1,20000,139.9364062855861,1.5666016197861907,,/eagle/lc-mpi/Zhiqing/polaris_ebm/runs_pipeline_then_weighting/E2/E2_single_pipe_emul_deep_P4_K100_s300k_20260405_003926/trajectory,/eagle/lc-mpi/Zhiqing/polaris_ebm/runs_pipeline_then_weighting/E2/E2_single_pipe_emul_deep_P4_K100_s300k_20260405_003926/trajectory/step020000/metrics_compare.json
E2,E2_single_pipe_emul_deep_P4_K100_s300k,Provisional weighting study at fixed P=4,single_pipe_emul,1,25000,107.31888634444783,1.0409106169856237,,/eagle/lc-mpi/Zhiqing/polaris_ebm/runs_pipeline_then_weighting/E2/E2_single_pipe_emul_deep_P4_K100_s300k_20260405_003926/trajectory,/eagle/lc-mpi/Zhiqing/polaris_ebm/runs_pipeline_then_weighting/E2/E2_single_pipe_emul_deep_P4_K100_s300k_20260405_003926/trajectory/step025000/metrics_compare.json
E2,E2_single_pipe_emul_deep_P4_K100_s300k,Provisional weighting study at fixed P=4,single_pipe_emul,1,30000,111.32859294498974,2.2417998102798364,,/eagle/lc-mpi/Zhiqing/polaris_ebm/runs_pipeline_then_weighting/E2/E2_single_pipe_emul_deep_P4_K100_s300k_20260405_003926/trajectory,/eagle/lc-mpi/Zhiqing/polaris_ebm/runs_pipeline_then_weighting/E2/E2_single_pipe_emul_deep_P4_K100_s300k_20260405_003926/trajectory/step030000/metrics_compare.json
E2,E2_single_pipe_emul_deep_P4_K100_s300k,Provisional weighting study at fixed P=4,single_pipe_emul,1,35000,75.74686881417955,1.6862279679601748,,/eagle/lc-mpi/Zhiqing/polaris_ebm/runs_pipeline_then_weighting/E2/E2_single_pipe_emul_deep_P4_K100_s300k_20260405_003926/trajectory,/eagle/lc-mpi/Zhiqing/polaris_ebm/runs_pipeline_then_weighting/E2/E2_single_pipe_emul_deep_P4_K100_s300k_20260405_003926/trajectory/step035000/metrics_compare.json
E2,E2_single_pipe_emul_deep_P4_K100_s300k,Provisional weighting study at fixed P=4,single_pipe_emul,1,40000,103.80476537985936,1.7978860174146405,,/eagle/lc-mpi/Zhiqing/polaris_ebm/runs_pipeline_then_weighting/E2/E2_single_pipe_emul_deep_P4_K100_s300k_20260405_003926/trajectory,/eagle/lc-mpi/Zhiqing/polaris_ebm/runs_pipeline_then_weighting/E2/E2_single_pipe_emul_deep_P4_K100_s300k_20260405_003926/trajectory/step040000/metrics_compare.json
E2,E2_single_pipe_emul_deep_P4_K100_s300k,Provisional weighting study at fixed P=4,single_pipe_emul,1,45000,111.92348165952842,3.258163162176105,,/eagle/lc-mpi/Zhiqing/polaris_ebm/runs_pipeline_then_weighting/E2/E2_single_pipe_emul_deep_P4_K100_s300k_20260405_003926/trajectory,/eagle/lc-mpi/Zhiqing/polaris_ebm/runs_pipeline_then_weighting/E2/E2_single_pipe_emul_deep_P4_K100_s300k_20260405_003926/trajectory/step045000/metrics_compare.json
E2,E2_single_pipe_emul_deep_P4_K100_s300k,Provisional weighting study at fixed P=4,single_pipe_emul,1,50000,102.85359627858764,3.4544497095372364,,/eagle/lc-mpi/Zhiqing/polaris_ebm/runs_pipeline_then_weighting/E2/E2_single_pipe_emul_deep_P4_K100_s300k_20260405_003926/trajectory,/eagle/lc-mpi/Zhiqing/polaris_ebm/runs_pipeline_then_weighting/E2/E2_single_pipe_emul_deep_P4_K100_s300k_20260405_003926/trajectory/step050000/metrics_compare.json
E2,E2_single_pipe_emul_deep_P4_K100_s300k,Provisional weighting study at fixed P=4,single_pipe_emul,1,55000,115.94518359756444,4.1704040105224,,/eagle/lc-mpi/Zhiqing/polaris_ebm/runs_pipeline_then_weighting/E2/E2_single_pipe_emul_deep_P4_K100_s300k_20260405_003926/trajectory,/eagle/lc-mpi/Zhiqing/polaris_ebm/runs_pipeline_then_weighting/E2/E2_single_pipe_emul_deep_P4_K100_s300k_20260405_003926/trajectory/step055000/metrics_compare.json
E2,E2_single_pipe_emul_deep_P4_K100_s300k,Provisional weighting study at fixed P=4,single_pipe_emul,1,60000,118.36765578878885,2.101845595966818,,/eagle/lc-mpi/Zhiqing/polaris_ebm/runs_pipeline_then_weighting/E2/E2_single_pipe_emul_deep_P4_K100_s300k_20260405_003926/trajectory,/eagle/lc-mpi/Zhiqing/polaris_ebm/runs_pipeline_then_weighting/E2/E2_single_pipe_emul_deep_P4_K100_s300k_20260405_003926/trajectory/step060000/metrics_compare.json
E2,E2_single_pipe_emul_deep_P4_K100_s300k,Provisional weighting study at fixed P=4,single_pipe_emul,1,65000,87.94324747104912,0.8332779516564841,,/eagle/lc-mpi/Zhiqing/polaris_ebm/runs_pipeline_then_weighting/E2/E2_single_pipe_emul_deep_P4_K100_s300k_20260405_003926/trajectory,/eagle/lc-mpi/Zhiqing/polaris_ebm/runs_pipeline_then_weighting/E2/E2_single_pipe_emul_deep_P4_K100_s300k_20260405_003926/trajectory/step065000/metrics_compare.json
E2,E2_single_pipe_emul_deep_P4_K100_s300k,Provisional weighting study at fixed P=4,single_pipe_emul,1,70000,86.39065754923666,1.2989664533957672,,/eagle/lc-mpi/Zhiqing/polaris_ebm/runs_pipeline_then_weighting/E2/E2_single_pipe_emul_deep_P4_K100_s300k_20260405_003926/trajectory,/eagle/lc-mpi/Zhiqing/polaris_ebm/runs_pipeline_then_weighting/E2/E2_single_pipe_emul_deep_P4_K100_s300k_20260405_003926/trajectory/step070000/metrics_compare.json
E2,E2_single_pipe_emul_deep_P4_K100_s300k,Provisional weighting study at fixed P=4,single_pipe_emul,1,75000,86.97197008760588,1.3486659445740443,,/eagle/lc-mpi/Zhiqing/polaris_ebm/runs_pipeline_then_weighting/E2/E2_single_pipe_emul_deep_P4_K100_s300k_20260405_003926/trajectory,/eagle/lc-mpi/Zhiqing/polaris_ebm/runs_pipeline_then_weighting/E2/E2_single_pipe_emul_deep_P4_K100_s300k_20260405_003926/trajectory/step075000/metrics_compare.json
E2,E2_single_pipe_emul_deep_P4_K100_s300k,Provisional weighting study at fixed P=4,single_pipe_emul,1,80000,95.01275421601923,1.8865043598041247,,/eagle/lc-mpi/Zhiqing/polaris_ebm/runs_pipeline_then_weighting/E2/E2_single_pipe_emul_deep_P4_K100_s300k_20260405_003926/trajectory,/eagle/lc-mpi/Zhiqing/polaris_ebm/runs_pipeline_then_weighting/E2/E2_single_pipe_emul_deep_P4_K100_s300k_20260405_003926/trajectory/step080000/metrics_compare.json
E2,E2_single_pipe_emul_deep_P4_K100_s300k,Provisional weighting study at fixed P=4,single_pipe_emul,1,85000,101.58465321044594,1.6668914277983369,,/eagle/lc-mpi/Zhiqing/polaris_ebm/runs_pipeline_then_weighting/E2/E2_single_pipe_emul_deep_P4_K100_s300k_20260405_003926/trajectory,/eagle/lc-mpi/Zhiqing/polaris_ebm/runs_pipeline_then_weighting/E2/E2_single_pipe_emul_deep_P4_K100_s300k_20260405_003926/trajectory/step085000/metrics_compare.json
E2,E2_single_pipe_emul_deep_P4_K100_s300k,Provisional weighting study at fixed P=4,single_pipe_emul,1,90000,95.64167741269051,3.549626776759009,,/eagle/lc-mpi/Zhiqing/polaris_ebm/runs_pipeline_then_weighting/E2/E2_single_pipe_emul_deep_P4_K100_s300k_20260405_003926/trajectory,/eagle/lc-mpi/Zhiqing/polaris_ebm/runs_pipeline_then_weighting/E2/E2_single_pipe_emul_deep_P4_K100_s300k_20260405_003926/trajectory/step090000/metrics_compare.json
E2,E2_single_pipe_emul_deep_P4_K100_s300k,Provisional weighting study at fixed P=4,single_pipe_emul,1,95000,83.24184708490401,0.8880249282797408,,/eagle/lc-mpi/Zhiqing/polaris_ebm/runs_pipeline_then_weighting/E2/E2_single_pipe_emul_deep_P4_K100_s300k_20260405_003926/trajectory,/eagle/lc-mpi/Zhiqing/polaris_ebm/runs_pipeline_then_weighting/E2/E2_single_pipe_emul_deep_P4_K100_s300k_20260405_003926/trajectory/step095000/metrics_compare.json
E2,E2_single_pipe_emul_deep_P4_K100_s300k,Provisional weighting study at fixed P=4,single_pipe_emul,1,100000,119.35576122608325,3.1450782357911606,,/eagle/lc-mpi/Zhiqing/polaris_ebm/runs_pipeline_then_weighting/E2/E2_single_pipe_emul_deep_P4_K100_s300k_20260405_003926/trajectory,/eagle/lc-mpi/Zhiqing/polaris_ebm/runs_pipeline_then_weighting/E2/E2_single_pipe_emul_deep_P4_K100_s300k_20260405_003926/trajectory/step100000/metrics_compare.json
E2,E2_single_pipe_emul_deep_P4_K100_s300k,Provisional weighting study at fixed P=4,single_pipe_emul,1,105000,76.28327917568902,1.5984297924305544,,/eagle/lc-mpi/Zhiqing/polaris_ebm/runs_pipeline_then_weighting/E2/E2_single_pipe_emul_deep_P4_K100_s300k_20260405_003926/trajectory,/eagle/lc-mpi/Zhiqing/polaris_ebm/runs_pipeline_then_weighting/E2/E2_single_pipe_emul_deep_P4_K100_s300k_20260405_003926/trajectory/step105000/metrics_compare.json
E2,E2_single_pipe_emul_deep_P4_K100_s300k,Provisional weighting study at fixed P=4,single_pipe_emul,1,110000,94.46838872261355,2.5389641904999607,,/eagle/lc-mpi/Zhiqing/polaris_ebm/runs_pipeline_then_weighting/E2/E2_single_pipe_emul_deep_P4_K100_s300k_20260405_003926/trajectory,/eagle/lc-mpi/Zhiqing/polaris_ebm/runs_pipeline_then_weighting/E2/E2_single_pipe_emul_deep_P4_K100_s300k_20260405_003926/trajectory/step110000/metrics_compare.json
E2,E2_single_pipe_emul_deep_P4_K100_s300k,Provisional weighting study at fixed P=4,single_pipe_emul,1,115000,66.91402654288066,0.7486647867598144,,/eagle/lc-mpi/Zhiqing/polaris_ebm/runs_pipeline_then_weighting/E2/E2_single_pipe_emul_deep_P4_K100_s300k_20260405_003926/trajectory,/eagle/lc-mpi/Zhiqing/polaris_ebm/runs_pipeline_then_weighting/E2/E2_single_pipe_emul_deep_P4_K100_s300k_20260405_003926/trajectory/step115000/metrics_compare.json
E2,E2_single_pipe_emul_deep_P4_K100_s300k,Provisional weighting study at fixed P=4,single_pipe_emul,1,120000,79.00159173668919,0.7072878729790837,,/eagle/lc-mpi/Zhiqing/polaris_ebm/runs_pipeline_then_weighting/E2/E2_single_pipe_emul_deep_P4_K100_s300k_20260405_003926/trajectory,/eagle/lc-mpi/Zhiqing/polaris_ebm/runs_pipeline_then_weighting/E2/E2_single_pipe_emul_deep_P4_K100_s300k_20260405_003926/trajectory/step120000/metrics_compare.json
E2,E2_single_pipe_emul_deep_P4_K100_s300k,Provisional weighting study at fixed P=4,single_pipe_emul,1,125000,116.44225063481309,1.6434351250283328,,/eagle/lc-mpi/Zhiqing/polaris_ebm/runs_pipeline_then_weighting/E2/E2_single_pipe_emul_deep_P4_K100_s300k_20260405_003926/trajectory,/eagle/lc-mpi/Zhiqing/polaris_ebm/runs_pipeline_then_weighting/E2/E2_single_pipe_emul_deep_P4_K100_s300k_20260405_003926/trajectory/step125000/metrics_compare.json
E2,E2_single_pipe_emul_deep_P4_K100_s300k,Provisional weighting study at fixed P=4,single_pipe_emul,1,130000,71.54840545528396,1.0938418563667973,,/eagle/lc-mpi/Zhiqing/polaris_ebm/runs_pipeline_then_weighting/E2/E2_single_pipe_emul_deep_P4_K100_s300k_20260405_003926/trajectory,/eagle/lc-mpi/Zhiqing/polaris_ebm/runs_pipeline_then_weighting/E2/E2_single_pipe_emul_deep_P4_K100_s300k_20260405_003926/trajectory/step130000/metrics_compare.json
E2,E2_single_pipe_emul_deep_P4_K100_s300k,Provisional weighting study at fixed P=4,single_pipe_emul,1,135000,97.03462859520175,1.3936939084728905,,/eagle/lc-mpi/Zhiqing/polaris_ebm/runs_pipeline_then_weighting/E2/E2_single_pipe_emul_deep_P4_K100_s300k_20260405_003926/trajectory,/eagle/lc-mpi/Zhiqing/polaris_ebm/runs_pipeline_then_weighting/E2/E2_single_pipe_emul_deep_P4_K100_s300k_20260405_003926/trajectory/step135000/metrics_compare.json
E2,E2_single_pipe_emul_deep_P4_K100_s300k,Provisional weighting study at fixed P=4,single_pipe_emul,1,140000,70.16651991808146,1.3927907026576598,,/eagle/lc-mpi/Zhiqing/polaris_ebm/runs_pipeline_then_weighting/E2/E2_single_pipe_emul_deep_P4_K100_s300k_20260405_003926/trajectory,/eagle/lc-mpi/Zhiqing/polaris_ebm/runs_pipeline_then_weighting/E2/E2_single_pipe_emul_deep_P4_K100_s300k_20260405_003926/trajectory/step140000/metrics_compare.json
E2,E2_single_pipe_emul_deep_P4_K100_s300k,Provisional weighting study at fixed P=4,single_pipe_emul,1,145000,118.06370596346301,3.514893346432828,,/eagle/lc-mpi/Zhiqing/polaris_ebm/runs_pipeline_then_weighting/E2/E2_single_pipe_emul_deep_P4_K100_s300k_20260405_003926/trajectory,/eagle/lc-mpi/Zhiqing/polaris_ebm/runs_pipeline_then_weighting/E2/E2_single_pipe_emul_deep_P4_K100_s300k_20260405_003926/trajectory/step145000/metrics_compare.json
E2,E2_single_pipe_emul_deep_P4_K100_s300k,Provisional weighting study at fixed P=4,single_pipe_emul,1,150000,70.12574124280752,1.611195507962634,,/eagle/lc-mpi/Zhiqing/polaris_ebm/runs_pipeline_then_weighting/E2/E2_single_pipe_emul_deep_P4_K100_s300k_20260405_003926/trajectory,/eagle/lc-mpi/Zhiqing/polaris_ebm/runs_pipeline_then_weighting/E2/E2_single_pipe_emul_deep_P4_K100_s300k_20260405_003926/trajectory/step150000/metrics_compare.json
E2,E2_single_pipe_emul_deep_P4_K100_s300k,Provisional weighting study at fixed P=4,single_pipe_emul,1,155000,97.48568165090211,1.7216190316333577,,/eagle/lc-mpi/Zhiqing/polaris_ebm/runs_pipeline_then_weighting/E2/E2_single_pipe_emul_deep_P4_K100_s300k_20260405_003926/trajectory,/eagle/lc-mpi/Zhiqing/polaris_ebm/runs_pipeline_then_weighting/E2/E2_single_pipe_emul_deep_P4_K100_s300k_20260405_003926/trajectory/step155000/metrics_compare.json
E2,E2_single_pipe_emul_deep_P4_K100_s300k,Provisional weighting study at fixed P=4,single_pipe_emul,1,160000,78.33951253445531,1.822756468852024,,/eagle/lc-mpi/Zhiqing/polaris_ebm/runs_pipeline_then_weighting/E2/E2_single_pipe_emul_deep_P4_K100_s300k_20260405_003926/trajectory,/eagle/lc-mpi/Zhiqing/polaris_ebm/runs_pipeline_then_weighting/E2/E2_single_pipe_emul_deep_P4_K100_s300k_20260405_003926/trajectory/step160000/metrics_compare.json
E2,E2_single_pipe_emul_deep_P4_K100_s300k,Provisional weighting study at fixed P=4,single_pipe_emul,1,165000,72.60313583874347,0.6373951184234734,,/eagle/lc-mpi/Zhiqing/polaris_ebm/runs_pipeline_then_weighting/E2/E2_single_pipe_emul_deep_P4_K100_s300k_20260405_003926/trajectory,/eagle/lc-mpi/Zhiqing/polaris_ebm/runs_pipeline_then_weighting/E2/E2_single_pipe_emul_deep_P4_K100_s300k_20260405_003926/trajectory/step165000/metrics_compare.json
E2,E2_single_pipe_emul_deep_P4_K100_s300k,Provisional weighting study at fixed P=4,single_pipe_emul,1,170000,67.91404726448957,0.8410416091721835,,/eagle/lc-mpi/Zhiqing/polaris_ebm/runs_pipeline_then_weighting/E2/E2_single_pipe_emul_deep_P4_K100_s300k_20260405_003926/trajectory,/eagle/lc-mpi/Zhiqing/polaris_ebm/runs_pipeline_then_weighting/E2/E2_single_pipe_emul_deep_P4_K100_s300k_20260405_003926/trajectory/step170000/metrics_compare.json
E2,E2_single_pipe_emul_deep_P4_K100_s300k,Provisional weighting study at fixed P=4,single_pipe_emul,1,175000,94.41666711486675,0.7382212084737603,,/eagle/lc-mpi/Zhiqing/polaris_ebm/runs_pipeline_then_weighting/E2/E2_single_pipe_emul_deep_P4_K100_s300k_20260405_003926/trajectory,/eagle/lc-mpi/Zhiqing/polaris_ebm/runs_pipeline_then_weighting/E2/E2_single_pipe_emul_deep_P4_K100_s300k_20260405_003926/trajectory/step175000/metrics_compare.json
E2,E2_single_pipe_emul_deep_P4_K100_s300k,Provisional weighting study at fixed P=4,single_pipe_emul,1,180000,77.93065135460512,1.6210638105336095,,/eagle/lc-mpi/Zhiqing/polaris_ebm/runs_pipeline_then_weighting/E2/E2_single_pipe_emul_deep_P4_K100_s300k_20260405_003926/trajectory,/eagle/lc-mpi/Zhiqing/polaris_ebm/runs_pipeline_then_weighting/E2/E2_single_pipe_emul_deep_P4_K100_s300k_20260405_003926/trajectory/step180000/metrics_compare.json
E2,E2_single_pipe_emul_deep_P4_K100_s300k,Provisional weighting study at fixed P=4,single_pipe_emul,1,185000,71.89472182232339,0.7563432144296272,,/eagle/lc-mpi/Zhiqing/polaris_ebm/runs_pipeline_then_weighting/E2/E2_single_pipe_emul_deep_P4_K100_s300k_20260405_003926/trajectory,/eagle/lc-mpi/Zhiqing/polaris_ebm/runs_pipeline_then_weighting/E2/E2_single_pipe_emul_deep_P4_K100_s300k_20260405_003926/trajectory/step185000/metrics_compare.json
E2,E2_single_pipe_emul_deep_P4_K100_s300k,Provisional weighting study at fixed P=4,single_pipe_emul,1,190000,61.0041133414835,0.8409111568397449,,/eagle/lc-mpi/Zhiqing/polaris_ebm/runs_pipeline_then_weighting/E2/E2_single_pipe_emul_deep_P4_K100_s300k_20260405_003926/trajectory,/eagle/lc-mpi/Zhiqing/polaris_ebm/runs_pipeline_then_weighting/E2/E2_single_pipe_emul_deep_P4_K100_s300k_20260405_003926/trajectory/step190000/metrics_compare.json
E2,E2_single_pipe_emul_deep_P4_K100_s300k,Provisional weighting study at fixed P=4,single_pipe_emul,1,195000,89.48980821469286,2.8856460218060747,,/eagle/lc-mpi/Zhiqing/polaris_ebm/runs_pipeline_then_weighting/E2/E2_single_pipe_emul_deep_P4_K100_s300k_20260405_003926/trajectory,/eagle/lc-mpi/Zhiqing/polaris_ebm/runs_pipeline_then_weighting/E2/E2_single_pipe_emul_deep_P4_K100_s300k_20260405_003926/trajectory/step195000/metrics_compare.json
E2,E2_single_pipe_emul_deep_P4_K100_s300k,Provisional weighting study at fixed P=4,single_pipe_emul,1,200000,75.61560756568701,0.48047675381496546,,/eagle/lc-mpi/Zhiqing/polaris_ebm/runs_pipeline_then_weighting/E2/E2_single_pipe_emul_deep_P4_K100_s300k_20260405_003926/trajectory,/eagle/lc-mpi/Zhiqing/polaris_ebm/runs_pipeline_then_weighting/E2/E2_single_pipe_emul_deep_P4_K100_s300k_20260405_003926/trajectory/step200000/metrics_compare.json
E2,E2_single_pipe_emul_deep_P4_K100_s300k,Provisional weighting study at fixed P=4,single_pipe_emul,1,205000,79.76515504025826,0.8864900437139625,,/eagle/lc-mpi/Zhiqing/polaris_ebm/runs_pipeline_then_weighting/E2/E2_single_pipe_emul_deep_P4_K100_s300k_20260405_003926/trajectory,/eagle/lc-mpi/Zhiqing/polaris_ebm/runs_pipeline_then_weighting/E2/E2_single_pipe_emul_deep_P4_K100_s300k_20260405_003926/trajectory/step205000/metrics_compare.json
E2,E2_single_pipe_emul_deep_P4_K100_s300k,Provisional weighting study at fixed P=4,single_pipe_emul,1,210000,114.50766813631435,2.5943777662868577,,/eagle/lc-mpi/Zhiqing/polaris_ebm/runs_pipeline_then_weighting/E2/E2_single_pipe_emul_deep_P4_K100_s300k_20260405_003926/trajectory,/eagle/lc-mpi/Zhiqing/polaris_ebm/runs_pipeline_then_weighting/E2/E2_single_pipe_emul_deep_P4_K100_s300k_20260405_003926/trajectory/step210000/metrics_compare.json
E2,E2_single_pipe_emul_deep_P4_K100_s300k,Provisional weighting study at fixed P=4,single_pipe_emul,1,215000,80.27163921154693,1.2682476876876052,,/eagle/lc-mpi/Zhiqing/polaris_ebm/runs_pipeline_then_weighting/E2/E2_single_pipe_emul_deep_P4_K100_s300k_20260405_003926/trajectory,/eagle/lc-mpi/Zhiqing/polaris_ebm/runs_pipeline_then_weighting/E2/E2_single_pipe_emul_deep_P4_K100_s300k_20260405_003926/trajectory/step215000/metrics_compare.json
E2,E2_single_pipe_emul_deep_P4_K100_s300k,Provisional weighting study at fixed P=4,single_pipe_emul,1,220000,67.70474311452904,1.406235459887455,,/eagle/lc-mpi/Zhiqing/polaris_ebm/runs_pipeline_then_weighting/E2/E2_single_pipe_emul_deep_P4_K100_s300k_20260405_003926/trajectory,/eagle/lc-mpi/Zhiqing/polaris_ebm/runs_pipeline_then_weighting/E2/E2_single_pipe_emul_deep_P4_K100_s300k_20260405_003926/trajectory/step220000/metrics_compare.json
E2,E2_single_pipe_emul_deep_P4_K100_s300k,Provisional weighting study at fixed P=4,single_pipe_emul,1,225000,92.81666898787108,3.138042608943742,,/eagle/lc-mpi/Zhiqing/polaris_ebm/runs_pipeline_then_weighting/E2/E2_single_pipe_emul_deep_P4_K100_s300k_20260405_003926/trajectory,/eagle/lc-mpi/Zhiqing/polaris_ebm/runs_pipeline_then_weighting/E2/E2_single_pipe_emul_deep_P4_K100_s300k_20260405_003926/trajectory/step225000/metrics_compare.json
E2,E2_single_pipe_emul_deep_P4_K100_s300k,Provisional weighting study at fixed P=4,single_pipe_emul,1,230000,82.31250243039483,0.6180028573850151,,/eagle/lc-mpi/Zhiqing/polaris_ebm/runs_pipeline_then_weighting/E2/E2_single_pipe_emul_deep_P4_K100_s300k_20260405_003926/trajectory,/eagle/lc-mpi/Zhiqing/polaris_ebm/runs_pipeline_then_weighting/E2/E2_single_pipe_emul_deep_P4_K100_s300k_20260405_003926/trajectory/step230000/metrics_compare.json
E2,E2_single_pipe_emul_deep_P4_K100_s300k,Provisional weighting study at fixed P=4,single_pipe_emul,1,235000,69.09821108960136,0.7212476160542529,,/eagle/lc-mpi/Zhiqing/polaris_ebm/runs_pipeline_then_weighting/E2/E2_single_pipe_emul_deep_P4_K100_s300k_20260405_003926/trajectory,/eagle/lc-mpi/Zhiqing/polaris_ebm/runs_pipeline_then_weighting/E2/E2_single_pipe_emul_deep_P4_K100_s300k_20260405_003926/trajectory/step235000/metrics_compare.json
E2,E2_single_pipe_emul_deep_P4_K100_s300k,Provisional weighting study at fixed P=4,single_pipe_emul,1,240000,92.44776337872054,4.208914920950605,,/eagle/lc-mpi/Zhiqing/polaris_ebm/runs_pipeline_then_weighting/E2/E2_single_pipe_emul_deep_P4_K100_s300k_20260405_003926/trajectory,/eagle/lc-mpi/Zhiqing/polaris_ebm/runs_pipeline_then_weighting/E2/E2_single_pipe_emul_deep_P4_K100_s300k_20260405_003926/trajectory/step240000/metrics_compare.json
E2,E2_single_pipe_emul_deep_P4_K100_s300k,Provisional weighting study at fixed P=4,single_pipe_emul,1,245000,80.68143047577092,0.5410802837696913,,/eagle/lc-mpi/Zhiqing/polaris_ebm/runs_pipeline_then_weighting/E2/E2_single_pipe_emul_deep_P4_K100_s300k_20260405_003926/trajectory,/eagle/lc-mpi/Zhiqing/polaris_ebm/runs_pipeline_then_weighting/E2/E2_single_pipe_emul_deep_P4_K100_s300k_20260405_003926/trajectory/step245000/metrics_compare.json
E2,E2_single_pipe_emul_deep_P4_K100_s300k,Provisional weighting study at fixed P=4,single_pipe_emul,1,250000,61.09457260443327,2.695158083722898,,/eagle/lc-mpi/Zhiqing/polaris_ebm/runs_pipeline_then_weighting/E2/E2_single_pipe_emul_deep_P4_K100_s300k_20260405_003926/trajectory,/eagle/lc-mpi/Zhiqing/polaris_ebm/runs_pipeline_then_weighting/E2/E2_single_pipe_emul_deep_P4_K100_s300k_20260405_003926/trajectory/step250000/metrics_compare.json
E2,E2_single_pipe_emul_deep_P4_K100_s300k,Provisional weighting study at fixed P=4,single_pipe_emul,1,255000,81.49723498840444,1.719590026271458,,/eagle/lc-mpi/Zhiqing/polaris_ebm/runs_pipeline_then_weighting/E2/E2_single_pipe_emul_deep_P4_K100_s300k_20260405_003926/trajectory,/eagle/lc-mpi/Zhiqing/polaris_ebm/runs_pipeline_then_weighting/E2/E2_single_pipe_emul_deep_P4_K100_s300k_20260405_003926/trajectory/step255000/metrics_compare.json
E2,E2_single_pipe_emul_deep_P4_K100_s300k,Provisional weighting study at fixed P=4,single_pipe_emul,1,260000,78.76727519369973,1.6025205116292334,,/eagle/lc-mpi/Zhiqing/polaris_ebm/runs_pipeline_then_weighting/E2/E2_single_pipe_emul_deep_P4_K100_s300k_20260405_003926/trajectory,/eagle/lc-mpi/Zhiqing/polaris_ebm/runs_pipeline_then_weighting/E2/E2_single_pipe_emul_deep_P4_K100_s300k_20260405_003926/trajectory/step260000/metrics_compare.json
E2,E2_single_pipe_emul_deep_P4_K100_s300k,Provisional weighting study at fixed P=4,single_pipe_emul,1,265000,88.7920897385585,0.4588827366382304,,/eagle/lc-mpi/Zhiqing/polaris_ebm/runs_pipeline_then_weighting/E2/E2_single_pipe_emul_deep_P4_K100_s300k_20260405_003926/trajectory,/eagle/lc-mpi/Zhiqing/polaris_ebm/runs_pipeline_then_weighting/E2/E2_single_pipe_emul_deep_P4_K100_s300k_20260405_003926/trajectory/step265000/metrics_compare.json
E2,E2_single_pipe_emul_deep_P4_K100_s300k,Provisional weighting study at fixed P=4,single_pipe_emul,1,270000,62.76540752745427,1.8132004247003835,,/eagle/lc-mpi/Zhiqing/polaris_ebm/runs_pipeline_then_weighting/E2/E2_single_pipe_emul_deep_P4_K100_s300k_20260405_003926/trajectory,/eagle/lc-mpi/Zhiqing/polaris_ebm/runs_pipeline_then_weighting/E2/E2_single_pipe_emul_deep_P4_K100_s300k_20260405_003926/trajectory/step270000/metrics_compare.json
E2,E2_single_pipe_emul_deep_P4_K100_s300k,Provisional weighting study at fixed P=4,single_pipe_emul,1,275000,82.22233371636281,0.9553830724460255,,/eagle/lc-mpi/Zhiqing/polaris_ebm/runs_pipeline_then_weighting/E2/E2_single_pipe_emul_deep_P4_K100_s300k_20260405_003926/trajectory,/eagle/lc-mpi/Zhiqing/polaris_ebm/runs_pipeline_then_weighting/E2/E2_single_pipe_emul_deep_P4_K100_s300k_20260405_003926/trajectory/step275000/metrics_compare.json
E2,E2_single_pipe_emul_deep_P4_K100_s300k,Provisional weighting study at fixed P=4,single_pipe_emul,1,280000,77.78310810361131,2.104938321229362,,/eagle/lc-mpi/Zhiqing/polaris_ebm/runs_pipeline_then_weighting/E2/E2_single_pipe_emul_deep_P4_K100_s300k_20260405_003926/trajectory,/eagle/lc-mpi/Zhiqing/polaris_ebm/runs_pipeline_then_weighting/E2/E2_single_pipe_emul_deep_P4_K100_s300k_20260405_003926/trajectory/step280000/metrics_compare.json
E2,E2_single_pipe_emul_deep_P4_K100_s300k,Provisional weighting study at fixed P=4,single_pipe_emul,1,285000,67.13343800501207,0.4315701116849979,,/eagle/lc-mpi/Zhiqing/polaris_ebm/runs_pipeline_then_weighting/E2/E2_single_pipe_emul_deep_P4_K100_s300k_20260405_003926/trajectory,/eagle/lc-mpi/Zhiqing/polaris_ebm/runs_pipeline_then_weighting/E2/E2_single_pipe_emul_deep_P4_K100_s300k_20260405_003926/trajectory/step285000/metrics_compare.json
E2,E2_single_pipe_emul_deep_P4_K100_s300k,Provisional weighting study at fixed P=4,single_pipe_emul,1,290000,84.21628201694784,0.5667537537648499,,/eagle/lc-mpi/Zhiqing/polaris_ebm/runs_pipeline_then_weighting/E2/E2_single_pipe_emul_deep_P4_K100_s300k_20260405_003926/trajectory,/eagle/lc-mpi/Zhiqing/polaris_ebm/runs_pipeline_then_weighting/E2/E2_single_pipe_emul_deep_P4_K100_s300k_20260405_003926/trajectory/step290000/metrics_compare.json
E2,E2_single_pipe_emul_deep_P4_K100_s300k,Provisional weighting study at fixed P=4,single_pipe_emul,1,295000,92.19570588852281,0.554060842404521,,/eagle/lc-mpi/Zhiqing/polaris_ebm/runs_pipeline_then_weighting/E2/E2_single_pipe_emul_deep_P4_K100_s300k_20260405_003926/trajectory,/eagle/lc-mpi/Zhiqing/polaris_ebm/runs_pipeline_then_weighting/E2/E2_single_pipe_emul_deep_P4_K100_s300k_20260405_003926/trajectory/step295000/metrics_compare.json
E2,E2_single_pipe_emul_deep_P4_K100_s300k,Provisional weighting study at fixed P=4,single_pipe_emul,1,300000,98.17217190470404,1.4718170377003368,,/eagle/lc-mpi/Zhiqing/polaris_ebm/runs_pipeline_then_weighting/E2/E2_single_pipe_emul_deep_P4_K100_s300k_20260405_003926/trajectory,/eagle/lc-mpi/Zhiqing/polaris_ebm/runs_pipeline_then_weighting/E2/E2_single_pipe_emul_deep_P4_K100_s300k_20260405_003926/trajectory/step300000/metrics_compare.json
E2,E2_single_pipe_emul_last2b0005_P4_K100_s300k,Provisional weighting study at fixed P=4,single_pipe_emul,1,5000,166.8490836437231,7.2729202601247955,,/eagle/lc-mpi/Zhiqing/polaris_ebm/runs_pipeline_then_weighting/E2/E2_single_pipe_emul_last2b0005_P4_K100_s300k_20260405_003926/trajectory,/eagle/lc-mpi/Zhiqing/polaris_ebm/runs_pipeline_then_weighting/E2/E2_single_pipe_emul_last2b0005_P4_K100_s300k_20260405_003926/trajectory/step005000/metrics_compare.json
E2,E2_single_pipe_emul_last2b0005_P4_K100_s300k,Provisional weighting study at fixed P=4,single_pipe_emul,1,10000,130.02991471605424,4.911870725133806,,/eagle/lc-mpi/Zhiqing/polaris_ebm/runs_pipeline_then_weighting/E2/E2_single_pipe_emul_last2b0005_P4_K100_s300k_20260405_003926/trajectory,/eagle/lc-mpi/Zhiqing/polaris_ebm/runs_pipeline_then_weighting/E2/E2_single_pipe_emul_last2b0005_P4_K100_s300k_20260405_003926/trajectory/step010000/metrics_compare.json
E2,E2_single_pipe_emul_last2b0005_P4_K100_s300k,Provisional weighting study at fixed P=4,single_pipe_emul,1,15000,120.79979181636622,8.586082070954479,,/eagle/lc-mpi/Zhiqing/polaris_ebm/runs_pipeline_then_weighting/E2/E2_single_pipe_emul_last2b0005_P4_K100_s300k_20260405_003926/trajectory,/eagle/lc-mpi/Zhiqing/polaris_ebm/runs_pipeline_then_weighting/E2/E2_single_pipe_emul_last2b0005_P4_K100_s300k_20260405_003926/trajectory/step015000/metrics_compare.json
E2,E2_single_pipe_emul_last2b0005_P4_K100_s300k,Provisional weighting study at fixed P=4,single_pipe_emul,1,20000,122.61488321965979,3.2353944042638787,,/eagle/lc-mpi/Zhiqing/polaris_ebm/runs_pipeline_then_weighting/E2/E2_single_pipe_emul_last2b0005_P4_K100_s300k_20260405_003926/trajectory,/eagle/lc-mpi/Zhiqing/polaris_ebm/runs_pipeline_then_weighting/E2/E2_single_pipe_emul_last2b0005_P4_K100_s300k_20260405_003926/trajectory/step020000/metrics_compare.json
E2,E2_single_pipe_emul_last2b0005_P4_K100_s300k,Provisional weighting study at fixed P=4,single_pipe_emul,1,25000,181.08120165470157,3.879555356208904,,/eagle/lc-mpi/Zhiqing/polaris_ebm/runs_pipeline_then_weighting/E2/E2_single_pipe_emul_last2b0005_P4_K100_s300k_20260405_003926/trajectory,/eagle/lc-mpi/Zhiqing/polaris_ebm/runs_pipeline_then_weighting/E2/E2_single_pipe_emul_last2b0005_P4_K100_s300k_20260405_003926/trajectory/step025000/metrics_compare.json
E2,E2_single_pipe_emul_last2b0005_P4_K100_s300k,Provisional weighting study at fixed P=4,single_pipe_emul,1,30000,108.66321117991987,2.275227439867926,,/eagle/lc-mpi/Zhiqing/polaris_ebm/runs_pipeline_then_weighting/E2/E2_single_pipe_emul_last2b0005_P4_K100_s300k_20260405_003926/trajectory,/eagle/lc-mpi/Zhiqing/polaris_ebm/runs_pipeline_then_weighting/E2/E2_single_pipe_emul_last2b0005_P4_K100_s300k_20260405_003926/trajectory/step030000/metrics_compare.json
E2,E2_single_pipe_emul_last2b0005_P4_K100_s300k,Provisional weighting study at fixed P=4,single_pipe_emul,1,35000,87.29799332796836,0.966905613766528,,/eagle/lc-mpi/Zhiqing/polaris_ebm/runs_pipeline_then_weighting/E2/E2_single_pipe_emul_last2b0005_P4_K100_s300k_20260405_003926/trajectory,/eagle/lc-mpi/Zhiqing/polaris_ebm/runs_pipeline_then_weighting/E2/E2_single_pipe_emul_last2b0005_P4_K100_s300k_20260405_003926/trajectory/step035000/metrics_compare.json
E2,E2_single_pipe_emul_last2b0005_P4_K100_s300k,Provisional weighting study at fixed P=4,single_pipe_emul,1,40000,95.13455997039523,2.116851016231415,,/eagle/lc-mpi/Zhiqing/polaris_ebm/runs_pipeline_then_weighting/E2/E2_single_pipe_emul_last2b0005_P4_K100_s300k_20260405_003926/trajectory,/eagle/lc-mpi/Zhiqing/polaris_ebm/runs_pipeline_then_weighting/E2/E2_single_pipe_emul_last2b0005_P4_K100_s300k_20260405_003926/trajectory/step040000/metrics_compare.json
E2,E2_single_pipe_emul_last2b0005_P4_K100_s300k,Provisional weighting study at fixed P=4,single_pipe_emul,1,45000,89.47269019510765,0.9320109151275666,,/eagle/lc-mpi/Zhiqing/polaris_ebm/runs_pipeline_then_weighting/E2/E2_single_pipe_emul_last2b0005_P4_K100_s300k_20260405_003926/trajectory,/eagle/lc-mpi/Zhiqing/polaris_ebm/runs_pipeline_then_weighting/E2/E2_single_pipe_emul_last2b0005_P4_K100_s300k_20260405_003926/trajectory/step045000/metrics_compare.json
E2,E2_single_pipe_emul_last2b0005_P4_K100_s300k,Provisional weighting study at fixed P=4,single_pipe_emul,1,50000,79.15478307915907,2.1970704417800917,,/eagle/lc-mpi/Zhiqing/polaris_ebm/runs_pipeline_then_weighting/E2/E2_single_pipe_emul_last2b0005_P4_K100_s300k_20260405_003926/trajectory,/eagle/lc-mpi/Zhiqing/polaris_ebm/runs_pipeline_then_weighting/E2/E2_single_pipe_emul_last2b0005_P4_K100_s300k_20260405_003926/trajectory/step050000/metrics_compare.json
E2,E2_single_pipe_emul_last2b0005_P4_K100_s300k,Provisional weighting study at fixed P=4,single_pipe_emul,1,55000,82.48666021368467,1.7922811248246369,,/eagle/lc-mpi/Zhiqing/polaris_ebm/runs_pipeline_then_weighting/E2/E2_single_pipe_emul_last2b0005_P4_K100_s300k_20260405_003926/trajectory,/eagle/lc-mpi/Zhiqing/polaris_ebm/runs_pipeline_then_weighting/E2/E2_single_pipe_emul_last2b0005_P4_K100_s300k_20260405_003926/trajectory/step055000/metrics_compare.json
E2,E2_single_pipe_emul_last2b0005_P4_K100_s300k,Provisional weighting study at fixed P=4,single_pipe_emul,1,60000,79.11313578682189,3.286459245659124,,/eagle/lc-mpi/Zhiqing/polaris_ebm/runs_pipeline_then_weighting/E2/E2_single_pipe_emul_last2b0005_P4_K100_s300k_20260405_003926/trajectory,/eagle/lc-mpi/Zhiqing/polaris_ebm/runs_pipeline_then_weighting/E2/E2_single_pipe_emul_last2b0005_P4_K100_s300k_20260405_003926/trajectory/step060000/metrics_compare.json
E2,E2_single_pipe_emul_last2b0005_P4_K100_s300k,Provisional weighting study at fixed P=4,single_pipe_emul,1,65000,99.21059634762821,1.2886711520755156,,/eagle/lc-mpi/Zhiqing/polaris_ebm/runs_pipeline_then_weighting/E2/E2_single_pipe_emul_last2b0005_P4_K100_s300k_20260405_003926/trajectory,/eagle/lc-mpi/Zhiqing/polaris_ebm/runs_pipeline_then_weighting/E2/E2_single_pipe_emul_last2b0005_P4_K100_s300k_20260405_003926/trajectory/step065000/metrics_compare.json
E2,E2_single_pipe_emul_last2b0005_P4_K100_s300k,Provisional weighting study at fixed P=4,single_pipe_emul,1,70000,74.88300190924758,0.9545505797626959,,/eagle/lc-mpi/Zhiqing/polaris_ebm/runs_pipeline_then_weighting/E2/E2_single_pipe_emul_last2b0005_P4_K100_s300k_20260405_003926/trajectory,/eagle/lc-mpi/Zhiqing/polaris_ebm/runs_pipeline_then_weighting/E2/E2_single_pipe_emul_last2b0005_P4_K100_s300k_20260405_003926/trajectory/step070000/metrics_compare.json
E2,E2_single_pipe_emul_last2b0005_P4_K100_s300k,Provisional weighting study at fixed P=4,single_pipe_emul,1,75000,85.5619590819266,0.8943462018495616,,/eagle/lc-mpi/Zhiqing/polaris_ebm/runs_pipeline_then_weighting/E2/E2_single_pipe_emul_last2b0005_P4_K100_s300k_20260405_003926/trajectory,/eagle/lc-mpi/Zhiqing/polaris_ebm/runs_pipeline_then_weighting/E2/E2_single_pipe_emul_last2b0005_P4_K100_s300k_20260405_003926/trajectory/step075000/metrics_compare.json
E2,E2_single_pipe_emul_last2b0005_P4_K100_s300k,Provisional weighting study at fixed P=4,single_pipe_emul,1,80000,78.14730589974687,1.1198283003985132,,/eagle/lc-mpi/Zhiqing/polaris_ebm/runs_pipeline_then_weighting/E2/E2_single_pipe_emul_last2b0005_P4_K100_s300k_20260405_003926/trajectory,/eagle/lc-mpi/Zhiqing/polaris_ebm/runs_pipeline_then_weighting/E2/E2_single_pipe_emul_last2b0005_P4_K100_s300k_20260405_003926/trajectory/step080000/metrics_compare.json
E2,E2_single_pipe_emul_last2b0005_P4_K100_s300k,Provisional weighting study at fixed P=4,single_pipe_emul,1,85000,125.12000573199288,3.2405141023758244,,/eagle/lc-mpi/Zhiqing/polaris_ebm/runs_pipeline_then_weighting/E2/E2_single_pipe_emul_last2b0005_P4_K100_s300k_20260405_003926/trajectory,/eagle/lc-mpi/Zhiqing/polaris_ebm/runs_pipeline_then_weighting/E2/E2_single_pipe_emul_last2b0005_P4_K100_s300k_20260405_003926/trajectory/step085000/metrics_compare.json
E2,E2_single_pipe_emul_last2b0005_P4_K100_s300k,Provisional weighting study at fixed P=4,single_pipe_emul,1,90000,80.80587195269123,1.5580537885152808,,/eagle/lc-mpi/Zhiqing/polaris_ebm/runs_pipeline_then_weighting/E2/E2_single_pipe_emul_last2b0005_P4_K100_s300k_20260405_003926/trajectory,/eagle/lc-mpi/Zhiqing/polaris_ebm/runs_pipeline_then_weighting/E2/E2_single_pipe_emul_last2b0005_P4_K100_s300k_20260405_003926/trajectory/step090000/metrics_compare.json
E2,E2_single_pipe_emul_last2b0005_P4_K100_s300k,Provisional weighting study at fixed P=4,single_pipe_emul,1,95000,69.31372606780508,2.5392003155925558,,/eagle/lc-mpi/Zhiqing/polaris_ebm/runs_pipeline_then_weighting/E2/E2_single_pipe_emul_last2b0005_P4_K100_s300k_20260405_003926/trajectory,/eagle/lc-mpi/Zhiqing/polaris_ebm/runs_pipeline_then_weighting/E2/E2_single_pipe_emul_last2b0005_P4_K100_s300k_20260405_003926/trajectory/step095000/metrics_compare.json
E2,E2_single_pipe_emul_last2b0005_P4_K100_s300k,Provisional weighting study at fixed P=4,single_pipe_emul,1,100000,82.56058282284573,1.1897842042630913,,/eagle/lc-mpi/Zhiqing/polaris_ebm/runs_pipeline_then_weighting/E2/E2_single_pipe_emul_last2b0005_P4_K100_s300k_20260405_003926/trajectory,/eagle/lc-mpi/Zhiqing/polaris_ebm/runs_pipeline_then_weighting/E2/E2_single_pipe_emul_last2b0005_P4_K100_s300k_20260405_003926/trajectory/step100000/metrics_compare.json
E2,E2_single_pipe_emul_last2b0005_P4_K100_s300k,Provisional weighting study at fixed P=4,single_pipe_emul,1,105000,83.43086259492401,0.7015808395037482,,/eagle/lc-mpi/Zhiqing/polaris_ebm/runs_pipeline_then_weighting/E2/E2_single_pipe_emul_last2b0005_P4_K100_s300k_20260405_003926/trajectory,/eagle/lc-mpi/Zhiqing/polaris_ebm/runs_pipeline_then_weighting/E2/E2_single_pipe_emul_last2b0005_P4_K100_s300k_20260405_003926/trajectory/step105000/metrics_compare.json
E2,E2_single_pipe_emul_last2b0005_P4_K100_s300k,Provisional weighting study at fixed P=4,single_pipe_emul,1,110000,93.69093003343482,0.6875267947997727,,/eagle/lc-mpi/Zhiqing/polaris_ebm/runs_pipeline_then_weighting/E2/E2_single_pipe_emul_last2b0005_P4_K100_s300k_20260405_003926/trajectory,/eagle/lc-mpi/Zhiqing/polaris_ebm/runs_pipeline_then_weighting/E2/E2_single_pipe_emul_last2b0005_P4_K100_s300k_20260405_003926/trajectory/step110000/metrics_compare.json
E2,E2_single_pipe_emul_last2b0005_P4_K100_s300k,Provisional weighting study at fixed P=4,single_pipe_emul,1,115000,75.58794568072176,0.7447117699331827,,/eagle/lc-mpi/Zhiqing/polaris_ebm/runs_pipeline_then_weighting/E2/E2_single_pipe_emul_last2b0005_P4_K100_s300k_20260405_003926/trajectory,/eagle/lc-mpi/Zhiqing/polaris_ebm/runs_pipeline_then_weighting/E2/E2_single_pipe_emul_last2b0005_P4_K100_s300k_20260405_003926/trajectory/step115000/metrics_compare.json
E2,E2_single_pipe_emul_last2b0005_P4_K100_s300k,Provisional weighting study at fixed P=4,single_pipe_emul,1,120000,106.0216490341727,0.7095662852670301,,/eagle/lc-mpi/Zhiqing/polaris_ebm/runs_pipeline_then_weighting/E2/E2_single_pipe_emul_last2b0005_P4_K100_s300k_20260405_003926/trajectory,/eagle/lc-mpi/Zhiqing/polaris_ebm/runs_pipeline_then_weighting/E2/E2_single_pipe_emul_last2b0005_P4_K100_s300k_20260405_003926/trajectory/step120000/metrics_compare.json
E2,E2_single_pipe_emul_last2b0005_P4_K100_s300k,Provisional weighting study at fixed P=4,single_pipe_emul,1,125000,101.75602922529129,1.9799911349521366,,/eagle/lc-mpi/Zhiqing/polaris_ebm/runs_pipeline_then_weighting/E2/E2_single_pipe_emul_last2b0005_P4_K100_s300k_20260405_003926/trajectory,/eagle/lc-mpi/Zhiqing/polaris_ebm/runs_pipeline_then_weighting/E2/E2_single_pipe_emul_last2b0005_P4_K100_s300k_20260405_003926/trajectory/step125000/metrics_compare.json
E2,E2_single_pipe_emul_last2b0005_P4_K100_s300k,Provisional weighting study at fixed P=4,single_pipe_emul,1,130000,83.56916982358206,1.1640532201798237,,/eagle/lc-mpi/Zhiqing/polaris_ebm/runs_pipeline_then_weighting/E2/E2_single_pipe_emul_last2b0005_P4_K100_s300k_20260405_003926/trajectory,/eagle/lc-mpi/Zhiqing/polaris_ebm/runs_pipeline_then_weighting/E2/E2_single_pipe_emul_last2b0005_P4_K100_s300k_20260405_003926/trajectory/step130000/metrics_compare.json
E2,E2_single_pipe_emul_last2b0005_P4_K100_s300k,Provisional weighting study at fixed P=4,single_pipe_emul,1,135000,62.3986194742057,0.5449690042122626,,/eagle/lc-mpi/Zhiqing/polaris_ebm/runs_pipeline_then_weighting/E2/E2_single_pipe_emul_last2b0005_P4_K100_s300k_20260405_003926/trajectory,/eagle/lc-mpi/Zhiqing/polaris_ebm/runs_pipeline_then_weighting/E2/E2_single_pipe_emul_last2b0005_P4_K100_s300k_20260405_003926/trajectory/step135000/metrics_compare.json
E2,E2_single_pipe_emul_last2b0005_P4_K100_s300k,Provisional weighting study at fixed P=4,single_pipe_emul,1,140000,89.9527924828729,2.773339378627238,,/eagle/lc-mpi/Zhiqing/polaris_ebm/runs_pipeline_then_weighting/E2/E2_single_pipe_emul_last2b0005_P4_K100_s300k_20260405_003926/trajectory,/eagle/lc-mpi/Zhiqing/polaris_ebm/runs_pipeline_then_weighting/E2/E2_single_pipe_emul_last2b0005_P4_K100_s300k_20260405_003926/trajectory/step140000/metrics_compare.json
E2,E2_single_pipe_emul_last2b0005_P4_K100_s300k,Provisional weighting study at fixed P=4,single_pipe_emul,1,145000,88.50882762010542,0.6907285675017576,,/eagle/lc-mpi/Zhiqing/polaris_ebm/runs_pipeline_then_weighting/E2/E2_single_pipe_emul_last2b0005_P4_K100_s300k_20260405_003926/trajectory,/eagle/lc-mpi/Zhiqing/polaris_ebm/runs_pipeline_then_weighting/E2/E2_single_pipe_emul_last2b0005_P4_K100_s300k_20260405_003926/trajectory/step145000/metrics_compare.json
E2,E2_single_pipe_emul_last2b0005_P4_K100_s300k,Provisional weighting study at fixed P=4,single_pipe_emul,1,150000,79.63214937470536,2.1970175735088198,,/eagle/lc-mpi/Zhiqing/polaris_ebm/runs_pipeline_then_weighting/E2/E2_single_pipe_emul_last2b0005_P4_K100_s300k_20260405_003926/trajectory,/eagle/lc-mpi/Zhiqing/polaris_ebm/runs_pipeline_then_weighting/E2/E2_single_pipe_emul_last2b0005_P4_K100_s300k_20260405_003926/trajectory/step150000/metrics_compare.json
E2,E2_single_pipe_emul_last2b0005_P4_K100_s300k,Provisional weighting study at fixed P=4,single_pipe_emul,1,155000,94.47403004409603,0.8956923484405266,,/eagle/lc-mpi/Zhiqing/polaris_ebm/runs_pipeline_then_weighting/E2/E2_single_pipe_emul_last2b0005_P4_K100_s300k_20260405_003926/trajectory,/eagle/lc-mpi/Zhiqing/polaris_ebm/runs_pipeline_then_weighting/E2/E2_single_pipe_emul_last2b0005_P4_K100_s300k_20260405_003926/trajectory/step155000/metrics_compare.json
E2,E2_single_pipe_emul_last2b0005_P4_K100_s300k,Provisional weighting study at fixed P=4,single_pipe_emul,1,160000,65.71234914965697,0.905002169970917,,/eagle/lc-mpi/Zhiqing/polaris_ebm/runs_pipeline_then_weighting/E2/E2_single_pipe_emul_last2b0005_P4_K100_s300k_20260405_003926/trajectory,/eagle/lc-mpi/Zhiqing/polaris_ebm/runs_pipeline_then_weighting/E2/E2_single_pipe_emul_last2b0005_P4_K100_s300k_20260405_003926/trajectory/step160000/metrics_compare.json
E2,E2_single_pipe_emul_last2b0005_P4_K100_s300k,Provisional weighting study at fixed P=4,single_pipe_emul,1,165000,76.6765717731879,0.5155677510822798,,/eagle/lc-mpi/Zhiqing/polaris_ebm/runs_pipeline_then_weighting/E2/E2_single_pipe_emul_last2b0005_P4_K100_s300k_20260405_003926/trajectory,/eagle/lc-mpi/Zhiqing/polaris_ebm/runs_pipeline_then_weighting/E2/E2_single_pipe_emul_last2b0005_P4_K100_s300k_20260405_003926/trajectory/step165000/metrics_compare.json
E2,E2_single_pipe_emul_last2b0005_P4_K100_s300k,Provisional weighting study at fixed P=4,single_pipe_emul,1,170000,64.97834028196303,1.3094637530281226,,/eagle/lc-mpi/Zhiqing/polaris_ebm/runs_pipeline_then_weighting/E2/E2_single_pipe_emul_last2b0005_P4_K100_s300k_20260405_003926/trajectory,/eagle/lc-mpi/Zhiqing/polaris_ebm/runs_pipeline_then_weighting/E2/E2_single_pipe_emul_last2b0005_P4_K100_s300k_20260405_003926/trajectory/step170000/metrics_compare.json
E2,E2_single_pipe_emul_last2b0005_P4_K100_s300k,Provisional weighting study at fixed P=4,single_pipe_emul,1,175000,92.56717818796807,2.9305446006474725,,/eagle/lc-mpi/Zhiqing/polaris_ebm/runs_pipeline_then_weighting/E2/E2_single_pipe_emul_last2b0005_P4_K100_s300k_20260405_003926/trajectory,/eagle/lc-mpi/Zhiqing/polaris_ebm/runs_pipeline_then_weighting/E2/E2_single_pipe_emul_last2b0005_P4_K100_s300k_20260405_003926/trajectory/step175000/metrics_compare.json
E2,E2_single_pipe_emul_last2b0005_P4_K100_s300k,Provisional weighting study at fixed P=4,single_pipe_emul,1,180000,78.49260965915084,1.0537909097572467,,/eagle/lc-mpi/Zhiqing/polaris_ebm/runs_pipeline_then_weighting/E2/E2_single_pipe_emul_last2b0005_P4_K100_s300k_20260405_003926/trajectory,/eagle/lc-mpi/Zhiqing/polaris_ebm/runs_pipeline_then_weighting/E2/E2_single_pipe_emul_last2b0005_P4_K100_s300k_20260405_003926/trajectory/step180000/metrics_compare.json
E2,E2_single_pipe_emul_last2b0005_P4_K100_s300k,Provisional weighting study at fixed P=4,single_pipe_emul,1,185000,74.39879899802952,1.1189849825407876,,/eagle/lc-mpi/Zhiqing/polaris_ebm/runs_pipeline_then_weighting/E2/E2_single_pipe_emul_last2b0005_P4_K100_s300k_20260405_003926/trajectory,/eagle/lc-mpi/Zhiqing/polaris_ebm/runs_pipeline_then_weighting/E2/E2_single_pipe_emul_last2b0005_P4_K100_s300k_20260405_003926/trajectory/step185000/metrics_compare.json
E2,E2_single_pipe_emul_last2b0005_P4_K100_s300k,Provisional weighting study at fixed P=4,single_pipe_emul,1,190000,71.75295136678307,2.037114077363274,,/eagle/lc-mpi/Zhiqing/polaris_ebm/runs_pipeline_then_weighting/E2/E2_single_pipe_emul_last2b0005_P4_K100_s300k_20260405_003926/trajectory,/eagle/lc-mpi/Zhiqing/polaris_ebm/runs_pipeline_then_weighting/E2/E2_single_pipe_emul_last2b0005_P4_K100_s300k_20260405_003926/trajectory/step190000/metrics_compare.json
E2,E2_single_pipe_emul_last2b0005_P4_K100_s300k,Provisional weighting study at fixed P=4,single_pipe_emul,1,195000,75.64631973959325,1.876051125831868,,/eagle/lc-mpi/Zhiqing/polaris_ebm/runs_pipeline_then_weighting/E2/E2_single_pipe_emul_last2b0005_P4_K100_s300k_20260405_003926/trajectory,/eagle/lc-mpi/Zhiqing/polaris_ebm/runs_pipeline_then_weighting/E2/E2_single_pipe_emul_last2b0005_P4_K100_s300k_20260405_003926/trajectory/step195000/metrics_compare.json
E2,E2_single_pipe_emul_last2b0005_P4_K100_s300k,Provisional weighting study at fixed P=4,single_pipe_emul,1,200000,100.32198422085469,1.027071739796817,,/eagle/lc-mpi/Zhiqing/polaris_ebm/runs_pipeline_then_weighting/E2/E2_single_pipe_emul_last2b0005_P4_K100_s300k_20260405_003926/trajectory,/eagle/lc-mpi/Zhiqing/polaris_ebm/runs_pipeline_then_weighting/E2/E2_single_pipe_emul_last2b0005_P4_K100_s300k_20260405_003926/trajectory/step200000/metrics_compare.json
E2,E2_single_pipe_emul_last2b0005_P4_K100_s300k,Provisional weighting study at fixed P=4,single_pipe_emul,1,205000,79.89517286806955,2.2371665845850863,,/eagle/lc-mpi/Zhiqing/polaris_ebm/runs_pipeline_then_weighting/E2/E2_single_pipe_emul_last2b0005_P4_K100_s300k_20260405_003926/trajectory,/eagle/lc-mpi/Zhiqing/polaris_ebm/runs_pipeline_then_weighting/E2/E2_single_pipe_emul_last2b0005_P4_K100_s300k_20260405_003926/trajectory/step205000/metrics_compare.json
E2,E2_single_pipe_emul_last2b0005_P4_K100_s300k,Provisional weighting study at fixed P=4,single_pipe_emul,1,210000,75.89829121625496,0.7626511546103032,,/eagle/lc-mpi/Zhiqing/polaris_ebm/runs_pipeline_then_weighting/E2/E2_single_pipe_emul_last2b0005_P4_K100_s300k_20260405_003926/trajectory,/eagle/lc-mpi/Zhiqing/polaris_ebm/runs_pipeline_then_weighting/E2/E2_single_pipe_emul_last2b0005_P4_K100_s300k_20260405_003926/trajectory/step210000/metrics_compare.json
E2,E2_single_pipe_emul_last2b0005_P4_K100_s300k,Provisional weighting study at fixed P=4,single_pipe_emul,1,215000,75.28742079146417,3.450168372936133,,/eagle/lc-mpi/Zhiqing/polaris_ebm/runs_pipeline_then_weighting/E2/E2_single_pipe_emul_last2b0005_P4_K100_s300k_20260405_003926/trajectory,/eagle/lc-mpi/Zhiqing/polaris_ebm/runs_pipeline_then_weighting/E2/E2_single_pipe_emul_last2b0005_P4_K100_s300k_20260405_003926/trajectory/step215000/metrics_compare.json
E2,E2_single_pipe_emul_last2b0005_P4_K100_s300k,Provisional weighting study at fixed P=4,single_pipe_emul,1,220000,85.38816291939486,2.081349247283768,,/eagle/lc-mpi/Zhiqing/polaris_ebm/runs_pipeline_then_weighting/E2/E2_single_pipe_emul_last2b0005_P4_K100_s300k_20260405_003926/trajectory,/eagle/lc-mpi/Zhiqing/polaris_ebm/runs_pipeline_then_weighting/E2/E2_single_pipe_emul_last2b0005_P4_K100_s300k_20260405_003926/trajectory/step220000/metrics_compare.json
E2,E2_single_pipe_emul_last2b0005_P4_K100_s300k,Provisional weighting study at fixed P=4,single_pipe_emul,1,225000,83.32218140213519,2.270454350298973,,/eagle/lc-mpi/Zhiqing/polaris_ebm/runs_pipeline_then_weighting/E2/E2_single_pipe_emul_last2b0005_P4_K100_s300k_20260405_003926/trajectory,/eagle/lc-mpi/Zhiqing/polaris_ebm/runs_pipeline_then_weighting/E2/E2_single_pipe_emul_last2b0005_P4_K100_s300k_20260405_003926/trajectory/step225000/metrics_compare.json
E2,E2_single_pipe_emul_last2b0005_P4_K100_s300k,Provisional weighting study at fixed P=4,single_pipe_emul,1,230000,75.1973502235142,0.5188170741661722,,/eagle/lc-mpi/Zhiqing/polaris_ebm/runs_pipeline_then_weighting/E2/E2_single_pipe_emul_last2b0005_P4_K100_s300k_20260405_003926/trajectory,/eagle/lc-mpi/Zhiqing/polaris_ebm/runs_pipeline_then_weighting/E2/E2_single_pipe_emul_last2b0005_P4_K100_s300k_20260405_003926/trajectory/step230000/metrics_compare.json
E2,E2_single_pipe_emul_last2b0005_P4_K100_s300k,Provisional weighting study at fixed P=4,single_pipe_emul,1,235000,77.56412731736333,1.2155584756074802,,/eagle/lc-mpi/Zhiqing/polaris_ebm/runs_pipeline_then_weighting/E2/E2_single_pipe_emul_last2b0005_P4_K100_s300k_20260405_003926/trajectory,/eagle/lc-mpi/Zhiqing/polaris_ebm/runs_pipeline_then_weighting/E2/E2_single_pipe_emul_last2b0005_P4_K100_s300k_20260405_003926/trajectory/step235000/metrics_compare.json
E2,E2_single_pipe_emul_last2b0005_P4_K100_s300k,Provisional weighting study at fixed P=4,single_pipe_emul,1,240000,77.18318127981854,0.8321187350279082,,/eagle/lc-mpi/Zhiqing/polaris_ebm/runs_pipeline_then_weighting/E2/E2_single_pipe_emul_last2b0005_P4_K100_s300k_20260405_003926/trajectory,/eagle/lc-mpi/Zhiqing/polaris_ebm/runs_pipeline_then_weighting/E2/E2_single_pipe_emul_last2b0005_P4_K100_s300k_20260405_003926/trajectory/step240000/metrics_compare.json
E2,E2_single_pipe_emul_last2b0005_P4_K100_s300k,Provisional weighting study at fixed P=4,single_pipe_emul,1,245000,69.05266600698837,1.4095711151530637,,/eagle/lc-mpi/Zhiqing/polaris_ebm/runs_pipeline_then_weighting/E2/E2_single_pipe_emul_last2b0005_P4_K100_s300k_20260405_003926/trajectory,/eagle/lc-mpi/Zhiqing/polaris_ebm/runs_pipeline_then_weighting/E2/E2_single_pipe_emul_last2b0005_P4_K100_s300k_20260405_003926/trajectory/step245000/metrics_compare.json
E2,E2_single_pipe_emul_last2b0005_P4_K100_s300k,Provisional weighting study at fixed P=4,single_pipe_emul,1,250000,88.70799895741584,0.8997571113132601,,/eagle/lc-mpi/Zhiqing/polaris_ebm/runs_pipeline_then_weighting/E2/E2_single_pipe_emul_last2b0005_P4_K100_s300k_20260405_003926/trajectory,/eagle/lc-mpi/Zhiqing/polaris_ebm/runs_pipeline_then_weighting/E2/E2_single_pipe_emul_last2b0005_P4_K100_s300k_20260405_003926/trajectory/step250000/metrics_compare.json
E2,E2_single_pipe_emul_last2b0005_P4_K100_s300k,Provisional weighting study at fixed P=4,single_pipe_emul,1,255000,72.73637836516991,3.0781683232378754,,/eagle/lc-mpi/Zhiqing/polaris_ebm/runs_pipeline_then_weighting/E2/E2_single_pipe_emul_last2b0005_P4_K100_s300k_20260405_003926/trajectory,/eagle/lc-mpi/Zhiqing/polaris_ebm/runs_pipeline_then_weighting/E2/E2_single_pipe_emul_last2b0005_P4_K100_s300k_20260405_003926/trajectory/step255000/metrics_compare.json
E2,E2_single_pipe_emul_last2b0005_P4_K100_s300k,Provisional weighting study at fixed P=4,single_pipe_emul,1,260000,77.27129378928515,0.576876821939333,,/eagle/lc-mpi/Zhiqing/polaris_ebm/runs_pipeline_then_weighting/E2/E2_single_pipe_emul_last2b0005_P4_K100_s300k_20260405_003926/trajectory,/eagle/lc-mpi/Zhiqing/polaris_ebm/runs_pipeline_then_weighting/E2/E2_single_pipe_emul_last2b0005_P4_K100_s300k_20260405_003926/trajectory/step260000/metrics_compare.json
E2,E2_single_pipe_emul_last2b0005_P4_K100_s300k,Provisional weighting study at fixed P=4,single_pipe_emul,1,265000,77.36525568996854,0.6887470023526525,,/eagle/lc-mpi/Zhiqing/polaris_ebm/runs_pipeline_then_weighting/E2/E2_single_pipe_emul_last2b0005_P4_K100_s300k_20260405_003926/trajectory,/eagle/lc-mpi/Zhiqing/polaris_ebm/runs_pipeline_then_weighting/E2/E2_single_pipe_emul_last2b0005_P4_K100_s300k_20260405_003926/trajectory/step265000/metrics_compare.json
E2,E2_single_pipe_emul_last2b0005_P4_K100_s300k,Provisional weighting study at fixed P=4,single_pipe_emul,1,270000,62.07949782237051,0.9186729759380796,,/eagle/lc-mpi/Zhiqing/polaris_ebm/runs_pipeline_then_weighting/E2/E2_single_pipe_emul_last2b0005_P4_K100_s300k_20260405_003926/trajectory,/eagle/lc-mpi/Zhiqing/polaris_ebm/runs_pipeline_then_weighting/E2/E2_single_pipe_emul_last2b0005_P4_K100_s300k_20260405_003926/trajectory/step270000/metrics_compare.json
E2,E2_single_pipe_emul_last2b0005_P4_K100_s300k,Provisional weighting study at fixed P=4,single_pipe_emul,1,275000,75.46568723180155,2.055542022692677,,/eagle/lc-mpi/Zhiqing/polaris_ebm/runs_pipeline_then_weighting/E2/E2_single_pipe_emul_last2b0005_P4_K100_s300k_20260405_003926/trajectory,/eagle/lc-mpi/Zhiqing/polaris_ebm/runs_pipeline_then_weighting/E2/E2_single_pipe_emul_last2b0005_P4_K100_s300k_20260405_003926/trajectory/step275000/metrics_compare.json
E2,E2_single_pipe_emul_last2b0005_P4_K100_s300k,Provisional weighting study at fixed P=4,single_pipe_emul,1,280000,64.21776537895062,0.6548418158198572,,/eagle/lc-mpi/Zhiqing/polaris_ebm/runs_pipeline_then_weighting/E2/E2_single_pipe_emul_last2b0005_P4_K100_s300k_20260405_003926/trajectory,/eagle/lc-mpi/Zhiqing/polaris_ebm/runs_pipeline_then_weighting/E2/E2_single_pipe_emul_last2b0005_P4_K100_s300k_20260405_003926/trajectory/step280000/metrics_compare.json
E2,E2_single_pipe_emul_last2b0005_P4_K100_s300k,Provisional weighting study at fixed P=4,single_pipe_emul,1,285000,60.99259498600651,0.4389019914075405,,/eagle/lc-mpi/Zhiqing/polaris_ebm/runs_pipeline_then_weighting/E2/E2_single_pipe_emul_last2b0005_P4_K100_s300k_20260405_003926/trajectory,/eagle/lc-mpi/Zhiqing/polaris_ebm/runs_pipeline_then_weighting/E2/E2_single_pipe_emul_last2b0005_P4_K100_s300k_20260405_003926/trajectory/step285000/metrics_compare.json
E2,E2_single_pipe_emul_last2b0005_P4_K100_s300k,Provisional weighting study at fixed P=4,single_pipe_emul,1,290000,75.9224302976113,2.618735672205961,,/eagle/lc-mpi/Zhiqing/polaris_ebm/runs_pipeline_then_weighting/E2/E2_single_pipe_emul_last2b0005_P4_K100_s300k_20260405_003926/trajectory,/eagle/lc-mpi/Zhiqing/polaris_ebm/runs_pipeline_then_weighting/E2/E2_single_pipe_emul_last2b0005_P4_K100_s300k_20260405_003926/trajectory/step290000/metrics_compare.json
E2,E2_single_pipe_emul_last2b0005_P4_K100_s300k,Provisional weighting study at fixed P=4,single_pipe_emul,1,295000,70.00993227360607,1.970358444647566,,/eagle/lc-mpi/Zhiqing/polaris_ebm/runs_pipeline_then_weighting/E2/E2_single_pipe_emul_last2b0005_P4_K100_s300k_20260405_003926/trajectory,/eagle/lc-mpi/Zhiqing/polaris_ebm/runs_pipeline_then_weighting/E2/E2_single_pipe_emul_last2b0005_P4_K100_s300k_20260405_003926/trajectory/step295000/metrics_compare.json
E2,E2_single_pipe_emul_last2b0005_P4_K100_s300k,Provisional weighting study at fixed P=4,single_pipe_emul,1,300000,71.93943028122862,0.8211814927067422,,/eagle/lc-mpi/Zhiqing/polaris_ebm/runs_pipeline_then_weighting/E2/E2_single_pipe_emul_last2b0005_P4_K100_s300k_20260405_003926/trajectory,/eagle/lc-mpi/Zhiqing/polaris_ebm/runs_pipeline_then_weighting/E2/E2_single_pipe_emul_last2b0005_P4_K100_s300k_20260405_003926/trajectory/step300000/metrics_compare.json
E2,E2_single_pipe_emul_last2b001_P4_K100_s300k,Provisional weighting study at fixed P=4,single_pipe_emul,1,5000,165.22048031734928,9.566639752487799,,/eagle/lc-mpi/Zhiqing/polaris_ebm/runs_pipeline_then_weighting/E2/E2_single_pipe_emul_last2b001_P4_K100_s300k_20260405_003926/trajectory,/eagle/lc-mpi/Zhiqing/polaris_ebm/runs_pipeline_then_weighting/E2/E2_single_pipe_emul_last2b001_P4_K100_s300k_20260405_003926/trajectory/step005000/metrics_compare.json
E2,E2_single_pipe_emul_last2b001_P4_K100_s300k,Provisional weighting study at fixed P=4,single_pipe_emul,1,10000,130.02609824400923,5.168863680448979,,/eagle/lc-mpi/Zhiqing/polaris_ebm/runs_pipeline_then_weighting/E2/E2_single_pipe_emul_last2b001_P4_K100_s300k_20260405_003926/trajectory,/eagle/lc-mpi/Zhiqing/polaris_ebm/runs_pipeline_then_weighting/E2/E2_single_pipe_emul_last2b001_P4_K100_s300k_20260405_003926/trajectory/step010000/metrics_compare.json
E2,E2_single_pipe_emul_last2b001_P4_K100_s300k,Provisional weighting study at fixed P=4,single_pipe_emul,1,15000,124.42661552550916,2.3668104469851414,,/eagle/lc-mpi/Zhiqing/polaris_ebm/runs_pipeline_then_weighting/E2/E2_single_pipe_emul_last2b001_P4_K100_s300k_20260405_003926/trajectory,/eagle/lc-mpi/Zhiqing/polaris_ebm/runs_pipeline_then_weighting/E2/E2_single_pipe_emul_last2b001_P4_K100_s300k_20260405_003926/trajectory/step015000/metrics_compare.json
E2,E2_single_pipe_emul_last2b001_P4_K100_s300k,Provisional weighting study at fixed P=4,single_pipe_emul,1,20000,86.56592875615786,1.5021473532951077,,/eagle/lc-mpi/Zhiqing/polaris_ebm/runs_pipeline_then_weighting/E2/E2_single_pipe_emul_last2b001_P4_K100_s300k_20260405_003926/trajectory,/eagle/lc-mpi/Zhiqing/polaris_ebm/runs_pipeline_then_weighting/E2/E2_single_pipe_emul_last2b001_P4_K100_s300k_20260405_003926/trajectory/step020000/metrics_compare.json
E2,E2_single_pipe_emul_last2b001_P4_K100_s300k,Provisional weighting study at fixed P=4,single_pipe_emul,1,25000,127.58252522628777,3.5908817385504648,,/eagle/lc-mpi/Zhiqing/polaris_ebm/runs_pipeline_then_weighting/E2/E2_single_pipe_emul_last2b001_P4_K100_s300k_20260405_003926/trajectory,/eagle/lc-mpi/Zhiqing/polaris_ebm/runs_pipeline_then_weighting/E2/E2_single_pipe_emul_last2b001_P4_K100_s300k_20260405_003926/trajectory/step025000/metrics_compare.json
E2,E2_single_pipe_emul_last2b001_P4_K100_s300k,Provisional weighting study at fixed P=4,single_pipe_emul,1,30000,83.9316438493845,1.656855500225923,,/eagle/lc-mpi/Zhiqing/polaris_ebm/runs_pipeline_then_weighting/E2/E2_single_pipe_emul_last2b001_P4_K100_s300k_20260405_003926/trajectory,/eagle/lc-mpi/Zhiqing/polaris_ebm/runs_pipeline_then_weighting/E2/E2_single_pipe_emul_last2b001_P4_K100_s300k_20260405_003926/trajectory/step030000/metrics_compare.json
E2,E2_single_pipe_emul_last2b001_P4_K100_s300k,Provisional weighting study at fixed P=4,single_pipe_emul,1,35000,93.42720685413582,2.6327427344085415,,/eagle/lc-mpi/Zhiqing/polaris_ebm/runs_pipeline_then_weighting/E2/E2_single_pipe_emul_last2b001_P4_K100_s300k_20260405_003926/trajectory,/eagle/lc-mpi/Zhiqing/polaris_ebm/runs_pipeline_then_weighting/E2/E2_single_pipe_emul_last2b001_P4_K100_s300k_20260405_003926/trajectory/step035000/metrics_compare.json
E2,E2_single_pipe_emul_last2b001_P4_K100_s300k,Provisional weighting study at fixed P=4,single_pipe_emul,1,40000,107.2660723931449,0.7169600107512437,,/eagle/lc-mpi/Zhiqing/polaris_ebm/runs_pipeline_then_weighting/E2/E2_single_pipe_emul_last2b001_P4_K100_s300k_20260405_003926/trajectory,/eagle/lc-mpi/Zhiqing/polaris_ebm/runs_pipeline_then_weighting/E2/E2_single_pipe_emul_last2b001_P4_K100_s300k_20260405_003926/trajectory/step040000/metrics_compare.json
E2,E2_single_pipe_emul_last2b001_P4_K100_s300k,Provisional weighting study at fixed P=4,single_pipe_emul,1,45000,115.82251938298191,2.9592878569344023,,/eagle/lc-mpi/Zhiqing/polaris_ebm/runs_pipeline_then_weighting/E2/E2_single_pipe_emul_last2b001_P4_K100_s300k_20260405_003926/trajectory,/eagle/lc-mpi/Zhiqing/polaris_ebm/runs_pipeline_then_weighting/E2/E2_single_pipe_emul_last2b001_P4_K100_s300k_20260405_003926/trajectory/step045000/metrics_compare.json
E2,E2_single_pipe_emul_last2b001_P4_K100_s300k,Provisional weighting study at fixed P=4,single_pipe_emul,1,50000,87.43505760287718,1.6802360546312158,,/eagle/lc-mpi/Zhiqing/polaris_ebm/runs_pipeline_then_weighting/E2/E2_single_pipe_emul_last2b001_P4_K100_s300k_20260405_003926/trajectory,/eagle/lc-mpi/Zhiqing/polaris_ebm/runs_pipeline_then_weighting/E2/E2_single_pipe_emul_last2b001_P4_K100_s300k_20260405_003926/trajectory/step050000/metrics_compare.json
E2,E2_single_pipe_emul_last2b001_P4_K100_s300k,Provisional weighting study at fixed P=4,single_pipe_emul,1,55000,102.668697668361,2.5894556323890043,,/eagle/lc-mpi/Zhiqing/polaris_ebm/runs_pipeline_then_weighting/E2/E2_single_pipe_emul_last2b001_P4_K100_s300k_20260405_003926/trajectory,/eagle/lc-mpi/Zhiqing/polaris_ebm/runs_pipeline_then_weighting/E2/E2_single_pipe_emul_last2b001_P4_K100_s300k_20260405_003926/trajectory/step055000/metrics_compare.json
E2,E2_single_pipe_emul_last2b001_P4_K100_s300k,Provisional weighting study at fixed P=4,single_pipe_emul,1,60000,120.35370376196727,0.6741151875068461,,/eagle/lc-mpi/Zhiqing/polaris_ebm/runs_pipeline_then_weighting/E2/E2_single_pipe_emul_last2b001_P4_K100_s300k_20260405_003926/trajectory,/eagle/lc-mpi/Zhiqing/polaris_ebm/runs_pipeline_then_weighting/E2/E2_single_pipe_emul_last2b001_P4_K100_s300k_20260405_003926/trajectory/step060000/metrics_compare.json
E2,E2_single_pipe_emul_last2b001_P4_K100_s300k,Provisional weighting study at fixed P=4,single_pipe_emul,1,65000,94.28143836700951,1.3000367022904094,,/eagle/lc-mpi/Zhiqing/polaris_ebm/runs_pipeline_then_weighting/E2/E2_single_pipe_emul_last2b001_P4_K100_s300k_20260405_003926/trajectory,/eagle/lc-mpi/Zhiqing/polaris_ebm/runs_pipeline_then_weighting/E2/E2_single_pipe_emul_last2b001_P4_K100_s300k_20260405_003926/trajectory/step065000/metrics_compare.json
E2,E2_single_pipe_emul_last2b001_P4_K100_s300k,Provisional weighting study at fixed P=4,single_pipe_emul,1,70000,89.54313252892109,0.6923684036054887,,/eagle/lc-mpi/Zhiqing/polaris_ebm/runs_pipeline_then_weighting/E2/E2_single_pipe_emul_last2b001_P4_K100_s300k_20260405_003926/trajectory,/eagle/lc-mpi/Zhiqing/polaris_ebm/runs_pipeline_then_weighting/E2/E2_single_pipe_emul_last2b001_P4_K100_s300k_20260405_003926/trajectory/step070000/metrics_compare.json
E2,E2_single_pipe_emul_last2b001_P4_K100_s300k,Provisional weighting study at fixed P=4,single_pipe_emul,1,75000,124.14564225103834,2.206507900343734,,/eagle/lc-mpi/Zhiqing/polaris_ebm/runs_pipeline_then_weighting/E2/E2_single_pipe_emul_last2b001_P4_K100_s300k_20260405_003926/trajectory,/eagle/lc-mpi/Zhiqing/polaris_ebm/runs_pipeline_then_weighting/E2/E2_single_pipe_emul_last2b001_P4_K100_s300k_20260405_003926/trajectory/step075000/metrics_compare.json
E2,E2_single_pipe_emul_last2b001_P4_K100_s300k,Provisional weighting study at fixed P=4,single_pipe_emul,1,80000,76.20132145731947,2.6684590636236933,,/eagle/lc-mpi/Zhiqing/polaris_ebm/runs_pipeline_then_weighting/E2/E2_single_pipe_emul_last2b001_P4_K100_s300k_20260405_003926/trajectory,/eagle/lc-mpi/Zhiqing/polaris_ebm/runs_pipeline_then_weighting/E2/E2_single_pipe_emul_last2b001_P4_K100_s300k_20260405_003926/trajectory/step080000/metrics_compare.json
E2,E2_single_pipe_emul_last2b001_P4_K100_s300k,Provisional weighting study at fixed P=4,single_pipe_emul,1,85000,64.42711919671353,0.6778346290295651,,/eagle/lc-mpi/Zhiqing/polaris_ebm/runs_pipeline_then_weighting/E2/E2_single_pipe_emul_last2b001_P4_K100_s300k_20260405_003926/trajectory,/eagle/lc-mpi/Zhiqing/polaris_ebm/runs_pipeline_then_weighting/E2/E2_single_pipe_emul_last2b001_P4_K100_s300k_20260405_003926/trajectory/step085000/metrics_compare.json
E2,E2_single_pipe_emul_last2b001_P4_K100_s300k,Provisional weighting study at fixed P=4,single_pipe_emul,1,90000,96.55025737258825,2.810278329821159,,/eagle/lc-mpi/Zhiqing/polaris_ebm/runs_pipeline_then_weighting/E2/E2_single_pipe_emul_last2b001_P4_K100_s300k_20260405_003926/trajectory,/eagle/lc-mpi/Zhiqing/polaris_ebm/runs_pipeline_then_weighting/E2/E2_single_pipe_emul_last2b001_P4_K100_s300k_20260405_003926/trajectory/step090000/metrics_compare.json
E2,E2_single_pipe_emul_last2b001_P4_K100_s300k,Provisional weighting study at fixed P=4,single_pipe_emul,1,95000,107.15317596122583,2.3804480809951656,,/eagle/lc-mpi/Zhiqing/polaris_ebm/runs_pipeline_then_weighting/E2/E2_single_pipe_emul_last2b001_P4_K100_s300k_20260405_003926/trajectory,/eagle/lc-mpi/Zhiqing/polaris_ebm/runs_pipeline_then_weighting/E2/E2_single_pipe_emul_last2b001_P4_K100_s300k_20260405_003926/trajectory/step095000/metrics_compare.json
E2,E2_single_pipe_emul_last2b001_P4_K100_s300k,Provisional weighting study at fixed P=4,single_pipe_emul,1,100000,100.1649493868677,1.8505877811101215,,/eagle/lc-mpi/Zhiqing/polaris_ebm/runs_pipeline_then_weighting/E2/E2_single_pipe_emul_last2b001_P4_K100_s300k_20260405_003926/trajectory,/eagle/lc-mpi/Zhiqing/polaris_ebm/runs_pipeline_then_weighting/E2/E2_single_pipe_emul_last2b001_P4_K100_s300k_20260405_003926/trajectory/step100000/metrics_compare.json
E2,E2_single_pipe_emul_last2b001_P4_K100_s300k,Provisional weighting study at fixed P=4,single_pipe_emul,1,105000,73.33810589263044,0.6612818511412826,,/eagle/lc-mpi/Zhiqing/polaris_ebm/runs_pipeline_then_weighting/E2/E2_single_pipe_emul_last2b001_P4_K100_s300k_20260405_003926/trajectory,/eagle/lc-mpi/Zhiqing/polaris_ebm/runs_pipeline_then_weighting/E2/E2_single_pipe_emul_last2b001_P4_K100_s300k_20260405_003926/trajectory/step105000/metrics_compare.json
E2,E2_single_pipe_emul_last2b001_P4_K100_s300k,Provisional weighting study at fixed P=4,single_pipe_emul,1,110000,78.76739543915517,1.802158846624387,,/eagle/lc-mpi/Zhiqing/polaris_ebm/runs_pipeline_then_weighting/E2/E2_single_pipe_emul_last2b001_P4_K100_s300k_20260405_003926/trajectory,/eagle/lc-mpi/Zhiqing/polaris_ebm/runs_pipeline_then_weighting/E2/E2_single_pipe_emul_last2b001_P4_K100_s300k_20260405_003926/trajectory/step110000/metrics_compare.json
E2,E2_single_pipe_emul_last2b001_P4_K100_s300k,Provisional weighting study at fixed P=4,single_pipe_emul,1,115000,65.99633228869948,1.3256738011775013,,/eagle/lc-mpi/Zhiqing/polaris_ebm/runs_pipeline_then_weighting/E2/E2_single_pipe_emul_last2b001_P4_K100_s300k_20260405_003926/trajectory,/eagle/lc-mpi/Zhiqing/polaris_ebm/runs_pipeline_then_weighting/E2/E2_single_pipe_emul_last2b001_P4_K100_s300k_20260405_003926/trajectory/step115000/metrics_compare.json
E2,E2_single_pipe_emul_last2b001_P4_K100_s300k,Provisional weighting study at fixed P=4,single_pipe_emul,1,120000,84.71681630959506,1.0700452396395264,,/eagle/lc-mpi/Zhiqing/polaris_ebm/runs_pipeline_then_weighting/E2/E2_single_pipe_emul_last2b001_P4_K100_s300k_20260405_003926/trajectory,/eagle/lc-mpi/Zhiqing/polaris_ebm/runs_pipeline_then_weighting/E2/E2_single_pipe_emul_last2b001_P4_K100_s300k_20260405_003926/trajectory/step120000/metrics_compare.json
E2,E2_single_pipe_emul_last2b001_P4_K100_s300k,Provisional weighting study at fixed P=4,single_pipe_emul,1,125000,77.48237449709984,3.014701264582577,,/eagle/lc-mpi/Zhiqing/polaris_ebm/runs_pipeline_then_weighting/E2/E2_single_pipe_emul_last2b001_P4_K100_s300k_20260405_003926/trajectory,/eagle/lc-mpi/Zhiqing/polaris_ebm/runs_pipeline_then_weighting/E2/E2_single_pipe_emul_last2b001_P4_K100_s300k_20260405_003926/trajectory/step125000/metrics_compare.json
E2,E2_single_pipe_emul_last2b001_P4_K100_s300k,Provisional weighting study at fixed P=4,single_pipe_emul,1,130000,77.0794623568479,2.819094845068939,,/eagle/lc-mpi/Zhiqing/polaris_ebm/runs_pipeline_then_weighting/E2/E2_single_pipe_emul_last2b001_P4_K100_s300k_20260405_003926/trajectory,/eagle/lc-mpi/Zhiqing/polaris_ebm/runs_pipeline_then_weighting/E2/E2_single_pipe_emul_last2b001_P4_K100_s300k_20260405_003926/trajectory/step130000/metrics_compare.json
E2,E2_single_pipe_emul_last2b001_P4_K100_s300k,Provisional weighting study at fixed P=4,single_pipe_emul,1,135000,97.28888489009097,1.1455140123719012,,/eagle/lc-mpi/Zhiqing/polaris_ebm/runs_pipeline_then_weighting/E2/E2_single_pipe_emul_last2b001_P4_K100_s300k_20260405_003926/trajectory,/eagle/lc-mpi/Zhiqing/polaris_ebm/runs_pipeline_then_weighting/E2/E2_single_pipe_emul_last2b001_P4_K100_s300k_20260405_003926/trajectory/step135000/metrics_compare.json
E2,E2_single_pipe_emul_last2b001_P4_K100_s300k,Provisional weighting study at fixed P=4,single_pipe_emul,1,140000,87.70053897235834,1.2710649527934592,,/eagle/lc-mpi/Zhiqing/polaris_ebm/runs_pipeline_then_weighting/E2/E2_single_pipe_emul_last2b001_P4_K100_s300k_20260405_003926/trajectory,/eagle/lc-mpi/Zhiqing/polaris_ebm/runs_pipeline_then_weighting/E2/E2_single_pipe_emul_last2b001_P4_K100_s300k_20260405_003926/trajectory/step140000/metrics_compare.json
E2,E2_single_pipe_emul_last2b001_P4_K100_s300k,Provisional weighting study at fixed P=4,single_pipe_emul,1,145000,86.71623340865386,0.8376739802558042,,/eagle/lc-mpi/Zhiqing/polaris_ebm/runs_pipeline_then_weighting/E2/E2_single_pipe_emul_last2b001_P4_K100_s300k_20260405_003926/trajectory,/eagle/lc-mpi/Zhiqing/polaris_ebm/runs_pipeline_then_weighting/E2/E2_single_pipe_emul_last2b001_P4_K100_s300k_20260405_003926/trajectory/step145000/metrics_compare.json
E2,E2_single_pipe_emul_last2b001_P4_K100_s300k,Provisional weighting study at fixed P=4,single_pipe_emul,1,150000,76.35728139739501,1.0410639747102373,,/eagle/lc-mpi/Zhiqing/polaris_ebm/runs_pipeline_then_weighting/E2/E2_single_pipe_emul_last2b001_P4_K100_s300k_20260405_003926/trajectory,/eagle/lc-mpi/Zhiqing/polaris_ebm/runs_pipeline_then_weighting/E2/E2_single_pipe_emul_last2b001_P4_K100_s300k_20260405_003926/trajectory/step150000/metrics_compare.json
E2,E2_single_pipe_emul_last2b001_P4_K100_s300k,Provisional weighting study at fixed P=4,single_pipe_emul,1,155000,67.35778188201772,2.056494631562444,,/eagle/lc-mpi/Zhiqing/polaris_ebm/runs_pipeline_then_weighting/E2/E2_single_pipe_emul_last2b001_P4_K100_s300k_20260405_003926/trajectory,/eagle/lc-mpi/Zhiqing/polaris_ebm/runs_pipeline_then_weighting/E2/E2_single_pipe_emul_last2b001_P4_K100_s300k_20260405_003926/trajectory/step155000/metrics_compare.json
E2,E2_single_pipe_emul_last2b001_P4_K100_s300k,Provisional weighting study at fixed P=4,single_pipe_emul,1,160000,104.1839733405119,2.0746060564207305,,/eagle/lc-mpi/Zhiqing/polaris_ebm/runs_pipeline_then_weighting/E2/E2_single_pipe_emul_last2b001_P4_K100_s300k_20260405_003926/trajectory,/eagle/lc-mpi/Zhiqing/polaris_ebm/runs_pipeline_then_weighting/E2/E2_single_pipe_emul_last2b001_P4_K100_s300k_20260405_003926/trajectory/step160000/metrics_compare.json
E2,E2_single_pipe_emul_last2b001_P4_K100_s300k,Provisional weighting study at fixed P=4,single_pipe_emul,1,165000,70.73686231711378,4.207543088816411,,/eagle/lc-mpi/Zhiqing/polaris_ebm/runs_pipeline_then_weighting/E2/E2_single_pipe_emul_last2b001_P4_K100_s300k_20260405_003926/trajectory,/eagle/lc-mpi/Zhiqing/polaris_ebm/runs_pipeline_then_weighting/E2/E2_single_pipe_emul_last2b001_P4_K100_s300k_20260405_003926/trajectory/step165000/metrics_compare.json
E2,E2_single_pipe_emul_last2b001_P4_K100_s300k,Provisional weighting study at fixed P=4,single_pipe_emul,1,170000,90.87145295299689,4.357889732457171,,/eagle/lc-mpi/Zhiqing/polaris_ebm/runs_pipeline_then_weighting/E2/E2_single_pipe_emul_last2b001_P4_K100_s300k_20260405_003926/trajectory,/eagle/lc-mpi/Zhiqing/polaris_ebm/runs_pipeline_then_weighting/E2/E2_single_pipe_emul_last2b001_P4_K100_s300k_20260405_003926/trajectory/step170000/metrics_compare.json
E2,E2_single_pipe_emul_last2b001_P4_K100_s300k,Provisional weighting study at fixed P=4,single_pipe_emul,1,175000,98.27991852783259,4.549203011696521,,/eagle/lc-mpi/Zhiqing/polaris_ebm/runs_pipeline_then_weighting/E2/E2_single_pipe_emul_last2b001_P4_K100_s300k_20260405_003926/trajectory,/eagle/lc-mpi/Zhiqing/polaris_ebm/runs_pipeline_then_weighting/E2/E2_single_pipe_emul_last2b001_P4_K100_s300k_20260405_003926/trajectory/step175000/metrics_compare.json
E2,E2_single_pipe_emul_last2b001_P4_K100_s300k,Provisional weighting study at fixed P=4,single_pipe_emul,1,180000,80.41132047416158,1.7173027945022596,,/eagle/lc-mpi/Zhiqing/polaris_ebm/runs_pipeline_then_weighting/E2/E2_single_pipe_emul_last2b001_P4_K100_s300k_20260405_003926/trajectory,/eagle/lc-mpi/Zhiqing/polaris_ebm/runs_pipeline_then_weighting/E2/E2_single_pipe_emul_last2b001_P4_K100_s300k_20260405_003926/trajectory/step180000/metrics_compare.json
E2,E2_single_pipe_emul_last2b001_P4_K100_s300k,Provisional weighting study at fixed P=4,single_pipe_emul,1,185000,65.03918601402506,0.5295258810106489,,/eagle/lc-mpi/Zhiqing/polaris_ebm/runs_pipeline_then_weighting/E2/E2_single_pipe_emul_last2b001_P4_K100_s300k_20260405_003926/trajectory,/eagle/lc-mpi/Zhiqing/polaris_ebm/runs_pipeline_then_weighting/E2/E2_single_pipe_emul_last2b001_P4_K100_s300k_20260405_003926/trajectory/step185000/metrics_compare.json
E2,E2_single_pipe_emul_last2b001_P4_K100_s300k,Provisional weighting study at fixed P=4,single_pipe_emul,1,190000,68.69671093534129,4.083093711768544,,/eagle/lc-mpi/Zhiqing/polaris_ebm/runs_pipeline_then_weighting/E2/E2_single_pipe_emul_last2b001_P4_K100_s300k_20260405_003926/trajectory,/eagle/lc-mpi/Zhiqing/polaris_ebm/runs_pipeline_then_weighting/E2/E2_single_pipe_emul_last2b001_P4_K100_s300k_20260405_003926/trajectory/step190000/metrics_compare.json
E2,E2_single_pipe_emul_last2b001_P4_K100_s300k,Provisional weighting study at fixed P=4,single_pipe_emul,1,195000,81.05899011587428,2.888831583716744,,/eagle/lc-mpi/Zhiqing/polaris_ebm/runs_pipeline_then_weighting/E2/E2_single_pipe_emul_last2b001_P4_K100_s300k_20260405_003926/trajectory,/eagle/lc-mpi/Zhiqing/polaris_ebm/runs_pipeline_then_weighting/E2/E2_single_pipe_emul_last2b001_P4_K100_s300k_20260405_003926/trajectory/step195000/metrics_compare.json
E2,E2_single_pipe_emul_last2b001_P4_K100_s300k,Provisional weighting study at fixed P=4,single_pipe_emul,1,200000,78.14975911034162,1.1310914830746945,,/eagle/lc-mpi/Zhiqing/polaris_ebm/runs_pipeline_then_weighting/E2/E2_single_pipe_emul_last2b001_P4_K100_s300k_20260405_003926/trajectory,/eagle/lc-mpi/Zhiqing/polaris_ebm/runs_pipeline_then_weighting/E2/E2_single_pipe_emul_last2b001_P4_K100_s300k_20260405_003926/trajectory/step200000/metrics_compare.json
E2,E2_single_pipe_emul_last2b001_P4_K100_s300k,Provisional weighting study at fixed P=4,single_pipe_emul,1,205000,85.66871676154796,1.1872687734711214,,/eagle/lc-mpi/Zhiqing/polaris_ebm/runs_pipeline_then_weighting/E2/E2_single_pipe_emul_last2b001_P4_K100_s300k_20260405_003926/trajectory,/eagle/lc-mpi/Zhiqing/polaris_ebm/runs_pipeline_then_weighting/E2/E2_single_pipe_emul_last2b001_P4_K100_s300k_20260405_003926/trajectory/step205000/metrics_compare.json
E2,E2_single_pipe_emul_last2b001_P4_K100_s300k,Provisional weighting study at fixed P=4,single_pipe_emul,1,210000,75.51373277869948,0.7269074981444277,,/eagle/lc-mpi/Zhiqing/polaris_ebm/runs_pipeline_then_weighting/E2/E2_single_pipe_emul_last2b001_P4_K100_s300k_20260405_003926/trajectory,/eagle/lc-mpi/Zhiqing/polaris_ebm/runs_pipeline_then_weighting/E2/E2_single_pipe_emul_last2b001_P4_K100_s300k_20260405_003926/trajectory/step210000/metrics_compare.json
E2,E2_single_pipe_emul_last2b001_P4_K100_s300k,Provisional weighting study at fixed P=4,single_pipe_emul,1,215000,70.07478028550224,1.6182193367162885,,/eagle/lc-mpi/Zhiqing/polaris_ebm/runs_pipeline_then_weighting/E2/E2_single_pipe_emul_last2b001_P4_K100_s300k_20260405_003926/trajectory,/eagle/lc-mpi/Zhiqing/polaris_ebm/runs_pipeline_then_weighting/E2/E2_single_pipe_emul_last2b001_P4_K100_s300k_20260405_003926/trajectory/step215000/metrics_compare.json
E2,E2_single_pipe_emul_last2b001_P4_K100_s300k,Provisional weighting study at fixed P=4,single_pipe_emul,1,220000,74.0811722505444,0.48606495048090537,,/eagle/lc-mpi/Zhiqing/polaris_ebm/runs_pipeline_then_weighting/E2/E2_single_pipe_emul_last2b001_P4_K100_s300k_20260405_003926/trajectory,/eagle/lc-mpi/Zhiqing/polaris_ebm/runs_pipeline_then_weighting/E2/E2_single_pipe_emul_last2b001_P4_K100_s300k_20260405_003926/trajectory/step220000/metrics_compare.json
E2,E2_single_pipe_emul_last2b001_P4_K100_s300k,Provisional weighting study at fixed P=4,single_pipe_emul,1,225000,75.06808538505311,0.8294934284533468,,/eagle/lc-mpi/Zhiqing/polaris_ebm/runs_pipeline_then_weighting/E2/E2_single_pipe_emul_last2b001_P4_K100_s300k_20260405_003926/trajectory,/eagle/lc-mpi/Zhiqing/polaris_ebm/runs_pipeline_then_weighting/E2/E2_single_pipe_emul_last2b001_P4_K100_s300k_20260405_003926/trajectory/step225000/metrics_compare.json
E2,E2_single_pipe_emul_last2b001_P4_K100_s300k,Provisional weighting study at fixed P=4,single_pipe_emul,1,230000,102.4574885877837,0.5708763996159725,,/eagle/lc-mpi/Zhiqing/polaris_ebm/runs_pipeline_then_weighting/E2/E2_single_pipe_emul_last2b001_P4_K100_s300k_20260405_003926/trajectory,/eagle/lc-mpi/Zhiqing/polaris_ebm/runs_pipeline_then_weighting/E2/E2_single_pipe_emul_last2b001_P4_K100_s300k_20260405_003926/trajectory/step230000/metrics_compare.json
E2,E2_single_pipe_emul_last2b001_P4_K100_s300k,Provisional weighting study at fixed P=4,single_pipe_emul,1,235000,66.17923878060287,0.7855637061185092,,/eagle/lc-mpi/Zhiqing/polaris_ebm/runs_pipeline_then_weighting/E2/E2_single_pipe_emul_last2b001_P4_K100_s300k_20260405_003926/trajectory,/eagle/lc-mpi/Zhiqing/polaris_ebm/runs_pipeline_then_weighting/E2/E2_single_pipe_emul_last2b001_P4_K100_s300k_20260405_003926/trajectory/step235000/metrics_compare.json
E2,E2_single_pipe_emul_last2b001_P4_K100_s300k,Provisional weighting study at fixed P=4,single_pipe_emul,1,240000,85.01927639475787,2.3283291942531577,,/eagle/lc-mpi/Zhiqing/polaris_ebm/runs_pipeline_then_weighting/E2/E2_single_pipe_emul_last2b001_P4_K100_s300k_20260405_003926/trajectory,/eagle/lc-mpi/Zhiqing/polaris_ebm/runs_pipeline_then_weighting/E2/E2_single_pipe_emul_last2b001_P4_K100_s300k_20260405_003926/trajectory/step240000/metrics_compare.json
E2,E2_single_pipe_emul_last2b001_P4_K100_s300k,Provisional weighting study at fixed P=4,single_pipe_emul,1,245000,96.56307594763007,2.207909439406878,,/eagle/lc-mpi/Zhiqing/polaris_ebm/runs_pipeline_then_weighting/E2/E2_single_pipe_emul_last2b001_P4_K100_s300k_20260405_003926/trajectory,/eagle/lc-mpi/Zhiqing/polaris_ebm/runs_pipeline_then_weighting/E2/E2_single_pipe_emul_last2b001_P4_K100_s300k_20260405_003926/trajectory/step245000/metrics_compare.json
E2,E2_single_pipe_emul_last2b001_P4_K100_s300k,Provisional weighting study at fixed P=4,single_pipe_emul,1,250000,73.9845109368988,0.6505472005423094,,/eagle/lc-mpi/Zhiqing/polaris_ebm/runs_pipeline_then_weighting/E2/E2_single_pipe_emul_last2b001_P4_K100_s300k_20260405_003926/trajectory,/eagle/lc-mpi/Zhiqing/polaris_ebm/runs_pipeline_then_weighting/E2/E2_single_pipe_emul_last2b001_P4_K100_s300k_20260405_003926/trajectory/step250000/metrics_compare.json
E2,E2_single_pipe_emul_last2b001_P4_K100_s300k,Provisional weighting study at fixed P=4,single_pipe_emul,1,255000,92.24591208294129,0.748988940622489,,/eagle/lc-mpi/Zhiqing/polaris_ebm/runs_pipeline_then_weighting/E2/E2_single_pipe_emul_last2b001_P4_K100_s300k_20260405_003926/trajectory,/eagle/lc-mpi/Zhiqing/polaris_ebm/runs_pipeline_then_weighting/E2/E2_single_pipe_emul_last2b001_P4_K100_s300k_20260405_003926/trajectory/step255000/metrics_compare.json
E2,E2_single_pipe_emul_last2b001_P4_K100_s300k,Provisional weighting study at fixed P=4,single_pipe_emul,1,260000,69.92328771457915,0.595560510217414,,/eagle/lc-mpi/Zhiqing/polaris_ebm/runs_pipeline_then_weighting/E2/E2_single_pipe_emul_last2b001_P4_K100_s300k_20260405_003926/trajectory,/eagle/lc-mpi/Zhiqing/polaris_ebm/runs_pipeline_then_weighting/E2/E2_single_pipe_emul_last2b001_P4_K100_s300k_20260405_003926/trajectory/step260000/metrics_compare.json
E2,E2_single_pipe_emul_last2b001_P4_K100_s300k,Provisional weighting study at fixed P=4,single_pipe_emul,1,265000,77.8232804692334,0.8388370129821503,,/eagle/lc-mpi/Zhiqing/polaris_ebm/runs_pipeline_then_weighting/E2/E2_single_pipe_emul_last2b001_P4_K100_s300k_20260405_003926/trajectory,/eagle/lc-mpi/Zhiqing/polaris_ebm/runs_pipeline_then_weighting/E2/E2_single_pipe_emul_last2b001_P4_K100_s300k_20260405_003926/trajectory/step265000/metrics_compare.json
E2,E2_single_pipe_emul_last2b001_P4_K100_s300k,Provisional weighting study at fixed P=4,single_pipe_emul,1,270000,69.7858084336508,0.727868168072817,,/eagle/lc-mpi/Zhiqing/polaris_ebm/runs_pipeline_then_weighting/E2/E2_single_pipe_emul_last2b001_P4_K100_s300k_20260405_003926/trajectory,/eagle/lc-mpi/Zhiqing/polaris_ebm/runs_pipeline_then_weighting/E2/E2_single_pipe_emul_last2b001_P4_K100_s300k_20260405_003926/trajectory/step270000/metrics_compare.json
E2,E2_single_pipe_emul_last2b001_P4_K100_s300k,Provisional weighting study at fixed P=4,single_pipe_emul,1,275000,75.26912694622865,3.471494951339494,,/eagle/lc-mpi/Zhiqing/polaris_ebm/runs_pipeline_then_weighting/E2/E2_single_pipe_emul_last2b001_P4_K100_s300k_20260405_003926/trajectory,/eagle/lc-mpi/Zhiqing/polaris_ebm/runs_pipeline_then_weighting/E2/E2_single_pipe_emul_last2b001_P4_K100_s300k_20260405_003926/trajectory/step275000/metrics_compare.json
E2,E2_single_pipe_emul_last2b001_P4_K100_s300k,Provisional weighting study at fixed P=4,single_pipe_emul,1,280000,103.20560540244412,4.682834947596458,,/eagle/lc-mpi/Zhiqing/polaris_ebm/runs_pipeline_then_weighting/E2/E2_single_pipe_emul_last2b001_P4_K100_s300k_20260405_003926/trajectory,/eagle/lc-mpi/Zhiqing/polaris_ebm/runs_pipeline_then_weighting/E2/E2_single_pipe_emul_last2b001_P4_K100_s300k_20260405_003926/trajectory/step280000/metrics_compare.json
E2,E2_single_pipe_emul_last2b001_P4_K100_s300k,Provisional weighting study at fixed P=4,single_pipe_emul,1,285000,62.777903908552275,1.2139883266713767,,/eagle/lc-mpi/Zhiqing/polaris_ebm/runs_pipeline_then_weighting/E2/E2_single_pipe_emul_last2b001_P4_K100_s300k_20260405_003926/trajectory,/eagle/lc-mpi/Zhiqing/polaris_ebm/runs_pipeline_then_weighting/E2/E2_single_pipe_emul_last2b001_P4_K100_s300k_20260405_003926/trajectory/step285000/metrics_compare.json
E2,E2_single_pipe_emul_last2b001_P4_K100_s300k,Provisional weighting study at fixed P=4,single_pipe_emul,1,290000,92.14177119315809,0.7314421059988767,,/eagle/lc-mpi/Zhiqing/polaris_ebm/runs_pipeline_then_weighting/E2/E2_single_pipe_emul_last2b001_P4_K100_s300k_20260405_003926/trajectory,/eagle/lc-mpi/Zhiqing/polaris_ebm/runs_pipeline_then_weighting/E2/E2_single_pipe_emul_last2b001_P4_K100_s300k_20260405_003926/trajectory/step290000/metrics_compare.json
E2,E2_single_pipe_emul_last2b001_P4_K100_s300k,Provisional weighting study at fixed P=4,single_pipe_emul,1,295000,85.30227645623245,0.6949732450889314,,/eagle/lc-mpi/Zhiqing/polaris_ebm/runs_pipeline_then_weighting/E2/E2_single_pipe_emul_last2b001_P4_K100_s300k_20260405_003926/trajectory,/eagle/lc-mpi/Zhiqing/polaris_ebm/runs_pipeline_then_weighting/E2/E2_single_pipe_emul_last2b001_P4_K100_s300k_20260405_003926/trajectory/step295000/metrics_compare.json
E2,E2_single_pipe_emul_last2b001_P4_K100_s300k,Provisional weighting study at fixed P=4,single_pipe_emul,1,300000,75.03255143267756,0.5420801517481593,,/eagle/lc-mpi/Zhiqing/polaris_ebm/runs_pipeline_then_weighting/E2/E2_single_pipe_emul_last2b001_P4_K100_s300k_20260405_003926/trajectory,/eagle/lc-mpi/Zhiqing/polaris_ebm/runs_pipeline_then_weighting/E2/E2_single_pipe_emul_last2b001_P4_K100_s300k_20260405_003926/trajectory/step300000/metrics_compare.json
E2,E2_single_pipe_emul_last2b002_P4_K100_s300k,Provisional weighting study at fixed P=4,single_pipe_emul,1,5000,289.87258983856475,5.861384487187763,,/eagle/lc-mpi/Zhiqing/polaris_ebm/runs_pipeline_then_weighting/E2/E2_single_pipe_emul_last2b002_P4_K100_s300k_20260405_003926/trajectory,/eagle/lc-mpi/Zhiqing/polaris_ebm/runs_pipeline_then_weighting/E2/E2_single_pipe_emul_last2b002_P4_K100_s300k_20260405_003926/trajectory/step005000/metrics_compare.json
E2,E2_single_pipe_emul_last2b002_P4_K100_s300k,Provisional weighting study at fixed P=4,single_pipe_emul,1,10000,141.9412866995482,2.9988680864931396,,/eagle/lc-mpi/Zhiqing/polaris_ebm/runs_pipeline_then_weighting/E2/E2_single_pipe_emul_last2b002_P4_K100_s300k_20260405_003926/trajectory,/eagle/lc-mpi/Zhiqing/polaris_ebm/runs_pipeline_then_weighting/E2/E2_single_pipe_emul_last2b002_P4_K100_s300k_20260405_003926/trajectory/step010000/metrics_compare.json
E2,E2_single_pipe_emul_last2b002_P4_K100_s300k,Provisional weighting study at fixed P=4,single_pipe_emul,1,15000,139.51326387170883,2.8374367117884027,,/eagle/lc-mpi/Zhiqing/polaris_ebm/runs_pipeline_then_weighting/E2/E2_single_pipe_emul_last2b002_P4_K100_s300k_20260405_003926/trajectory,/eagle/lc-mpi/Zhiqing/polaris_ebm/runs_pipeline_then_weighting/E2/E2_single_pipe_emul_last2b002_P4_K100_s300k_20260405_003926/trajectory/step015000/metrics_compare.json
E2,E2_single_pipe_emul_last2b002_P4_K100_s300k,Provisional weighting study at fixed P=4,single_pipe_emul,1,20000,123.68843639016433,1.5614436754122956,,/eagle/lc-mpi/Zhiqing/polaris_ebm/runs_pipeline_then_weighting/E2/E2_single_pipe_emul_last2b002_P4_K100_s300k_20260405_003926/trajectory,/eagle/lc-mpi/Zhiqing/polaris_ebm/runs_pipeline_then_weighting/E2/E2_single_pipe_emul_last2b002_P4_K100_s300k_20260405_003926/trajectory/step020000/metrics_compare.json
E2,E2_single_pipe_emul_last2b002_P4_K100_s300k,Provisional weighting study at fixed P=4,single_pipe_emul,1,25000,118.43909775569136,6.134832795731059,,/eagle/lc-mpi/Zhiqing/polaris_ebm/runs_pipeline_then_weighting/E2/E2_single_pipe_emul_last2b002_P4_K100_s300k_20260405_003926/trajectory,/eagle/lc-mpi/Zhiqing/polaris_ebm/runs_pipeline_then_weighting/E2/E2_single_pipe_emul_last2b002_P4_K100_s300k_20260405_003926/trajectory/step025000/metrics_compare.json
E2,E2_single_pipe_emul_last2b002_P4_K100_s300k,Provisional weighting study at fixed P=4,single_pipe_emul,1,30000,118.59042354410116,1.445113776679932,,/eagle/lc-mpi/Zhiqing/polaris_ebm/runs_pipeline_then_weighting/E2/E2_single_pipe_emul_last2b002_P4_K100_s300k_20260405_003926/trajectory,/eagle/lc-mpi/Zhiqing/polaris_ebm/runs_pipeline_then_weighting/E2/E2_single_pipe_emul_last2b002_P4_K100_s300k_20260405_003926/trajectory/step030000/metrics_compare.json
E2,E2_single_pipe_emul_last2b002_P4_K100_s300k,Provisional weighting study at fixed P=4,single_pipe_emul,1,35000,111.28757210632682,5.27424962896497,,/eagle/lc-mpi/Zhiqing/polaris_ebm/runs_pipeline_then_weighting/E2/E2_single_pipe_emul_last2b002_P4_K100_s300k_20260405_003926/trajectory,/eagle/lc-mpi/Zhiqing/polaris_ebm/runs_pipeline_then_weighting/E2/E2_single_pipe_emul_last2b002_P4_K100_s300k_20260405_003926/trajectory/step035000/metrics_compare.json
E2,E2_single_pipe_emul_last2b002_P4_K100_s300k,Provisional weighting study at fixed P=4,single_pipe_emul,1,40000,105.64991498774498,1.4441865592718308,,/eagle/lc-mpi/Zhiqing/polaris_ebm/runs_pipeline_then_weighting/E2/E2_single_pipe_emul_last2b002_P4_K100_s300k_20260405_003926/trajectory,/eagle/lc-mpi/Zhiqing/polaris_ebm/runs_pipeline_then_weighting/E2/E2_single_pipe_emul_last2b002_P4_K100_s300k_20260405_003926/trajectory/step040000/metrics_compare.json
E2,E2_single_pipe_emul_last2b002_P4_K100_s300k,Provisional weighting study at fixed P=4,single_pipe_emul,1,45000,106.56405689074859,3.2136327522151635,,/eagle/lc-mpi/Zhiqing/polaris_ebm/runs_pipeline_then_weighting/E2/E2_single_pipe_emul_last2b002_P4_K100_s300k_20260405_003926/trajectory,/eagle/lc-mpi/Zhiqing/polaris_ebm/runs_pipeline_then_weighting/E2/E2_single_pipe_emul_last2b002_P4_K100_s300k_20260405_003926/trajectory/step045000/metrics_compare.json
E2,E2_single_pipe_emul_last2b002_P4_K100_s300k,Provisional weighting study at fixed P=4,single_pipe_emul,1,50000,83.77101056149496,2.563478684588162,,/eagle/lc-mpi/Zhiqing/polaris_ebm/runs_pipeline_then_weighting/E2/E2_single_pipe_emul_last2b002_P4_K100_s300k_20260405_003926/trajectory,/eagle/lc-mpi/Zhiqing/polaris_ebm/runs_pipeline_then_weighting/E2/E2_single_pipe_emul_last2b002_P4_K100_s300k_20260405_003926/trajectory/step050000/metrics_compare.json
E2,E2_single_pipe_emul_last2b002_P4_K100_s300k,Provisional weighting study at fixed P=4,single_pipe_emul,1,55000,91.32876939447141,3.359517995891501,,/eagle/lc-mpi/Zhiqing/polaris_ebm/runs_pipeline_then_weighting/E2/E2_single_pipe_emul_last2b002_P4_K100_s300k_20260405_003926/trajectory,/eagle/lc-mpi/Zhiqing/polaris_ebm/runs_pipeline_then_weighting/E2/E2_single_pipe_emul_last2b002_P4_K100_s300k_20260405_003926/trajectory/step055000/metrics_compare.json
E2,E2_single_pipe_emul_last2b002_P4_K100_s300k,Provisional weighting study at fixed P=4,single_pipe_emul,1,60000,75.85804036782224,0.9881969883352681,,/eagle/lc-mpi/Zhiqing/polaris_ebm/runs_pipeline_then_weighting/E2/E2_single_pipe_emul_last2b002_P4_K100_s300k_20260405_003926/trajectory,/eagle/lc-mpi/Zhiqing/polaris_ebm/runs_pipeline_then_weighting/E2/E2_single_pipe_emul_last2b002_P4_K100_s300k_20260405_003926/trajectory/step060000/metrics_compare.json
E2,E2_single_pipe_emul_last2b002_P4_K100_s300k,Provisional weighting study at fixed P=4,single_pipe_emul,1,65000,107.58557560126127,0.6986290185443274,,/eagle/lc-mpi/Zhiqing/polaris_ebm/runs_pipeline_then_weighting/E2/E2_single_pipe_emul_last2b002_P4_K100_s300k_20260405_003926/trajectory,/eagle/lc-mpi/Zhiqing/polaris_ebm/runs_pipeline_then_weighting/E2/E2_single_pipe_emul_last2b002_P4_K100_s300k_20260405_003926/trajectory/step065000/metrics_compare.json
E2,E2_single_pipe_emul_last2b002_P4_K100_s300k,Provisional weighting study at fixed P=4,single_pipe_emul,1,70000,123.62078673841262,1.2686606152804174,,/eagle/lc-mpi/Zhiqing/polaris_ebm/runs_pipeline_then_weighting/E2/E2_single_pipe_emul_last2b002_P4_K100_s300k_20260405_003926/trajectory,/eagle/lc-mpi/Zhiqing/polaris_ebm/runs_pipeline_then_weighting/E2/E2_single_pipe_emul_last2b002_P4_K100_s300k_20260405_003926/trajectory/step070000/metrics_compare.json
E2,E2_single_pipe_emul_last2b002_P4_K100_s300k,Provisional weighting study at fixed P=4,single_pipe_emul,1,75000,84.57022435196154,1.5718488895212275,,/eagle/lc-mpi/Zhiqing/polaris_ebm/runs_pipeline_then_weighting/E2/E2_single_pipe_emul_last2b002_P4_K100_s300k_20260405_003926/trajectory,/eagle/lc-mpi/Zhiqing/polaris_ebm/runs_pipeline_then_weighting/E2/E2_single_pipe_emul_last2b002_P4_K100_s300k_20260405_003926/trajectory/step075000/metrics_compare.json
E2,E2_single_pipe_emul_last2b002_P4_K100_s300k,Provisional weighting study at fixed P=4,single_pipe_emul,1,80000,70.60632860782539,1.7580295798690067,,/eagle/lc-mpi/Zhiqing/polaris_ebm/runs_pipeline_then_weighting/E2/E2_single_pipe_emul_last2b002_P4_K100_s300k_20260405_003926/trajectory,/eagle/lc-mpi/Zhiqing/polaris_ebm/runs_pipeline_then_weighting/E2/E2_single_pipe_emul_last2b002_P4_K100_s300k_20260405_003926/trajectory/step080000/metrics_compare.json
E2,E2_single_pipe_emul_last2b002_P4_K100_s300k,Provisional weighting study at fixed P=4,single_pipe_emul,1,85000,103.41429280936183,2.3021802250278967,,/eagle/lc-mpi/Zhiqing/polaris_ebm/runs_pipeline_then_weighting/E2/E2_single_pipe_emul_last2b002_P4_K100_s300k_20260405_003926/trajectory,/eagle/lc-mpi/Zhiqing/polaris_ebm/runs_pipeline_then_weighting/E2/E2_single_pipe_emul_last2b002_P4_K100_s300k_20260405_003926/trajectory/step085000/metrics_compare.json
E2,E2_single_pipe_emul_last2b002_P4_K100_s300k,Provisional weighting study at fixed P=4,single_pipe_emul,1,90000,97.35865945298048,1.2903660874677811,,/eagle/lc-mpi/Zhiqing/polaris_ebm/runs_pipeline_then_weighting/E2/E2_single_pipe_emul_last2b002_P4_K100_s300k_20260405_003926/trajectory,/eagle/lc-mpi/Zhiqing/polaris_ebm/runs_pipeline_then_weighting/E2/E2_single_pipe_emul_last2b002_P4_K100_s300k_20260405_003926/trajectory/step090000/metrics_compare.json
E2,E2_single_pipe_emul_last2b002_P4_K100_s300k,Provisional weighting study at fixed P=4,single_pipe_emul,1,95000,91.62333617346877,0.989774740470196,,/eagle/lc-mpi/Zhiqing/polaris_ebm/runs_pipeline_then_weighting/E2/E2_single_pipe_emul_last2b002_P4_K100_s300k_20260405_003926/trajectory,/eagle/lc-mpi/Zhiqing/polaris_ebm/runs_pipeline_then_weighting/E2/E2_single_pipe_emul_last2b002_P4_K100_s300k_20260405_003926/trajectory/step095000/metrics_compare.json
E2,E2_single_pipe_emul_last2b002_P4_K100_s300k,Provisional weighting study at fixed P=4,single_pipe_emul,1,100000,87.84482942636316,1.32309222120589,,/eagle/lc-mpi/Zhiqing/polaris_ebm/runs_pipeline_then_weighting/E2/E2_single_pipe_emul_last2b002_P4_K100_s300k_20260405_003926/trajectory,/eagle/lc-mpi/Zhiqing/polaris_ebm/runs_pipeline_then_weighting/E2/E2_single_pipe_emul_last2b002_P4_K100_s300k_20260405_003926/trajectory/step100000/metrics_compare.json
E2,E2_single_pipe_emul_last2b002_P4_K100_s300k,Provisional weighting study at fixed P=4,single_pipe_emul,1,105000,86.21026978238865,0.7536339666509058,,/eagle/lc-mpi/Zhiqing/polaris_ebm/runs_pipeline_then_weighting/E2/E2_single_pipe_emul_last2b002_P4_K100_s300k_20260405_003926/trajectory,/eagle/lc-mpi/Zhiqing/polaris_ebm/runs_pipeline_then_weighting/E2/E2_single_pipe_emul_last2b002_P4_K100_s300k_20260405_003926/trajectory/step105000/metrics_compare.json
E2,E2_single_pipe_emul_last2b002_P4_K100_s300k,Provisional weighting study at fixed P=4,single_pipe_emul,1,110000,77.04134041843764,0.679933548570812,,/eagle/lc-mpi/Zhiqing/polaris_ebm/runs_pipeline_then_weighting/E2/E2_single_pipe_emul_last2b002_P4_K100_s300k_20260405_003926/trajectory,/eagle/lc-mpi/Zhiqing/polaris_ebm/runs_pipeline_then_weighting/E2/E2_single_pipe_emul_last2b002_P4_K100_s300k_20260405_003926/trajectory/step110000/metrics_compare.json
E2,E2_single_pipe_emul_last2b002_P4_K100_s300k,Provisional weighting study at fixed P=4,single_pipe_emul,1,115000,79.32720402097198,1.0380958246809264,,/eagle/lc-mpi/Zhiqing/polaris_ebm/runs_pipeline_then_weighting/E2/E2_single_pipe_emul_last2b002_P4_K100_s300k_20260405_003926/trajectory,/eagle/lc-mpi/Zhiqing/polaris_ebm/runs_pipeline_then_weighting/E2/E2_single_pipe_emul_last2b002_P4_K100_s300k_20260405_003926/trajectory/step115000/metrics_compare.json
E2,E2_single_pipe_emul_last2b002_P4_K100_s300k,Provisional weighting study at fixed P=4,single_pipe_emul,1,120000,106.69643370410074,1.043969052749727,,/eagle/lc-mpi/Zhiqing/polaris_ebm/runs_pipeline_then_weighting/E2/E2_single_pipe_emul_last2b002_P4_K100_s300k_20260405_003926/trajectory,/eagle/lc-mpi/Zhiqing/polaris_ebm/runs_pipeline_then_weighting/E2/E2_single_pipe_emul_last2b002_P4_K100_s300k_20260405_003926/trajectory/step120000/metrics_compare.json
E2,E2_single_pipe_emul_last2b002_P4_K100_s300k,Provisional weighting study at fixed P=4,single_pipe_emul,1,125000,72.23413630890826,0.800845318935103,,/eagle/lc-mpi/Zhiqing/polaris_ebm/runs_pipeline_then_weighting/E2/E2_single_pipe_emul_last2b002_P4_K100_s300k_20260405_003926/trajectory,/eagle/lc-mpi/Zhiqing/polaris_ebm/runs_pipeline_then_weighting/E2/E2_single_pipe_emul_last2b002_P4_K100_s300k_20260405_003926/trajectory/step125000/metrics_compare.json
E2,E2_single_pipe_emul_last2b002_P4_K100_s300k,Provisional weighting study at fixed P=4,single_pipe_emul,1,130000,82.57256744702806,2.5143702476009544,,/eagle/lc-mpi/Zhiqing/polaris_ebm/runs_pipeline_then_weighting/E2/E2_single_pipe_emul_last2b002_P4_K100_s300k_20260405_003926/trajectory,/eagle/lc-mpi/Zhiqing/polaris_ebm/runs_pipeline_then_weighting/E2/E2_single_pipe_emul_last2b002_P4_K100_s300k_20260405_003926/trajectory/step130000/metrics_compare.json
E2,E2_single_pipe_emul_last2b002_P4_K100_s300k,Provisional weighting study at fixed P=4,single_pipe_emul,1,135000,95.2241111580085,0.7349545355045422,,/eagle/lc-mpi/Zhiqing/polaris_ebm/runs_pipeline_then_weighting/E2/E2_single_pipe_emul_last2b002_P4_K100_s300k_20260405_003926/trajectory,/eagle/lc-mpi/Zhiqing/polaris_ebm/runs_pipeline_then_weighting/E2/E2_single_pipe_emul_last2b002_P4_K100_s300k_20260405_003926/trajectory/step135000/metrics_compare.json
E2,E2_single_pipe_emul_last2b002_P4_K100_s300k,Provisional weighting study at fixed P=4,single_pipe_emul,1,140000,85.50715839255503,0.6122134689296352,,/eagle/lc-mpi/Zhiqing/polaris_ebm/runs_pipeline_then_weighting/E2/E2_single_pipe_emul_last2b002_P4_K100_s300k_20260405_003926/trajectory,/eagle/lc-mpi/Zhiqing/polaris_ebm/runs_pipeline_then_weighting/E2/E2_single_pipe_emul_last2b002_P4_K100_s300k_20260405_003926/trajectory/step140000/metrics_compare.json
E2,E2_single_pipe_emul_last2b002_P4_K100_s300k,Provisional weighting study at fixed P=4,single_pipe_emul,1,145000,91.07911438635983,0.6564424039521448,,/eagle/lc-mpi/Zhiqing/polaris_ebm/runs_pipeline_then_weighting/E2/E2_single_pipe_emul_last2b002_P4_K100_s300k_20260405_003926/trajectory,/eagle/lc-mpi/Zhiqing/polaris_ebm/runs_pipeline_then_weighting/E2/E2_single_pipe_emul_last2b002_P4_K100_s300k_20260405_003926/trajectory/step145000/metrics_compare.json
E2,E2_single_pipe_emul_last2b002_P4_K100_s300k,Provisional weighting study at fixed P=4,single_pipe_emul,1,150000,72.84438602736134,1.240715747238628,,/eagle/lc-mpi/Zhiqing/polaris_ebm/runs_pipeline_then_weighting/E2/E2_single_pipe_emul_last2b002_P4_K100_s300k_20260405_003926/trajectory,/eagle/lc-mpi/Zhiqing/polaris_ebm/runs_pipeline_then_weighting/E2/E2_single_pipe_emul_last2b002_P4_K100_s300k_20260405_003926/trajectory/step150000/metrics_compare.json
E2,E2_single_pipe_emul_last2b002_P4_K100_s300k,Provisional weighting study at fixed P=4,single_pipe_emul,1,155000,73.99867697085665,0.812140217811578,,/eagle/lc-mpi/Zhiqing/polaris_ebm/runs_pipeline_then_weighting/E2/E2_single_pipe_emul_last2b002_P4_K100_s300k_20260405_003926/trajectory,/eagle/lc-mpi/Zhiqing/polaris_ebm/runs_pipeline_then_weighting/E2/E2_single_pipe_emul_last2b002_P4_K100_s300k_20260405_003926/trajectory/step155000/metrics_compare.json
E2,E2_single_pipe_emul_last2b002_P4_K100_s300k,Provisional weighting study at fixed P=4,single_pipe_emul,1,160000,79.5317401289717,1.0000131838860575,,/eagle/lc-mpi/Zhiqing/polaris_ebm/runs_pipeline_then_weighting/E2/E2_single_pipe_emul_last2b002_P4_K100_s300k_20260405_003926/trajectory,/eagle/lc-mpi/Zhiqing/polaris_ebm/runs_pipeline_then_weighting/E2/E2_single_pipe_emul_last2b002_P4_K100_s300k_20260405_003926/trajectory/step160000/metrics_compare.json
E2,E2_single_pipe_emul_last2b002_P4_K100_s300k,Provisional weighting study at fixed P=4,single_pipe_emul,1,165000,73.6877573791661,1.8503915157956712,,/eagle/lc-mpi/Zhiqing/polaris_ebm/runs_pipeline_then_weighting/E2/E2_single_pipe_emul_last2b002_P4_K100_s300k_20260405_003926/trajectory,/eagle/lc-mpi/Zhiqing/polaris_ebm/runs_pipeline_then_weighting/E2/E2_single_pipe_emul_last2b002_P4_K100_s300k_20260405_003926/trajectory/step165000/metrics_compare.json
E2,E2_single_pipe_emul_last2b002_P4_K100_s300k,Provisional weighting study at fixed P=4,single_pipe_emul,1,170000,77.34578641590701,1.7686484188342,,/eagle/lc-mpi/Zhiqing/polaris_ebm/runs_pipeline_then_weighting/E2/E2_single_pipe_emul_last2b002_P4_K100_s300k_20260405_003926/trajectory,/eagle/lc-mpi/Zhiqing/polaris_ebm/runs_pipeline_then_weighting/E2/E2_single_pipe_emul_last2b002_P4_K100_s300k_20260405_003926/trajectory/step170000/metrics_compare.json
E2,E2_single_pipe_emul_last2b002_P4_K100_s300k,Provisional weighting study at fixed P=4,single_pipe_emul,1,175000,99.27905916754452,1.815050921254599,,/eagle/lc-mpi/Zhiqing/polaris_ebm/runs_pipeline_then_weighting/E2/E2_single_pipe_emul_last2b002_P4_K100_s300k_20260405_003926/trajectory,/eagle/lc-mpi/Zhiqing/polaris_ebm/runs_pipeline_then_weighting/E2/E2_single_pipe_emul_last2b002_P4_K100_s300k_20260405_003926/trajectory/step175000/metrics_compare.json
E2,E2_single_pipe_emul_last2b002_P4_K100_s300k,Provisional weighting study at fixed P=4,single_pipe_emul,1,180000,102.89291775562879,2.656560270369374,,/eagle/lc-mpi/Zhiqing/polaris_ebm/runs_pipeline_then_weighting/E2/E2_single_pipe_emul_last2b002_P4_K100_s300k_20260405_003926/trajectory,/eagle/lc-mpi/Zhiqing/polaris_ebm/runs_pipeline_then_weighting/E2/E2_single_pipe_emul_last2b002_P4_K100_s300k_20260405_003926/trajectory/step180000/metrics_compare.json
E2,E2_single_pipe_emul_last2b002_P4_K100_s300k,Provisional weighting study at fixed P=4,single_pipe_emul,1,185000,94.64364497436947,3.11165212590225,,/eagle/lc-mpi/Zhiqing/polaris_ebm/runs_pipeline_then_weighting/E2/E2_single_pipe_emul_last2b002_P4_K100_s300k_20260405_003926/trajectory,/eagle/lc-mpi/Zhiqing/polaris_ebm/runs_pipeline_then_weighting/E2/E2_single_pipe_emul_last2b002_P4_K100_s300k_20260405_003926/trajectory/step185000/metrics_compare.json
E2,E2_single_pipe_emul_last2b002_P4_K100_s300k,Provisional weighting study at fixed P=4,single_pipe_emul,1,190000,80.58538909686195,3.942964195119524,,/eagle/lc-mpi/Zhiqing/polaris_ebm/runs_pipeline_then_weighting/E2/E2_single_pipe_emul_last2b002_P4_K100_s300k_20260405_003926/trajectory,/eagle/lc-mpi/Zhiqing/polaris_ebm/runs_pipeline_then_weighting/E2/E2_single_pipe_emul_last2b002_P4_K100_s300k_20260405_003926/trajectory/step190000/metrics_compare.json
E2,E2_single_pipe_emul_last2b002_P4_K100_s300k,Provisional weighting study at fixed P=4,single_pipe_emul,1,195000,75.33200247548297,0.8712569970276753,,/eagle/lc-mpi/Zhiqing/polaris_ebm/runs_pipeline_then_weighting/E2/E2_single_pipe_emul_last2b002_P4_K100_s300k_20260405_003926/trajectory,/eagle/lc-mpi/Zhiqing/polaris_ebm/runs_pipeline_then_weighting/E2/E2_single_pipe_emul_last2b002_P4_K100_s300k_20260405_003926/trajectory/step195000/metrics_compare.json
E2,E2_single_pipe_emul_last2b002_P4_K100_s300k,Provisional weighting study at fixed P=4,single_pipe_emul,1,200000,88.73620333774545,3.4624478427654974,,/eagle/lc-mpi/Zhiqing/polaris_ebm/runs_pipeline_then_weighting/E2/E2_single_pipe_emul_last2b002_P4_K100_s300k_20260405_003926/trajectory,/eagle/lc-mpi/Zhiqing/polaris_ebm/runs_pipeline_then_weighting/E2/E2_single_pipe_emul_last2b002_P4_K100_s300k_20260405_003926/trajectory/step200000/metrics_compare.json
E2,E2_single_pipe_emul_last2b002_P4_K100_s300k,Provisional weighting study at fixed P=4,single_pipe_emul,1,205000,105.58574666111758,0.4425709796000774,,/eagle/lc-mpi/Zhiqing/polaris_ebm/runs_pipeline_then_weighting/E2/E2_single_pipe_emul_last2b002_P4_K100_s300k_20260405_003926/trajectory,/eagle/lc-mpi/Zhiqing/polaris_ebm/runs_pipeline_then_weighting/E2/E2_single_pipe_emul_last2b002_P4_K100_s300k_20260405_003926/trajectory/step205000/metrics_compare.json
E2,E2_single_pipe_emul_last2b002_P4_K100_s300k,Provisional weighting study at fixed P=4,single_pipe_emul,1,210000,101.40397709752801,4.180075895039732,,/eagle/lc-mpi/Zhiqing/polaris_ebm/runs_pipeline_then_weighting/E2/E2_single_pipe_emul_last2b002_P4_K100_s300k_20260405_003926/trajectory,/eagle/lc-mpi/Zhiqing/polaris_ebm/runs_pipeline_then_weighting/E2/E2_single_pipe_emul_last2b002_P4_K100_s300k_20260405_003926/trajectory/step210000/metrics_compare.json
E2,E2_single_pipe_emul_last2b002_P4_K100_s300k,Provisional weighting study at fixed P=4,single_pipe_emul,1,215000,71.19943354880235,2.502904290425988,,/eagle/lc-mpi/Zhiqing/polaris_ebm/runs_pipeline_then_weighting/E2/E2_single_pipe_emul_last2b002_P4_K100_s300k_20260405_003926/trajectory,/eagle/lc-mpi/Zhiqing/polaris_ebm/runs_pipeline_then_weighting/E2/E2_single_pipe_emul_last2b002_P4_K100_s300k_20260405_003926/trajectory/step215000/metrics_compare.json
E2,E2_single_pipe_emul_last2b002_P4_K100_s300k,Provisional weighting study at fixed P=4,single_pipe_emul,1,220000,74.41844901814568,0.8125172495896251,,/eagle/lc-mpi/Zhiqing/polaris_ebm/runs_pipeline_then_weighting/E2/E2_single_pipe_emul_last2b002_P4_K100_s300k_20260405_003926/trajectory,/eagle/lc-mpi/Zhiqing/polaris_ebm/runs_pipeline_then_weighting/E2/E2_single_pipe_emul_last2b002_P4_K100_s300k_20260405_003926/trajectory/step220000/metrics_compare.json
E2,E2_single_pipe_emul_last2b002_P4_K100_s300k,Provisional weighting study at fixed P=4,single_pipe_emul,1,225000,82.11364167292027,1.0196399442604331,,/eagle/lc-mpi/Zhiqing/polaris_ebm/runs_pipeline_then_weighting/E2/E2_single_pipe_emul_last2b002_P4_K100_s300k_20260405_003926/trajectory,/eagle/lc-mpi/Zhiqing/polaris_ebm/runs_pipeline_then_weighting/E2/E2_single_pipe_emul_last2b002_P4_K100_s300k_20260405_003926/trajectory/step225000/metrics_compare.json
E2,E2_single_pipe_emul_last2b002_P4_K100_s300k,Provisional weighting study at fixed P=4,single_pipe_emul,1,230000,84.36448323614115,0.7972283629721417,,/eagle/lc-mpi/Zhiqing/polaris_ebm/runs_pipeline_then_weighting/E2/E2_single_pipe_emul_last2b002_P4_K100_s300k_20260405_003926/trajectory,/eagle/lc-mpi/Zhiqing/polaris_ebm/runs_pipeline_then_weighting/E2/E2_single_pipe_emul_last2b002_P4_K100_s300k_20260405_003926/trajectory/step230000/metrics_compare.json
E2,E2_single_pipe_emul_last2b002_P4_K100_s300k,Provisional weighting study at fixed P=4,single_pipe_emul,1,235000,70.20634128024778,1.637868871473394,,/eagle/lc-mpi/Zhiqing/polaris_ebm/runs_pipeline_then_weighting/E2/E2_single_pipe_emul_last2b002_P4_K100_s300k_20260405_003926/trajectory,/eagle/lc-mpi/Zhiqing/polaris_ebm/runs_pipeline_then_weighting/E2/E2_single_pipe_emul_last2b002_P4_K100_s300k_20260405_003926/trajectory/step235000/metrics_compare.json
E2,E2_single_pipe_emul_last2b002_P4_K100_s300k,Provisional weighting study at fixed P=4,single_pipe_emul,1,240000,96.69923422278646,2.6610396167814265,,/eagle/lc-mpi/Zhiqing/polaris_ebm/runs_pipeline_then_weighting/E2/E2_single_pipe_emul_last2b002_P4_K100_s300k_20260405_003926/trajectory,/eagle/lc-mpi/Zhiqing/polaris_ebm/runs_pipeline_then_weighting/E2/E2_single_pipe_emul_last2b002_P4_K100_s300k_20260405_003926/trajectory/step240000/metrics_compare.json
E2,E2_single_pipe_emul_last2b002_P4_K100_s300k,Provisional weighting study at fixed P=4,single_pipe_emul,1,245000,67.57065932605315,0.5446684319794493,,/eagle/lc-mpi/Zhiqing/polaris_ebm/runs_pipeline_then_weighting/E2/E2_single_pipe_emul_last2b002_P4_K100_s300k_20260405_003926/trajectory,/eagle/lc-mpi/Zhiqing/polaris_ebm/runs_pipeline_then_weighting/E2/E2_single_pipe_emul_last2b002_P4_K100_s300k_20260405_003926/trajectory/step245000/metrics_compare.json
E2,E2_single_pipe_emul_last2b002_P4_K100_s300k,Provisional weighting study at fixed P=4,single_pipe_emul,1,250000,65.9623914410189,0.7094333857859496,,/eagle/lc-mpi/Zhiqing/polaris_ebm/runs_pipeline_then_weighting/E2/E2_single_pipe_emul_last2b002_P4_K100_s300k_20260405_003926/trajectory,/eagle/lc-mpi/Zhiqing/polaris_ebm/runs_pipeline_then_weighting/E2/E2_single_pipe_emul_last2b002_P4_K100_s300k_20260405_003926/trajectory/step250000/metrics_compare.json
E2,E2_single_pipe_emul_last2b002_P4_K100_s300k,Provisional weighting study at fixed P=4,single_pipe_emul,1,255000,88.51514483830891,1.1330556152590674,,/eagle/lc-mpi/Zhiqing/polaris_ebm/runs_pipeline_then_weighting/E2/E2_single_pipe_emul_last2b002_P4_K100_s300k_20260405_003926/trajectory,/eagle/lc-mpi/Zhiqing/polaris_ebm/runs_pipeline_then_weighting/E2/E2_single_pipe_emul_last2b002_P4_K100_s300k_20260405_003926/trajectory/step255000/metrics_compare.json
E2,E2_single_pipe_emul_last2b002_P4_K100_s300k,Provisional weighting study at fixed P=4,single_pipe_emul,1,260000,86.2267319943719,1.26878370123449,,/eagle/lc-mpi/Zhiqing/polaris_ebm/runs_pipeline_then_weighting/E2/E2_single_pipe_emul_last2b002_P4_K100_s300k_20260405_003926/trajectory,/eagle/lc-mpi/Zhiqing/polaris_ebm/runs_pipeline_then_weighting/E2/E2_single_pipe_emul_last2b002_P4_K100_s300k_20260405_003926/trajectory/step260000/metrics_compare.json
E2,E2_single_pipe_emul_last2b002_P4_K100_s300k,Provisional weighting study at fixed P=4,single_pipe_emul,1,265000,78.68474883611054,1.1248628078704996,,/eagle/lc-mpi/Zhiqing/polaris_ebm/runs_pipeline_then_weighting/E2/E2_single_pipe_emul_last2b002_P4_K100_s300k_20260405_003926/trajectory,/eagle/lc-mpi/Zhiqing/polaris_ebm/runs_pipeline_then_weighting/E2/E2_single_pipe_emul_last2b002_P4_K100_s300k_20260405_003926/trajectory/step265000/metrics_compare.json
E2,E2_single_pipe_emul_last2b002_P4_K100_s300k,Provisional weighting study at fixed P=4,single_pipe_emul,1,270000,73.63709109377362,1.1099977518993676,,/eagle/lc-mpi/Zhiqing/polaris_ebm/runs_pipeline_then_weighting/E2/E2_single_pipe_emul_last2b002_P4_K100_s300k_20260405_003926/trajectory,/eagle/lc-mpi/Zhiqing/polaris_ebm/runs_pipeline_then_weighting/E2/E2_single_pipe_emul_last2b002_P4_K100_s300k_20260405_003926/trajectory/step270000/metrics_compare.json
E2,E2_single_pipe_emul_last2b002_P4_K100_s300k,Provisional weighting study at fixed P=4,single_pipe_emul,1,275000,72.34413505003295,1.1292917909971152,,/eagle/lc-mpi/Zhiqing/polaris_ebm/runs_pipeline_then_weighting/E2/E2_single_pipe_emul_last2b002_P4_K100_s300k_20260405_003926/trajectory,/eagle/lc-mpi/Zhiqing/polaris_ebm/runs_pipeline_then_weighting/E2/E2_single_pipe_emul_last2b002_P4_K100_s300k_20260405_003926/trajectory/step275000/metrics_compare.json
E2,E2_single_pipe_emul_last2b002_P4_K100_s300k,Provisional weighting study at fixed P=4,single_pipe_emul,1,280000,71.51547062961464,0.713101552609281,,/eagle/lc-mpi/Zhiqing/polaris_ebm/runs_pipeline_then_weighting/E2/E2_single_pipe_emul_last2b002_P4_K100_s300k_20260405_003926/trajectory,/eagle/lc-mpi/Zhiqing/polaris_ebm/runs_pipeline_then_weighting/E2/E2_single_pipe_emul_last2b002_P4_K100_s300k_20260405_003926/trajectory/step280000/metrics_compare.json
E2,E2_single_pipe_emul_last2b002_P4_K100_s300k,Provisional weighting study at fixed P=4,single_pipe_emul,1,285000,60.42291970602196,0.338324206447588,,/eagle/lc-mpi/Zhiqing/polaris_ebm/runs_pipeline_then_weighting/E2/E2_single_pipe_emul_last2b002_P4_K100_s300k_20260405_003926/trajectory,/eagle/lc-mpi/Zhiqing/polaris_ebm/runs_pipeline_then_weighting/E2/E2_single_pipe_emul_last2b002_P4_K100_s300k_20260405_003926/trajectory/step285000/metrics_compare.json
E2,E2_single_pipe_emul_last2b002_P4_K100_s300k,Provisional weighting study at fixed P=4,single_pipe_emul,1,290000,88.91610818604187,0.9133014201484677,,/eagle/lc-mpi/Zhiqing/polaris_ebm/runs_pipeline_then_weighting/E2/E2_single_pipe_emul_last2b002_P4_K100_s300k_20260405_003926/trajectory,/eagle/lc-mpi/Zhiqing/polaris_ebm/runs_pipeline_then_weighting/E2/E2_single_pipe_emul_last2b002_P4_K100_s300k_20260405_003926/trajectory/step290000/metrics_compare.json
E2,E2_single_pipe_emul_last2b002_P4_K100_s300k,Provisional weighting study at fixed P=4,single_pipe_emul,1,295000,74.7032808433828,0.7922119640912051,,/eagle/lc-mpi/Zhiqing/polaris_ebm/runs_pipeline_then_weighting/E2/E2_single_pipe_emul_last2b002_P4_K100_s300k_20260405_003926/trajectory,/eagle/lc-mpi/Zhiqing/polaris_ebm/runs_pipeline_then_weighting/E2/E2_single_pipe_emul_last2b002_P4_K100_s300k_20260405_003926/trajectory/step295000/metrics_compare.json
E2,E2_single_pipe_emul_last2b002_P4_K100_s300k,Provisional weighting study at fixed P=4,single_pipe_emul,1,300000,77.02298672020447,0.7358866275089895,,/eagle/lc-mpi/Zhiqing/polaris_ebm/runs_pipeline_then_weighting/E2/E2_single_pipe_emul_last2b002_P4_K100_s300k_20260405_003926/trajectory,/eagle/lc-mpi/Zhiqing/polaris_ebm/runs_pipeline_then_weighting/E2/E2_single_pipe_emul_last2b002_P4_K100_s300k_20260405_003926/trajectory/step300000/metrics_compare.json
E2,E2_single_pipe_emul_last2b003_P4_K100_s300k,Provisional weighting study at fixed P=4,single_pipe_emul,1,5000,169.60269589842378,7.45016818210825,,/eagle/lc-mpi/Zhiqing/polaris_ebm/runs_pipeline_then_weighting/E2/E2_single_pipe_emul_last2b003_P4_K100_s300k_20260405_003926/trajectory,/eagle/lc-mpi/Zhiqing/polaris_ebm/runs_pipeline_then_weighting/E2/E2_single_pipe_emul_last2b003_P4_K100_s300k_20260405_003926/trajectory/step005000/metrics_compare.json
E2,E2_single_pipe_emul_last2b003_P4_K100_s300k,Provisional weighting study at fixed P=4,single_pipe_emul,1,10000,135.2110298818301,1.931308406344927,,/eagle/lc-mpi/Zhiqing/polaris_ebm/runs_pipeline_then_weighting/E2/E2_single_pipe_emul_last2b003_P4_K100_s300k_20260405_003926/trajectory,/eagle/lc-mpi/Zhiqing/polaris_ebm/runs_pipeline_then_weighting/E2/E2_single_pipe_emul_last2b003_P4_K100_s300k_20260405_003926/trajectory/step010000/metrics_compare.json
E2,E2_single_pipe_emul_last2b003_P4_K100_s300k,Provisional weighting study at fixed P=4,single_pipe_emul,1,15000,114.69838868019826,5.811053100981685,,/eagle/lc-mpi/Zhiqing/polaris_ebm/runs_pipeline_then_weighting/E2/E2_single_pipe_emul_last2b003_P4_K100_s300k_20260405_003926/trajectory,/eagle/lc-mpi/Zhiqing/polaris_ebm/runs_pipeline_then_weighting/E2/E2_single_pipe_emul_last2b003_P4_K100_s300k_20260405_003926/trajectory/step015000/metrics_compare.json
E2,E2_single_pipe_emul_last2b003_P4_K100_s300k,Provisional weighting study at fixed P=4,single_pipe_emul,1,20000,118.84432428711222,2.8324779726980083,,/eagle/lc-mpi/Zhiqing/polaris_ebm/runs_pipeline_then_weighting/E2/E2_single_pipe_emul_last2b003_P4_K100_s300k_20260405_003926/trajectory,/eagle/lc-mpi/Zhiqing/polaris_ebm/runs_pipeline_then_weighting/E2/E2_single_pipe_emul_last2b003_P4_K100_s300k_20260405_003926/trajectory/step020000/metrics_compare.json
E2,E2_single_pipe_emul_last2b003_P4_K100_s300k,Provisional weighting study at fixed P=4,single_pipe_emul,1,25000,108.21508257036487,2.283717382930865,,/eagle/lc-mpi/Zhiqing/polaris_ebm/runs_pipeline_then_weighting/E2/E2_single_pipe_emul_last2b003_P4_K100_s300k_20260405_003926/trajectory,/eagle/lc-mpi/Zhiqing/polaris_ebm/runs_pipeline_then_weighting/E2/E2_single_pipe_emul_last2b003_P4_K100_s300k_20260405_003926/trajectory/step025000/metrics_compare.json
E2,E2_single_pipe_emul_last2b003_P4_K100_s300k,Provisional weighting study at fixed P=4,single_pipe_emul,1,30000,96.32036260128751,5.280396464386463,,/eagle/lc-mpi/Zhiqing/polaris_ebm/runs_pipeline_then_weighting/E2/E2_single_pipe_emul_last2b003_P4_K100_s300k_20260405_003926/trajectory,/eagle/lc-mpi/Zhiqing/polaris_ebm/runs_pipeline_then_weighting/E2/E2_single_pipe_emul_last2b003_P4_K100_s300k_20260405_003926/trajectory/step030000/metrics_compare.json
E2,E2_single_pipe_emul_last2b003_P4_K100_s300k,Provisional weighting study at fixed P=4,single_pipe_emul,1,35000,105.85497568637089,4.650709363734002,,/eagle/lc-mpi/Zhiqing/polaris_ebm/runs_pipeline_then_weighting/E2/E2_single_pipe_emul_last2b003_P4_K100_s300k_20260405_003926/trajectory,/eagle/lc-mpi/Zhiqing/polaris_ebm/runs_pipeline_then_weighting/E2/E2_single_pipe_emul_last2b003_P4_K100_s300k_20260405_003926/trajectory/step035000/metrics_compare.json
E2,E2_single_pipe_emul_last2b003_P4_K100_s300k,Provisional weighting study at fixed P=4,single_pipe_emul,1,40000,100.29940908191804,1.7439453635559516,,/eagle/lc-mpi/Zhiqing/polaris_ebm/runs_pipeline_then_weighting/E2/E2_single_pipe_emul_last2b003_P4_K100_s300k_20260405_003926/trajectory,/eagle/lc-mpi/Zhiqing/polaris_ebm/runs_pipeline_then_weighting/E2/E2_single_pipe_emul_last2b003_P4_K100_s300k_20260405_003926/trajectory/step040000/metrics_compare.json
E2,E2_single_pipe_emul_last2b003_P4_K100_s300k,Provisional weighting study at fixed P=4,single_pipe_emul,1,45000,93.82672257614291,2.483745921326065,,/eagle/lc-mpi/Zhiqing/polaris_ebm/runs_pipeline_then_weighting/E2/E2_single_pipe_emul_last2b003_P4_K100_s300k_20260405_003926/trajectory,/eagle/lc-mpi/Zhiqing/polaris_ebm/runs_pipeline_then_weighting/E2/E2_single_pipe_emul_last2b003_P4_K100_s300k_20260405_003926/trajectory/step045000/metrics_compare.json
E2,E2_single_pipe_emul_last2b003_P4_K100_s300k,Provisional weighting study at fixed P=4,single_pipe_emul,1,50000,90.32307711320789,0.9912427162263207,,/eagle/lc-mpi/Zhiqing/polaris_ebm/runs_pipeline_then_weighting/E2/E2_single_pipe_emul_last2b003_P4_K100_s300k_20260405_003926/trajectory,/eagle/lc-mpi/Zhiqing/polaris_ebm/runs_pipeline_then_weighting/E2/E2_single_pipe_emul_last2b003_P4_K100_s300k_20260405_003926/trajectory/step050000/metrics_compare.json
E2,E2_single_pipe_emul_last2b003_P4_K100_s300k,Provisional weighting study at fixed P=4,single_pipe_emul,1,55000,100.77033788199196,3.1788940997106145,,/eagle/lc-mpi/Zhiqing/polaris_ebm/runs_pipeline_then_weighting/E2/E2_single_pipe_emul_last2b003_P4_K100_s300k_20260405_003926/trajectory,/eagle/lc-mpi/Zhiqing/polaris_ebm/runs_pipeline_then_weighting/E2/E2_single_pipe_emul_last2b003_P4_K100_s300k_20260405_003926/trajectory/step055000/metrics_compare.json
E2,E2_single_pipe_emul_last2b003_P4_K100_s300k,Provisional weighting study at fixed P=4,single_pipe_emul,1,60000,84.33247274213807,1.5687657457949449,,/eagle/lc-mpi/Zhiqing/polaris_ebm/runs_pipeline_then_weighting/E2/E2_single_pipe_emul_last2b003_P4_K100_s300k_20260405_003926/trajectory,/eagle/lc-mpi/Zhiqing/polaris_ebm/runs_pipeline_then_weighting/E2/E2_single_pipe_emul_last2b003_P4_K100_s300k_20260405_003926/trajectory/step060000/metrics_compare.json
E2,E2_single_pipe_emul_last2b003_P4_K100_s300k,Provisional weighting study at fixed P=4,single_pipe_emul,1,65000,111.09149040432118,2.3468423810826806,,/eagle/lc-mpi/Zhiqing/polaris_ebm/runs_pipeline_then_weighting/E2/E2_single_pipe_emul_last2b003_P4_K100_s300k_20260405_003926/trajectory,/eagle/lc-mpi/Zhiqing/polaris_ebm/runs_pipeline_then_weighting/E2/E2_single_pipe_emul_last2b003_P4_K100_s300k_20260405_003926/trajectory/step065000/metrics_compare.json
E2,E2_single_pipe_emul_last2b003_P4_K100_s300k,Provisional weighting study at fixed P=4,single_pipe_emul,1,70000,77.12171054440199,1.7267221722184516,,/eagle/lc-mpi/Zhiqing/polaris_ebm/runs_pipeline_then_weighting/E2/E2_single_pipe_emul_last2b003_P4_K100_s300k_20260405_003926/trajectory,/eagle/lc-mpi/Zhiqing/polaris_ebm/runs_pipeline_then_weighting/E2/E2_single_pipe_emul_last2b003_P4_K100_s300k_20260405_003926/trajectory/step070000/metrics_compare.json
E2,E2_single_pipe_emul_last2b003_P4_K100_s300k,Provisional weighting study at fixed P=4,single_pipe_emul,1,75000,79.83066405827662,0.7854745362345277,,/eagle/lc-mpi/Zhiqing/polaris_ebm/runs_pipeline_then_weighting/E2/E2_single_pipe_emul_last2b003_P4_K100_s300k_20260405_003926/trajectory,/eagle/lc-mpi/Zhiqing/polaris_ebm/runs_pipeline_then_weighting/E2/E2_single_pipe_emul_last2b003_P4_K100_s300k_20260405_003926/trajectory/step075000/metrics_compare.json
E2,E2_single_pipe_emul_last2b003_P4_K100_s300k,Provisional weighting study at fixed P=4,single_pipe_emul,1,80000,88.89427198989597,0.8311325624929395,,/eagle/lc-mpi/Zhiqing/polaris_ebm/runs_pipeline_then_weighting/E2/E2_single_pipe_emul_last2b003_P4_K100_s300k_20260405_003926/trajectory,/eagle/lc-mpi/Zhiqing/polaris_ebm/runs_pipeline_then_weighting/E2/E2_single_pipe_emul_last2b003_P4_K100_s300k_20260405_003926/trajectory/step080000/metrics_compare.json
E2,E2_single_pipe_emul_last2b003_P4_K100_s300k,Provisional weighting study at fixed P=4,single_pipe_emul,1,85000,94.31108446698636,0.6513848885361462,,/eagle/lc-mpi/Zhiqing/polaris_ebm/runs_pipeline_then_weighting/E2/E2_single_pipe_emul_last2b003_P4_K100_s300k_20260405_003926/trajectory,/eagle/lc-mpi/Zhiqing/polaris_ebm/runs_pipeline_then_weighting/E2/E2_single_pipe_emul_last2b003_P4_K100_s300k_20260405_003926/trajectory/step085000/metrics_compare.json
E2,E2_single_pipe_emul_last2b003_P4_K100_s300k,Provisional weighting study at fixed P=4,single_pipe_emul,1,90000,72.747690561642,1.8180661474027957,,/eagle/lc-mpi/Zhiqing/polaris_ebm/runs_pipeline_then_weighting/E2/E2_single_pipe_emul_last2b003_P4_K100_s300k_20260405_003926/trajectory,/eagle/lc-mpi/Zhiqing/polaris_ebm/runs_pipeline_then_weighting/E2/E2_single_pipe_emul_last2b003_P4_K100_s300k_20260405_003926/trajectory/step090000/metrics_compare.json
E2,E2_single_pipe_emul_last2b003_P4_K100_s300k,Provisional weighting study at fixed P=4,single_pipe_emul,1,95000,91.24348949848019,0.6957773046055564,,/eagle/lc-mpi/Zhiqing/polaris_ebm/runs_pipeline_then_weighting/E2/E2_single_pipe_emul_last2b003_P4_K100_s300k_20260405_003926/trajectory,/eagle/lc-mpi/Zhiqing/polaris_ebm/runs_pipeline_then_weighting/E2/E2_single_pipe_emul_last2b003_P4_K100_s300k_20260405_003926/trajectory/step095000/metrics_compare.json
E2,E2_single_pipe_emul_last2b003_P4_K100_s300k,Provisional weighting study at fixed P=4,single_pipe_emul,1,100000,93.26791582959879,1.272608507014084,,/eagle/lc-mpi/Zhiqing/polaris_ebm/runs_pipeline_then_weighting/E2/E2_single_pipe_emul_last2b003_P4_K100_s300k_20260405_003926/trajectory,/eagle/lc-mpi/Zhiqing/polaris_ebm/runs_pipeline_then_weighting/E2/E2_single_pipe_emul_last2b003_P4_K100_s300k_20260405_003926/trajectory/step100000/metrics_compare.json
E2,E2_single_pipe_emul_last2b003_P4_K100_s300k,Provisional weighting study at fixed P=4,single_pipe_emul,1,105000,104.63508371482345,1.8449242029016233,,/eagle/lc-mpi/Zhiqing/polaris_ebm/runs_pipeline_then_weighting/E2/E2_single_pipe_emul_last2b003_P4_K100_s300k_20260405_003926/trajectory,/eagle/lc-mpi/Zhiqing/polaris_ebm/runs_pipeline_then_weighting/E2/E2_single_pipe_emul_last2b003_P4_K100_s300k_20260405_003926/trajectory/step105000/metrics_compare.json
E2,E2_single_pipe_emul_last2b003_P4_K100_s300k,Provisional weighting study at fixed P=4,single_pipe_emul,1,110000,68.36436129684643,1.0095323538865628,,/eagle/lc-mpi/Zhiqing/polaris_ebm/runs_pipeline_then_weighting/E2/E2_single_pipe_emul_last2b003_P4_K100_s300k_20260405_003926/trajectory,/eagle/lc-mpi/Zhiqing/polaris_ebm/runs_pipeline_then_weighting/E2/E2_single_pipe_emul_last2b003_P4_K100_s300k_20260405_003926/trajectory/step110000/metrics_compare.json
E2,E2_single_pipe_emul_last2b003_P4_K100_s300k,Provisional weighting study at fixed P=4,single_pipe_emul,1,115000,87.1112322203802,0.9346431718913966,,/eagle/lc-mpi/Zhiqing/polaris_ebm/runs_pipeline_then_weighting/E2/E2_single_pipe_emul_last2b003_P4_K100_s300k_20260405_003926/trajectory,/eagle/lc-mpi/Zhiqing/polaris_ebm/runs_pipeline_then_weighting/E2/E2_single_pipe_emul_last2b003_P4_K100_s300k_20260405_003926/trajectory/step115000/metrics_compare.json
E2,E2_single_pipe_emul_last2b003_P4_K100_s300k,Provisional weighting study at fixed P=4,single_pipe_emul,1,120000,63.40806611394788,0.7000409943433361,,/eagle/lc-mpi/Zhiqing/polaris_ebm/runs_pipeline_then_weighting/E2/E2_single_pipe_emul_last2b003_P4_K100_s300k_20260405_003926/trajectory,/eagle/lc-mpi/Zhiqing/polaris_ebm/runs_pipeline_then_weighting/E2/E2_single_pipe_emul_last2b003_P4_K100_s300k_20260405_003926/trajectory/step120000/metrics_compare.json
E2,E2_single_pipe_emul_last2b003_P4_K100_s300k,Provisional weighting study at fixed P=4,single_pipe_emul,1,125000,74.70281959642631,2.0108615096723064,,/eagle/lc-mpi/Zhiqing/polaris_ebm/runs_pipeline_then_weighting/E2/E2_single_pipe_emul_last2b003_P4_K100_s300k_20260405_003926/trajectory,/eagle/lc-mpi/Zhiqing/polaris_ebm/runs_pipeline_then_weighting/E2/E2_single_pipe_emul_last2b003_P4_K100_s300k_20260405_003926/trajectory/step125000/metrics_compare.json
E2,E2_single_pipe_emul_last2b003_P4_K100_s300k,Provisional weighting study at fixed P=4,single_pipe_emul,1,130000,113.55886610641215,1.286600156065564,,/eagle/lc-mpi/Zhiqing/polaris_ebm/runs_pipeline_then_weighting/E2/E2_single_pipe_emul_last2b003_P4_K100_s300k_20260405_003926/trajectory,/eagle/lc-mpi/Zhiqing/polaris_ebm/runs_pipeline_then_weighting/E2/E2_single_pipe_emul_last2b003_P4_K100_s300k_20260405_003926/trajectory/step130000/metrics_compare.json
E2,E2_single_pipe_emul_last2b003_P4_K100_s300k,Provisional weighting study at fixed P=4,single_pipe_emul,1,135000,79.57488056278322,2.7440487131219555,,/eagle/lc-mpi/Zhiqing/polaris_ebm/runs_pipeline_then_weighting/E2/E2_single_pipe_emul_last2b003_P4_K100_s300k_20260405_003926/trajectory,/eagle/lc-mpi/Zhiqing/polaris_ebm/runs_pipeline_then_weighting/E2/E2_single_pipe_emul_last2b003_P4_K100_s300k_20260405_003926/trajectory/step135000/metrics_compare.json
E2,E2_single_pipe_emul_last2b003_P4_K100_s300k,Provisional weighting study at fixed P=4,single_pipe_emul,1,140000,80.16733012654925,2.647415510817215,,/eagle/lc-mpi/Zhiqing/polaris_ebm/runs_pipeline_then_weighting/E2/E2_single_pipe_emul_last2b003_P4_K100_s300k_20260405_003926/trajectory,/eagle/lc-mpi/Zhiqing/polaris_ebm/runs_pipeline_then_weighting/E2/E2_single_pipe_emul_last2b003_P4_K100_s300k_20260405_003926/trajectory/step140000/metrics_compare.json
E2,E2_single_pipe_emul_last2b003_P4_K100_s300k,Provisional weighting study at fixed P=4,single_pipe_emul,1,145000,99.20425583432876,1.0517847571921202,,/eagle/lc-mpi/Zhiqing/polaris_ebm/runs_pipeline_then_weighting/E2/E2_single_pipe_emul_last2b003_P4_K100_s300k_20260405_003926/trajectory,/eagle/lc-mpi/Zhiqing/polaris_ebm/runs_pipeline_then_weighting/E2/E2_single_pipe_emul_last2b003_P4_K100_s300k_20260405_003926/trajectory/step145000/metrics_compare.json
E2,E2_single_pipe_emul_last2b003_P4_K100_s300k,Provisional weighting study at fixed P=4,single_pipe_emul,1,150000,73.44483351138012,1.7839187946286508,,/eagle/lc-mpi/Zhiqing/polaris_ebm/runs_pipeline_then_weighting/E2/E2_single_pipe_emul_last2b003_P4_K100_s300k_20260405_003926/trajectory,/eagle/lc-mpi/Zhiqing/polaris_ebm/runs_pipeline_then_weighting/E2/E2_single_pipe_emul_last2b003_P4_K100_s300k_20260405_003926/trajectory/step150000/metrics_compare.json
E2,E2_single_pipe_emul_last2b003_P4_K100_s300k,Provisional weighting study at fixed P=4,single_pipe_emul,1,155000,103.38819037008233,1.2011169074529082,,/eagle/lc-mpi/Zhiqing/polaris_ebm/runs_pipeline_then_weighting/E2/E2_single_pipe_emul_last2b003_P4_K100_s300k_20260405_003926/trajectory,/eagle/lc-mpi/Zhiqing/polaris_ebm/runs_pipeline_then_weighting/E2/E2_single_pipe_emul_last2b003_P4_K100_s300k_20260405_003926/trajectory/step155000/metrics_compare.json
E2,E2_single_pipe_emul_last2b003_P4_K100_s300k,Provisional weighting study at fixed P=4,single_pipe_emul,1,160000,87.22607911001836,1.9273805069693033,,/eagle/lc-mpi/Zhiqing/polaris_ebm/runs_pipeline_then_weighting/E2/E2_single_pipe_emul_last2b003_P4_K100_s300k_20260405_003926/trajectory,/eagle/lc-mpi/Zhiqing/polaris_ebm/runs_pipeline_then_weighting/E2/E2_single_pipe_emul_last2b003_P4_K100_s300k_20260405_003926/trajectory/step160000/metrics_compare.json
E2,E2_single_pipe_emul_last2b003_P4_K100_s300k,Provisional weighting study at fixed P=4,single_pipe_emul,1,165000,98.72241049841233,2.0563781775656604,,/eagle/lc-mpi/Zhiqing/polaris_ebm/runs_pipeline_then_weighting/E2/E2_single_pipe_emul_last2b003_P4_K100_s300k_20260405_003926/trajectory,/eagle/lc-mpi/Zhiqing/polaris_ebm/runs_pipeline_then_weighting/E2/E2_single_pipe_emul_last2b003_P4_K100_s300k_20260405_003926/trajectory/step165000/metrics_compare.json
E2,E2_single_pipe_emul_last2b003_P4_K100_s300k,Provisional weighting study at fixed P=4,single_pipe_emul,1,170000,64.59532821694569,0.511262353495507,,/eagle/lc-mpi/Zhiqing/polaris_ebm/runs_pipeline_then_weighting/E2/E2_single_pipe_emul_last2b003_P4_K100_s300k_20260405_003926/trajectory,/eagle/lc-mpi/Zhiqing/polaris_ebm/runs_pipeline_then_weighting/E2/E2_single_pipe_emul_last2b003_P4_K100_s300k_20260405_003926/trajectory/step170000/metrics_compare.json
E2,E2_single_pipe_emul_last2b003_P4_K100_s300k,Provisional weighting study at fixed P=4,single_pipe_emul,1,175000,92.61012940466799,2.5375329017559807,,/eagle/lc-mpi/Zhiqing/polaris_ebm/runs_pipeline_then_weighting/E2/E2_single_pipe_emul_last2b003_P4_K100_s300k_20260405_003926/trajectory,/eagle/lc-mpi/Zhiqing/polaris_ebm/runs_pipeline_then_weighting/E2/E2_single_pipe_emul_last2b003_P4_K100_s300k_20260405_003926/trajectory/step175000/metrics_compare.json
E2,E2_single_pipe_emul_last2b003_P4_K100_s300k,Provisional weighting study at fixed P=4,single_pipe_emul,1,180000,88.03739609500622,1.3205542908599455,,/eagle/lc-mpi/Zhiqing/polaris_ebm/runs_pipeline_then_weighting/E2/E2_single_pipe_emul_last2b003_P4_K100_s300k_20260405_003926/trajectory,/eagle/lc-mpi/Zhiqing/polaris_ebm/runs_pipeline_then_weighting/E2/E2_single_pipe_emul_last2b003_P4_K100_s300k_20260405_003926/trajectory/step180000/metrics_compare.json
E2,E2_single_pipe_emul_last2b003_P4_K100_s300k,Provisional weighting study at fixed P=4,single_pipe_emul,1,185000,67.67717823736695,0.9661402731181887,,/eagle/lc-mpi/Zhiqing/polaris_ebm/runs_pipeline_then_weighting/E2/E2_single_pipe_emul_last2b003_P4_K100_s300k_20260405_003926/trajectory,/eagle/lc-mpi/Zhiqing/polaris_ebm/runs_pipeline_then_weighting/E2/E2_single_pipe_emul_last2b003_P4_K100_s300k_20260405_003926/trajectory/step185000/metrics_compare.json
E2,E2_single_pipe_emul_last2b003_P4_K100_s300k,Provisional weighting study at fixed P=4,single_pipe_emul,1,190000,73.67922352229283,1.630034452348287,,/eagle/lc-mpi/Zhiqing/polaris_ebm/runs_pipeline_then_weighting/E2/E2_single_pipe_emul_last2b003_P4_K100_s300k_20260405_003926/trajectory,/eagle/lc-mpi/Zhiqing/polaris_ebm/runs_pipeline_then_weighting/E2/E2_single_pipe_emul_last2b003_P4_K100_s300k_20260405_003926/trajectory/step190000/metrics_compare.json
E2,E2_single_pipe_emul_last2b003_P4_K100_s300k,Provisional weighting study at fixed P=4,single_pipe_emul,1,195000,68.13108151500057,0.7394244971142427,,/eagle/lc-mpi/Zhiqing/polaris_ebm/runs_pipeline_then_weighting/E2/E2_single_pipe_emul_last2b003_P4_K100_s300k_20260405_003926/trajectory,/eagle/lc-mpi/Zhiqing/polaris_ebm/runs_pipeline_then_weighting/E2/E2_single_pipe_emul_last2b003_P4_K100_s300k_20260405_003926/trajectory/step195000/metrics_compare.json
E2,E2_single_pipe_emul_last2b003_P4_K100_s300k,Provisional weighting study at fixed P=4,single_pipe_emul,1,200000,98.69119717234736,2.133292780718456,,/eagle/lc-mpi/Zhiqing/polaris_ebm/runs_pipeline_then_weighting/E2/E2_single_pipe_emul_last2b003_P4_K100_s300k_20260405_003926/trajectory,/eagle/lc-mpi/Zhiqing/polaris_ebm/runs_pipeline_then_weighting/E2/E2_single_pipe_emul_last2b003_P4_K100_s300k_20260405_003926/trajectory/step200000/metrics_compare.json
E2,E2_single_pipe_emul_last2b003_P4_K100_s300k,Provisional weighting study at fixed P=4,single_pipe_emul,1,205000,85.0846405998247,1.7415611067515258,,/eagle/lc-mpi/Zhiqing/polaris_ebm/runs_pipeline_then_weighting/E2/E2_single_pipe_emul_last2b003_P4_K100_s300k_20260405_003926/trajectory,/eagle/lc-mpi/Zhiqing/polaris_ebm/runs_pipeline_then_weighting/E2/E2_single_pipe_emul_last2b003_P4_K100_s300k_20260405_003926/trajectory/step205000/metrics_compare.json
E2,E2_single_pipe_emul_last2b003_P4_K100_s300k,Provisional weighting study at fixed P=4,single_pipe_emul,1,210000,75.9294717133593,0.5194221887982451,,/eagle/lc-mpi/Zhiqing/polaris_ebm/runs_pipeline_then_weighting/E2/E2_single_pipe_emul_last2b003_P4_K100_s300k_20260405_003926/trajectory,/eagle/lc-mpi/Zhiqing/polaris_ebm/runs_pipeline_then_weighting/E2/E2_single_pipe_emul_last2b003_P4_K100_s300k_20260405_003926/trajectory/step210000/metrics_compare.json
E2,E2_single_pipe_emul_last2b003_P4_K100_s300k,Provisional weighting study at fixed P=4,single_pipe_emul,1,215000,79.01400181311169,3.492525052736447,,/eagle/lc-mpi/Zhiqing/polaris_ebm/runs_pipeline_then_weighting/E2/E2_single_pipe_emul_last2b003_P4_K100_s300k_20260405_003926/trajectory,/eagle/lc-mpi/Zhiqing/polaris_ebm/runs_pipeline_then_weighting/E2/E2_single_pipe_emul_last2b003_P4_K100_s300k_20260405_003926/trajectory/step215000/metrics_compare.json
E2,E2_single_pipe_emul_last2b003_P4_K100_s300k,Provisional weighting study at fixed P=4,single_pipe_emul,1,220000,76.90087451636043,2.295355727162061,,/eagle/lc-mpi/Zhiqing/polaris_ebm/runs_pipeline_then_weighting/E2/E2_single_pipe_emul_last2b003_P4_K100_s300k_20260405_003926/trajectory,/eagle/lc-mpi/Zhiqing/polaris_ebm/runs_pipeline_then_weighting/E2/E2_single_pipe_emul_last2b003_P4_K100_s300k_20260405_003926/trajectory/step220000/metrics_compare.json
E2,E2_single_pipe_emul_last2b003_P4_K100_s300k,Provisional weighting study at fixed P=4,single_pipe_emul,1,225000,77.1398971393632,1.5745497682133234,,/eagle/lc-mpi/Zhiqing/polaris_ebm/runs_pipeline_then_weighting/E2/E2_single_pipe_emul_last2b003_P4_K100_s300k_20260405_003926/trajectory,/eagle/lc-mpi/Zhiqing/polaris_ebm/runs_pipeline_then_weighting/E2/E2_single_pipe_emul_last2b003_P4_K100_s300k_20260405_003926/trajectory/step225000/metrics_compare.json
E2,E2_single_pipe_emul_last2b003_P4_K100_s300k,Provisional weighting study at fixed P=4,single_pipe_emul,1,230000,74.28126451059717,1.2264181148481903,,/eagle/lc-mpi/Zhiqing/polaris_ebm/runs_pipeline_then_weighting/E2/E2_single_pipe_emul_last2b003_P4_K100_s300k_20260405_003926/trajectory,/eagle/lc-mpi/Zhiqing/polaris_ebm/runs_pipeline_then_weighting/E2/E2_single_pipe_emul_last2b003_P4_K100_s300k_20260405_003926/trajectory/step230000/metrics_compare.json
E2,E2_single_pipe_emul_last2b003_P4_K100_s300k,Provisional weighting study at fixed P=4,single_pipe_emul,1,235000,78.34531126927624,0.8969647039424622,,/eagle/lc-mpi/Zhiqing/polaris_ebm/runs_pipeline_then_weighting/E2/E2_single_pipe_emul_last2b003_P4_K100_s300k_20260405_003926/trajectory,/eagle/lc-mpi/Zhiqing/polaris_ebm/runs_pipeline_then_weighting/E2/E2_single_pipe_emul_last2b003_P4_K100_s300k_20260405_003926/trajectory/step235000/metrics_compare.json
E2,E2_single_pipe_emul_last2b003_P4_K100_s300k,Provisional weighting study at fixed P=4,single_pipe_emul,1,240000,95.51892543513839,1.2226458171570442,,/eagle/lc-mpi/Zhiqing/polaris_ebm/runs_pipeline_then_weighting/E2/E2_single_pipe_emul_last2b003_P4_K100_s300k_20260405_003926/trajectory,/eagle/lc-mpi/Zhiqing/polaris_ebm/runs_pipeline_then_weighting/E2/E2_single_pipe_emul_last2b003_P4_K100_s300k_20260405_003926/trajectory/step240000/metrics_compare.json
E2,E2_single_pipe_emul_last2b003_P4_K100_s300k,Provisional weighting study at fixed P=4,single_pipe_emul,1,245000,68.96719827160103,0.44006385824571836,,/eagle/lc-mpi/Zhiqing/polaris_ebm/runs_pipeline_then_weighting/E2/E2_single_pipe_emul_last2b003_P4_K100_s300k_20260405_003926/trajectory,/eagle/lc-mpi/Zhiqing/polaris_ebm/runs_pipeline_then_weighting/E2/E2_single_pipe_emul_last2b003_P4_K100_s300k_20260405_003926/trajectory/step245000/metrics_compare.json
E2,E2_single_pipe_emul_last2b003_P4_K100_s300k,Provisional weighting study at fixed P=4,single_pipe_emul,1,250000,96.17882467440552,4.3558286262700445,,/eagle/lc-mpi/Zhiqing/polaris_ebm/runs_pipeline_then_weighting/E2/E2_single_pipe_emul_last2b003_P4_K100_s300k_20260405_003926/trajectory,/eagle/lc-mpi/Zhiqing/polaris_ebm/runs_pipeline_then_weighting/E2/E2_single_pipe_emul_last2b003_P4_K100_s300k_20260405_003926/trajectory/step250000/metrics_compare.json
E2,E2_single_pipe_emul_last2b003_P4_K100_s300k,Provisional weighting study at fixed P=4,single_pipe_emul,1,255000,78.80600787991904,0.7097577066268919,,/eagle/lc-mpi/Zhiqing/polaris_ebm/runs_pipeline_then_weighting/E2/E2_single_pipe_emul_last2b003_P4_K100_s300k_20260405_003926/trajectory,/eagle/lc-mpi/Zhiqing/polaris_ebm/runs_pipeline_then_weighting/E2/E2_single_pipe_emul_last2b003_P4_K100_s300k_20260405_003926/trajectory/step255000/metrics_compare.json
E2,E2_single_pipe_emul_last2b003_P4_K100_s300k,Provisional weighting study at fixed P=4,single_pipe_emul,1,260000,74.00122262015066,1.7632415063043538,,/eagle/lc-mpi/Zhiqing/polaris_ebm/runs_pipeline_then_weighting/E2/E2_single_pipe_emul_last2b003_P4_K100_s300k_20260405_003926/trajectory,/eagle/lc-mpi/Zhiqing/polaris_ebm/runs_pipeline_then_weighting/E2/E2_single_pipe_emul_last2b003_P4_K100_s300k_20260405_003926/trajectory/step260000/metrics_compare.json
E2,E2_single_pipe_emul_last2b003_P4_K100_s300k,Provisional weighting study at fixed P=4,single_pipe_emul,1,265000,93.51317025769555,0.46400888139372043,,/eagle/lc-mpi/Zhiqing/polaris_ebm/runs_pipeline_then_weighting/E2/E2_single_pipe_emul_last2b003_P4_K100_s300k_20260405_003926/trajectory,/eagle/lc-mpi/Zhiqing/polaris_ebm/runs_pipeline_then_weighting/E2/E2_single_pipe_emul_last2b003_P4_K100_s300k_20260405_003926/trajectory/step265000/metrics_compare.json
E2,E2_single_pipe_emul_last2b003_P4_K100_s300k,Provisional weighting study at fixed P=4,single_pipe_emul,1,270000,60.562366826555944,0.6356953929409599,,/eagle/lc-mpi/Zhiqing/polaris_ebm/runs_pipeline_then_weighting/E2/E2_single_pipe_emul_last2b003_P4_K100_s300k_20260405_003926/trajectory,/eagle/lc-mpi/Zhiqing/polaris_ebm/runs_pipeline_then_weighting/E2/E2_single_pipe_emul_last2b003_P4_K100_s300k_20260405_003926/trajectory/step270000/metrics_compare.json
E2,E2_single_pipe_emul_last2b003_P4_K100_s300k,Provisional weighting study at fixed P=4,single_pipe_emul,1,275000,68.29044110596425,1.6818034536741209,,/eagle/lc-mpi/Zhiqing/polaris_ebm/runs_pipeline_then_weighting/E2/E2_single_pipe_emul_last2b003_P4_K100_s300k_20260405_003926/trajectory,/eagle/lc-mpi/Zhiqing/polaris_ebm/runs_pipeline_then_weighting/E2/E2_single_pipe_emul_last2b003_P4_K100_s300k_20260405_003926/trajectory/step275000/metrics_compare.json
E2,E2_single_pipe_emul_last2b003_P4_K100_s300k,Provisional weighting study at fixed P=4,single_pipe_emul,1,280000,66.42493351366005,0.7559965569803389,,/eagle/lc-mpi/Zhiqing/polaris_ebm/runs_pipeline_then_weighting/E2/E2_single_pipe_emul_last2b003_P4_K100_s300k_20260405_003926/trajectory,/eagle/lc-mpi/Zhiqing/polaris_ebm/runs_pipeline_then_weighting/E2/E2_single_pipe_emul_last2b003_P4_K100_s300k_20260405_003926/trajectory/step280000/metrics_compare.json
E2,E2_single_pipe_emul_last2b003_P4_K100_s300k,Provisional weighting study at fixed P=4,single_pipe_emul,1,285000,73.75627967774813,0.8240695478219919,,/eagle/lc-mpi/Zhiqing/polaris_ebm/runs_pipeline_then_weighting/E2/E2_single_pipe_emul_last2b003_P4_K100_s300k_20260405_003926/trajectory,/eagle/lc-mpi/Zhiqing/polaris_ebm/runs_pipeline_then_weighting/E2/E2_single_pipe_emul_last2b003_P4_K100_s300k_20260405_003926/trajectory/step285000/metrics_compare.json
E2,E2_single_pipe_emul_last2b003_P4_K100_s300k,Provisional weighting study at fixed P=4,single_pipe_emul,1,290000,68.50231896890944,0.689526212820212,,/eagle/lc-mpi/Zhiqing/polaris_ebm/runs_pipeline_then_weighting/E2/E2_single_pipe_emul_last2b003_P4_K100_s300k_20260405_003926/trajectory,/eagle/lc-mpi/Zhiqing/polaris_ebm/runs_pipeline_then_weighting/E2/E2_single_pipe_emul_last2b003_P4_K100_s300k_20260405_003926/trajectory/step290000/metrics_compare.json
E2,E2_single_pipe_emul_last2b003_P4_K100_s300k,Provisional weighting study at fixed P=4,single_pipe_emul,1,295000,62.20670258862623,2.2553817071554683,,/eagle/lc-mpi/Zhiqing/polaris_ebm/runs_pipeline_then_weighting/E2/E2_single_pipe_emul_last2b003_P4_K100_s300k_20260405_003926/trajectory,/eagle/lc-mpi/Zhiqing/polaris_ebm/runs_pipeline_then_weighting/E2/E2_single_pipe_emul_last2b003_P4_K100_s300k_20260405_003926/trajectory/step295000/metrics_compare.json
E2,E2_single_pipe_emul_last2b003_P4_K100_s300k,Provisional weighting study at fixed P=4,single_pipe_emul,1,300000,89.52432917641295,1.5797381713839975,,/eagle/lc-mpi/Zhiqing/polaris_ebm/runs_pipeline_then_weighting/E2/E2_single_pipe_emul_last2b003_P4_K100_s300k_20260405_003926/trajectory,/eagle/lc-mpi/Zhiqing/polaris_ebm/runs_pipeline_then_weighting/E2/E2_single_pipe_emul_last2b003_P4_K100_s300k_20260405_003926/trajectory/step300000/metrics_compare.json
E2,E2_single_pipe_emul_last2b005_P4_K100_s300k,Provisional weighting study at fixed P=4,single_pipe_emul,1,5000,210.7367055668136,3.367986864602841,,/eagle/lc-mpi/Zhiqing/polaris_ebm/runs_pipeline_then_weighting/E2/E2_single_pipe_emul_last2b005_P4_K100_s300k_20260405_003926/trajectory,/eagle/lc-mpi/Zhiqing/polaris_ebm/runs_pipeline_then_weighting/E2/E2_single_pipe_emul_last2b005_P4_K100_s300k_20260405_003926/trajectory/step005000/metrics_compare.json
E2,E2_single_pipe_emul_last2b005_P4_K100_s300k,Provisional weighting study at fixed P=4,single_pipe_emul,1,10000,172.1115465171168,7.544588177031873,,/eagle/lc-mpi/Zhiqing/polaris_ebm/runs_pipeline_then_weighting/E2/E2_single_pipe_emul_last2b005_P4_K100_s300k_20260405_003926/trajectory,/eagle/lc-mpi/Zhiqing/polaris_ebm/runs_pipeline_then_weighting/E2/E2_single_pipe_emul_last2b005_P4_K100_s300k_20260405_003926/trajectory/step010000/metrics_compare.json
E2,E2_single_pipe_emul_last2b005_P4_K100_s300k,Provisional weighting study at fixed P=4,single_pipe_emul,1,15000,132.8345895224656,2.9598859887778914,,/eagle/lc-mpi/Zhiqing/polaris_ebm/runs_pipeline_then_weighting/E2/E2_single_pipe_emul_last2b005_P4_K100_s300k_20260405_003926/trajectory,/eagle/lc-mpi/Zhiqing/polaris_ebm/runs_pipeline_then_weighting/E2/E2_single_pipe_emul_last2b005_P4_K100_s300k_20260405_003926/trajectory/step015000/metrics_compare.json
E2,E2_single_pipe_emul_last2b005_P4_K100_s300k,Provisional weighting study at fixed P=4,single_pipe_emul,1,20000,111.40333239621174,6.833632086600868,,/eagle/lc-mpi/Zhiqing/polaris_ebm/runs_pipeline_then_weighting/E2/E2_single_pipe_emul_last2b005_P4_K100_s300k_20260405_003926/trajectory,/eagle/lc-mpi/Zhiqing/polaris_ebm/runs_pipeline_then_weighting/E2/E2_single_pipe_emul_last2b005_P4_K100_s300k_20260405_003926/trajectory/step020000/metrics_compare.json
E2,E2_single_pipe_emul_last2b005_P4_K100_s300k,Provisional weighting study at fixed P=4,single_pipe_emul,1,25000,103.56474139190288,1.7520192362250597,,/eagle/lc-mpi/Zhiqing/polaris_ebm/runs_pipeline_then_weighting/E2/E2_single_pipe_emul_last2b005_P4_K100_s300k_20260405_003926/trajectory,/eagle/lc-mpi/Zhiqing/polaris_ebm/runs_pipeline_then_weighting/E2/E2_single_pipe_emul_last2b005_P4_K100_s300k_20260405_003926/trajectory/step025000/metrics_compare.json
E2,E2_single_pipe_emul_last2b005_P4_K100_s300k,Provisional weighting study at fixed P=4,single_pipe_emul,1,30000,118.92529357295484,1.373293290472489,,/eagle/lc-mpi/Zhiqing/polaris_ebm/runs_pipeline_then_weighting/E2/E2_single_pipe_emul_last2b005_P4_K100_s300k_20260405_003926/trajectory,/eagle/lc-mpi/Zhiqing/polaris_ebm/runs_pipeline_then_weighting/E2/E2_single_pipe_emul_last2b005_P4_K100_s300k_20260405_003926/trajectory/step030000/metrics_compare.json
E2,E2_single_pipe_emul_last2b005_P4_K100_s300k,Provisional weighting study at fixed P=4,single_pipe_emul,1,35000,116.16392507279807,2.846516056501649,,/eagle/lc-mpi/Zhiqing/polaris_ebm/runs_pipeline_then_weighting/E2/E2_single_pipe_emul_last2b005_P4_K100_s300k_20260405_003926/trajectory,/eagle/lc-mpi/Zhiqing/polaris_ebm/runs_pipeline_then_weighting/E2/E2_single_pipe_emul_last2b005_P4_K100_s300k_20260405_003926/trajectory/step035000/metrics_compare.json
E2,E2_single_pipe_emul_last2b005_P4_K100_s300k,Provisional weighting study at fixed P=4,single_pipe_emul,1,40000,113.5846339290552,0.9225653123819484,,/eagle/lc-mpi/Zhiqing/polaris_ebm/runs_pipeline_then_weighting/E2/E2_single_pipe_emul_last2b005_P4_K100_s300k_20260405_003926/trajectory,/eagle/lc-mpi/Zhiqing/polaris_ebm/runs_pipeline_then_weighting/E2/E2_single_pipe_emul_last2b005_P4_K100_s300k_20260405_003926/trajectory/step040000/metrics_compare.json
E2,E2_single_pipe_emul_last2b005_P4_K100_s300k,Provisional weighting study at fixed P=4,single_pipe_emul,1,45000,102.48414194631505,0.8542288946977497,,/eagle/lc-mpi/Zhiqing/polaris_ebm/runs_pipeline_then_weighting/E2/E2_single_pipe_emul_last2b005_P4_K100_s300k_20260405_003926/trajectory,/eagle/lc-mpi/Zhiqing/polaris_ebm/runs_pipeline_then_weighting/E2/E2_single_pipe_emul_last2b005_P4_K100_s300k_20260405_003926/trajectory/step045000/metrics_compare.json
E2,E2_single_pipe_emul_last2b005_P4_K100_s300k,Provisional weighting study at fixed P=4,single_pipe_emul,1,50000,92.85296922841343,1.9042434722386012,,/eagle/lc-mpi/Zhiqing/polaris_ebm/runs_pipeline_then_weighting/E2/E2_single_pipe_emul_last2b005_P4_K100_s300k_20260405_003926/trajectory,/eagle/lc-mpi/Zhiqing/polaris_ebm/runs_pipeline_then_weighting/E2/E2_single_pipe_emul_last2b005_P4_K100_s300k_20260405_003926/trajectory/step050000/metrics_compare.json
E2,E2_single_pipe_emul_last2b005_P4_K100_s300k,Provisional weighting study at fixed P=4,single_pipe_emul,1,55000,115.42334494934641,2.6545732473554153,,/eagle/lc-mpi/Zhiqing/polaris_ebm/runs_pipeline_then_weighting/E2/E2_single_pipe_emul_last2b005_P4_K100_s300k_20260405_003926/trajectory,/eagle/lc-mpi/Zhiqing/polaris_ebm/runs_pipeline_then_weighting/E2/E2_single_pipe_emul_last2b005_P4_K100_s300k_20260405_003926/trajectory/step055000/metrics_compare.json
E2,E2_single_pipe_emul_last2b005_P4_K100_s300k,Provisional weighting study at fixed P=4,single_pipe_emul,1,60000,115.05273338337884,1.7666159887782484,,/eagle/lc-mpi/Zhiqing/polaris_ebm/runs_pipeline_then_weighting/E2/E2_single_pipe_emul_last2b005_P4_K100_s300k_20260405_003926/trajectory,/eagle/lc-mpi/Zhiqing/polaris_ebm/runs_pipeline_then_weighting/E2/E2_single_pipe_emul_last2b005_P4_K100_s300k_20260405_003926/trajectory/step060000/metrics_compare.json
E2,E2_single_pipe_emul_last2b005_P4_K100_s300k,Provisional weighting study at fixed P=4,single_pipe_emul,1,65000,72.91892603309088,0.5088249649959522,,/eagle/lc-mpi/Zhiqing/polaris_ebm/runs_pipeline_then_weighting/E2/E2_single_pipe_emul_last2b005_P4_K100_s300k_20260405_003926/trajectory,/eagle/lc-mpi/Zhiqing/polaris_ebm/runs_pipeline_then_weighting/E2/E2_single_pipe_emul_last2b005_P4_K100_s300k_20260405_003926/trajectory/step065000/metrics_compare.json
E2,E2_single_pipe_emul_last2b005_P4_K100_s300k,Provisional weighting study at fixed P=4,single_pipe_emul,1,70000,89.82670600948433,3.9389288305904255,,/eagle/lc-mpi/Zhiqing/polaris_ebm/runs_pipeline_then_weighting/E2/E2_single_pipe_emul_last2b005_P4_K100_s300k_20260405_003926/trajectory,/eagle/lc-mpi/Zhiqing/polaris_ebm/runs_pipeline_then_weighting/E2/E2_single_pipe_emul_last2b005_P4_K100_s300k_20260405_003926/trajectory/step070000/metrics_compare.json
E2,E2_single_pipe_emul_last2b005_P4_K100_s300k,Provisional weighting study at fixed P=4,single_pipe_emul,1,75000,91.27379147996669,1.674425382643168,,/eagle/lc-mpi/Zhiqing/polaris_ebm/runs_pipeline_then_weighting/E2/E2_single_pipe_emul_last2b005_P4_K100_s300k_20260405_003926/trajectory,/eagle/lc-mpi/Zhiqing/polaris_ebm/runs_pipeline_then_weighting/E2/E2_single_pipe_emul_last2b005_P4_K100_s300k_20260405_003926/trajectory/step075000/metrics_compare.json
E2,E2_single_pipe_emul_last2b005_P4_K100_s300k,Provisional weighting study at fixed P=4,single_pipe_emul,1,80000,86.95912252801548,5.051826956512208,,/eagle/lc-mpi/Zhiqing/polaris_ebm/runs_pipeline_then_weighting/E2/E2_single_pipe_emul_last2b005_P4_K100_s300k_20260405_003926/trajectory,/eagle/lc-mpi/Zhiqing/polaris_ebm/runs_pipeline_then_weighting/E2/E2_single_pipe_emul_last2b005_P4_K100_s300k_20260405_003926/trajectory/step080000/metrics_compare.json
E2,E2_single_pipe_emul_last2b005_P4_K100_s300k,Provisional weighting study at fixed P=4,single_pipe_emul,1,85000,99.20663345603106,1.1309511557745715,,/eagle/lc-mpi/Zhiqing/polaris_ebm/runs_pipeline_then_weighting/E2/E2_single_pipe_emul_last2b005_P4_K100_s300k_20260405_003926/trajectory,/eagle/lc-mpi/Zhiqing/polaris_ebm/runs_pipeline_then_weighting/E2/E2_single_pipe_emul_last2b005_P4_K100_s300k_20260405_003926/trajectory/step085000/metrics_compare.json
E2,E2_single_pipe_emul_last2b005_P4_K100_s300k,Provisional weighting study at fixed P=4,single_pipe_emul,1,90000,76.1075435112565,1.1046852889265395,,/eagle/lc-mpi/Zhiqing/polaris_ebm/runs_pipeline_then_weighting/E2/E2_single_pipe_emul_last2b005_P4_K100_s300k_20260405_003926/trajectory,/eagle/lc-mpi/Zhiqing/polaris_ebm/runs_pipeline_then_weighting/E2/E2_single_pipe_emul_last2b005_P4_K100_s300k_20260405_003926/trajectory/step090000/metrics_compare.json
E2,E2_single_pipe_emul_last2b005_P4_K100_s300k,Provisional weighting study at fixed P=4,single_pipe_emul,1,95000,81.15899692160497,1.1579065227510412,,/eagle/lc-mpi/Zhiqing/polaris_ebm/runs_pipeline_then_weighting/E2/E2_single_pipe_emul_last2b005_P4_K100_s300k_20260405_003926/trajectory,/eagle/lc-mpi/Zhiqing/polaris_ebm/runs_pipeline_then_weighting/E2/E2_single_pipe_emul_last2b005_P4_K100_s300k_20260405_003926/trajectory/step095000/metrics_compare.json
E2,E2_single_pipe_emul_last2b005_P4_K100_s300k,Provisional weighting study at fixed P=4,single_pipe_emul,1,100000,100.71304137656767,1.4108745205013271,,/eagle/lc-mpi/Zhiqing/polaris_ebm/runs_pipeline_then_weighting/E2/E2_single_pipe_emul_last2b005_P4_K100_s300k_20260405_003926/trajectory,/eagle/lc-mpi/Zhiqing/polaris_ebm/runs_pipeline_then_weighting/E2/E2_single_pipe_emul_last2b005_P4_K100_s300k_20260405_003926/trajectory/step100000/metrics_compare.json
E2,E2_single_pipe_emul_last2b005_P4_K100_s300k,Provisional weighting study at fixed P=4,single_pipe_emul,1,105000,100.7666698943861,5.020422716396798,,/eagle/lc-mpi/Zhiqing/polaris_ebm/runs_pipeline_then_weighting/E2/E2_single_pipe_emul_last2b005_P4_K100_s300k_20260405_003926/trajectory,/eagle/lc-mpi/Zhiqing/polaris_ebm/runs_pipeline_then_weighting/E2/E2_single_pipe_emul_last2b005_P4_K100_s300k_20260405_003926/trajectory/step105000/metrics_compare.json
E2,E2_single_pipe_emul_last2b005_P4_K100_s300k,Provisional weighting study at fixed P=4,single_pipe_emul,1,110000,82.98489154456502,1.4480631797084662,,/eagle/lc-mpi/Zhiqing/polaris_ebm/runs_pipeline_then_weighting/E2/E2_single_pipe_emul_last2b005_P4_K100_s300k_20260405_003926/trajectory,/eagle/lc-mpi/Zhiqing/polaris_ebm/runs_pipeline_then_weighting/E2/E2_single_pipe_emul_last2b005_P4_K100_s300k_20260405_003926/trajectory/step110000/metrics_compare.json
E2,E2_single_pipe_emul_last2b005_P4_K100_s300k,Provisional weighting study at fixed P=4,single_pipe_emul,1,115000,91.71637906869563,1.3784649254381094,,/eagle/lc-mpi/Zhiqing/polaris_ebm/runs_pipeline_then_weighting/E2/E2_single_pipe_emul_last2b005_P4_K100_s300k_20260405_003926/trajectory,/eagle/lc-mpi/Zhiqing/polaris_ebm/runs_pipeline_then_weighting/E2/E2_single_pipe_emul_last2b005_P4_K100_s300k_20260405_003926/trajectory/step115000/metrics_compare.json
E2,E2_single_pipe_emul_last2b005_P4_K100_s300k,Provisional weighting study at fixed P=4,single_pipe_emul,1,120000,101.00651856335264,0.7024000867708473,,/eagle/lc-mpi/Zhiqing/polaris_ebm/runs_pipeline_then_weighting/E2/E2_single_pipe_emul_last2b005_P4_K100_s300k_20260405_003926/trajectory,/eagle/lc-mpi/Zhiqing/polaris_ebm/runs_pipeline_then_weighting/E2/E2_single_pipe_emul_last2b005_P4_K100_s300k_20260405_003926/trajectory/step120000/metrics_compare.json
E2,E2_single_pipe_emul_last2b005_P4_K100_s300k,Provisional weighting study at fixed P=4,single_pipe_emul,1,125000,62.178773237677035,3.3342625352612707,,/eagle/lc-mpi/Zhiqing/polaris_ebm/runs_pipeline_then_weighting/E2/E2_single_pipe_emul_last2b005_P4_K100_s300k_20260405_003926/trajectory,/eagle/lc-mpi/Zhiqing/polaris_ebm/runs_pipeline_then_weighting/E2/E2_single_pipe_emul_last2b005_P4_K100_s300k_20260405_003926/trajectory/step125000/metrics_compare.json
E2,E2_single_pipe_emul_last2b005_P4_K100_s300k,Provisional weighting study at fixed P=4,single_pipe_emul,1,130000,81.24829497044664,3.236445611389275,,/eagle/lc-mpi/Zhiqing/polaris_ebm/runs_pipeline_then_weighting/E2/E2_single_pipe_emul_last2b005_P4_K100_s300k_20260405_003926/trajectory,/eagle/lc-mpi/Zhiqing/polaris_ebm/runs_pipeline_then_weighting/E2/E2_single_pipe_emul_last2b005_P4_K100_s300k_20260405_003926/trajectory/step130000/metrics_compare.json
E2,E2_single_pipe_emul_last2b005_P4_K100_s300k,Provisional weighting study at fixed P=4,single_pipe_emul,1,135000,95.40492676823817,1.5309002732963322,,/eagle/lc-mpi/Zhiqing/polaris_ebm/runs_pipeline_then_weighting/E2/E2_single_pipe_emul_last2b005_P4_K100_s300k_20260405_003926/trajectory,/eagle/lc-mpi/Zhiqing/polaris_ebm/runs_pipeline_then_weighting/E2/E2_single_pipe_emul_last2b005_P4_K100_s300k_20260405_003926/trajectory/step135000/metrics_compare.json
E2,E2_single_pipe_emul_last2b005_P4_K100_s300k,Provisional weighting study at fixed P=4,single_pipe_emul,1,140000,76.95371798519977,1.0160348557116663,,/eagle/lc-mpi/Zhiqing/polaris_ebm/runs_pipeline_then_weighting/E2/E2_single_pipe_emul_last2b005_P4_K100_s300k_20260405_003926/trajectory,/eagle/lc-mpi/Zhiqing/polaris_ebm/runs_pipeline_then_weighting/E2/E2_single_pipe_emul_last2b005_P4_K100_s300k_20260405_003926/trajectory/step140000/metrics_compare.json
E2,E2_single_pipe_emul_last2b005_P4_K100_s300k,Provisional weighting study at fixed P=4,single_pipe_emul,1,145000,105.44045714583086,3.288017445834244,,/eagle/lc-mpi/Zhiqing/polaris_ebm/runs_pipeline_then_weighting/E2/E2_single_pipe_emul_last2b005_P4_K100_s300k_20260405_003926/trajectory,/eagle/lc-mpi/Zhiqing/polaris_ebm/runs_pipeline_then_weighting/E2/E2_single_pipe_emul_last2b005_P4_K100_s300k_20260405_003926/trajectory/step145000/metrics_compare.json
E2,E2_single_pipe_emul_last2b005_P4_K100_s300k,Provisional weighting study at fixed P=4,single_pipe_emul,1,150000,68.97333888656397,1.8623881121271957,,/eagle/lc-mpi/Zhiqing/polaris_ebm/runs_pipeline_then_weighting/E2/E2_single_pipe_emul_last2b005_P4_K100_s300k_20260405_003926/trajectory,/eagle/lc-mpi/Zhiqing/polaris_ebm/runs_pipeline_then_weighting/E2/E2_single_pipe_emul_last2b005_P4_K100_s300k_20260405_003926/trajectory/step150000/metrics_compare.json
E2,E2_single_pipe_emul_last2b005_P4_K100_s300k,Provisional weighting study at fixed P=4,single_pipe_emul,1,155000,118.49587376716045,1.5967824503747465,,/eagle/lc-mpi/Zhiqing/polaris_ebm/runs_pipeline_then_weighting/E2/E2_single_pipe_emul_last2b005_P4_K100_s300k_20260405_003926/trajectory,/eagle/lc-mpi/Zhiqing/polaris_ebm/runs_pipeline_then_weighting/E2/E2_single_pipe_emul_last2b005_P4_K100_s300k_20260405_003926/trajectory/step155000/metrics_compare.json
E2,E2_single_pipe_emul_last2b005_P4_K100_s300k,Provisional weighting study at fixed P=4,single_pipe_emul,1,160000,98.64463122064649,2.8709358192564274,,/eagle/lc-mpi/Zhiqing/polaris_ebm/runs_pipeline_then_weighting/E2/E2_single_pipe_emul_last2b005_P4_K100_s300k_20260405_003926/trajectory,/eagle/lc-mpi/Zhiqing/polaris_ebm/runs_pipeline_then_weighting/E2/E2_single_pipe_emul_last2b005_P4_K100_s300k_20260405_003926/trajectory/step160000/metrics_compare.json
E2,E2_single_pipe_emul_last2b005_P4_K100_s300k,Provisional weighting study at fixed P=4,single_pipe_emul,1,165000,94.75182972624077,1.1981768803595223,,/eagle/lc-mpi/Zhiqing/polaris_ebm/runs_pipeline_then_weighting/E2/E2_single_pipe_emul_last2b005_P4_K100_s300k_20260405_003926/trajectory,/eagle/lc-mpi/Zhiqing/polaris_ebm/runs_pipeline_then_weighting/E2/E2_single_pipe_emul_last2b005_P4_K100_s300k_20260405_003926/trajectory/step165000/metrics_compare.json
E2,E2_single_pipe_emul_last2b005_P4_K100_s300k,Provisional weighting study at fixed P=4,single_pipe_emul,1,170000,78.11956209672331,0.7058706032329063,,/eagle/lc-mpi/Zhiqing/polaris_ebm/runs_pipeline_then_weighting/E2/E2_single_pipe_emul_last2b005_P4_K100_s300k_20260405_003926/trajectory,/eagle/lc-mpi/Zhiqing/polaris_ebm/runs_pipeline_then_weighting/E2/E2_single_pipe_emul_last2b005_P4_K100_s300k_20260405_003926/trajectory/step170000/metrics_compare.json
E2,E2_single_pipe_emul_last2b005_P4_K100_s300k,Provisional weighting study at fixed P=4,single_pipe_emul,1,175000,87.30864064384298,3.194844914650716,,/eagle/lc-mpi/Zhiqing/polaris_ebm/runs_pipeline_then_weighting/E2/E2_single_pipe_emul_last2b005_P4_K100_s300k_20260405_003926/trajectory,/eagle/lc-mpi/Zhiqing/polaris_ebm/runs_pipeline_then_weighting/E2/E2_single_pipe_emul_last2b005_P4_K100_s300k_20260405_003926/trajectory/step175000/metrics_compare.json
E2,E2_single_pipe_emul_last2b005_P4_K100_s300k,Provisional weighting study at fixed P=4,single_pipe_emul,1,180000,76.89998386001139,0.8981192954516963,,/eagle/lc-mpi/Zhiqing/polaris_ebm/runs_pipeline_then_weighting/E2/E2_single_pipe_emul_last2b005_P4_K100_s300k_20260405_003926/trajectory,/eagle/lc-mpi/Zhiqing/polaris_ebm/runs_pipeline_then_weighting/E2/E2_single_pipe_emul_last2b005_P4_K100_s300k_20260405_003926/trajectory/step180000/metrics_compare.json
E2,E2_single_pipe_emul_last2b005_P4_K100_s300k,Provisional weighting study at fixed P=4,single_pipe_emul,1,185000,71.37835134494094,1.5907808734490274,,/eagle/lc-mpi/Zhiqing/polaris_ebm/runs_pipeline_then_weighting/E2/E2_single_pipe_emul_last2b005_P4_K100_s300k_20260405_003926/trajectory,/eagle/lc-mpi/Zhiqing/polaris_ebm/runs_pipeline_then_weighting/E2/E2_single_pipe_emul_last2b005_P4_K100_s300k_20260405_003926/trajectory/step185000/metrics_compare.json
E2,E2_single_pipe_emul_last2b005_P4_K100_s300k,Provisional weighting study at fixed P=4,single_pipe_emul,1,190000,70.35401474884327,1.9621712818711359,,/eagle/lc-mpi/Zhiqing/polaris_ebm/runs_pipeline_then_weighting/E2/E2_single_pipe_emul_last2b005_P4_K100_s300k_20260405_003926/trajectory,/eagle/lc-mpi/Zhiqing/polaris_ebm/runs_pipeline_then_weighting/E2/E2_single_pipe_emul_last2b005_P4_K100_s300k_20260405_003926/trajectory/step190000/metrics_compare.json
E2,E2_single_pipe_emul_last2b005_P4_K100_s300k,Provisional weighting study at fixed P=4,single_pipe_emul,1,195000,88.08200318323935,0.868306760664268,,/eagle/lc-mpi/Zhiqing/polaris_ebm/runs_pipeline_then_weighting/E2/E2_single_pipe_emul_last2b005_P4_K100_s300k_20260405_003926/trajectory,/eagle/lc-mpi/Zhiqing/polaris_ebm/runs_pipeline_then_weighting/E2/E2_single_pipe_emul_last2b005_P4_K100_s300k_20260405_003926/trajectory/step195000/metrics_compare.json
E2,E2_single_pipe_emul_last2b005_P4_K100_s300k,Provisional weighting study at fixed P=4,single_pipe_emul,1,200000,86.6065025059213,0.7944731384651789,,/eagle/lc-mpi/Zhiqing/polaris_ebm/runs_pipeline_then_weighting/E2/E2_single_pipe_emul_last2b005_P4_K100_s300k_20260405_003926/trajectory,/eagle/lc-mpi/Zhiqing/polaris_ebm/runs_pipeline_then_weighting/E2/E2_single_pipe_emul_last2b005_P4_K100_s300k_20260405_003926/trajectory/step200000/metrics_compare.json
E2,E2_single_pipe_emul_last2b005_P4_K100_s300k,Provisional weighting study at fixed P=4,single_pipe_emul,1,205000,68.96556301930195,3.0068766810676735,,/eagle/lc-mpi/Zhiqing/polaris_ebm/runs_pipeline_then_weighting/E2/E2_single_pipe_emul_last2b005_P4_K100_s300k_20260405_003926/trajectory,/eagle/lc-mpi/Zhiqing/polaris_ebm/runs_pipeline_then_weighting/E2/E2_single_pipe_emul_last2b005_P4_K100_s300k_20260405_003926/trajectory/step205000/metrics_compare.json
E2,E2_single_pipe_emul_last2b005_P4_K100_s300k,Provisional weighting study at fixed P=4,single_pipe_emul,1,210000,75.5637803145703,1.470466434113309,,/eagle/lc-mpi/Zhiqing/polaris_ebm/runs_pipeline_then_weighting/E2/E2_single_pipe_emul_last2b005_P4_K100_s300k_20260405_003926/trajectory,/eagle/lc-mpi/Zhiqing/polaris_ebm/runs_pipeline_then_weighting/E2/E2_single_pipe_emul_last2b005_P4_K100_s300k_20260405_003926/trajectory/step210000/metrics_compare.json
E2,E2_single_pipe_emul_last2b005_P4_K100_s300k,Provisional weighting study at fixed P=4,single_pipe_emul,1,215000,77.63817324559614,3.762861502809937,,/eagle/lc-mpi/Zhiqing/polaris_ebm/runs_pipeline_then_weighting/E2/E2_single_pipe_emul_last2b005_P4_K100_s300k_20260405_003926/trajectory,/eagle/lc-mpi/Zhiqing/polaris_ebm/runs_pipeline_then_weighting/E2/E2_single_pipe_emul_last2b005_P4_K100_s300k_20260405_003926/trajectory/step215000/metrics_compare.json
E2,E2_single_pipe_emul_last2b005_P4_K100_s300k,Provisional weighting study at fixed P=4,single_pipe_emul,1,220000,76.87198188126655,0.8400042161221855,,/eagle/lc-mpi/Zhiqing/polaris_ebm/runs_pipeline_then_weighting/E2/E2_single_pipe_emul_last2b005_P4_K100_s300k_20260405_003926/trajectory,/eagle/lc-mpi/Zhiqing/polaris_ebm/runs_pipeline_then_weighting/E2/E2_single_pipe_emul_last2b005_P4_K100_s300k_20260405_003926/trajectory/step220000/metrics_compare.json
E2,E2_single_pipe_emul_last2b005_P4_K100_s300k,Provisional weighting study at fixed P=4,single_pipe_emul,1,225000,75.86145644226963,1.7660469704445632,,/eagle/lc-mpi/Zhiqing/polaris_ebm/runs_pipeline_then_weighting/E2/E2_single_pipe_emul_last2b005_P4_K100_s300k_20260405_003926/trajectory,/eagle/lc-mpi/Zhiqing/polaris_ebm/runs_pipeline_then_weighting/E2/E2_single_pipe_emul_last2b005_P4_K100_s300k_20260405_003926/trajectory/step225000/metrics_compare.json
E2,E2_single_pipe_emul_last2b005_P4_K100_s300k,Provisional weighting study at fixed P=4,single_pipe_emul,1,230000,90.18154422636741,1.8392887777638336,,/eagle/lc-mpi/Zhiqing/polaris_ebm/runs_pipeline_then_weighting/E2/E2_single_pipe_emul_last2b005_P4_K100_s300k_20260405_003926/trajectory,/eagle/lc-mpi/Zhiqing/polaris_ebm/runs_pipeline_then_weighting/E2/E2_single_pipe_emul_last2b005_P4_K100_s300k_20260405_003926/trajectory/step230000/metrics_compare.json
E2,E2_single_pipe_emul_last2b005_P4_K100_s300k,Provisional weighting study at fixed P=4,single_pipe_emul,1,235000,89.03523675225233,2.003504361889952,,/eagle/lc-mpi/Zhiqing/polaris_ebm/runs_pipeline_then_weighting/E2/E2_single_pipe_emul_last2b005_P4_K100_s300k_20260405_003926/trajectory,/eagle/lc-mpi/Zhiqing/polaris_ebm/runs_pipeline_then_weighting/E2/E2_single_pipe_emul_last2b005_P4_K100_s300k_20260405_003926/trajectory/step235000/metrics_compare.json
E2,E2_single_pipe_emul_last2b005_P4_K100_s300k,Provisional weighting study at fixed P=4,single_pipe_emul,1,240000,82.53806644191604,3.0524424577640215,,/eagle/lc-mpi/Zhiqing/polaris_ebm/runs_pipeline_then_weighting/E2/E2_single_pipe_emul_last2b005_P4_K100_s300k_20260405_003926/trajectory,/eagle/lc-mpi/Zhiqing/polaris_ebm/runs_pipeline_then_weighting/E2/E2_single_pipe_emul_last2b005_P4_K100_s300k_20260405_003926/trajectory/step240000/metrics_compare.json
E2,E2_single_pipe_emul_last2b005_P4_K100_s300k,Provisional weighting study at fixed P=4,single_pipe_emul,1,245000,92.7550667920824,1.9057760796479002,,/eagle/lc-mpi/Zhiqing/polaris_ebm/runs_pipeline_then_weighting/E2/E2_single_pipe_emul_last2b005_P4_K100_s300k_20260405_003926/trajectory,/eagle/lc-mpi/Zhiqing/polaris_ebm/runs_pipeline_then_weighting/E2/E2_single_pipe_emul_last2b005_P4_K100_s300k_20260405_003926/trajectory/step245000/metrics_compare.json
E2,E2_single_pipe_emul_last2b005_P4_K100_s300k,Provisional weighting study at fixed P=4,single_pipe_emul,1,250000,66.27531869006549,0.387915379526504,,/eagle/lc-mpi/Zhiqing/polaris_ebm/runs_pipeline_then_weighting/E2/E2_single_pipe_emul_last2b005_P4_K100_s300k_20260405_003926/trajectory,/eagle/lc-mpi/Zhiqing/polaris_ebm/runs_pipeline_then_weighting/E2/E2_single_pipe_emul_last2b005_P4_K100_s300k_20260405_003926/trajectory/step250000/metrics_compare.json
E2,E2_single_pipe_emul_last2b005_P4_K100_s300k,Provisional weighting study at fixed P=4,single_pipe_emul,1,255000,70.29875263411702,2.6178193827063403,,/eagle/lc-mpi/Zhiqing/polaris_ebm/runs_pipeline_then_weighting/E2/E2_single_pipe_emul_last2b005_P4_K100_s300k_20260405_003926/trajectory,/eagle/lc-mpi/Zhiqing/polaris_ebm/runs_pipeline_then_weighting/E2/E2_single_pipe_emul_last2b005_P4_K100_s300k_20260405_003926/trajectory/step255000/metrics_compare.json
E2,E2_single_pipe_emul_last2b005_P4_K100_s300k,Provisional weighting study at fixed P=4,single_pipe_emul,1,260000,88.61091672654095,0.9927889818800395,,/eagle/lc-mpi/Zhiqing/polaris_ebm/runs_pipeline_then_weighting/E2/E2_single_pipe_emul_last2b005_P4_K100_s300k_20260405_003926/trajectory,/eagle/lc-mpi/Zhiqing/polaris_ebm/runs_pipeline_then_weighting/E2/E2_single_pipe_emul_last2b005_P4_K100_s300k_20260405_003926/trajectory/step260000/metrics_compare.json
E2,E2_single_pipe_emul_last2b005_P4_K100_s300k,Provisional weighting study at fixed P=4,single_pipe_emul,1,265000,94.5326971785222,1.337372106763823,,/eagle/lc-mpi/Zhiqing/polaris_ebm/runs_pipeline_then_weighting/E2/E2_single_pipe_emul_last2b005_P4_K100_s300k_20260405_003926/trajectory,/eagle/lc-mpi/Zhiqing/polaris_ebm/runs_pipeline_then_weighting/E2/E2_single_pipe_emul_last2b005_P4_K100_s300k_20260405_003926/trajectory/step265000/metrics_compare.json
E2,E2_single_pipe_emul_last2b005_P4_K100_s300k,Provisional weighting study at fixed P=4,single_pipe_emul,1,270000,80.66863988881465,0.6564652102806363,,/eagle/lc-mpi/Zhiqing/polaris_ebm/runs_pipeline_then_weighting/E2/E2_single_pipe_emul_last2b005_P4_K100_s300k_20260405_003926/trajectory,/eagle/lc-mpi/Zhiqing/polaris_ebm/runs_pipeline_then_weighting/E2/E2_single_pipe_emul_last2b005_P4_K100_s300k_20260405_003926/trajectory/step270000/metrics_compare.json
E2,E2_single_pipe_emul_last2b005_P4_K100_s300k,Provisional weighting study at fixed P=4,single_pipe_emul,1,275000,61.5293994612299,0.5440610207788765,,/eagle/lc-mpi/Zhiqing/polaris_ebm/runs_pipeline_then_weighting/E2/E2_single_pipe_emul_last2b005_P4_K100_s300k_20260405_003926/trajectory,/eagle/lc-mpi/Zhiqing/polaris_ebm/runs_pipeline_then_weighting/E2/E2_single_pipe_emul_last2b005_P4_K100_s300k_20260405_003926/trajectory/step275000/metrics_compare.json
E2,E2_single_pipe_emul_last2b005_P4_K100_s300k,Provisional weighting study at fixed P=4,single_pipe_emul,1,280000,81.99565492335842,3.0726509722096402,,/eagle/lc-mpi/Zhiqing/polaris_ebm/runs_pipeline_then_weighting/E2/E2_single_pipe_emul_last2b005_P4_K100_s300k_20260405_003926/trajectory,/eagle/lc-mpi/Zhiqing/polaris_ebm/runs_pipeline_then_weighting/E2/E2_single_pipe_emul_last2b005_P4_K100_s300k_20260405_003926/trajectory/step280000/metrics_compare.json
E2,E2_single_pipe_emul_last2b005_P4_K100_s300k,Provisional weighting study at fixed P=4,single_pipe_emul,1,285000,60.1783350771924,0.5651392633954231,,/eagle/lc-mpi/Zhiqing/polaris_ebm/runs_pipeline_then_weighting/E2/E2_single_pipe_emul_last2b005_P4_K100_s300k_20260405_003926/trajectory,/eagle/lc-mpi/Zhiqing/polaris_ebm/runs_pipeline_then_weighting/E2/E2_single_pipe_emul_last2b005_P4_K100_s300k_20260405_003926/trajectory/step285000/metrics_compare.json
E2,E2_single_pipe_emul_last2b005_P4_K100_s300k,Provisional weighting study at fixed P=4,single_pipe_emul,1,290000,64.55264840057072,0.6958845803972658,,/eagle/lc-mpi/Zhiqing/polaris_ebm/runs_pipeline_then_weighting/E2/E2_single_pipe_emul_last2b005_P4_K100_s300k_20260405_003926/trajectory,/eagle/lc-mpi/Zhiqing/polaris_ebm/runs_pipeline_then_weighting/E2/E2_single_pipe_emul_last2b005_P4_K100_s300k_20260405_003926/trajectory/step290000/metrics_compare.json
E2,E2_single_pipe_emul_last2b005_P4_K100_s300k,Provisional weighting study at fixed P=4,single_pipe_emul,1,295000,75.02612951146898,1.3663398095459556,,/eagle/lc-mpi/Zhiqing/polaris_ebm/runs_pipeline_then_weighting/E2/E2_single_pipe_emul_last2b005_P4_K100_s300k_20260405_003926/trajectory,/eagle/lc-mpi/Zhiqing/polaris_ebm/runs_pipeline_then_weighting/E2/E2_single_pipe_emul_last2b005_P4_K100_s300k_20260405_003926/trajectory/step295000/metrics_compare.json
E2,E2_single_pipe_emul_last2b005_P4_K100_s300k,Provisional weighting study at fixed P=4,single_pipe_emul,1,300000,98.40077734386296,2.1856015368890027,,/eagle/lc-mpi/Zhiqing/polaris_ebm/runs_pipeline_then_weighting/E2/E2_single_pipe_emul_last2b005_P4_K100_s300k_20260405_003926/trajectory,/eagle/lc-mpi/Zhiqing/polaris_ebm/runs_pipeline_then_weighting/E2/E2_single_pipe_emul_last2b005_P4_K100_s300k_20260405_003926/trajectory/step300000/metrics_compare.json
E2,E2_single_pipe_emul_uniform_P4_K100_s300k,Provisional weighting study at fixed P=4,single_pipe_emul,1,5000,155.3030035313473,2.1139959399126553,,/eagle/lc-mpi/Zhiqing/polaris_ebm/runs_pipeline_then_weighting/E2/E2_single_pipe_emul_uniform_P4_K100_s300k_20260405_003926/trajectory,/eagle/lc-mpi/Zhiqing/polaris_ebm/runs_pipeline_then_weighting/E2/E2_single_pipe_emul_uniform_P4_K100_s300k_20260405_003926/trajectory/step005000/metrics_compare.json
E2,E2_single_pipe_emul_uniform_P4_K100_s300k,Provisional weighting study at fixed P=4,single_pipe_emul,1,10000,110.7507521793413,3.9806851604452405,,/eagle/lc-mpi/Zhiqing/polaris_ebm/runs_pipeline_then_weighting/E2/E2_single_pipe_emul_uniform_P4_K100_s300k_20260405_003926/trajectory,/eagle/lc-mpi/Zhiqing/polaris_ebm/runs_pipeline_then_weighting/E2/E2_single_pipe_emul_uniform_P4_K100_s300k_20260405_003926/trajectory/step010000/metrics_compare.json
E2,E2_single_pipe_emul_uniform_P4_K100_s300k,Provisional weighting study at fixed P=4,single_pipe_emul,1,15000,108.28038501596689,7.552836822204277,,/eagle/lc-mpi/Zhiqing/polaris_ebm/runs_pipeline_then_weighting/E2/E2_single_pipe_emul_uniform_P4_K100_s300k_20260405_003926/trajectory,/eagle/lc-mpi/Zhiqing/polaris_ebm/runs_pipeline_then_weighting/E2/E2_single_pipe_emul_uniform_P4_K100_s300k_20260405_003926/trajectory/step015000/metrics_compare.json
E2,E2_single_pipe_emul_uniform_P4_K100_s300k,Provisional weighting study at fixed P=4,single_pipe_emul,1,20000,89.21357317601576,1.9627781721278588,,/eagle/lc-mpi/Zhiqing/polaris_ebm/runs_pipeline_then_weighting/E2/E2_single_pipe_emul_uniform_P4_K100_s300k_20260405_003926/trajectory,/eagle/lc-mpi/Zhiqing/polaris_ebm/runs_pipeline_then_weighting/E2/E2_single_pipe_emul_uniform_P4_K100_s300k_20260405_003926/trajectory/step020000/metrics_compare.json
E2,E2_single_pipe_emul_uniform_P4_K100_s300k,Provisional weighting study at fixed P=4,single_pipe_emul,1,25000,140.1995609482894,7.030308325994497,,/eagle/lc-mpi/Zhiqing/polaris_ebm/runs_pipeline_then_weighting/E2/E2_single_pipe_emul_uniform_P4_K100_s300k_20260405_003926/trajectory,/eagle/lc-mpi/Zhiqing/polaris_ebm/runs_pipeline_then_weighting/E2/E2_single_pipe_emul_uniform_P4_K100_s300k_20260405_003926/trajectory/step025000/metrics_compare.json
E2,E2_single_pipe_emul_uniform_P4_K100_s300k,Provisional weighting study at fixed P=4,single_pipe_emul,1,30000,109.72024152851293,7.500035625071792,,/eagle/lc-mpi/Zhiqing/polaris_ebm/runs_pipeline_then_weighting/E2/E2_single_pipe_emul_uniform_P4_K100_s300k_20260405_003926/trajectory,/eagle/lc-mpi/Zhiqing/polaris_ebm/runs_pipeline_then_weighting/E2/E2_single_pipe_emul_uniform_P4_K100_s300k_20260405_003926/trajectory/step030000/metrics_compare.json
E2,E2_single_pipe_emul_uniform_P4_K100_s300k,Provisional weighting study at fixed P=4,single_pipe_emul,1,35000,94.7455344997586,4.557803920694074,,/eagle/lc-mpi/Zhiqing/polaris_ebm/runs_pipeline_then_weighting/E2/E2_single_pipe_emul_uniform_P4_K100_s300k_20260405_003926/trajectory,/eagle/lc-mpi/Zhiqing/polaris_ebm/runs_pipeline_then_weighting/E2/E2_single_pipe_emul_uniform_P4_K100_s300k_20260405_003926/trajectory/step035000/metrics_compare.json
E2,E2_single_pipe_emul_uniform_P4_K100_s300k,Provisional weighting study at fixed P=4,single_pipe_emul,1,40000,93.1675765192611,2.03425827547402,,/eagle/lc-mpi/Zhiqing/polaris_ebm/runs_pipeline_then_weighting/E2/E2_single_pipe_emul_uniform_P4_K100_s300k_20260405_003926/trajectory,/eagle/lc-mpi/Zhiqing/polaris_ebm/runs_pipeline_then_weighting/E2/E2_single_pipe_emul_uniform_P4_K100_s300k_20260405_003926/trajectory/step040000/metrics_compare.json
E2,E2_single_pipe_emul_uniform_P4_K100_s300k,Provisional weighting study at fixed P=4,single_pipe_emul,1,45000,97.64235791841674,2.372090113690838,,/eagle/lc-mpi/Zhiqing/polaris_ebm/runs_pipeline_then_weighting/E2/E2_single_pipe_emul_uniform_P4_K100_s300k_20260405_003926/trajectory,/eagle/lc-mpi/Zhiqing/polaris_ebm/runs_pipeline_then_weighting/E2/E2_single_pipe_emul_uniform_P4_K100_s300k_20260405_003926/trajectory/step045000/metrics_compare.json
E2,E2_single_pipe_emul_uniform_P4_K100_s300k,Provisional weighting study at fixed P=4,single_pipe_emul,1,50000,80.3386693989624,3.214464354000203,,/eagle/lc-mpi/Zhiqing/polaris_ebm/runs_pipeline_then_weighting/E2/E2_single_pipe_emul_uniform_P4_K100_s300k_20260405_003926/trajectory,/eagle/lc-mpi/Zhiqing/polaris_ebm/runs_pipeline_then_weighting/E2/E2_single_pipe_emul_uniform_P4_K100_s300k_20260405_003926/trajectory/step050000/metrics_compare.json
E2,E2_single_pipe_emul_uniform_P4_K100_s300k,Provisional weighting study at fixed P=4,single_pipe_emul,1,55000,83.2069794919044,1.69682789705222,,/eagle/lc-mpi/Zhiqing/polaris_ebm/runs_pipeline_then_weighting/E2/E2_single_pipe_emul_uniform_P4_K100_s300k_20260405_003926/trajectory,/eagle/lc-mpi/Zhiqing/polaris_ebm/runs_pipeline_then_weighting/E2/E2_single_pipe_emul_uniform_P4_K100_s300k_20260405_003926/trajectory/step055000/metrics_compare.json
E2,E2_single_pipe_emul_uniform_P4_K100_s300k,Provisional weighting study at fixed P=4,single_pipe_emul,1,60000,73.8420938426388,1.6227111588472063,,/eagle/lc-mpi/Zhiqing/polaris_ebm/runs_pipeline_then_weighting/E2/E2_single_pipe_emul_uniform_P4_K100_s300k_20260405_003926/trajectory,/eagle/lc-mpi/Zhiqing/polaris_ebm/runs_pipeline_then_weighting/E2/E2_single_pipe_emul_uniform_P4_K100_s300k_20260405_003926/trajectory/step060000/metrics_compare.json
E2,E2_single_pipe_emul_uniform_P4_K100_s300k,Provisional weighting study at fixed P=4,single_pipe_emul,1,65000,93.82801006661401,5.420308059139227,,/eagle/lc-mpi/Zhiqing/polaris_ebm/runs_pipeline_then_weighting/E2/E2_single_pipe_emul_uniform_P4_K100_s300k_20260405_003926/trajectory,/eagle/lc-mpi/Zhiqing/polaris_ebm/runs_pipeline_then_weighting/E2/E2_single_pipe_emul_uniform_P4_K100_s300k_20260405_003926/trajectory/step065000/metrics_compare.json
E2,E2_single_pipe_emul_uniform_P4_K100_s300k,Provisional weighting study at fixed P=4,single_pipe_emul,1,70000,77.34243198435615,1.920906980674868,,/eagle/lc-mpi/Zhiqing/polaris_ebm/runs_pipeline_then_weighting/E2/E2_single_pipe_emul_uniform_P4_K100_s300k_20260405_003926/trajectory,/eagle/lc-mpi/Zhiqing/polaris_ebm/runs_pipeline_then_weighting/E2/E2_single_pipe_emul_uniform_P4_K100_s300k_20260405_003926/trajectory/step070000/metrics_compare.json
E2,E2_single_pipe_emul_uniform_P4_K100_s300k,Provisional weighting study at fixed P=4,single_pipe_emul,1,75000,88.87941998953443,1.8006731644830722,,/eagle/lc-mpi/Zhiqing/polaris_ebm/runs_pipeline_then_weighting/E2/E2_single_pipe_emul_uniform_P4_K100_s300k_20260405_003926/trajectory,/eagle/lc-mpi/Zhiqing/polaris_ebm/runs_pipeline_then_weighting/E2/E2_single_pipe_emul_uniform_P4_K100_s300k_20260405_003926/trajectory/step075000/metrics_compare.json
E2,E2_single_pipe_emul_uniform_P4_K100_s300k,Provisional weighting study at fixed P=4,single_pipe_emul,1,80000,59.16773144778443,1.6889027352918724,,/eagle/lc-mpi/Zhiqing/polaris_ebm/runs_pipeline_then_weighting/E2/E2_single_pipe_emul_uniform_P4_K100_s300k_20260405_003926/trajectory,/eagle/lc-mpi/Zhiqing/polaris_ebm/runs_pipeline_then_weighting/E2/E2_single_pipe_emul_uniform_P4_K100_s300k_20260405_003926/trajectory/step080000/metrics_compare.json
E2,E2_single_pipe_emul_uniform_P4_K100_s300k,Provisional weighting study at fixed P=4,single_pipe_emul,1,85000,92.43853773083515,2.2087949501252773,,/eagle/lc-mpi/Zhiqing/polaris_ebm/runs_pipeline_then_weighting/E2/E2_single_pipe_emul_uniform_P4_K100_s300k_20260405_003926/trajectory,/eagle/lc-mpi/Zhiqing/polaris_ebm/runs_pipeline_then_weighting/E2/E2_single_pipe_emul_uniform_P4_K100_s300k_20260405_003926/trajectory/step085000/metrics_compare.json
E2,E2_single_pipe_emul_uniform_P4_K100_s300k,Provisional weighting study at fixed P=4,single_pipe_emul,1,90000,71.38222145909299,1.9024181155060624,,/eagle/lc-mpi/Zhiqing/polaris_ebm/runs_pipeline_then_weighting/E2/E2_single_pipe_emul_uniform_P4_K100_s300k_20260405_003926/trajectory,/eagle/lc-mpi/Zhiqing/polaris_ebm/runs_pipeline_then_weighting/E2/E2_single_pipe_emul_uniform_P4_K100_s300k_20260405_003926/trajectory/step090000/metrics_compare.json
E2,E2_single_pipe_emul_uniform_P4_K100_s300k,Provisional weighting study at fixed P=4,single_pipe_emul,1,95000,66.10420048242139,2.5856488629676697,,/eagle/lc-mpi/Zhiqing/polaris_ebm/runs_pipeline_then_weighting/E2/E2_single_pipe_emul_uniform_P4_K100_s300k_20260405_003926/trajectory,/eagle/lc-mpi/Zhiqing/polaris_ebm/runs_pipeline_then_weighting/E2/E2_single_pipe_emul_uniform_P4_K100_s300k_20260405_003926/trajectory/step095000/metrics_compare.json
E2,E2_single_pipe_emul_uniform_P4_K100_s300k,Provisional weighting study at fixed P=4,single_pipe_emul,1,100000,62.39346201253238,0.8545130164180854,,/eagle/lc-mpi/Zhiqing/polaris_ebm/runs_pipeline_then_weighting/E2/E2_single_pipe_emul_uniform_P4_K100_s300k_20260405_003926/trajectory,/eagle/lc-mpi/Zhiqing/polaris_ebm/runs_pipeline_then_weighting/E2/E2_single_pipe_emul_uniform_P4_K100_s300k_20260405_003926/trajectory/step100000/metrics_compare.json
E2,E2_single_pipe_emul_uniform_P4_K100_s300k,Provisional weighting study at fixed P=4,single_pipe_emul,1,105000,54.94455896213236,2.33998066525875,,/eagle/lc-mpi/Zhiqing/polaris_ebm/runs_pipeline_then_weighting/E2/E2_single_pipe_emul_uniform_P4_K100_s300k_20260405_003926/trajectory,/eagle/lc-mpi/Zhiqing/polaris_ebm/runs_pipeline_then_weighting/E2/E2_single_pipe_emul_uniform_P4_K100_s300k_20260405_003926/trajectory/step105000/metrics_compare.json
E2,E2_single_pipe_emul_uniform_P4_K100_s300k,Provisional weighting study at fixed P=4,single_pipe_emul,1,110000,70.08020377832366,2.649576515920959,,/eagle/lc-mpi/Zhiqing/polaris_ebm/runs_pipeline_then_weighting/E2/E2_single_pipe_emul_uniform_P4_K100_s300k_20260405_003926/trajectory,/eagle/lc-mpi/Zhiqing/polaris_ebm/runs_pipeline_then_weighting/E2/E2_single_pipe_emul_uniform_P4_K100_s300k_20260405_003926/trajectory/step110000/metrics_compare.json
E2,E2_single_pipe_emul_uniform_P4_K100_s300k,Provisional weighting study at fixed P=4,single_pipe_emul,1,115000,57.67608394047335,1.1259632305870326,,/eagle/lc-mpi/Zhiqing/polaris_ebm/runs_pipeline_then_weighting/E2/E2_single_pipe_emul_uniform_P4_K100_s300k_20260405_003926/trajectory,/eagle/lc-mpi/Zhiqing/polaris_ebm/runs_pipeline_then_weighting/E2/E2_single_pipe_emul_uniform_P4_K100_s300k_20260405_003926/trajectory/step115000/metrics_compare.json
E2,E2_single_pipe_emul_uniform_P4_K100_s300k,Provisional weighting study at fixed P=4,single_pipe_emul,1,120000,95.00713587520778,2.6648822704593016,,/eagle/lc-mpi/Zhiqing/polaris_ebm/runs_pipeline_then_weighting/E2/E2_single_pipe_emul_uniform_P4_K100_s300k_20260405_003926/trajectory,/eagle/lc-mpi/Zhiqing/polaris_ebm/runs_pipeline_then_weighting/E2/E2_single_pipe_emul_uniform_P4_K100_s300k_20260405_003926/trajectory/step120000/metrics_compare.json
E2,E2_single_pipe_emul_uniform_P4_K100_s300k,Provisional weighting study at fixed P=4,single_pipe_emul,1,125000,56.69117581305102,1.0856608934386571,,/eagle/lc-mpi/Zhiqing/polaris_ebm/runs_pipeline_then_weighting/E2/E2_single_pipe_emul_uniform_P4_K100_s300k_20260405_003926/trajectory,/eagle/lc-mpi/Zhiqing/polaris_ebm/runs_pipeline_then_weighting/E2/E2_single_pipe_emul_uniform_P4_K100_s300k_20260405_003926/trajectory/step125000/metrics_compare.json
E2,E2_single_pipe_emul_uniform_P4_K100_s300k,Provisional weighting study at fixed P=4,single_pipe_emul,1,130000,66.04504910752212,2.730024192668534,,/eagle/lc-mpi/Zhiqing/polaris_ebm/runs_pipeline_then_weighting/E2/E2_single_pipe_emul_uniform_P4_K100_s300k_20260405_003926/trajectory,/eagle/lc-mpi/Zhiqing/polaris_ebm/runs_pipeline_then_weighting/E2/E2_single_pipe_emul_uniform_P4_K100_s300k_20260405_003926/trajectory/step130000/metrics_compare.json
E2,E2_single_pipe_emul_uniform_P4_K100_s300k,Provisional weighting study at fixed P=4,single_pipe_emul,1,135000,93.05633607995475,2.7685661760076528,,/eagle/lc-mpi/Zhiqing/polaris_ebm/runs_pipeline_then_weighting/E2/E2_single_pipe_emul_uniform_P4_K100_s300k_20260405_003926/trajectory,/eagle/lc-mpi/Zhiqing/polaris_ebm/runs_pipeline_then_weighting/E2/E2_single_pipe_emul_uniform_P4_K100_s300k_20260405_003926/trajectory/step135000/metrics_compare.json
E2,E2_single_pipe_emul_uniform_P4_K100_s300k,Provisional weighting study at fixed P=4,single_pipe_emul,1,140000,79.11072101748778,2.7549711985530294,,/eagle/lc-mpi/Zhiqing/polaris_ebm/runs_pipeline_then_weighting/E2/E2_single_pipe_emul_uniform_P4_K100_s300k_20260405_003926/trajectory,/eagle/lc-mpi/Zhiqing/polaris_ebm/runs_pipeline_then_weighting/E2/E2_single_pipe_emul_uniform_P4_K100_s300k_20260405_003926/trajectory/step140000/metrics_compare.json
E2,E2_single_pipe_emul_uniform_P4_K100_s300k,Provisional weighting study at fixed P=4,single_pipe_emul,1,145000,90.20762440555609,2.081164883785732,,/eagle/lc-mpi/Zhiqing/polaris_ebm/runs_pipeline_then_weighting/E2/E2_single_pipe_emul_uniform_P4_K100_s300k_20260405_003926/trajectory,/eagle/lc-mpi/Zhiqing/polaris_ebm/runs_pipeline_then_weighting/E2/E2_single_pipe_emul_uniform_P4_K100_s300k_20260405_003926/trajectory/step145000/metrics_compare.json
E2,E2_single_pipe_emul_uniform_P4_K100_s300k,Provisional weighting study at fixed P=4,single_pipe_emul,1,150000,52.48704344682062,3.93969366234327,,/eagle/lc-mpi/Zhiqing/polaris_ebm/runs_pipeline_then_weighting/E2/E2_single_pipe_emul_uniform_P4_K100_s300k_20260405_003926/trajectory,/eagle/lc-mpi/Zhiqing/polaris_ebm/runs_pipeline_then_weighting/E2/E2_single_pipe_emul_uniform_P4_K100_s300k_20260405_003926/trajectory/step150000/metrics_compare.json
E2,E2_single_pipe_emul_uniform_P4_K100_s300k,Provisional weighting study at fixed P=4,single_pipe_emul,1,155000,97.23734998772466,3.0901294970760063,,/eagle/lc-mpi/Zhiqing/polaris_ebm/runs_pipeline_then_weighting/E2/E2_single_pipe_emul_uniform_P4_K100_s300k_20260405_003926/trajectory,/eagle/lc-mpi/Zhiqing/polaris_ebm/runs_pipeline_then_weighting/E2/E2_single_pipe_emul_uniform_P4_K100_s300k_20260405_003926/trajectory/step155000/metrics_compare.json
E2,E2_single_pipe_emul_uniform_P4_K100_s300k,Provisional weighting study at fixed P=4,single_pipe_emul,1,160000,73.04334649971787,2.045262564698362,,/eagle/lc-mpi/Zhiqing/polaris_ebm/runs_pipeline_then_weighting/E2/E2_single_pipe_emul_uniform_P4_K100_s300k_20260405_003926/trajectory,/eagle/lc-mpi/Zhiqing/polaris_ebm/runs_pipeline_then_weighting/E2/E2_single_pipe_emul_uniform_P4_K100_s300k_20260405_003926/trajectory/step160000/metrics_compare.json
E2,E2_single_pipe_emul_uniform_P4_K100_s300k,Provisional weighting study at fixed P=4,single_pipe_emul,1,165000,83.15296337052166,1.2142708959861679,,/eagle/lc-mpi/Zhiqing/polaris_ebm/runs_pipeline_then_weighting/E2/E2_single_pipe_emul_uniform_P4_K100_s300k_20260405_003926/trajectory,/eagle/lc-mpi/Zhiqing/polaris_ebm/runs_pipeline_then_weighting/E2/E2_single_pipe_emul_uniform_P4_K100_s300k_20260405_003926/trajectory/step165000/metrics_compare.json
E2,E2_single_pipe_emul_uniform_P4_K100_s300k,Provisional weighting study at fixed P=4,single_pipe_emul,1,170000,77.12113381077904,1.8001892226796663,,/eagle/lc-mpi/Zhiqing/polaris_ebm/runs_pipeline_then_weighting/E2/E2_single_pipe_emul_uniform_P4_K100_s300k_20260405_003926/trajectory,/eagle/lc-mpi/Zhiqing/polaris_ebm/runs_pipeline_then_weighting/E2/E2_single_pipe_emul_uniform_P4_K100_s300k_20260405_003926/trajectory/step170000/metrics_compare.json
E2,E2_single_pipe_emul_uniform_P4_K100_s300k,Provisional weighting study at fixed P=4,single_pipe_emul,1,175000,91.07369281306177,4.522185175903633,,/eagle/lc-mpi/Zhiqing/polaris_ebm/runs_pipeline_then_weighting/E2/E2_single_pipe_emul_uniform_P4_K100_s300k_20260405_003926/trajectory,/eagle/lc-mpi/Zhiqing/polaris_ebm/runs_pipeline_then_weighting/E2/E2_single_pipe_emul_uniform_P4_K100_s300k_20260405_003926/trajectory/step175000/metrics_compare.json
E2,E2_single_pipe_emul_uniform_P4_K100_s300k,Provisional weighting study at fixed P=4,single_pipe_emul,1,180000,67.31661213919051,2.1018284029930534,,/eagle/lc-mpi/Zhiqing/polaris_ebm/runs_pipeline_then_weighting/E2/E2_single_pipe_emul_uniform_P4_K100_s300k_20260405_003926/trajectory,/eagle/lc-mpi/Zhiqing/polaris_ebm/runs_pipeline_then_weighting/E2/E2_single_pipe_emul_uniform_P4_K100_s300k_20260405_003926/trajectory/step180000/metrics_compare.json
E2,E2_single_pipe_emul_uniform_P4_K100_s300k,Provisional weighting study at fixed P=4,single_pipe_emul,1,185000,75.71686512174335,1.5566325604698896,,/eagle/lc-mpi/Zhiqing/polaris_ebm/runs_pipeline_then_weighting/E2/E2_single_pipe_emul_uniform_P4_K100_s300k_20260405_003926/trajectory,/eagle/lc-mpi/Zhiqing/polaris_ebm/runs_pipeline_then_weighting/E2/E2_single_pipe_emul_uniform_P4_K100_s300k_20260405_003926/trajectory/step185000/metrics_compare.json
E2,E2_single_pipe_emul_uniform_P4_K100_s300k,Provisional weighting study at fixed P=4,single_pipe_emul,1,190000,78.49291737372721,1.890122770125764,,/eagle/lc-mpi/Zhiqing/polaris_ebm/runs_pipeline_then_weighting/E2/E2_single_pipe_emul_uniform_P4_K100_s300k_20260405_003926/trajectory,/eagle/lc-mpi/Zhiqing/polaris_ebm/runs_pipeline_then_weighting/E2/E2_single_pipe_emul_uniform_P4_K100_s300k_20260405_003926/trajectory/step190000/metrics_compare.json
E2,E2_single_pipe_emul_uniform_P4_K100_s300k,Provisional weighting study at fixed P=4,single_pipe_emul,1,195000,87.40452301633968,4.254951417206993,,/eagle/lc-mpi/Zhiqing/polaris_ebm/runs_pipeline_then_weighting/E2/E2_single_pipe_emul_uniform_P4_K100_s300k_20260405_003926/trajectory,/eagle/lc-mpi/Zhiqing/polaris_ebm/runs_pipeline_then_weighting/E2/E2_single_pipe_emul_uniform_P4_K100_s300k_20260405_003926/trajectory/step195000/metrics_compare.json
E2,E2_single_pipe_emul_uniform_P4_K100_s300k,Provisional weighting study at fixed P=4,single_pipe_emul,1,200000,63.82132939591787,6.588746446037412,,/eagle/lc-mpi/Zhiqing/polaris_ebm/runs_pipeline_then_weighting/E2/E2_single_pipe_emul_uniform_P4_K100_s300k_20260405_003926/trajectory,/eagle/lc-mpi/Zhiqing/polaris_ebm/runs_pipeline_then_weighting/E2/E2_single_pipe_emul_uniform_P4_K100_s300k_20260405_003926/trajectory/step200000/metrics_compare.json
E2,E2_single_pipe_emul_uniform_P4_K100_s300k,Provisional weighting study at fixed P=4,single_pipe_emul,1,205000,79.46112610582014,4.049815140894054,,/eagle/lc-mpi/Zhiqing/polaris_ebm/runs_pipeline_then_weighting/E2/E2_single_pipe_emul_uniform_P4_K100_s300k_20260405_003926/trajectory,/eagle/lc-mpi/Zhiqing/polaris_ebm/runs_pipeline_then_weighting/E2/E2_single_pipe_emul_uniform_P4_K100_s300k_20260405_003926/trajectory/step205000/metrics_compare.json
E2,E2_single_pipe_emul_uniform_P4_K100_s300k,Provisional weighting study at fixed P=4,single_pipe_emul,1,210000,66.54287720590014,5.908252785865361,,/eagle/lc-mpi/Zhiqing/polaris_ebm/runs_pipeline_then_weighting/E2/E2_single_pipe_emul_uniform_P4_K100_s300k_20260405_003926/trajectory,/eagle/lc-mpi/Zhiqing/polaris_ebm/runs_pipeline_then_weighting/E2/E2_single_pipe_emul_uniform_P4_K100_s300k_20260405_003926/trajectory/step210000/metrics_compare.json
E2,E2_single_pipe_emul_uniform_P4_K100_s300k,Provisional weighting study at fixed P=4,single_pipe_emul,1,215000,57.956434734308516,1.5012426210348622,,/eagle/lc-mpi/Zhiqing/polaris_ebm/runs_pipeline_then_weighting/E2/E2_single_pipe_emul_uniform_P4_K100_s300k_20260405_003926/trajectory,/eagle/lc-mpi/Zhiqing/polaris_ebm/runs_pipeline_then_weighting/E2/E2_single_pipe_emul_uniform_P4_K100_s300k_20260405_003926/trajectory/step215000/metrics_compare.json
E2,E2_single_pipe_emul_uniform_P4_K100_s300k,Provisional weighting study at fixed P=4,single_pipe_emul,1,220000,95.42430362804322,1.9193616907054043,,/eagle/lc-mpi/Zhiqing/polaris_ebm/runs_pipeline_then_weighting/E2/E2_single_pipe_emul_uniform_P4_K100_s300k_20260405_003926/trajectory,/eagle/lc-mpi/Zhiqing/polaris_ebm/runs_pipeline_then_weighting/E2/E2_single_pipe_emul_uniform_P4_K100_s300k_20260405_003926/trajectory/step220000/metrics_compare.json
E2,E2_single_pipe_emul_uniform_P4_K100_s300k,Provisional weighting study at fixed P=4,single_pipe_emul,1,225000,81.61502363437387,2.2655900881332336,,/eagle/lc-mpi/Zhiqing/polaris_ebm/runs_pipeline_then_weighting/E2/E2_single_pipe_emul_uniform_P4_K100_s300k_20260405_003926/trajectory,/eagle/lc-mpi/Zhiqing/polaris_ebm/runs_pipeline_then_weighting/E2/E2_single_pipe_emul_uniform_P4_K100_s300k_20260405_003926/trajectory/step225000/metrics_compare.json
E2,E2_single_pipe_emul_uniform_P4_K100_s300k,Provisional weighting study at fixed P=4,single_pipe_emul,1,230000,62.8134519223176,1.8359622657273498,,/eagle/lc-mpi/Zhiqing/polaris_ebm/runs_pipeline_then_weighting/E2/E2_single_pipe_emul_uniform_P4_K100_s300k_20260405_003926/trajectory,/eagle/lc-mpi/Zhiqing/polaris_ebm/runs_pipeline_then_weighting/E2/E2_single_pipe_emul_uniform_P4_K100_s300k_20260405_003926/trajectory/step230000/metrics_compare.json
E2,E2_single_pipe_emul_uniform_P4_K100_s300k,Provisional weighting study at fixed P=4,single_pipe_emul,1,235000,54.52295637334481,2.732509782155372,,/eagle/lc-mpi/Zhiqing/polaris_ebm/runs_pipeline_then_weighting/E2/E2_single_pipe_emul_uniform_P4_K100_s300k_20260405_003926/trajectory,/eagle/lc-mpi/Zhiqing/polaris_ebm/runs_pipeline_then_weighting/E2/E2_single_pipe_emul_uniform_P4_K100_s300k_20260405_003926/trajectory/step235000/metrics_compare.json
E2,E2_single_pipe_emul_uniform_P4_K100_s300k,Provisional weighting study at fixed P=4,single_pipe_emul,1,240000,71.42447881029909,3.163772134590733,,/eagle/lc-mpi/Zhiqing/polaris_ebm/runs_pipeline_then_weighting/E2/E2_single_pipe_emul_uniform_P4_K100_s300k_20260405_003926/trajectory,/eagle/lc-mpi/Zhiqing/polaris_ebm/runs_pipeline_then_weighting/E2/E2_single_pipe_emul_uniform_P4_K100_s300k_20260405_003926/trajectory/step240000/metrics_compare.json
E2,E2_single_pipe_emul_uniform_P4_K100_s300k,Provisional weighting study at fixed P=4,single_pipe_emul,1,245000,67.6308646120886,1.022485181870195,,/eagle/lc-mpi/Zhiqing/polaris_ebm/runs_pipeline_then_weighting/E2/E2_single_pipe_emul_uniform_P4_K100_s300k_20260405_003926/trajectory,/eagle/lc-mpi/Zhiqing/polaris_ebm/runs_pipeline_then_weighting/E2/E2_single_pipe_emul_uniform_P4_K100_s300k_20260405_003926/trajectory/step245000/metrics_compare.json
E2,E2_single_pipe_emul_uniform_P4_K100_s300k,Provisional weighting study at fixed P=4,single_pipe_emul,1,250000,72.48161847279437,0.6422020226024436,,/eagle/lc-mpi/Zhiqing/polaris_ebm/runs_pipeline_then_weighting/E2/E2_single_pipe_emul_uniform_P4_K100_s300k_20260405_003926/trajectory,/eagle/lc-mpi/Zhiqing/polaris_ebm/runs_pipeline_then_weighting/E2/E2_single_pipe_emul_uniform_P4_K100_s300k_20260405_003926/trajectory/step250000/metrics_compare.json
E2,E2_single_pipe_emul_uniform_P4_K100_s300k,Provisional weighting study at fixed P=4,single_pipe_emul,1,255000,84.21536086938107,5.379375535149336,,/eagle/lc-mpi/Zhiqing/polaris_ebm/runs_pipeline_then_weighting/E2/E2_single_pipe_emul_uniform_P4_K100_s300k_20260405_003926/trajectory,/eagle/lc-mpi/Zhiqing/polaris_ebm/runs_pipeline_then_weighting/E2/E2_single_pipe_emul_uniform_P4_K100_s300k_20260405_003926/trajectory/step255000/metrics_compare.json
E2,E2_single_pipe_emul_uniform_P4_K100_s300k,Provisional weighting study at fixed P=4,single_pipe_emul,1,260000,56.320767302149704,1.0060435459557802,,/eagle/lc-mpi/Zhiqing/polaris_ebm/runs_pipeline_then_weighting/E2/E2_single_pipe_emul_uniform_P4_K100_s300k_20260405_003926/trajectory,/eagle/lc-mpi/Zhiqing/polaris_ebm/runs_pipeline_then_weighting/E2/E2_single_pipe_emul_uniform_P4_K100_s300k_20260405_003926/trajectory/step260000/metrics_compare.json
E2,E2_single_pipe_emul_uniform_P4_K100_s300k,Provisional weighting study at fixed P=4,single_pipe_emul,1,265000,53.92007796160931,1.4489750133965984,,/eagle/lc-mpi/Zhiqing/polaris_ebm/runs_pipeline_then_weighting/E2/E2_single_pipe_emul_uniform_P4_K100_s300k_20260405_003926/trajectory,/eagle/lc-mpi/Zhiqing/polaris_ebm/runs_pipeline_then_weighting/E2/E2_single_pipe_emul_uniform_P4_K100_s300k_20260405_003926/trajectory/step265000/metrics_compare.json
E2,E2_single_pipe_emul_uniform_P4_K100_s300k,Provisional weighting study at fixed P=4,single_pipe_emul,1,270000,74.54760379744437,2.6719083540806174,,/eagle/lc-mpi/Zhiqing/polaris_ebm/runs_pipeline_then_weighting/E2/E2_single_pipe_emul_uniform_P4_K100_s300k_20260405_003926/trajectory,/eagle/lc-mpi/Zhiqing/polaris_ebm/runs_pipeline_then_weighting/E2/E2_single_pipe_emul_uniform_P4_K100_s300k_20260405_003926/trajectory/step270000/metrics_compare.json
E2,E2_single_pipe_emul_uniform_P4_K100_s300k,Provisional weighting study at fixed P=4,single_pipe_emul,1,275000,83.3489250373928,1.8048286484318368,,/eagle/lc-mpi/Zhiqing/polaris_ebm/runs_pipeline_then_weighting/E2/E2_single_pipe_emul_uniform_P4_K100_s300k_20260405_003926/trajectory,/eagle/lc-mpi/Zhiqing/polaris_ebm/runs_pipeline_then_weighting/E2/E2_single_pipe_emul_uniform_P4_K100_s300k_20260405_003926/trajectory/step275000/metrics_compare.json
E2,E2_single_pipe_emul_uniform_P4_K100_s300k,Provisional weighting study at fixed P=4,single_pipe_emul,1,280000,56.08345368121786,3.6374339087217464,,/eagle/lc-mpi/Zhiqing/polaris_ebm/runs_pipeline_then_weighting/E2/E2_single_pipe_emul_uniform_P4_K100_s300k_20260405_003926/trajectory,/eagle/lc-mpi/Zhiqing/polaris_ebm/runs_pipeline_then_weighting/E2/E2_single_pipe_emul_uniform_P4_K100_s300k_20260405_003926/trajectory/step280000/metrics_compare.json
E2,E2_single_pipe_emul_uniform_P4_K100_s300k,Provisional weighting study at fixed P=4,single_pipe_emul,1,285000,68.54553817503881,2.876850338683923,,/eagle/lc-mpi/Zhiqing/polaris_ebm/runs_pipeline_then_weighting/E2/E2_single_pipe_emul_uniform_P4_K100_s300k_20260405_003926/trajectory,/eagle/lc-mpi/Zhiqing/polaris_ebm/runs_pipeline_then_weighting/E2/E2_single_pipe_emul_uniform_P4_K100_s300k_20260405_003926/trajectory/step285000/metrics_compare.json
E2,E2_single_pipe_emul_uniform_P4_K100_s300k,Provisional weighting study at fixed P=4,single_pipe_emul,1,290000,74.45122152729681,2.7045364371868637,,/eagle/lc-mpi/Zhiqing/polaris_ebm/runs_pipeline_then_weighting/E2/E2_single_pipe_emul_uniform_P4_K100_s300k_20260405_003926/trajectory,/eagle/lc-mpi/Zhiqing/polaris_ebm/runs_pipeline_then_weighting/E2/E2_single_pipe_emul_uniform_P4_K100_s300k_20260405_003926/trajectory/step290000/metrics_compare.json
E2,E2_single_pipe_emul_uniform_P4_K100_s300k,Provisional weighting study at fixed P=4,single_pipe_emul,1,295000,73.21239495449328,1.5600038446424165,,/eagle/lc-mpi/Zhiqing/polaris_ebm/runs_pipeline_then_weighting/E2/E2_single_pipe_emul_uniform_P4_K100_s300k_20260405_003926/trajectory,/eagle/lc-mpi/Zhiqing/polaris_ebm/runs_pipeline_then_weighting/E2/E2_single_pipe_emul_uniform_P4_K100_s300k_20260405_003926/trajectory/step295000/metrics_compare.json
E2,E2_single_pipe_emul_uniform_P4_K100_s300k,Provisional weighting study at fixed P=4,single_pipe_emul,1,300000,64.70780256430095,1.4259332259693132,,/eagle/lc-mpi/Zhiqing/polaris_ebm/runs_pipeline_then_weighting/E2/E2_single_pipe_emul_uniform_P4_K100_s300k_20260405_003926/trajectory,/eagle/lc-mpi/Zhiqing/polaris_ebm/runs_pipeline_then_weighting/E2/E2_single_pipe_emul_uniform_P4_K100_s300k_20260405_003926/trajectory/step300000/metrics_compare.json
