ledger,phase_group,family_id,logical_run_id,scheduler_attempt_id,exp_id,benchmark,regime,stage_count,weighting,K,horizon_steps,seed,attempt_kind,attempt_status,scheduler_state,exit_status,train_job_id,submitted_at,started_at,finished_at,run_dir,latest_checkpoint,latest_eval_step,notes
current_cifar_paper,O1,single_P16_deepest,current_cifar_paper:cifar10:single_P16_deepest:seed1:h300000,7090262.polaris-pbs-01.hsn.cm.polaris.alcf.anl.gov,O1_single_pipe_emul_P16_deep_K100_seed1_300k,cifar10,single_emulation,16,deepest,100,300000,1,scheduler,completed,F,0,7090262.polaris-pbs-01.hsn.cm.polaris.alcf.anl.gov,2026-04-15T15:26:55Z,2026-04-16T23:18:36Z,2026-04-17T09:51:07Z,/eagle/lc-mpi/Zhiqing/polaris_ebm/runs_objective_first_followup/O1/O1_single_pipe_emul_P16_deep_K100_seed1_300k_20260415_152655,/eagle/lc-mpi/Zhiqing/polaris_ebm/runs_objective_first_followup/O1/O1_single_pipe_emul_P16_deep_K100_seed1_300k_20260415_152655/checkpoints/ckpt_step99999.pt,300000,Job run at Thu Apr 16 at 23:18 on (x3209c0s13b1n0:ncpus=64) and f
current_cifar_paper,O1,single_P16_equal,current_cifar_paper:cifar10:single_P16_equal:seed1:h300000,7090261.polaris-pbs-01.hsn.cm.polaris.alcf.anl.gov,O1_single_pipe_emul_P16_uniform_K100_seed1_300k,cifar10,single_emulation,16,equal,100,300000,1,scheduler,completed,F,0,7090261.polaris-pbs-01.hsn.cm.polaris.alcf.anl.gov,2026-04-15T15:26:55Z,2026-04-16T23:07:21Z,2026-04-17T09:38:36Z,/eagle/lc-mpi/Zhiqing/polaris_ebm/runs_objective_first_followup/O1/O1_single_pipe_emul_P16_uniform_K100_seed1_300k_20260415_152655,/eagle/lc-mpi/Zhiqing/polaris_ebm/runs_objective_first_followup/O1/O1_single_pipe_emul_P16_uniform_K100_seed1_300k_20260415_152655/checkpoints/ckpt_step99999.pt,300000,Job run at Thu Apr 16 at 23:07 on (x3212c0s19b0n0:ncpus=64) and f
current_cifar_paper,O1,single_P1_terminal,current_cifar_paper:cifar10:single_P1_terminal:seed1:h300000,6996768.polaris-pbs-01.hsn.cm.polaris.alcf.anl.gov,O1_single_fullk_K100_seed1_300k,cifar10,single_strict,1,terminal,100,300000,1,scheduler,completed,,,6996768.polaris-pbs-01.hsn.cm.polaris.alcf.anl.gov,2026-04-06T21:48:45Z,2026-04-06T21:48:53Z,2026-04-07T06:07:14Z,/eagle/lc-mpi/Zhiqing/polaris_ebm/runs_objective_first_followup/O1/O1_single_fullk_K100_seed1_300k_20260406_214845,/eagle/lc-mpi/Zhiqing/polaris_ebm/runs_objective_first_followup/O1/O1_single_fullk_K100_seed1_300k_20260406_214845/checkpoints/ckpt_step99999.pt,300000,
current_cifar_paper,O1,single_P2_deepest,current_cifar_paper:cifar10:single_P2_deepest:seed1:h300000,6996770.polaris-pbs-01.hsn.cm.polaris.alcf.anl.gov,O1_single_pipe_emul_P2_deep_K100_seed1_300k,cifar10,single_emulation,2,deepest,100,300000,1,scheduler,completed,,,6996770.polaris-pbs-01.hsn.cm.polaris.alcf.anl.gov,2026-04-06T21:48:45Z,2026-04-06T21:48:53Z,2026-04-07T06:16:24Z,/eagle/lc-mpi/Zhiqing/polaris_ebm/runs_objective_first_followup/O1/O1_single_pipe_emul_P2_deep_K100_seed1_300k_20260406_214845,/eagle/lc-mpi/Zhiqing/polaris_ebm/runs_objective_first_followup/O1/O1_single_pipe_emul_P2_deep_K100_seed1_300k_20260406_214845/checkpoints/ckpt_step99999.pt,300000,
current_cifar_paper,O1,single_P2_equal,current_cifar_paper:cifar10:single_P2_equal:seed1:h300000,6996769.polaris-pbs-01.hsn.cm.polaris.alcf.anl.gov,O1_single_pipe_emul_P2_uniform_K100_seed1_300k,cifar10,single_emulation,2,equal,100,300000,1,scheduler,completed,,,6996769.polaris-pbs-01.hsn.cm.polaris.alcf.anl.gov,2026-04-06T21:48:45Z,2026-04-06T21:48:53Z,2026-04-07T06:18:32Z,/eagle/lc-mpi/Zhiqing/polaris_ebm/runs_objective_first_followup/O1/O1_single_pipe_emul_P2_uniform_K100_seed1_300k_20260406_214845,/eagle/lc-mpi/Zhiqing/polaris_ebm/runs_objective_first_followup/O1/O1_single_pipe_emul_P2_uniform_K100_seed1_300k_20260406_214845/checkpoints/ckpt_step99999.pt,300000,
current_cifar_paper,O1,single_P4_deepest,current_cifar_paper:cifar10:single_P4_deepest:seed1:h300000,6996772.polaris-pbs-01.hsn.cm.polaris.alcf.anl.gov,O1_single_pipe_emul_P4_deep_K100_seed1_300k,cifar10,single_emulation,4,deepest,100,300000,1,scheduler,completed,,,6996772.polaris-pbs-01.hsn.cm.polaris.alcf.anl.gov,2026-04-06T21:48:45Z,2026-04-06T21:48:54Z,2026-04-07T06:33:40Z,/eagle/lc-mpi/Zhiqing/polaris_ebm/runs_objective_first_followup/O1/O1_single_pipe_emul_P4_deep_K100_seed1_300k_20260406_214845,/eagle/lc-mpi/Zhiqing/polaris_ebm/runs_objective_first_followup/O1/O1_single_pipe_emul_P4_deep_K100_seed1_300k_20260406_214845/checkpoints/ckpt_step99999.pt,300000,
current_cifar_paper,O1,single_P4_equal,current_cifar_paper:cifar10:single_P4_equal:seed1:h300000,6996771.polaris-pbs-01.hsn.cm.polaris.alcf.anl.gov,O1_single_pipe_emul_P4_uniform_K100_seed1_300k,cifar10,single_emulation,4,equal,100,300000,1,scheduler,completed,,,6996771.polaris-pbs-01.hsn.cm.polaris.alcf.anl.gov,2026-04-06T21:48:45Z,2026-04-06T21:48:55Z,2026-04-07T06:34:27Z,/eagle/lc-mpi/Zhiqing/polaris_ebm/runs_objective_first_followup/O1/O1_single_pipe_emul_P4_uniform_K100_seed1_300k_20260406_214845,/eagle/lc-mpi/Zhiqing/polaris_ebm/runs_objective_first_followup/O1/O1_single_pipe_emul_P4_uniform_K100_seed1_300k_20260406_214845/checkpoints/ckpt_step99999.pt,300000,
current_cifar_paper,O1,single_P8_deepest,current_cifar_paper:cifar10:single_P8_deepest:seed1:h300000,7090260.polaris-pbs-01.hsn.cm.polaris.alcf.anl.gov,O1_single_pipe_emul_P8_deep_K100_seed1_300k,cifar10,single_emulation,8,deepest,100,300000,1,scheduler,completed,F,0,7090260.polaris-pbs-01.hsn.cm.polaris.alcf.anl.gov,2026-04-15T15:26:55Z,2026-04-16T02:30:40Z,2026-04-16T11:51:03Z,/eagle/lc-mpi/Zhiqing/polaris_ebm/runs_objective_first_followup/O1/O1_single_pipe_emul_P8_deep_K100_seed1_300k_20260415_152655,/eagle/lc-mpi/Zhiqing/polaris_ebm/runs_objective_first_followup/O1/O1_single_pipe_emul_P8_deep_K100_seed1_300k_20260415_152655/checkpoints/ckpt_step99999.pt,300000,Job run at Thu Apr 16 at 02:30 on (x3212c0s25b1n0:ncpus=64) and f
current_cifar_paper,O1,single_P8_equal,current_cifar_paper:cifar10:single_P8_equal:seed1:h300000,7090259.polaris-pbs-01.hsn.cm.polaris.alcf.anl.gov,O1_single_pipe_emul_P8_uniform_K100_seed1_300k,cifar10,single_emulation,8,equal,100,300000,1,scheduler,failed,F,143,7090259.polaris-pbs-01.hsn.cm.polaris.alcf.anl.gov,,2026-04-16T01:49:15Z,,/eagle/lc-mpi/Zhiqing/polaris_ebm/runs_objective_first_followup/O1/O1_single_pipe_emul_P8_uniform_K100_seed1_300k_20260415_152655,/eagle/lc-mpi/Zhiqing/polaris_ebm/runs_objective_first_followup/O1/O1_single_pipe_emul_P8_uniform_K100_seed1_300k_20260415_152655/checkpoints/ckpt_step9999.pt,,Job run at Thu Apr 16 at 01:49 on (x3209c0s19b1n0:ncpus=64) and t
current_cifar_paper,O1,single_P8_equal,current_cifar_paper:cifar10:single_P8_equal:seed1:h300000,7096199.polaris-pbs-01.hsn.cm.polaris.alcf.anl.gov,O1_single_pipe_emul_P8_uniform_K100_seed1_300k,cifar10,single_emulation,8,equal,100,300000,1,scheduler,completed,F,0,7096199.polaris-pbs-01.hsn.cm.polaris.alcf.anl.gov,2026-04-21T22:33:03Z,2026-04-23T02:21:57Z,2026-04-23T11:28:25Z,/eagle/lc-mpi/Zhiqing/polaris_ebm/runs_objective_first_followup/O1/O1_single_pipe_emul_P8_uniform_K100_seed1_300k_resume_20260421_223303,/eagle/lc-mpi/Zhiqing/polaris_ebm/runs_objective_first_followup/O1/O1_single_pipe_emul_P8_uniform_K100_seed1_300k_resume_20260421_223303/checkpoints/ckpt_step99999.pt,300000,Job run at Thu Apr 23 at 02:21 on (x3209c0s7b1n0:ncpus=64) and fi
current_cifar_paper,O2,ddp_P1_terminal,current_cifar_paper:cifar10:ddp_P1_terminal:seed1:h300000,6996773.polaris-pbs-01.hsn.cm.polaris.alcf.anl.gov,O2_ddp_fullk_K100_seed1_300k,cifar10,ddp_strict,1,terminal,100,300000,1,scheduler,completed,,,6996773.polaris-pbs-01.hsn.cm.polaris.alcf.anl.gov,2026-04-06T21:48:45Z,2026-04-06T21:48:55Z,2026-04-07T06:12:15Z,/eagle/lc-mpi/Zhiqing/polaris_ebm/runs_objective_first_followup/O2/O2_ddp_fullk_K100_seed1_300k_20260406_214845,/eagle/lc-mpi/Zhiqing/polaris_ebm/runs_objective_first_followup/O2/O2_ddp_fullk_K100_seed1_300k_20260406_214845/checkpoints/ckpt_step99999.pt,300000,
current_cifar_paper,O2,pipe_P16_deepest,current_cifar_paper:cifar10:pipe_P16_deepest:seed1:h300000,7090266.polaris-pbs-01.hsn.cm.polaris.alcf.anl.gov,O2_pipe_strict_P16_deep_K100_seed1_300k,cifar10,strict_pipeline,16,deepest,100,300000,1,scheduler,completed,F,0,7090266.polaris-pbs-01.hsn.cm.polaris.alcf.anl.gov,2026-04-15T15:26:55Z,2026-04-16T19:07:34Z,2026-04-17T18:39:36Z,/eagle/lc-mpi/Zhiqing/polaris_ebm/runs_objective_first_followup/O2/O2_pipe_strict_P16_deep_K100_seed1_300k_20260415_152655,/eagle/lc-mpi/Zhiqing/polaris_ebm/runs_objective_first_followup/O2/O2_pipe_strict_P16_deep_K100_seed1_300k_20260415_152655/checkpoints/ckpt_step99999.pt,300000,Job run at Thu Apr 16 at 19:07 on (x3209c0s1b0n0:ncpus=64)+(x3210
current_cifar_paper,O2,pipe_P16_equal,current_cifar_paper:cifar10:pipe_P16_equal:seed1:h300000,7090265.polaris-pbs-01.hsn.cm.polaris.alcf.anl.gov,O2_pipe_strict_P16_uniform_K100_seed1_300k,cifar10,strict_pipeline,16,equal,100,300000,1,scheduler,completed,F,0,7090265.polaris-pbs-01.hsn.cm.polaris.alcf.anl.gov,2026-04-15T15:26:55Z,2026-04-20T10:42:57Z,2026-04-21T09:26:55Z,/eagle/lc-mpi/Zhiqing/polaris_ebm/runs_objective_first_followup/O2/O2_pipe_strict_P16_uniform_K100_seed1_300k_20260415_152655,/eagle/lc-mpi/Zhiqing/polaris_ebm/runs_objective_first_followup/O2/O2_pipe_strict_P16_uniform_K100_seed1_300k_20260415_152655/checkpoints/ckpt_step99999.pt,300000,Job run at Mon Apr 20 at 10:42 on (x3209c0s13b1n0:ncpus=64)+(x320
current_cifar_paper,O2,pipe_P2_deepest,current_cifar_paper:cifar10:pipe_P2_deepest:seed1:h300000,6996775.polaris-pbs-01.hsn.cm.polaris.alcf.anl.gov,O2_pipe_strict_P2_deep_K100_seed1_300k,cifar10,strict_pipeline,2,deepest,100,300000,1,scheduler,completed,,,6996775.polaris-pbs-01.hsn.cm.polaris.alcf.anl.gov,2026-04-06T21:48:45Z,2026-04-06T21:48:55Z,2026-04-07T02:46:00Z,/eagle/lc-mpi/Zhiqing/polaris_ebm/runs_objective_first_followup/O2/O2_pipe_strict_P2_deep_K100_seed1_300k_20260406_214845,/eagle/lc-mpi/Zhiqing/polaris_ebm/runs_objective_first_followup/O2/O2_pipe_strict_P2_deep_K100_seed1_300k_20260406_214845/checkpoints/ckpt_step99999.pt,300000,
current_cifar_paper,O2,pipe_P2_equal,current_cifar_paper:cifar10:pipe_P2_equal:seed1:h300000,6996774.polaris-pbs-01.hsn.cm.polaris.alcf.anl.gov,O2_pipe_strict_P2_uniform_K100_seed1_300k,cifar10,strict_pipeline,2,equal,100,300000,1,scheduler,completed,,,6996774.polaris-pbs-01.hsn.cm.polaris.alcf.anl.gov,2026-04-06T21:48:45Z,2026-04-06T21:48:55Z,2026-04-07T02:44:07Z,/eagle/lc-mpi/Zhiqing/polaris_ebm/runs_objective_first_followup/O2/O2_pipe_strict_P2_uniform_K100_seed1_300k_20260406_214845,/eagle/lc-mpi/Zhiqing/polaris_ebm/runs_objective_first_followup/O2/O2_pipe_strict_P2_uniform_K100_seed1_300k_20260406_214845/checkpoints/ckpt_step99999.pt,300000,
current_cifar_paper,O2,pipe_P4_deepest,current_cifar_paper:cifar10:pipe_P4_deepest:seed1:h300000,6996777.polaris-pbs-01.hsn.cm.polaris.alcf.anl.gov,O2_pipe_strict_P4_deep_K100_seed1_300k,cifar10,strict_pipeline,4,deepest,100,300000,1,scheduler,completed,,,6996777.polaris-pbs-01.hsn.cm.polaris.alcf.anl.gov,2026-04-06T21:48:45Z,2026-04-06T21:48:55Z,2026-04-07T01:24:31Z,/eagle/lc-mpi/Zhiqing/polaris_ebm/runs_objective_first_followup/O2/O2_pipe_strict_P4_deep_K100_seed1_300k_20260406_214845,/eagle/lc-mpi/Zhiqing/polaris_ebm/runs_objective_first_followup/O2/O2_pipe_strict_P4_deep_K100_seed1_300k_20260406_214845/checkpoints/ckpt_step99999.pt,300000,
current_cifar_paper,O2,pipe_P4_equal,current_cifar_paper:cifar10:pipe_P4_equal:seed1:h300000,6996776.polaris-pbs-01.hsn.cm.polaris.alcf.anl.gov,O2_pipe_strict_P4_uniform_K100_seed1_300k,cifar10,strict_pipeline,4,equal,100,300000,1,scheduler,completed,,,6996776.polaris-pbs-01.hsn.cm.polaris.alcf.anl.gov,2026-04-06T21:48:45Z,2026-04-06T21:48:55Z,2026-04-07T01:22:00Z,/eagle/lc-mpi/Zhiqing/polaris_ebm/runs_objective_first_followup/O2/O2_pipe_strict_P4_uniform_K100_seed1_300k_20260406_214845,/eagle/lc-mpi/Zhiqing/polaris_ebm/runs_objective_first_followup/O2/O2_pipe_strict_P4_uniform_K100_seed1_300k_20260406_214845/checkpoints/ckpt_step99999.pt,300000,
current_cifar_paper,O2,pipe_P8_deepest,current_cifar_paper:cifar10:pipe_P8_deepest:seed1:h300000,7090264.polaris-pbs-01.hsn.cm.polaris.alcf.anl.gov,O2_pipe_strict_P8_deep_K100_seed1_300k,cifar10,strict_pipeline,8,deepest,100,300000,1,scheduler,completed,F,0,7090264.polaris-pbs-01.hsn.cm.polaris.alcf.anl.gov,2026-04-15T15:26:55Z,2026-04-17T04:14:55Z,2026-04-17T23:56:10Z,/eagle/lc-mpi/Zhiqing/polaris_ebm/runs_objective_first_followup/O2/O2_pipe_strict_P8_deep_K100_seed1_300k_20260415_152655,/eagle/lc-mpi/Zhiqing/polaris_ebm/runs_objective_first_followup/O2/O2_pipe_strict_P8_deep_K100_seed1_300k_20260415_152655/checkpoints/ckpt_step99999.pt,300000,Job run at Fri Apr 17 at 04:14 on (x3209c0s31b1n0:ncpus=64)+(x321
current_cifar_paper,O2,pipe_P8_equal,current_cifar_paper:cifar10:pipe_P8_equal:seed1:h300000,7090263.polaris-pbs-01.hsn.cm.polaris.alcf.anl.gov,O2_pipe_strict_P8_uniform_K100_seed1_300k,cifar10,strict_pipeline,8,equal,100,300000,1,scheduler,failed,F,143,7090263.polaris-pbs-01.hsn.cm.polaris.alcf.anl.gov,,2026-04-16T20:37:32Z,,/eagle/lc-mpi/Zhiqing/polaris_ebm/runs_objective_first_followup/O2/O2_pipe_strict_P8_uniform_K100_seed1_300k_20260415_152655,/eagle/lc-mpi/Zhiqing/polaris_ebm/runs_objective_first_followup/O2/O2_pipe_strict_P8_uniform_K100_seed1_300k_20260415_152655/checkpoints/ckpt_step4999.pt,,Job run at Thu Apr 16 at 20:37 on (x3209c0s13b1n0:ncpus=64)+(x321
current_cifar_paper,O2,pipe_P8_equal,current_cifar_paper:cifar10:pipe_P8_equal:seed1:h300000,7096200.polaris-pbs-01.hsn.cm.polaris.alcf.anl.gov,O2_pipe_strict_P8_uniform_K100_seed1_300k,cifar10,strict_pipeline,8,equal,100,300000,1,scheduler,failed,F,143,7096200.polaris-pbs-01.hsn.cm.polaris.alcf.anl.gov,,2026-04-23T04:15:35Z,,/eagle/lc-mpi/Zhiqing/polaris_ebm/runs_objective_first_followup/O2/O2_pipe_strict_P8_uniform_K100_seed1_300k_resume_20260421_223303,/eagle/lc-mpi/Zhiqing/polaris_ebm/runs_objective_first_followup/O2/O2_pipe_strict_P8_uniform_K100_seed1_300k_resume_20260421_223303/checkpoints/ckpt_step99999.pt,,Job run at Thu Apr 23 at 04:15 on (x3211c0s25b1n0:ncpus=64)+(x321
current_cifar_paper,O2,pipe_P8_equal,current_cifar_paper:cifar10:pipe_P8_equal:seed1:h300000,7098620.polaris-pbs-01.hsn.cm.polaris.alcf.anl.gov,O2_pipe_strict_P8_uniform_K100_seed1_300k,cifar10,strict_pipeline,8,equal,100,300000,1,scheduler,completed,F,0,7098620.polaris-pbs-01.hsn.cm.polaris.alcf.anl.gov,2026-04-24T03:33:25Z,2026-04-24T13:15:44Z,2026-04-24T16:27:48Z,/eagle/lc-mpi/Zhiqing/polaris_ebm/runs_objective_first_followup/O2/O2_pipe_strict_P8_uniform_K100_seed1_300k_resume_20260424_033325,/eagle/lc-mpi/Zhiqing/polaris_ebm/runs_objective_first_followup/O2/O2_pipe_strict_P8_uniform_K100_seed1_300k_resume_20260424_033325/checkpoints/ckpt_step299999.pt,300000,Job run at Fri Apr 24 at 13:15 on (x3209c0s31b1n0:ncpus=64)+(x320
current_cifar_paper,O3,ddp_P1_terminal,current_cifar_paper:cifar10:ddp_P1_terminal:seed2:h300000,7023520.polaris-pbs-01.hsn.cm.polaris.alcf.anl.gov,O3_ddp_fullk_K100_seed2_300k,cifar10,ddp_strict,1,terminal,100,300000,2,scheduler,completed,,,7023520.polaris-pbs-01.hsn.cm.polaris.alcf.anl.gov,2026-04-07T17:21:01Z,2026-04-08T18:40:56Z,2026-04-09T03:03:25Z,/eagle/lc-mpi/Zhiqing/polaris_ebm/runs_objective_first_followup/O3/O3_ddp_fullk_K100_seed2_300k_20260407_172101,/eagle/lc-mpi/Zhiqing/polaris_ebm/runs_objective_first_followup/O3/O3_ddp_fullk_K100_seed2_300k_20260407_172101/checkpoints/ckpt_step99999.pt,300000,
current_cifar_paper,O3,ddp_P1_terminal,current_cifar_paper:cifar10:ddp_P1_terminal:seed3:h300000,7023521.polaris-pbs-01.hsn.cm.polaris.alcf.anl.gov,O3_ddp_fullk_K100_seed3_300k,cifar10,ddp_strict,1,terminal,100,300000,3,scheduler,completed,,,7023521.polaris-pbs-01.hsn.cm.polaris.alcf.anl.gov,2026-04-07T17:21:01Z,2026-04-08T18:42:28Z,2026-04-09T03:06:46Z,/eagle/lc-mpi/Zhiqing/polaris_ebm/runs_objective_first_followup/O3/O3_ddp_fullk_K100_seed3_300k_20260407_172101,/eagle/lc-mpi/Zhiqing/polaris_ebm/runs_objective_first_followup/O3/O3_ddp_fullk_K100_seed3_300k_20260407_172101/checkpoints/ckpt_step99999.pt,300000,
current_cifar_paper,O3,ddp_P1_terminal,current_cifar_paper:cifar10:ddp_P1_terminal:seed4:h300000,7023523.polaris-pbs-01.hsn.cm.polaris.alcf.anl.gov,O3_ddp_fullk_K100_seed4_300k,cifar10,ddp_strict,1,terminal,100,300000,4,scheduler,completed,,,7023523.polaris-pbs-01.hsn.cm.polaris.alcf.anl.gov,2026-04-07T17:21:01Z,2026-04-08T18:42:46Z,2026-04-09T03:04:21Z,/eagle/lc-mpi/Zhiqing/polaris_ebm/runs_objective_first_followup/O3/O3_ddp_fullk_K100_seed4_300k_20260407_172101,/eagle/lc-mpi/Zhiqing/polaris_ebm/runs_objective_first_followup/O3/O3_ddp_fullk_K100_seed4_300k_20260407_172101/checkpoints/ckpt_step99999.pt,300000,
current_cifar_paper,O3,ddp_P1_terminal,current_cifar_paper:cifar10:ddp_P1_terminal:seed5:h300000,7023524.polaris-pbs-01.hsn.cm.polaris.alcf.anl.gov,O3_ddp_fullk_K100_seed5_300k,cifar10,ddp_strict,1,terminal,100,300000,5,scheduler,completed,,,7023524.polaris-pbs-01.hsn.cm.polaris.alcf.anl.gov,2026-04-07T17:21:01Z,2026-04-08T18:44:27Z,2026-04-09T03:06:38Z,/eagle/lc-mpi/Zhiqing/polaris_ebm/runs_objective_first_followup/O3/O3_ddp_fullk_K100_seed5_300k_20260407_172101,/eagle/lc-mpi/Zhiqing/polaris_ebm/runs_objective_first_followup/O3/O3_ddp_fullk_K100_seed5_300k_20260407_172101/checkpoints/ckpt_step99999.pt,300000,
current_cifar_paper,O3,pipe_P2_equal,current_cifar_paper:cifar10:pipe_P2_equal:seed2:h300000,7066257.polaris-pbs-01.hsn.cm.polaris.alcf.anl.gov,O3_pipe_strict_P2_uniform_K100_seed2_300k,cifar10,strict_pipeline,2,equal,100,300000,2,scheduler,completed,,,7066257.polaris-pbs-01.hsn.cm.polaris.alcf.anl.gov,2026-04-09T13:26:33Z,2026-04-09T15:53:25Z,2026-04-09T20:46:34Z,/eagle/lc-mpi/Zhiqing/polaris_ebm/runs_objective_first_followup/O3/O3_pipe_strict_P2_uniform_K100_seed2_300k_20260409_132633,/eagle/lc-mpi/Zhiqing/polaris_ebm/runs_objective_first_followup/O3/O3_pipe_strict_P2_uniform_K100_seed2_300k_20260409_132633/checkpoints/ckpt_step99999.pt,300000,
current_cifar_paper,O3,pipe_P2_equal,current_cifar_paper:cifar10:pipe_P2_equal:seed3:h300000,7066258.polaris-pbs-01.hsn.cm.polaris.alcf.anl.gov,O3_pipe_strict_P2_uniform_K100_seed3_300k,cifar10,strict_pipeline,2,equal,100,300000,3,scheduler,completed,,,7066258.polaris-pbs-01.hsn.cm.polaris.alcf.anl.gov,2026-04-09T13:26:33Z,2026-04-09T16:07:29Z,2026-04-09T21:00:49Z,/eagle/lc-mpi/Zhiqing/polaris_ebm/runs_objective_first_followup/O3/O3_pipe_strict_P2_uniform_K100_seed3_300k_20260409_132633,/eagle/lc-mpi/Zhiqing/polaris_ebm/runs_objective_first_followup/O3/O3_pipe_strict_P2_uniform_K100_seed3_300k_20260409_132633/checkpoints/ckpt_step99999.pt,300000,
current_cifar_paper,O3,pipe_P4_equal,current_cifar_paper:cifar10:pipe_P4_equal:seed2:h300000,7023525.polaris-pbs-01.hsn.cm.polaris.alcf.anl.gov,O3_pipe_strict_P4_uniform_K100_seed2_300k,cifar10,strict_pipeline,4,equal,100,300000,2,scheduler,completed,,,7023525.polaris-pbs-01.hsn.cm.polaris.alcf.anl.gov,2026-04-07T17:21:01Z,2026-04-08T19:36:47Z,2026-04-08T23:13:34Z,/eagle/lc-mpi/Zhiqing/polaris_ebm/runs_objective_first_followup/O3/O3_pipe_strict_P4_uniform_K100_seed2_300k_20260407_172101,/eagle/lc-mpi/Zhiqing/polaris_ebm/runs_objective_first_followup/O3/O3_pipe_strict_P4_uniform_K100_seed2_300k_20260407_172101/checkpoints/ckpt_step99999.pt,300000,
current_cifar_paper,O3,pipe_P4_equal,current_cifar_paper:cifar10:pipe_P4_equal:seed3:h300000,7023526.polaris-pbs-01.hsn.cm.polaris.alcf.anl.gov,O3_pipe_strict_P4_uniform_K100_seed3_300k,cifar10,strict_pipeline,4,equal,100,300000,3,scheduler,completed,,,7023526.polaris-pbs-01.hsn.cm.polaris.alcf.anl.gov,2026-04-07T17:21:01Z,2026-04-09T01:39:31Z,2026-04-09T05:15:52Z,/eagle/lc-mpi/Zhiqing/polaris_ebm/runs_objective_first_followup/O3/O3_pipe_strict_P4_uniform_K100_seed3_300k_20260407_172101,/eagle/lc-mpi/Zhiqing/polaris_ebm/runs_objective_first_followup/O3/O3_pipe_strict_P4_uniform_K100_seed3_300k_20260407_172101/checkpoints/ckpt_step99999.pt,300000,
current_cifar_paper,O3,pipe_P4_equal,current_cifar_paper:cifar10:pipe_P4_equal:seed4:h300000,7066249.polaris-pbs-01.hsn.cm.polaris.alcf.anl.gov,O3_pipe_strict_P4_uniform_K100_seed4_300k,cifar10,strict_pipeline,4,equal,100,300000,4,scheduler,running,,,7066249.polaris-pbs-01.hsn.cm.polaris.alcf.anl.gov,,2026-04-09T13:40:57Z,,/eagle/lc-mpi/Zhiqing/polaris_ebm/runs_objective_first_followup/O3/O3_pipe_strict_P4_uniform_K100_seed4_300k_20260409_132633,/eagle/lc-mpi/Zhiqing/polaris_ebm/runs_objective_first_followup/O3/O3_pipe_strict_P4_uniform_K100_seed4_300k_20260409_132633/checkpoints/ckpt_step9999.pt,,
current_cifar_paper,O3,pipe_P4_equal,current_cifar_paper:cifar10:pipe_P4_equal:seed4:h300000,7088056.polaris-pbs-01.hsn.cm.polaris.alcf.anl.gov,O3_pipe_strict_P4_uniform_K100_seed4_300k,cifar10,strict_pipeline,4,equal,100,300000,4,scheduler,completed,,,7088056.polaris-pbs-01.hsn.cm.polaris.alcf.anl.gov,2026-04-12T14:31:59Z,2026-04-13T11:33:54Z,2026-04-13T14:02:27Z,/eagle/lc-mpi/Zhiqing/polaris_ebm/runs_objective_first_followup/O3/O3_pipe_strict_P4_uniform_K100_seed4_300k_resume_20260412_143159,/eagle/lc-mpi/Zhiqing/polaris_ebm/runs_objective_first_followup/O3/O3_pipe_strict_P4_uniform_K100_seed4_300k_resume_20260412_143159/checkpoints/ckpt_step99999.pt,300000,
current_cifar_paper,O3,pipe_P4_equal,current_cifar_paper:cifar10:pipe_P4_equal:seed5:h300000,7066250.polaris-pbs-01.hsn.cm.polaris.alcf.anl.gov,O3_pipe_strict_P4_uniform_K100_seed5_300k,cifar10,strict_pipeline,4,equal,100,300000,5,scheduler,completed,,,7066250.polaris-pbs-01.hsn.cm.polaris.alcf.anl.gov,2026-04-09T13:26:33Z,2026-04-09T15:34:46Z,2026-04-09T19:12:27Z,/eagle/lc-mpi/Zhiqing/polaris_ebm/runs_objective_first_followup/O3/O3_pipe_strict_P4_uniform_K100_seed5_300k_20260409_132633,/eagle/lc-mpi/Zhiqing/polaris_ebm/runs_objective_first_followup/O3/O3_pipe_strict_P4_uniform_K100_seed5_300k_20260409_132633/checkpoints/ckpt_step99999.pt,300000,
current_cifar_paper,O3,single_P1_terminal,current_cifar_paper:cifar10:single_P1_terminal:seed2:h300000,7066255.polaris-pbs-01.hsn.cm.polaris.alcf.anl.gov,O3_single_fullk_K100_seed2_300k,cifar10,single_strict,1,terminal,100,300000,2,scheduler,completed,,,7066255.polaris-pbs-01.hsn.cm.polaris.alcf.anl.gov,2026-04-09T13:26:33Z,2026-04-10T12:16:25Z,2026-04-10T20:36:47Z,/eagle/lc-mpi/Zhiqing/polaris_ebm/runs_objective_first_followup/O3/O3_single_fullk_K100_seed2_300k_20260409_132633,/eagle/lc-mpi/Zhiqing/polaris_ebm/runs_objective_first_followup/O3/O3_single_fullk_K100_seed2_300k_20260409_132633/checkpoints/ckpt_step99999.pt,300000,
current_cifar_paper,O3,single_P1_terminal,current_cifar_paper:cifar10:single_P1_terminal:seed3:h300000,7066256.polaris-pbs-01.hsn.cm.polaris.alcf.anl.gov,O3_single_fullk_K100_seed3_300k,cifar10,single_strict,1,terminal,100,300000,3,scheduler,running,,,7066256.polaris-pbs-01.hsn.cm.polaris.alcf.anl.gov,,2026-04-10T14:57:54Z,,/eagle/lc-mpi/Zhiqing/polaris_ebm/runs_objective_first_followup/O3/O3_single_fullk_K100_seed3_300k_20260409_132633,/eagle/lc-mpi/Zhiqing/polaris_ebm/runs_objective_first_followup/O3/O3_single_fullk_K100_seed3_300k_20260409_132633/checkpoints/ckpt_step9999.pt,,
current_cifar_paper,O3,single_P1_terminal,current_cifar_paper:cifar10:single_P1_terminal:seed3:h300000,7088057.polaris-pbs-01.hsn.cm.polaris.alcf.anl.gov,O3_single_fullk_K100_seed3_300k,cifar10,single_strict,1,terminal,100,300000,3,scheduler,failed,F,1,7088057.polaris-pbs-01.hsn.cm.polaris.alcf.anl.gov,,2026-04-14T03:26:01Z,2026-04-14T03:26:22Z,/eagle/lc-mpi/Zhiqing/polaris_ebm/runs_objective_first_followup/O3/O3_single_fullk_K100_seed3_300k_resume_20260412_143159,,,Job run at Tue Apr 14 at 03:25 on (x3212c0s1b1n0:ncpus=64) and fa
current_cifar_paper,O3,single_P1_terminal,current_cifar_paper:cifar10:single_P1_terminal:seed3:h300000,7090255.polaris-pbs-01.hsn.cm.polaris.alcf.anl.gov,O3_single_fullk_K100_seed3_300k,cifar10,single_strict,1,terminal,100,300000,3,scheduler,failed,F,143,7090255.polaris-pbs-01.hsn.cm.polaris.alcf.anl.gov,,2026-04-15T23:43:03Z,,/eagle/lc-mpi/Zhiqing/polaris_ebm/runs_objective_first_followup/O3/O3_single_fullk_K100_seed3_300k_resume_20260415_152638,/eagle/lc-mpi/Zhiqing/polaris_ebm/runs_objective_first_followup/O3/O3_single_fullk_K100_seed3_300k_resume_20260415_152638/checkpoints/ckpt_step99999.pt,,Job run at Wed Apr 15 at 23:43 on (x3211c0s37b0n0:ncpus=64) and t
current_cifar_paper,O3,single_P1_terminal,current_cifar_paper:cifar10:single_P1_terminal:seed3:h300000,7096201.polaris-pbs-01.hsn.cm.polaris.alcf.anl.gov,O3_single_fullk_K100_seed3_300k,cifar10,single_strict,1,terminal,100,300000,3,scheduler,completed,F,0,7096201.polaris-pbs-01.hsn.cm.polaris.alcf.anl.gov,2026-04-21T22:33:03Z,2026-04-23T05:27:18Z,2026-04-23T10:53:23Z,/eagle/lc-mpi/Zhiqing/polaris_ebm/runs_objective_first_followup/O3/O3_single_fullk_K100_seed3_300k_resume_20260421_223303,/eagle/lc-mpi/Zhiqing/polaris_ebm/runs_objective_first_followup/O3/O3_single_fullk_K100_seed3_300k_resume_20260421_223303/checkpoints/ckpt_step299999.pt,300000,Job run at Thu Apr 23 at 05:27 on (x3212c0s37b0n0:ncpus=64) and f
current_cifar_paper,O3,single_P2_deepest,current_cifar_paper:cifar10:single_P2_deepest:seed2:h300000,7066253.polaris-pbs-01.hsn.cm.polaris.alcf.anl.gov,O3_single_pipe_emul_P2_deep_K100_seed2_300k,cifar10,single_emulation,2,deepest,100,300000,2,scheduler,completed,,,7066253.polaris-pbs-01.hsn.cm.polaris.alcf.anl.gov,2026-04-09T13:26:33Z,2026-04-10T06:31:07Z,2026-04-10T14:57:43Z,/eagle/lc-mpi/Zhiqing/polaris_ebm/runs_objective_first_followup/O3/O3_single_pipe_emul_P2_deep_K100_seed2_300k_20260409_132633,/eagle/lc-mpi/Zhiqing/polaris_ebm/runs_objective_first_followup/O3/O3_single_pipe_emul_P2_deep_K100_seed2_300k_20260409_132633/checkpoints/ckpt_step99999.pt,300000,
current_cifar_paper,O3,single_P2_deepest,current_cifar_paper:cifar10:single_P2_deepest:seed3:h300000,7066254.polaris-pbs-01.hsn.cm.polaris.alcf.anl.gov,O3_single_pipe_emul_P2_deep_K100_seed3_300k,cifar10,single_emulation,2,deepest,100,300000,3,scheduler,completed,,,7066254.polaris-pbs-01.hsn.cm.polaris.alcf.anl.gov,2026-04-09T13:26:33Z,2026-04-10T07:45:37Z,2026-04-10T16:16:33Z,/eagle/lc-mpi/Zhiqing/polaris_ebm/runs_objective_first_followup/O3/O3_single_pipe_emul_P2_deep_K100_seed3_300k_20260409_132633,/eagle/lc-mpi/Zhiqing/polaris_ebm/runs_objective_first_followup/O3/O3_single_pipe_emul_P2_deep_K100_seed3_300k_20260409_132633/checkpoints/ckpt_step99999.pt,300000,
current_cifar_paper,O3,single_P2_equal,current_cifar_paper:cifar10:single_P2_equal:seed2:h300000,7066251.polaris-pbs-01.hsn.cm.polaris.alcf.anl.gov,O3_single_pipe_emul_P2_uniform_K100_seed2_300k,cifar10,single_emulation,2,equal,100,300000,2,scheduler,completed,,,7066251.polaris-pbs-01.hsn.cm.polaris.alcf.anl.gov,2026-04-09T13:26:33Z,2026-04-09T23:14:04Z,2026-04-10T07:45:27Z,/eagle/lc-mpi/Zhiqing/polaris_ebm/runs_objective_first_followup/O3/O3_single_pipe_emul_P2_uniform_K100_seed2_300k_20260409_132633,/eagle/lc-mpi/Zhiqing/polaris_ebm/runs_objective_first_followup/O3/O3_single_pipe_emul_P2_uniform_K100_seed2_300k_20260409_132633/checkpoints/ckpt_step99999.pt,300000,
current_cifar_paper,O3,single_P2_equal,current_cifar_paper:cifar10:single_P2_equal:seed3:h300000,7066252.polaris-pbs-01.hsn.cm.polaris.alcf.anl.gov,O3_single_pipe_emul_P2_uniform_K100_seed3_300k,cifar10,single_emulation,2,equal,100,300000,3,scheduler,completed,,,7066252.polaris-pbs-01.hsn.cm.polaris.alcf.anl.gov,2026-04-09T13:26:33Z,2026-04-10T02:31:35Z,2026-04-10T11:03:04Z,/eagle/lc-mpi/Zhiqing/polaris_ebm/runs_objective_first_followup/O3/O3_single_pipe_emul_P2_uniform_K100_seed3_300k_20260409_132633,/eagle/lc-mpi/Zhiqing/polaris_ebm/runs_objective_first_followup/O3/O3_single_pipe_emul_P2_uniform_K100_seed3_300k_20260409_132633/checkpoints/ckpt_step99999.pt,300000,
current_cifar_paper,O4,ddp_P1_terminal,current_cifar_paper:cifar10:ddp_P1_terminal:seed1:h500000,7066259.polaris-pbs-01.hsn.cm.polaris.alcf.anl.gov,O4_ddp_fullk_K100_seed1_500k,cifar10,ddp_strict,1,terminal,100,500000,1,scheduler,completed,,,7066259.polaris-pbs-01.hsn.cm.polaris.alcf.anl.gov,2026-04-09T13:26:33Z,2026-04-12T02:41:38Z,2026-04-12T16:35:22Z,/eagle/lc-mpi/Zhiqing/polaris_ebm/runs_objective_first_followup/O4/O4_ddp_fullk_K100_seed1_500k_20260409_132633,/eagle/lc-mpi/Zhiqing/polaris_ebm/runs_objective_first_followup/O4/O4_ddp_fullk_K100_seed1_500k_20260409_132633/checkpoints/ckpt_step99999.pt,500000,
current_cifar_paper,O4,ddp_P1_terminal,current_cifar_paper:cifar10:ddp_P1_terminal:seed2:h500000,7088060.polaris-pbs-01.hsn.cm.polaris.alcf.anl.gov,O4_ddp_fullk_K100_seed2_500k,cifar10,ddp_strict,1,terminal,100,500000,2,scheduler,completed,F,0,7088060.polaris-pbs-01.hsn.cm.polaris.alcf.anl.gov,2026-04-12T14:32:08Z,2026-04-14T04:20:36Z,2026-04-14T18:16:53Z,/eagle/lc-mpi/Zhiqing/polaris_ebm/runs_objective_first_followup/O4/O4_ddp_fullk_K100_seed2_500k_20260412_143208,/eagle/lc-mpi/Zhiqing/polaris_ebm/runs_objective_first_followup/O4/O4_ddp_fullk_K100_seed2_500k_20260412_143208/checkpoints/ckpt_step99999.pt,500000,Job run at Tue Apr 14 at 04:20 on (x3210c0s37b0n0:ncpus=64) and f
current_cifar_paper,O4,ddp_P1_terminal,current_cifar_paper:cifar10:ddp_P1_terminal:seed3:h500000,7088061.polaris-pbs-01.hsn.cm.polaris.alcf.anl.gov,O4_ddp_fullk_K100_seed3_500k,cifar10,ddp_strict,1,terminal,100,500000,3,scheduler,failed,F,143,7088061.polaris-pbs-01.hsn.cm.polaris.alcf.anl.gov,,2026-04-14T19:03:33Z,,/eagle/lc-mpi/Zhiqing/polaris_ebm/runs_objective_first_followup/O4/O4_ddp_fullk_K100_seed3_500k_20260412_143208,/eagle/lc-mpi/Zhiqing/polaris_ebm/runs_objective_first_followup/O4/O4_ddp_fullk_K100_seed3_500k_20260412_143208/checkpoints/ckpt_step9999.pt,,Job run at Tue Apr 14 at 19:03 on (x3212c0s25b0n0:ncpus=64) and t
current_cifar_paper,O4,ddp_P1_terminal,current_cifar_paper:cifar10:ddp_P1_terminal:seed3:h500000,7090256.polaris-pbs-01.hsn.cm.polaris.alcf.anl.gov,O4_ddp_fullk_K100_seed3_500k,cifar10,ddp_strict,1,terminal,100,500000,3,scheduler,completed,F,0,7090256.polaris-pbs-01.hsn.cm.polaris.alcf.anl.gov,2026-04-15T15:26:38Z,2026-04-16T00:07:34Z,2026-04-16T11:47:28Z,/eagle/lc-mpi/Zhiqing/polaris_ebm/runs_objective_first_followup/O4/O4_ddp_fullk_K100_seed3_500k_resume_20260415_152638,/eagle/lc-mpi/Zhiqing/polaris_ebm/runs_objective_first_followup/O4/O4_ddp_fullk_K100_seed3_500k_resume_20260415_152638/checkpoints/ckpt_step99999.pt,500000,Job run at Thu Apr 16 at 00:07 on (x3209c0s25b1n0:ncpus=64) and f
current_cifar_paper,O4,pipe_P4_deepest,current_cifar_paper:cifar10:pipe_P4_deepest:seed1:h500000,7090270.polaris-pbs-01.hsn.cm.polaris.alcf.anl.gov,O4_pipe_strict_P4_deep_K100_seed1_500k,cifar10,strict_pipeline,4,deepest,100,500000,1,scheduler,completed,F,0,7090270.polaris-pbs-01.hsn.cm.polaris.alcf.anl.gov,,2026-04-17T06:44:31Z,2026-04-17T12:40:04Z,/eagle/lc-mpi/Zhiqing/polaris_ebm/runs_objective_first_followup/O4/O4_pipe_strict_P4_deep_K100_seed1_500k_20260415_152820,/eagle/lc-mpi/Zhiqing/polaris_ebm/runs_objective_first_followup/O4/O4_pipe_strict_P4_deep_K100_seed1_500k_20260415_152820/checkpoints/ckpt_step99999.pt,500000,Job run at Fri Apr 17 at 06:44 on (x3212c0s25b1n0:ncpus=64) and f
current_cifar_paper,O4,pipe_P4_deepest,current_cifar_paper:cifar10:pipe_P4_deepest:seed1:h500000,7091884.polaris-pbs-01.hsn.cm.polaris.alcf.anl.gov,O4_pipe_strict_P4_deep_K100_seed1_500k,cifar10,strict_pipeline,4,deepest,100,500000,1,scheduler,completed,F,0,7091884.polaris-pbs-01.hsn.cm.polaris.alcf.anl.gov,2026-04-16T18:40:21Z,2026-04-19T05:46:02Z,2026-04-19T11:43:05Z,/eagle/lc-mpi/Zhiqing/polaris_ebm/runs_objective_first_followup/O4/O4_pipe_strict_P4_deep_K100_seed1_500k_20260416_184021,/eagle/lc-mpi/Zhiqing/polaris_ebm/runs_objective_first_followup/O4/O4_pipe_strict_P4_deep_K100_seed1_500k_20260416_184021/checkpoints/ckpt_step99999.pt,500000,Job run at Sun Apr 19 at 05:45 on (x3212c0s31b0n0:ncpus=64) and f
current_cifar_paper,O4,pipe_P4_deepest,current_cifar_paper:cifar10:pipe_P4_deepest:seed2:h500000,7090271.polaris-pbs-01.hsn.cm.polaris.alcf.anl.gov,O4_pipe_strict_P4_deep_K100_seed2_500k,cifar10,strict_pipeline,4,deepest,100,500000,2,scheduler,failed,F,143,7090271.polaris-pbs-01.hsn.cm.polaris.alcf.anl.gov,,2026-04-16T22:12:34Z,,/eagle/lc-mpi/Zhiqing/polaris_ebm/runs_objective_first_followup/O4/O4_pipe_strict_P4_deep_K100_seed2_500k_20260415_152820,/eagle/lc-mpi/Zhiqing/polaris_ebm/runs_objective_first_followup/O4/O4_pipe_strict_P4_deep_K100_seed2_500k_20260415_152820/checkpoints/ckpt_step4999.pt,,Job run at Thu Apr 16 at 22:12 on (x3209c0s13b1n0:ncpus=64) and t
current_cifar_paper,O4,pipe_P4_deepest,current_cifar_paper:cifar10:pipe_P4_deepest:seed2:h500000,7091885.polaris-pbs-01.hsn.cm.polaris.alcf.anl.gov,O4_pipe_strict_P4_deep_K100_seed2_500k,cifar10,strict_pipeline,4,deepest,100,500000,2,scheduler,completed,F,0,7091885.polaris-pbs-01.hsn.cm.polaris.alcf.anl.gov,2026-04-16T18:40:21Z,2026-04-18T16:07:45Z,2026-04-18T22:06:00Z,/eagle/lc-mpi/Zhiqing/polaris_ebm/runs_objective_first_followup/O4/O4_pipe_strict_P4_deep_K100_seed2_500k_20260416_184021,/eagle/lc-mpi/Zhiqing/polaris_ebm/runs_objective_first_followup/O4/O4_pipe_strict_P4_deep_K100_seed2_500k_20260416_184021/checkpoints/ckpt_step99999.pt,500000,Job run at Sat Apr 18 at 16:07 on (x3211c0s7b0n0:ncpus=64) and fi
current_cifar_paper,O4,pipe_P4_deepest,current_cifar_paper:cifar10:pipe_P4_deepest:seed3:h500000,7090272.polaris-pbs-01.hsn.cm.polaris.alcf.anl.gov,O4_pipe_strict_P4_deep_K100_seed3_500k,cifar10,strict_pipeline,4,deepest,100,500000,3,scheduler,failed,F,143,7090272.polaris-pbs-01.hsn.cm.polaris.alcf.anl.gov,,2026-04-18T11:51:52Z,,/eagle/lc-mpi/Zhiqing/polaris_ebm/runs_objective_first_followup/O4/O4_pipe_strict_P4_deep_K100_seed3_500k_20260415_152820,/eagle/lc-mpi/Zhiqing/polaris_ebm/runs_objective_first_followup/O4/O4_pipe_strict_P4_deep_K100_seed3_500k_20260415_152820/checkpoints/ckpt_step9999.pt,,Job run at Sat Apr 18 at 11:51 on (x3212c0s25b0n0:ncpus=64) and t
current_cifar_paper,O4,pipe_P4_deepest,current_cifar_paper:cifar10:pipe_P4_deepest:seed3:h500000,7091886.polaris-pbs-01.hsn.cm.polaris.alcf.anl.gov,O4_pipe_strict_P4_deep_K100_seed3_500k,cifar10,strict_pipeline,4,deepest,100,500000,3,scheduler,completed,F,0,7091886.polaris-pbs-01.hsn.cm.polaris.alcf.anl.gov,2026-04-16T18:40:21Z,2026-04-19T06:22:34Z,2026-04-19T12:21:43Z,/eagle/lc-mpi/Zhiqing/polaris_ebm/runs_objective_first_followup/O4/O4_pipe_strict_P4_deep_K100_seed3_500k_20260416_184021,/eagle/lc-mpi/Zhiqing/polaris_ebm/runs_objective_first_followup/O4/O4_pipe_strict_P4_deep_K100_seed3_500k_20260416_184021/checkpoints/ckpt_step99999.pt,500000,Job run at Sun Apr 19 at 06:22 on (x3212c0s25b0n0:ncpus=64) and f
current_cifar_paper,O4,pipe_P4_equal,current_cifar_paper:cifar10:pipe_P4_equal:seed1:h500000,7066262.polaris-pbs-01.hsn.cm.polaris.alcf.anl.gov,O4_pipe_strict_P4_uniform_K100_seed1_500k,cifar10,strict_pipeline,4,equal,100,500000,1,scheduler,completed,,,7066262.polaris-pbs-01.hsn.cm.polaris.alcf.anl.gov,2026-04-09T13:26:33Z,2026-04-12T10:01:46Z,2026-04-12T16:00:20Z,/eagle/lc-mpi/Zhiqing/polaris_ebm/runs_objective_first_followup/O4/O4_pipe_strict_P4_uniform_K100_seed1_500k_20260409_132633,/eagle/lc-mpi/Zhiqing/polaris_ebm/runs_objective_first_followup/O4/O4_pipe_strict_P4_uniform_K100_seed1_500k_20260409_132633/checkpoints/ckpt_step99999.pt,500000,
current_cifar_paper,O4,pipe_P4_equal,current_cifar_paper:cifar10:pipe_P4_equal:seed2:h500000,7088066.polaris-pbs-01.hsn.cm.polaris.alcf.anl.gov,O4_pipe_strict_P4_uniform_K100_seed2_500k,cifar10,strict_pipeline,4,equal,100,500000,2,scheduler,failed,F,143,7088066.polaris-pbs-01.hsn.cm.polaris.alcf.anl.gov,,2026-04-14T22:31:05Z,,/eagle/lc-mpi/Zhiqing/polaris_ebm/runs_objective_first_followup/O4/O4_pipe_strict_P4_uniform_K100_seed2_500k_20260412_143208,,,Job run at Tue Apr 14 at 22:31 on (x3212c0s25b0n0:ncpus=64) and t
current_cifar_paper,O4,pipe_P4_equal,current_cifar_paper:cifar10:pipe_P4_equal:seed2:h500000,7090258.polaris-pbs-01.hsn.cm.polaris.alcf.anl.gov,O4_pipe_strict_P4_uniform_K100_seed2_500k,cifar10,strict_pipeline,4,equal,100,500000,2,scheduler,completed,F,0,7090258.polaris-pbs-01.hsn.cm.polaris.alcf.anl.gov,2026-04-15T15:26:38Z,2026-04-16T01:21:43Z,2026-04-16T07:19:56Z,/eagle/lc-mpi/Zhiqing/polaris_ebm/runs_objective_first_followup/O4/O4_pipe_strict_P4_uniform_K100_seed2_500k_retry_20260415_152638,/eagle/lc-mpi/Zhiqing/polaris_ebm/runs_objective_first_followup/O4/O4_pipe_strict_P4_uniform_K100_seed2_500k_retry_20260415_152638/checkpoints/ckpt_step99999.pt,500000,Job run at Thu Apr 16 at 01:21 on (x3210c0s13b0n0:ncpus=64) and f
current_cifar_paper,O4,pipe_P4_equal,current_cifar_paper:cifar10:pipe_P4_equal:seed3:h500000,7088067.polaris-pbs-01.hsn.cm.polaris.alcf.anl.gov,O4_pipe_strict_P4_uniform_K100_seed3_500k,cifar10,strict_pipeline,4,equal,100,500000,3,scheduler,completed,F,0,7088067.polaris-pbs-01.hsn.cm.polaris.alcf.anl.gov,2026-04-12T14:32:08Z,2026-04-15T07:28:06Z,2026-04-15T13:27:47Z,/eagle/lc-mpi/Zhiqing/polaris_ebm/runs_objective_first_followup/O4/O4_pipe_strict_P4_uniform_K100_seed3_500k_20260412_143208,/eagle/lc-mpi/Zhiqing/polaris_ebm/runs_objective_first_followup/O4/O4_pipe_strict_P4_uniform_K100_seed3_500k_20260412_143208/checkpoints/ckpt_step99999.pt,500000,Job run at Wed Apr 15 at 07:28 on (x3209c0s13b1n0:ncpus=64) and f
current_cifar_paper,O4,single_P1_terminal,current_cifar_paper:cifar10:single_P1_terminal:seed1:h500000,7088059.polaris-pbs-01.hsn.cm.polaris.alcf.anl.gov,O4_single_fullk_K100_seed1_500k,cifar10,single_strict,1,terminal,100,500000,1,scheduler,completed,F,0,7088059.polaris-pbs-01.hsn.cm.polaris.alcf.anl.gov,2026-04-12T14:32:08Z,2026-04-14T03:26:31Z,2026-04-14T17:19:48Z,/eagle/lc-mpi/Zhiqing/polaris_ebm/runs_objective_first_followup/O4/O4_single_fullk_K100_seed1_500k_20260412_143208,/eagle/lc-mpi/Zhiqing/polaris_ebm/runs_objective_first_followup/O4/O4_single_fullk_K100_seed1_500k_20260412_143208/checkpoints/ckpt_step99999.pt,500000,Job run at Tue Apr 14 at 03:26 on (x3212c0s1b1n0:ncpus=64) and fi
current_cifar_paper,O4,single_P1_terminal,current_cifar_paper:cifar10:single_P1_terminal:seed2:h500000,7090268.polaris-pbs-01.hsn.cm.polaris.alcf.anl.gov,O4_single_fullk_K100_seed2_500k,cifar10,single_strict,1,terminal,100,500000,2,scheduler,failed,F,143,7090268.polaris-pbs-01.hsn.cm.polaris.alcf.anl.gov,,2026-04-17T06:15:58Z,,/eagle/lc-mpi/Zhiqing/polaris_ebm/runs_objective_first_followup/O4/O4_single_fullk_K100_seed2_500k_20260415_152655,,,Job run at Fri Apr 17 at 06:15 on (x3209c0s1b1n0:ncpus=64) and te
current_cifar_paper,O4,single_P1_terminal,current_cifar_paper:cifar10:single_P1_terminal:seed2:h500000,7096202.polaris-pbs-01.hsn.cm.polaris.alcf.anl.gov,O4_single_fullk_K100_seed2_500k,cifar10,single_strict,1,terminal,100,500000,2,scheduler,completed,F,0,7096202.polaris-pbs-01.hsn.cm.polaris.alcf.anl.gov,2026-04-21T22:33:03Z,2026-04-23T05:44:40Z,2026-04-23T19:38:10Z,/eagle/lc-mpi/Zhiqing/polaris_ebm/runs_objective_first_followup/O4/O4_single_fullk_K100_seed2_500k_retry_20260421_223303,/eagle/lc-mpi/Zhiqing/polaris_ebm/runs_objective_first_followup/O4/O4_single_fullk_K100_seed2_500k_retry_20260421_223303/checkpoints/ckpt_step99999.pt,500000,Job run at Thu Apr 23 at 05:44 on (x3212c0s7b1n0:ncpus=64) and fi
current_cifar_paper,O4,single_P1_terminal,current_cifar_paper:cifar10:single_P1_terminal:seed3:h500000,7090269.polaris-pbs-01.hsn.cm.polaris.alcf.anl.gov,O4_single_fullk_K100_seed3_500k,cifar10,single_strict,1,terminal,100,500000,3,scheduler,completed,F,0,7090269.polaris-pbs-01.hsn.cm.polaris.alcf.anl.gov,2026-04-15T15:26:55Z,2026-04-20T15:39:53Z,2026-04-21T05:29:38Z,/eagle/lc-mpi/Zhiqing/polaris_ebm/runs_objective_first_followup/O4/O4_single_fullk_K100_seed3_500k_20260415_152655,/eagle/lc-mpi/Zhiqing/polaris_ebm/runs_objective_first_followup/O4/O4_single_fullk_K100_seed3_500k_20260415_152655/checkpoints/ckpt_step99999.pt,500000,Job run at Mon Apr 20 at 15:39 on (x3212c0s25b0n0:ncpus=64) and f
current_cifar_paper,O4,single_P2_deepest,current_cifar_paper:cifar10:single_P2_deepest:seed1:h500000,7066260.polaris-pbs-01.hsn.cm.polaris.alcf.anl.gov,O4_single_pipe_emul_P2_deep_K100_seed1_500k,cifar10,single_emulation,2,deepest,100,500000,1,scheduler,completed,,,7066260.polaris-pbs-01.hsn.cm.polaris.alcf.anl.gov,2026-04-09T13:26:33Z,2026-04-12T09:05:43Z,2026-04-12T23:10:33Z,/eagle/lc-mpi/Zhiqing/polaris_ebm/runs_objective_first_followup/O4/O4_single_pipe_emul_P2_deep_K100_seed1_500k_20260409_132633,/eagle/lc-mpi/Zhiqing/polaris_ebm/runs_objective_first_followup/O4/O4_single_pipe_emul_P2_deep_K100_seed1_500k_20260409_132633/checkpoints/ckpt_step99999.pt,500000,
current_cifar_paper,O4,single_P2_deepest,current_cifar_paper:cifar10:single_P2_deepest:seed2:h500000,7088062.polaris-pbs-01.hsn.cm.polaris.alcf.anl.gov,O4_single_pipe_emul_P2_deep_K100_seed2_500k,cifar10,single_emulation,2,deepest,100,500000,2,scheduler,failed,F,143,7088062.polaris-pbs-01.hsn.cm.polaris.alcf.anl.gov,,2026-04-14T23:33:35Z,,/eagle/lc-mpi/Zhiqing/polaris_ebm/runs_objective_first_followup/O4/O4_single_pipe_emul_P2_deep_K100_seed2_500k_20260412_143208,/eagle/lc-mpi/Zhiqing/polaris_ebm/runs_objective_first_followup/O4/O4_single_pipe_emul_P2_deep_K100_seed2_500k_20260412_143208/checkpoints/ckpt_step9999.pt,,Job run at Tue Apr 14 at 23:33 on (x3212c0s25b0n0:ncpus=64) and t
current_cifar_paper,O4,single_P2_deepest,current_cifar_paper:cifar10:single_P2_deepest:seed2:h500000,7090257.polaris-pbs-01.hsn.cm.polaris.alcf.anl.gov,O4_single_pipe_emul_P2_deep_K100_seed2_500k,cifar10,single_emulation,2,deepest,100,500000,2,scheduler,completed,F,0,7090257.polaris-pbs-01.hsn.cm.polaris.alcf.anl.gov,2026-04-15T15:26:38Z,2026-04-16T01:05:53Z,2026-04-16T14:40:43Z,/eagle/lc-mpi/Zhiqing/polaris_ebm/runs_objective_first_followup/O4/O4_single_pipe_emul_P2_deep_K100_seed2_500k_resume_20260415_152638,/eagle/lc-mpi/Zhiqing/polaris_ebm/runs_objective_first_followup/O4/O4_single_pipe_emul_P2_deep_K100_seed2_500k_resume_20260415_152638/checkpoints/ckpt_step99999.pt,500000,Job run at Thu Apr 16 at 01:05 on (x3211c0s37b0n0:ncpus=64) and f
current_cifar_paper,O4,single_P2_deepest,current_cifar_paper:cifar10:single_P2_deepest:seed3:h500000,7088063.polaris-pbs-01.hsn.cm.polaris.alcf.anl.gov,O4_single_pipe_emul_P2_deep_K100_seed3_500k,cifar10,single_emulation,2,deepest,100,500000,3,scheduler,completed,F,0,7088063.polaris-pbs-01.hsn.cm.polaris.alcf.anl.gov,2026-04-12T14:32:08Z,2026-04-15T07:27:52Z,2026-04-15T21:32:15Z,/eagle/lc-mpi/Zhiqing/polaris_ebm/runs_objective_first_followup/O4/O4_single_pipe_emul_P2_deep_K100_seed3_500k_20260412_143208,/eagle/lc-mpi/Zhiqing/polaris_ebm/runs_objective_first_followup/O4/O4_single_pipe_emul_P2_deep_K100_seed3_500k_20260412_143208/checkpoints/ckpt_step99999.pt,500000,Job run at Wed Apr 15 at 07:27 on (x3210c0s37b0n0:ncpus=64) and f
current_cifar_paper,O4,single_P2_equal,current_cifar_paper:cifar10:single_P2_equal:seed1:h500000,7066261.polaris-pbs-01.hsn.cm.polaris.alcf.anl.gov,O4_single_pipe_emul_P2_uniform_K100_seed1_500k,cifar10,single_emulation,2,equal,100,500000,1,scheduler,completed,,,7066261.polaris-pbs-01.hsn.cm.polaris.alcf.anl.gov,2026-04-09T13:26:33Z,2026-04-12T10:02:09Z,2026-04-13T00:12:46Z,/eagle/lc-mpi/Zhiqing/polaris_ebm/runs_objective_first_followup/O4/O4_single_pipe_emul_P2_uniform_K100_seed1_500k_20260409_132633,/eagle/lc-mpi/Zhiqing/polaris_ebm/runs_objective_first_followup/O4/O4_single_pipe_emul_P2_uniform_K100_seed1_500k_20260409_132633/checkpoints/ckpt_step99999.pt,500000,
current_cifar_paper,O4,single_P2_equal,current_cifar_paper:cifar10:single_P2_equal:seed2:h500000,7088064.polaris-pbs-01.hsn.cm.polaris.alcf.anl.gov,O4_single_pipe_emul_P2_uniform_K100_seed2_500k,cifar10,single_emulation,2,equal,100,500000,2,scheduler,completed,F,0,7088064.polaris-pbs-01.hsn.cm.polaris.alcf.anl.gov,2026-04-12T14:32:08Z,2026-04-15T07:27:52Z,2026-04-15T21:35:06Z,/eagle/lc-mpi/Zhiqing/polaris_ebm/runs_objective_first_followup/O4/O4_single_pipe_emul_P2_uniform_K100_seed2_500k_20260412_143208,/eagle/lc-mpi/Zhiqing/polaris_ebm/runs_objective_first_followup/O4/O4_single_pipe_emul_P2_uniform_K100_seed2_500k_20260412_143208/checkpoints/ckpt_step99999.pt,500000,Job run at Wed Apr 15 at 07:27 on (x3211c0s7b1n0:ncpus=64) and fi
current_cifar_paper,O4,single_P2_equal,current_cifar_paper:cifar10:single_P2_equal:seed3:h500000,7088065.polaris-pbs-01.hsn.cm.polaris.alcf.anl.gov,O4_single_pipe_emul_P2_uniform_K100_seed3_500k,cifar10,single_emulation,2,equal,100,500000,3,scheduler,completed,F,0,7088065.polaris-pbs-01.hsn.cm.polaris.alcf.anl.gov,2026-04-12T14:32:08Z,2026-04-15T10:02:10Z,2026-04-16T00:07:23Z,/eagle/lc-mpi/Zhiqing/polaris_ebm/runs_objective_first_followup/O4/O4_single_pipe_emul_P2_uniform_K100_seed3_500k_20260412_143208,/eagle/lc-mpi/Zhiqing/polaris_ebm/runs_objective_first_followup/O4/O4_single_pipe_emul_P2_uniform_K100_seed3_500k_20260412_143208/checkpoints/ckpt_step99999.pt,500000,Job run at Wed Apr 15 at 10:02 on (x3209c0s25b1n0:ncpus=64) and f
current_cifar_paper,O5,ddp_P1_terminal_K100,current_cifar_paper:cifar10:ddp_P1_terminal_K100:seed1:h300000,7090275.polaris-pbs-01.hsn.cm.polaris.alcf.anl.gov,O5_ddp_fullk_K100_seed1_300k,cifar10,ddp_strict,1,terminal,100,300000,1,scheduler,completed,F,0,7090275.polaris-pbs-01.hsn.cm.polaris.alcf.anl.gov,,2026-04-16T22:20:15Z,2026-04-17T06:44:22Z,/eagle/lc-mpi/Zhiqing/polaris_ebm/runs_objective_first_followup/O5/O5_ddp_fullk_K100_seed1_300k_20260415_152820,/eagle/lc-mpi/Zhiqing/polaris_ebm/runs_objective_first_followup/O5/O5_ddp_fullk_K100_seed1_300k_20260415_152820/checkpoints/ckpt_step99999.pt,300000,Job run at Thu Apr 16 at 22:20 on (x3212c0s25b1n0:ncpus=64) and f
current_cifar_paper,O5,ddp_P1_terminal_K100,current_cifar_paper:cifar10:ddp_P1_terminal_K100:seed1:h300000,7091889.polaris-pbs-01.hsn.cm.polaris.alcf.anl.gov,O5_ddp_fullk_K100_seed1_300k,cifar10,ddp_strict,1,terminal,100,300000,1,scheduler,completed,F,0,7091889.polaris-pbs-01.hsn.cm.polaris.alcf.anl.gov,2026-04-16T18:40:21Z,2026-04-21T01:49:08Z,2026-04-21T10:13:22Z,/eagle/lc-mpi/Zhiqing/polaris_ebm/runs_objective_first_followup/O5/O5_ddp_fullk_K100_seed1_300k_20260416_184021,/eagle/lc-mpi/Zhiqing/polaris_ebm/runs_objective_first_followup/O5/O5_ddp_fullk_K100_seed1_300k_20260416_184021/checkpoints/ckpt_step99999.pt,300000,Job run at Tue Apr 21 at 01:49 on (x3212c0s1b0n0:ncpus=64) and fi
current_cifar_paper,O5,ddp_P1_terminal_K25,current_cifar_paper:cifar10:ddp_P1_terminal_K25:seed1:h300000,7090273.polaris-pbs-01.hsn.cm.polaris.alcf.anl.gov,O5_ddp_fullk_K25_seed1_300k,cifar10,ddp_strict,1,terminal,25,300000,1,scheduler,failed,F,143,7090273.polaris-pbs-01.hsn.cm.polaris.alcf.anl.gov,,2026-04-18T22:45:56Z,,/eagle/lc-mpi/Zhiqing/polaris_ebm/runs_objective_first_followup/O5/O5_ddp_fullk_K25_seed1_300k_20260415_152820,/eagle/lc-mpi/Zhiqing/polaris_ebm/runs_objective_first_followup/O5/O5_ddp_fullk_K25_seed1_300k_20260415_152820/checkpoints/ckpt_step9999.pt,,Job run at Sat Apr 18 at 22:45 on (x3211c0s1b1n0:ncpus=64) and te
current_cifar_paper,O5,ddp_P1_terminal_K25,current_cifar_paper:cifar10:ddp_P1_terminal_K25:seed1:h300000,7091887.polaris-pbs-01.hsn.cm.polaris.alcf.anl.gov,O5_ddp_fullk_K25_seed1_300k,cifar10,ddp_strict,1,terminal,25,300000,1,scheduler,completed,F,0,7091887.polaris-pbs-01.hsn.cm.polaris.alcf.anl.gov,2026-04-16T18:40:21Z,2026-04-19T06:36:35Z,2026-04-19T10:09:36Z,/eagle/lc-mpi/Zhiqing/polaris_ebm/runs_objective_first_followup/O5/O5_ddp_fullk_K25_seed1_300k_20260416_184021,/eagle/lc-mpi/Zhiqing/polaris_ebm/runs_objective_first_followup/O5/O5_ddp_fullk_K25_seed1_300k_20260416_184021/checkpoints/ckpt_step99999.pt,300000,Job run at Sun Apr 19 at 06:36 on (x3212c0s37b0n0:ncpus=64) and f
current_cifar_paper,O5,ddp_P1_terminal_K50,current_cifar_paper:cifar10:ddp_P1_terminal_K50:seed1:h300000,7090274.polaris-pbs-01.hsn.cm.polaris.alcf.anl.gov,O5_ddp_fullk_K50_seed1_300k,cifar10,ddp_strict,1,terminal,50,300000,1,scheduler,completed,F,0,7090274.polaris-pbs-01.hsn.cm.polaris.alcf.anl.gov,,2026-04-20T19:02:40Z,2026-04-21T00:14:18Z,/eagle/lc-mpi/Zhiqing/polaris_ebm/runs_objective_first_followup/O5/O5_ddp_fullk_K50_seed1_300k_20260415_152820,/eagle/lc-mpi/Zhiqing/polaris_ebm/runs_objective_first_followup/O5/O5_ddp_fullk_K50_seed1_300k_20260415_152820/checkpoints/ckpt_step99999.pt,,Job run at Mon Apr 20 at 19:02 on (x3211c0s31b0n0:ncpus=64) and f
current_cifar_paper,O5,ddp_P1_terminal_K50,current_cifar_paper:cifar10:ddp_P1_terminal_K50:seed1:h300000,7091888.polaris-pbs-01.hsn.cm.polaris.alcf.anl.gov,O5_ddp_fullk_K50_seed1_300k,cifar10,ddp_strict,1,terminal,50,300000,1,scheduler,completed,F,0,7091888.polaris-pbs-01.hsn.cm.polaris.alcf.anl.gov,2026-04-16T18:40:21Z,2026-04-21T00:33:53Z,2026-04-21T05:44:47Z,/eagle/lc-mpi/Zhiqing/polaris_ebm/runs_objective_first_followup/O5/O5_ddp_fullk_K50_seed1_300k_20260416_184021,/eagle/lc-mpi/Zhiqing/polaris_ebm/runs_objective_first_followup/O5/O5_ddp_fullk_K50_seed1_300k_20260416_184021/checkpoints/ckpt_step99999.pt,300000,Job run at Tue Apr 21 at 00:33 on (x3211c0s25b0n0:ncpus=64) and f
current_cifar_paper,O5,pipe_P4_deepest_K100,current_cifar_paper:cifar10:pipe_P4_deepest_K100:seed1:h300000,7092696.polaris-pbs-01.hsn.cm.polaris.alcf.anl.gov,O5_pipe_strict_P4_deep_K100_seed1_300k,cifar10,strict_pipeline,4,deepest,100,300000,1,scheduler,failed,F,143,7092696.polaris-pbs-01.hsn.cm.polaris.alcf.anl.gov,,2026-04-20T02:36:16Z,,/eagle/lc-mpi/Zhiqing/polaris_ebm/runs_objective_first_followup/O5/O5_pipe_strict_P4_deep_K100_seed1_300k_20260417_134848,/eagle/lc-mpi/Zhiqing/polaris_ebm/runs_objective_first_followup/O5/O5_pipe_strict_P4_deep_K100_seed1_300k_20260417_134848/checkpoints/ckpt_step9999.pt,,Job run at Mon Apr 20 at 02:36 on (x3211c0s7b0n0:ncpus=64) and te
current_cifar_paper,O5,pipe_P4_deepest_K100,current_cifar_paper:cifar10:pipe_P4_deepest_K100:seed1:h300000,7096203.polaris-pbs-01.hsn.cm.polaris.alcf.anl.gov,O5_pipe_strict_P4_deep_K100_seed1_300k,cifar10,strict_pipeline,4,deepest,100,300000,1,scheduler,completed,F,0,7096203.polaris-pbs-01.hsn.cm.polaris.alcf.anl.gov,2026-04-21T22:33:03Z,2026-04-23T05:51:30Z,2026-04-23T08:49:52Z,/eagle/lc-mpi/Zhiqing/polaris_ebm/runs_objective_first_followup/O5/O5_pipe_strict_P4_deep_K100_seed1_300k_resume_20260421_223303,/eagle/lc-mpi/Zhiqing/polaris_ebm/runs_objective_first_followup/O5/O5_pipe_strict_P4_deep_K100_seed1_300k_resume_20260421_223303/checkpoints/ckpt_step99999.pt,300000,Job run at Thu Apr 23 at 05:51 on (x3210c0s37b0n0:ncpus=64) and f
current_cifar_paper,O5,pipe_P4_equal_K100,current_cifar_paper:cifar10:pipe_P4_equal_K100:seed1:h300000,7091890.polaris-pbs-01.hsn.cm.polaris.alcf.anl.gov,O5_pipe_strict_P4_uniform_K100_seed1_300k,cifar10,strict_pipeline,4,equal,100,300000,1,scheduler,completed,F,0,7091890.polaris-pbs-01.hsn.cm.polaris.alcf.anl.gov,2026-04-16T18:40:21Z,2026-04-17T15:16:16Z,2026-04-17T18:52:22Z,/eagle/lc-mpi/Zhiqing/polaris_ebm/runs_objective_first_followup/O5/O5_pipe_strict_P4_uniform_K100_seed1_300k_20260416_184021,/eagle/lc-mpi/Zhiqing/polaris_ebm/runs_objective_first_followup/O5/O5_pipe_strict_P4_uniform_K100_seed1_300k_20260416_184021/checkpoints/ckpt_step99999.pt,300000,Job run at Fri Apr 17 at 15:16 on (x3212c0s25b1n0:ncpus=64) and f
external_benchmark,PhaseA,ddp_P1_terminal,external_benchmark:imagenet32:ddp_P1_terminal:seed1:h1000,6986200.polaris-pbs-01.hsn.cm.polaris.alcf.anl.gov,imagenet32_ddp_strict_k100_s1k,imagenet32,ddp_strict,1,terminal,100,1000,1,scheduler,completed,,,6986200.polaris-pbs-01.hsn.cm.polaris.alcf.anl.gov,2026-04-03T02:14:41Z,2026-04-04T04:28:15Z,2026-04-04T04:36:03Z,/eagle/lc-mpi/Zhiqing/polaris_ebm/runs_imagenet32_phasea/PhaseA/imagenet32_ddp_strict_k100_s1k_20260403_021545,/eagle/lc-mpi/Zhiqing/polaris_ebm/runs_imagenet32_phasea/PhaseA/imagenet32_ddp_strict_k100_s1k_20260403_021545/checkpoints/ckpt_step999.pt,,
external_benchmark,PhaseA,ddp_P1_terminal,external_benchmark:imagenet32:ddp_P1_terminal:seed1:h5000,6986203.polaris-pbs-01.hsn.cm.polaris.alcf.anl.gov,imagenet32_ddp_strict_k100_s5k,imagenet32,ddp_strict,1,terminal,100,5000,1,scheduler,completed,,,6986203.polaris-pbs-01.hsn.cm.polaris.alcf.anl.gov,2026-04-03T02:14:41Z,2026-04-04T09:55:28Z,2026-04-04T10:30:38Z,/eagle/lc-mpi/Zhiqing/polaris_ebm/runs_imagenet32_phasea/PhaseA/imagenet32_ddp_strict_k100_s5k_20260403_021545,/eagle/lc-mpi/Zhiqing/polaris_ebm/runs_imagenet32_phasea/PhaseA/imagenet32_ddp_strict_k100_s5k_20260403_021545/checkpoints/ckpt_step999.pt,,
external_benchmark,PhaseA,ddp_P1_terminal,external_benchmark:imagenet32:ddp_P1_terminal:seed1:h20000,6986206.polaris-pbs-01.hsn.cm.polaris.alcf.anl.gov,imagenet32_ddp_strict_k100_s20k,imagenet32,ddp_strict,1,terminal,100,20000,1,scheduler,completed,,,6986206.polaris-pbs-01.hsn.cm.polaris.alcf.anl.gov,2026-04-03T02:14:41Z,2026-04-04T19:09:40Z,2026-04-04T20:40:25Z,/eagle/lc-mpi/Zhiqing/polaris_ebm/runs_imagenet32_phasea/PhaseA/imagenet32_ddp_strict_k100_s20k_20260403_021545,/eagle/lc-mpi/Zhiqing/polaris_ebm/runs_imagenet32_phasea/PhaseA/imagenet32_ddp_strict_k100_s20k_20260403_021545/checkpoints/ckpt_step9999.pt,,
external_benchmark,PhaseA,pipe_P4_late_stage_beta_0.01,external_benchmark:imagenet32:pipe_P4_late_stage_beta_0.01:seed1:h1000,6986201.polaris-pbs-01.hsn.cm.polaris.alcf.anl.gov,imagenet32_pipeline_strict_p4_k100_s1k,imagenet32,strict_pipeline,4,late_stage_beta_0.01,100,1000,1,scheduler,completed,,,6986201.polaris-pbs-01.hsn.cm.polaris.alcf.anl.gov,2026-04-03T02:14:41Z,2026-04-04T05:13:13Z,2026-04-04T05:19:21Z,/eagle/lc-mpi/Zhiqing/polaris_ebm/runs_imagenet32_phasea/PhaseA/imagenet32_pipeline_strict_p4_k100_s1k_20260403_021545,/eagle/lc-mpi/Zhiqing/polaris_ebm/runs_imagenet32_phasea/PhaseA/imagenet32_pipeline_strict_p4_k100_s1k_20260403_021545/checkpoints/ckpt_step999.pt,,
external_benchmark,PhaseA,pipe_P4_late_stage_beta_0.01,external_benchmark:imagenet32:pipe_P4_late_stage_beta_0.01:seed1:h5000,6986204.polaris-pbs-01.hsn.cm.polaris.alcf.anl.gov,imagenet32_pipeline_strict_p4_k100_s5k,imagenet32,strict_pipeline,4,late_stage_beta_0.01,100,5000,1,scheduler,completed,,,6986204.polaris-pbs-01.hsn.cm.polaris.alcf.anl.gov,2026-04-03T02:14:41Z,2026-04-04T18:51:18Z,2026-04-04T19:17:54Z,/eagle/lc-mpi/Zhiqing/polaris_ebm/runs_imagenet32_phasea/PhaseA/imagenet32_pipeline_strict_p4_k100_s5k_20260403_021545,/eagle/lc-mpi/Zhiqing/polaris_ebm/runs_imagenet32_phasea/PhaseA/imagenet32_pipeline_strict_p4_k100_s5k_20260403_021545/checkpoints/ckpt_step999.pt,,
external_benchmark,PhaseA,pipe_P4_late_stage_beta_0.01,external_benchmark:imagenet32:pipe_P4_late_stage_beta_0.01:seed1:h20000,6986207.polaris-pbs-01.hsn.cm.polaris.alcf.anl.gov,imagenet32_pipeline_strict_p4_k100_s20k,imagenet32,strict_pipeline,4,late_stage_beta_0.01,100,20000,1,scheduler,completed,,,6986207.polaris-pbs-01.hsn.cm.polaris.alcf.anl.gov,2026-04-03T02:14:41Z,2026-04-04T19:09:40Z,2026-04-04T20:40:25Z,/eagle/lc-mpi/Zhiqing/polaris_ebm/runs_imagenet32_phasea/PhaseA/imagenet32_pipeline_strict_p4_k100_s20k_20260403_021545,/eagle/lc-mpi/Zhiqing/polaris_ebm/runs_imagenet32_phasea/PhaseA/imagenet32_pipeline_strict_p4_k100_s20k_20260403_021545/checkpoints/ckpt_step9999.pt,,
external_benchmark,PhaseA,single_P1_terminal,external_benchmark:imagenet32:single_P1_terminal:seed1:h1000,6986199.polaris-pbs-01.hsn.cm.polaris.alcf.anl.gov,imagenet32_single_strict_k100_s1k,imagenet32,single_strict,1,terminal,100,1000,1,scheduler,completed,,,6986199.polaris-pbs-01.hsn.cm.polaris.alcf.anl.gov,2026-04-03T02:14:41Z,2026-04-04T05:12:16Z,2026-04-04T05:32:41Z,/eagle/lc-mpi/Zhiqing/polaris_ebm/runs_imagenet32_phasea/PhaseA/imagenet32_single_strict_k100_s1k_20260403_021545,/eagle/lc-mpi/Zhiqing/polaris_ebm/runs_imagenet32_phasea/PhaseA/imagenet32_single_strict_k100_s1k_20260403_021545/checkpoints/ckpt_step999.pt,,
external_benchmark,PhaseA,single_P1_terminal,external_benchmark:imagenet32:single_P1_terminal:seed1:h5000,6986202.polaris-pbs-01.hsn.cm.polaris.alcf.anl.gov,imagenet32_single_strict_k100_s5k,imagenet32,single_strict,1,terminal,100,5000,1,scheduler,completed,,,6986202.polaris-pbs-01.hsn.cm.polaris.alcf.anl.gov,2026-04-03T02:14:41Z,2026-04-04T18:51:18Z,2026-04-04T20:19:41Z,/eagle/lc-mpi/Zhiqing/polaris_ebm/runs_imagenet32_phasea/PhaseA/imagenet32_single_strict_k100_s5k_20260403_021545,/eagle/lc-mpi/Zhiqing/polaris_ebm/runs_imagenet32_phasea/PhaseA/imagenet32_single_strict_k100_s5k_20260403_021545/checkpoints/ckpt_step999.pt,,
external_benchmark,PhaseA,single_P1_terminal,external_benchmark:imagenet32:single_P1_terminal:seed1:h20000,6986205.polaris-pbs-01.hsn.cm.polaris.alcf.anl.gov,imagenet32_single_strict_k100_s20k,imagenet32,single_strict,1,terminal,100,20000,1,scheduler,completed,,,6986205.polaris-pbs-01.hsn.cm.polaris.alcf.anl.gov,2026-04-03T02:14:41Z,2026-04-04T18:51:18Z,2026-04-05T01:51:36Z,/eagle/lc-mpi/Zhiqing/polaris_ebm/runs_imagenet32_phasea/PhaseA/imagenet32_single_strict_k100_s20k_20260403_021545,/eagle/lc-mpi/Zhiqing/polaris_ebm/runs_imagenet32_phasea/PhaseA/imagenet32_single_strict_k100_s20k_20260403_021545/checkpoints/ckpt_step9999.pt,,
historical_exploratory,A1,single_P1_terminal,historical_exploratory:phase1_screening:A1_single_fullk_k100_s20k:single_P1_terminal:seed1:h20000,6979879.polaris-pbs*,A1_single_fullk_k100_s20k,cifar10,single_strict,1,terminal,100,20000,1,scheduler,missing,,,6979879.polaris-pbs*,2026-03-29T04:06:31Z,,,/eagle/lc-mpi/Zhiqing/polaris_ebm/runs_ablation/A1/A1_single_fullk_k100_s20k_20260329_040631,/eagle/lc-mpi/Zhiqing/polaris_ebm/runs_ablation/A1/A1_single_fullk_k100_s20k_20260329_040631/checkpoints/ckpt_step9999.pt,10000,
historical_exploratory,A1,single_P1_terminal,historical_exploratory:phase1_screening:A1_single_fullk_k100_s20k:single_P1_terminal:seed1:h20000,6979879.polaris-pbs-01.hsn.cm.polaris.alcf.anl.gov,A1_single_fullk_k100_s20k,cifar10,single_strict,1,terminal,100,20000,1,scheduler,completed,,,6979879.polaris-pbs-01.hsn.cm.polaris.alcf.anl.gov,,2026-03-29T04:42:50Z,2026-03-29T05:13:45Z,/eagle/lc-mpi/Zhiqing/polaris_ebm/runs_ablation/A1/A1_single_fullk_k100_s20k_20260329_040631,/eagle/lc-mpi/Zhiqing/polaris_ebm/runs_ablation/A1/A1_single_fullk_k100_s20k_20260329_040631/checkpoints/ckpt_step9999.pt,10000,
historical_exploratory,A1,single_P4_deepest,historical_exploratory:phase1_screening:A1_single_pipe_deep_p4_k100_s20k:single_P4_deepest:seed1:h20000,6979883.polaris-pbs*,A1_single_pipe_deep_p4_k100_s20k,cifar10,single_emulation,4,deepest,100,20000,1,scheduler,missing,,,6979883.polaris-pbs*,2026-03-29T04:06:31Z,,,/eagle/lc-mpi/Zhiqing/polaris_ebm/runs_ablation/A1/A1_single_pipe_deep_p4_k100_s20k_20260329_040631,/eagle/lc-mpi/Zhiqing/polaris_ebm/runs_ablation/A1/A1_single_pipe_deep_p4_k100_s20k_20260329_040631/checkpoints/ckpt_step9999.pt,10000,
historical_exploratory,A1,single_P4_deepest,historical_exploratory:phase1_screening:A1_single_pipe_deep_p4_k100_s20k:single_P4_deepest:seed1:h20000,6979883.polaris-pbs-01.hsn.cm.polaris.alcf.anl.gov,A1_single_pipe_deep_p4_k100_s20k,cifar10,single_emulation,4,deepest,100,20000,1,scheduler,completed,,,6979883.polaris-pbs-01.hsn.cm.polaris.alcf.anl.gov,,2026-03-29T05:23:08Z,2026-03-29T05:55:09Z,/eagle/lc-mpi/Zhiqing/polaris_ebm/runs_ablation/A1/A1_single_pipe_deep_p4_k100_s20k_20260329_040631,/eagle/lc-mpi/Zhiqing/polaris_ebm/runs_ablation/A1/A1_single_pipe_deep_p4_k100_s20k_20260329_040631/checkpoints/ckpt_step9999.pt,10000,
historical_exploratory,A1,single_P4_equal,historical_exploratory:phase1_screening:A1_single_pipe_uniform_p4_k100_s20k:single_P4_equal:seed1:h20000,6979881.polaris-pbs*,A1_single_pipe_uniform_p4_k100_s20k,cifar10,single_emulation,4,equal,100,20000,1,scheduler,missing,,,6979881.polaris-pbs*,2026-03-29T04:06:31Z,,,/eagle/lc-mpi/Zhiqing/polaris_ebm/runs_ablation/A1/A1_single_pipe_uniform_p4_k100_s20k_20260329_040631,/eagle/lc-mpi/Zhiqing/polaris_ebm/runs_ablation/A1/A1_single_pipe_uniform_p4_k100_s20k_20260329_040631/checkpoints/ckpt_step9999.pt,10000,
historical_exploratory,A1,single_P4_equal,historical_exploratory:phase1_screening:A1_single_pipe_uniform_p4_k100_s20k:single_P4_equal:seed1:h20000,6979881.polaris-pbs-01.hsn.cm.polaris.alcf.anl.gov,A1_single_pipe_uniform_p4_k100_s20k,cifar10,single_emulation,4,equal,100,20000,1,scheduler,completed,,,6979881.polaris-pbs-01.hsn.cm.polaris.alcf.anl.gov,,2026-03-29T05:13:55Z,2026-03-29T05:45:42Z,/eagle/lc-mpi/Zhiqing/polaris_ebm/runs_ablation/A1/A1_single_pipe_uniform_p4_k100_s20k_20260329_040631,/eagle/lc-mpi/Zhiqing/polaris_ebm/runs_ablation/A1/A1_single_pipe_uniform_p4_k100_s20k_20260329_040631/checkpoints/ckpt_step9999.pt,10000,
historical_exploratory,A1,single_P4_late_stage_beta_0.01,historical_exploratory:phase1_screening:A1_single_pipe_last2b001_p4_k100_s20k:single_P4_late_stage_beta_0.01:seed1:h20000,6979885.polaris-pbs*,A1_single_pipe_last2b001_p4_k100_s20k,cifar10,single_emulation,4,late_stage_beta_0.01,100,20000,1,scheduler,missing,,,6979885.polaris-pbs*,2026-03-29T04:06:31Z,,,/eagle/lc-mpi/Zhiqing/polaris_ebm/runs_ablation/A1/A1_single_pipe_last2b001_p4_k100_s20k_20260329_040631,/eagle/lc-mpi/Zhiqing/polaris_ebm/runs_ablation/A1/A1_single_pipe_last2b001_p4_k100_s20k_20260329_040631/checkpoints/ckpt_step9999.pt,10000,
historical_exploratory,A1,single_P4_late_stage_beta_0.01,historical_exploratory:phase1_screening:A1_single_pipe_last2b001_p4_k100_s20k:single_P4_late_stage_beta_0.01:seed1:h20000,6979885.polaris-pbs-01.hsn.cm.polaris.alcf.anl.gov,A1_single_pipe_last2b001_p4_k100_s20k,cifar10,single_emulation,4,late_stage_beta_0.01,100,20000,1,scheduler,completed,,,6979885.polaris-pbs-01.hsn.cm.polaris.alcf.anl.gov,,2026-03-29T08:24:25Z,2026-03-29T08:56:23Z,/eagle/lc-mpi/Zhiqing/polaris_ebm/runs_ablation/A1/A1_single_pipe_last2b001_p4_k100_s20k_20260329_040631,/eagle/lc-mpi/Zhiqing/polaris_ebm/runs_ablation/A1/A1_single_pipe_last2b001_p4_k100_s20k_20260329_040631/checkpoints/ckpt_step9999.pt,10000,
historical_exploratory,A2,pipe_P2_equal,historical_exploratory:phase1_screening:A2_pipe_uniform_p2_k100_s20k:pipe_P2_equal:seed1:h20000,6980018.polaris-pbs-01.hsn.cm.polaris.alcf.anl.gov,A2_pipe_uniform_p2_k100_s20k,cifar10,strict_pipeline,2,equal,100,20000,1,scheduler,completed,,,6980018.polaris-pbs-01.hsn.cm.polaris.alcf.anl.gov,2026-03-29T14:50:53Z,2026-03-29T14:51:01Z,2026-03-29T15:11:01Z,/eagle/lc-mpi/Zhiqing/polaris_ebm/runs_ablation/A2/A2_pipe_uniform_p2_k100_s20k_20260329_145053,/eagle/lc-mpi/Zhiqing/polaris_ebm/runs_ablation/A2/A2_pipe_uniform_p2_k100_s20k_20260329_145053/checkpoints/ckpt_step9999.pt,10000,
historical_exploratory,A2,pipe_P2_late_stage_beta_0.01,historical_exploratory:phase1_screening:A2_pipe_last2b001_p2_k100_s20k:pipe_P2_late_stage_beta_0.01:seed1:h20000,6980024.polaris-pbs-01.hsn.cm.polaris.alcf.anl.gov,A2_pipe_last2b001_p2_k100_s20k,cifar10,strict_pipeline,2,late_stage_beta_0.01,100,20000,1,scheduler,completed,,,6980024.polaris-pbs-01.hsn.cm.polaris.alcf.anl.gov,2026-03-29T14:50:53Z,2026-03-29T14:51:03Z,2026-03-29T15:11:02Z,/eagle/lc-mpi/Zhiqing/polaris_ebm/runs_ablation/A2/A2_pipe_last2b001_p2_k100_s20k_20260329_145053,/eagle/lc-mpi/Zhiqing/polaris_ebm/runs_ablation/A2/A2_pipe_last2b001_p2_k100_s20k_20260329_145053/checkpoints/ckpt_step9999.pt,10000,
historical_exploratory,A2,pipe_P4_equal,historical_exploratory:phase1_screening:A2_pipe_uniform_p4_k100_s20k:pipe_P4_equal:seed1:h20000,6980020.polaris-pbs-01.hsn.cm.polaris.alcf.anl.gov,A2_pipe_uniform_p4_k100_s20k,cifar10,strict_pipeline,4,equal,100,20000,1,scheduler,completed,,,6980020.polaris-pbs-01.hsn.cm.polaris.alcf.anl.gov,2026-03-29T14:50:53Z,2026-03-29T14:51:01Z,2026-03-29T15:05:39Z,/eagle/lc-mpi/Zhiqing/polaris_ebm/runs_ablation/A2/A2_pipe_uniform_p4_k100_s20k_20260329_145053,/eagle/lc-mpi/Zhiqing/polaris_ebm/runs_ablation/A2/A2_pipe_uniform_p4_k100_s20k_20260329_145053/checkpoints/ckpt_step9999.pt,10000,
historical_exploratory,A2,pipe_P4_late_stage_beta_0.01,historical_exploratory:phase1_screening:A2_pipe_last2b001_p4_k100_s20k:pipe_P4_late_stage_beta_0.01:seed1:h20000,6980026.polaris-pbs-01.hsn.cm.polaris.alcf.anl.gov,A2_pipe_last2b001_p4_k100_s20k,cifar10,strict_pipeline,4,late_stage_beta_0.01,100,20000,1,scheduler,completed,,,6980026.polaris-pbs-01.hsn.cm.polaris.alcf.anl.gov,2026-03-29T14:50:53Z,2026-03-29T14:51:03Z,2026-03-29T15:06:05Z,/eagle/lc-mpi/Zhiqing/polaris_ebm/runs_ablation/A2/A2_pipe_last2b001_p4_k100_s20k_20260329_145053,/eagle/lc-mpi/Zhiqing/polaris_ebm/runs_ablation/A2/A2_pipe_last2b001_p4_k100_s20k_20260329_145053/checkpoints/ckpt_step9999.pt,10000,
historical_exploratory,A2,pipe_P8_equal,historical_exploratory:phase1_screening:A2_pipe_uniform_p8_k100_s20k:pipe_P8_equal:seed1:h20000,6980030.polaris-pbs-01.hsn.cm.polaris.alcf.anl.gov,A2_pipe_uniform_p8_k100_s20k,cifar10,strict_pipeline,8,equal,100,20000,1,scheduler,completed,,,6980030.polaris-pbs-01.hsn.cm.polaris.alcf.anl.gov,2026-03-29T14:53:26Z,2026-03-29T14:53:33Z,2026-03-29T16:13:23Z,/eagle/lc-mpi/Zhiqing/polaris_ebm/runs_ablation/A2/A2_pipe_uniform_p8_k100_s20k_20260329_145326,/eagle/lc-mpi/Zhiqing/polaris_ebm/runs_ablation/A2/A2_pipe_uniform_p8_k100_s20k_20260329_145326/checkpoints/ckpt_step9999.pt,10000,
historical_exploratory,A2,pipe_P8_late_stage_beta_0.01,historical_exploratory:phase1_screening:A2_pipe_last2b001_p8_k100_s20k:pipe_P8_late_stage_beta_0.01:seed1:h20000,6980032.polaris-pbs-01.hsn.cm.polaris.alcf.anl.gov,A2_pipe_last2b001_p8_k100_s20k,cifar10,strict_pipeline,8,late_stage_beta_0.01,100,20000,1,scheduler,completed,,,6980032.polaris-pbs-01.hsn.cm.polaris.alcf.anl.gov,2026-03-29T14:53:26Z,2026-03-29T14:53:34Z,2026-03-29T16:12:37Z,/eagle/lc-mpi/Zhiqing/polaris_ebm/runs_ablation/A2/A2_pipe_last2b001_p8_k100_s20k_20260329_145326,/eagle/lc-mpi/Zhiqing/polaris_ebm/runs_ablation/A2/A2_pipe_last2b001_p8_k100_s20k_20260329_145326/checkpoints/ckpt_step9999.pt,10000,
historical_exploratory,A3,ddp_P1_terminal,historical_exploratory:phase1_screening:A3_ddp_fullk_k100_s20k:ddp_P1_terminal:seed1:h20000,6980044.polaris-pbs-01.hsn.cm.polaris.alcf.anl.gov,A3_ddp_fullk_k100_s20k,cifar10,ddp_strict,0,terminal,100,20000,1,scheduler,completed,,,6980044.polaris-pbs-01.hsn.cm.polaris.alcf.anl.gov,2026-03-29T15:25:23Z,2026-03-29T15:25:30Z,2026-03-29T15:59:32Z,/eagle/lc-mpi/Zhiqing/polaris_ebm/runs_ablation/A3/A3_ddp_fullk_k100_s20k_20260329_152523,/eagle/lc-mpi/Zhiqing/polaris_ebm/runs_ablation/A3/A3_ddp_fullk_k100_s20k_20260329_152523/checkpoints/ckpt_step9999.pt,10000,
historical_exploratory,A3,ddp_P1_terminal_K150,historical_exploratory:phase1_screening:A3_ddp_fullk_k150_s20k:ddp_P1_terminal_K150:seed1:h20000,6980048.polaris-pbs-01.hsn.cm.polaris.alcf.anl.gov,A3_ddp_fullk_k150_s20k,cifar10,ddp_strict,0,terminal,150,20000,1,scheduler,completed,,,6980048.polaris-pbs-01.hsn.cm.polaris.alcf.anl.gov,2026-03-29T15:25:23Z,2026-03-29T15:25:32Z,2026-03-29T16:13:00Z,/eagle/lc-mpi/Zhiqing/polaris_ebm/runs_ablation/A3/A3_ddp_fullk_k150_s20k_20260329_152523,/eagle/lc-mpi/Zhiqing/polaris_ebm/runs_ablation/A3/A3_ddp_fullk_k150_s20k_20260329_152523/checkpoints/ckpt_step9999.pt,10000,
historical_exploratory,A3,ddp_P1_terminal_K200,historical_exploratory:phase1_screening:A3_ddp_fullk_k200_s20k:ddp_P1_terminal_K200:seed1:h20000,6980052.polaris-pbs-01.hsn.cm.polaris.alcf.anl.gov,A3_ddp_fullk_k200_s20k,cifar10,ddp_strict,0,terminal,200,20000,1,scheduler,completed,,,6980052.polaris-pbs-01.hsn.cm.polaris.alcf.anl.gov,2026-03-29T15:25:23Z,2026-03-29T15:32:28Z,2026-03-29T16:32:40Z,/eagle/lc-mpi/Zhiqing/polaris_ebm/runs_ablation/A3/A3_ddp_fullk_k200_s20k_20260329_152523,/eagle/lc-mpi/Zhiqing/polaris_ebm/runs_ablation/A3/A3_ddp_fullk_k200_s20k_20260329_152523/checkpoints/ckpt_step9999.pt,10000,
historical_exploratory,A3,ddp_P1_terminal_K30,historical_exploratory:phase1_screening:A3_ddp_fullk_k30_s20k:ddp_P1_terminal_K30:seed1:h20000,6980034.polaris-pbs-01.hsn.cm.polaris.alcf.anl.gov,A3_ddp_fullk_k30_s20k,cifar10,ddp_strict,0,terminal,30,20000,1,scheduler,completed,,,6980034.polaris-pbs-01.hsn.cm.polaris.alcf.anl.gov,2026-03-29T14:54:47Z,2026-03-29T15:05:50Z,2026-03-29T15:21:31Z,/eagle/lc-mpi/Zhiqing/polaris_ebm/runs_ablation/A3/A3_ddp_fullk_k30_s20k_20260329_145447,/eagle/lc-mpi/Zhiqing/polaris_ebm/runs_ablation/A3/A3_ddp_fullk_k30_s20k_20260329_145447/checkpoints/ckpt_step9999.pt,10000,
historical_exploratory,A3,ddp_P1_terminal_K400,historical_exploratory:phase1_screening:A3_ddp_fullk_k400_s20k:ddp_P1_terminal_K400:seed1:h20000,6980056.polaris-pbs-01.hsn.cm.polaris.alcf.anl.gov,A3_ddp_fullk_k400_s20k,cifar10,ddp_strict,0,terminal,400,20000,1,scheduler,completed,,,6980056.polaris-pbs-01.hsn.cm.polaris.alcf.anl.gov,2026-03-29T15:25:23Z,2026-03-29T15:35:07Z,2026-03-29T17:25:55Z,/eagle/lc-mpi/Zhiqing/polaris_ebm/runs_ablation/A3/A3_ddp_fullk_k400_s20k_20260329_152523,/eagle/lc-mpi/Zhiqing/polaris_ebm/runs_ablation/A3/A3_ddp_fullk_k400_s20k_20260329_152523/checkpoints/ckpt_step9999.pt,10000,
historical_exploratory,A3,ddp_P1_terminal_K60,historical_exploratory:phase1_screening:A3_ddp_fullk_k60_s20k:ddp_P1_terminal_K60:seed1:h20000,6980038.polaris-pbs-01.hsn.cm.polaris.alcf.anl.gov,A3_ddp_fullk_k60_s20k,cifar10,ddp_strict,0,terminal,60,20000,1,scheduler,completed,,,6980038.polaris-pbs-01.hsn.cm.polaris.alcf.anl.gov,2026-03-29T14:54:47Z,2026-03-29T15:11:12Z,2026-03-29T15:34:57Z,/eagle/lc-mpi/Zhiqing/polaris_ebm/runs_ablation/A3/A3_ddp_fullk_k60_s20k_20260329_145447,/eagle/lc-mpi/Zhiqing/polaris_ebm/runs_ablation/A3/A3_ddp_fullk_k60_s20k_20260329_145447/checkpoints/ckpt_step9999.pt,10000,
historical_exploratory,A3,pipe_P4_late_stage_beta_0.01,historical_exploratory:phase1_screening:A3_pipe_last2b001_p4_k100_s20k:pipe_P4_late_stage_beta_0.01:seed1:h20000,6980046.polaris-pbs-01.hsn.cm.polaris.alcf.anl.gov,A3_pipe_last2b001_p4_k100_s20k,cifar10,strict_pipeline,4,late_stage_beta_0.01,100,20000,1,scheduler,completed,,,6980046.polaris-pbs-01.hsn.cm.polaris.alcf.anl.gov,2026-03-29T15:25:23Z,2026-03-29T15:25:30Z,2026-03-29T15:40:16Z,/eagle/lc-mpi/Zhiqing/polaris_ebm/runs_ablation/A3/A3_pipe_last2b001_p4_k100_s20k_20260329_152523,/eagle/lc-mpi/Zhiqing/polaris_ebm/runs_ablation/A3/A3_pipe_last2b001_p4_k100_s20k_20260329_152523/checkpoints/ckpt_step9999.pt,10000,
historical_exploratory,A3,pipe_P4_late_stage_beta_0.01_K150,historical_exploratory:phase1_screening:A3_pipe_last2b001_p4_k150_s20k:pipe_P4_late_stage_beta_0.01_K150:seed1:h20000,6980050.polaris-pbs-01.hsn.cm.polaris.alcf.anl.gov,A3_pipe_last2b001_p4_k150_s20k,cifar10,strict_pipeline,4,late_stage_beta_0.01,150,20000,1,scheduler,completed,,,6980050.polaris-pbs-01.hsn.cm.polaris.alcf.anl.gov,2026-03-29T15:25:23Z,2026-03-29T15:32:28Z,2026-03-29T15:50:31Z,/eagle/lc-mpi/Zhiqing/polaris_ebm/runs_ablation/A3/A3_pipe_last2b001_p4_k150_s20k_20260329_152523,/eagle/lc-mpi/Zhiqing/polaris_ebm/runs_ablation/A3/A3_pipe_last2b001_p4_k150_s20k_20260329_152523/checkpoints/ckpt_step9999.pt,10000,
historical_exploratory,A3,pipe_P4_late_stage_beta_0.01_K200,historical_exploratory:phase1_screening:A3_pipe_last2b001_p4_k200_s20k:pipe_P4_late_stage_beta_0.01_K200:seed1:h20000,6980054.polaris-pbs-01.hsn.cm.polaris.alcf.anl.gov,A3_pipe_last2b001_p4_k200_s20k,cifar10,strict_pipeline,4,late_stage_beta_0.01,200,20000,1,scheduler,completed,,,6980054.polaris-pbs-01.hsn.cm.polaris.alcf.anl.gov,2026-03-29T15:25:23Z,2026-03-29T15:32:28Z,2026-03-29T15:53:49Z,/eagle/lc-mpi/Zhiqing/polaris_ebm/runs_ablation/A3/A3_pipe_last2b001_p4_k200_s20k_20260329_152523,/eagle/lc-mpi/Zhiqing/polaris_ebm/runs_ablation/A3/A3_pipe_last2b001_p4_k200_s20k_20260329_152523/checkpoints/ckpt_step9999.pt,10000,
historical_exploratory,A3,pipe_P4_late_stage_beta_0.01_K30,historical_exploratory:phase1_screening:A3_pipe_last2b001_p4_k30_s20k:pipe_P4_late_stage_beta_0.01_K30:seed1:h20000,6980036.polaris-pbs-01.hsn.cm.polaris.alcf.anl.gov,A3_pipe_last2b001_p4_k30_s20k,cifar10,strict_pipeline,4,late_stage_beta_0.01,30,20000,1,scheduler,completed,,,6980036.polaris-pbs-01.hsn.cm.polaris.alcf.anl.gov,2026-03-29T14:54:47Z,2026-03-29T15:06:15Z,2026-03-29T15:16:13Z,/eagle/lc-mpi/Zhiqing/polaris_ebm/runs_ablation/A3/A3_pipe_last2b001_p4_k30_s20k_20260329_145447,/eagle/lc-mpi/Zhiqing/polaris_ebm/runs_ablation/A3/A3_pipe_last2b001_p4_k30_s20k_20260329_145447/checkpoints/ckpt_step9999.pt,10000,
historical_exploratory,A3,pipe_P4_late_stage_beta_0.01_K400,historical_exploratory:phase1_screening:A3_pipe_last2b001_p4_k400_s20k:pipe_P4_late_stage_beta_0.01_K400:seed1:h20000,6980077.polaris-pbs-01.hsn.cm.polaris.alcf.anl.gov,A3_pipe_last2b001_p4_k400_s20k,cifar10,strict_pipeline,4,late_stage_beta_0.01,400,20000,1,scheduler,completed,,,6980077.polaris-pbs-01.hsn.cm.polaris.alcf.anl.gov,2026-03-29T16:02:21Z,2026-03-29T16:09:54Z,2026-03-29T16:44:05Z,/eagle/lc-mpi/Zhiqing/polaris_ebm/runs_ablation/A3/A3_pipe_last2b001_p4_k400_s20k_20260329_160221,/eagle/lc-mpi/Zhiqing/polaris_ebm/runs_ablation/A3/A3_pipe_last2b001_p4_k400_s20k_20260329_160221/checkpoints/ckpt_step9999.pt,10000,
historical_exploratory,A3,pipe_P4_late_stage_beta_0.01_K60,historical_exploratory:phase1_screening:A3_pipe_last2b001_p4_k60_s20k:pipe_P4_late_stage_beta_0.01_K60:seed1:h20000,6980040.polaris-pbs-01.hsn.cm.polaris.alcf.anl.gov,A3_pipe_last2b001_p4_k60_s20k,cifar10,strict_pipeline,4,late_stage_beta_0.01,60,20000,1,scheduler,completed,,,6980040.polaris-pbs-01.hsn.cm.polaris.alcf.anl.gov,2026-03-29T14:54:47Z,2026-03-29T15:11:13Z,2026-03-29T15:23:14Z,/eagle/lc-mpi/Zhiqing/polaris_ebm/runs_ablation/A3/A3_pipe_last2b001_p4_k60_s20k_20260329_145447,/eagle/lc-mpi/Zhiqing/polaris_ebm/runs_ablation/A3/A3_pipe_last2b001_p4_k60_s20k_20260329_145447/checkpoints/ckpt_step9999.pt,10000,
historical_exploratory,A4,ddp_P1_terminal,historical_exploratory:phase1_screening:A4_ddp_fullk_eps001_k100_s20k:ddp_P1_terminal:seed1:h20000,6980091.polaris-pbs-01.hsn.cm.polaris.alcf.anl.gov,A4_ddp_fullk_eps001_k100_s20k,cifar10,ddp_strict,0,terminal,100,20000,1,scheduler,completed,,,6980091.polaris-pbs-01.hsn.cm.polaris.alcf.anl.gov,2026-03-29T16:13:07Z,2026-03-29T16:14:26Z,2026-03-29T16:48:30Z,/eagle/lc-mpi/Zhiqing/polaris_ebm/runs_ablation/A4/A4_ddp_fullk_eps001_k100_s20k_20260329_161307,/eagle/lc-mpi/Zhiqing/polaris_ebm/runs_ablation/A4/A4_ddp_fullk_eps001_k100_s20k_20260329_161307/checkpoints/ckpt_step9999.pt,10000,
historical_exploratory,A4,ddp_P1_terminal,historical_exploratory:phase1_screening:A4_ddp_fullk_eps002_k100_s20k:ddp_P1_terminal:seed1:h20000,6980095.polaris-pbs-01.hsn.cm.polaris.alcf.anl.gov,A4_ddp_fullk_eps002_k100_s20k,cifar10,ddp_strict,0,terminal,100,20000,1,scheduler,completed,,,6980095.polaris-pbs-01.hsn.cm.polaris.alcf.anl.gov,2026-03-29T16:13:07Z,2026-03-29T16:29:21Z,2026-03-29T17:03:26Z,/eagle/lc-mpi/Zhiqing/polaris_ebm/runs_ablation/A4/A4_ddp_fullk_eps002_k100_s20k_20260329_161307,/eagle/lc-mpi/Zhiqing/polaris_ebm/runs_ablation/A4/A4_ddp_fullk_eps002_k100_s20k_20260329_161307/checkpoints/ckpt_step9999.pt,10000,
historical_exploratory,A4,ddp_P1_terminal,historical_exploratory:phase1_screening:A4_ddp_fullk_eps005_k100_s20k:ddp_P1_terminal:seed1:h20000,6980099.polaris-pbs-01.hsn.cm.polaris.alcf.anl.gov,A4_ddp_fullk_eps005_k100_s20k,cifar10,ddp_strict,0,terminal,100,20000,1,scheduler,running,,,6980099.polaris-pbs-01.hsn.cm.polaris.alcf.anl.gov,,2026-03-29T16:41:08Z,,/eagle/lc-mpi/Zhiqing/polaris_ebm/runs_ablation/A4/A4_ddp_fullk_eps005_k100_s20k_20260329_161307,,,
historical_exploratory,A4,ddp_P1_terminal,historical_exploratory:phase1_screening:A4_ddp_fullk_eps010_k100_s20k:ddp_P1_terminal:seed1:h20000,6980104.polaris-pbs-01.hsn.cm.polaris.alcf.anl.gov,A4_ddp_fullk_eps010_k100_s20k,cifar10,ddp_strict,0,terminal,100,20000,1,scheduler,completed,,,6980104.polaris-pbs-01.hsn.cm.polaris.alcf.anl.gov,2026-03-29T16:22:36Z,2026-03-29T16:47:46Z,2026-03-29T17:21:42Z,/eagle/lc-mpi/Zhiqing/polaris_ebm/runs_ablation/A4/A4_ddp_fullk_eps010_k100_s20k_20260329_162236,/eagle/lc-mpi/Zhiqing/polaris_ebm/runs_ablation/A4/A4_ddp_fullk_eps010_k100_s20k_20260329_162236/checkpoints/ckpt_step9999.pt,10000,
historical_exploratory,A4,ddp_P1_terminal,historical_exploratory:phase1_screening:A4_ddp_fullk_eps020_k100_s20k:ddp_P1_terminal:seed1:h20000,6980110.polaris-pbs-01.hsn.cm.polaris.alcf.anl.gov,A4_ddp_fullk_eps020_k100_s20k,cifar10,ddp_strict,0,terminal,100,20000,1,scheduler,completed,,,6980110.polaris-pbs-01.hsn.cm.polaris.alcf.anl.gov,2026-03-29T16:42:42Z,2026-03-29T16:59:02Z,2026-03-29T17:33:05Z,/eagle/lc-mpi/Zhiqing/polaris_ebm/runs_ablation/A4/A4_ddp_fullk_eps020_k100_s20k_20260329_164242,/eagle/lc-mpi/Zhiqing/polaris_ebm/runs_ablation/A4/A4_ddp_fullk_eps020_k100_s20k_20260329_164242/checkpoints/ckpt_step9999.pt,10000,
historical_exploratory,A4,ddp_P1_terminal,historical_exploratory:phase1_screening:A4_ddp_fullk_eps005_k100_s20k:ddp_P1_terminal:seed1:h20000,6980655.polaris-pbs-01.hsn.cm.polaris.alcf.anl.gov,A4_ddp_fullk_eps005_k100_s20k,cifar10,ddp_strict,0,terminal,100,20000,1,scheduler,completed,,,6980655.polaris-pbs-01.hsn.cm.polaris.alcf.anl.gov,2026-03-30T03:16:04Z,2026-03-30T04:15:40Z,2026-03-30T04:49:43Z,/eagle/lc-mpi/Zhiqing/polaris_ebm/runs_ablation/A4/A4_ddp_fullk_eps005_k100_s20k_20260330_031604,/eagle/lc-mpi/Zhiqing/polaris_ebm/runs_ablation/A4/A4_ddp_fullk_eps005_k100_s20k_20260330_031604/checkpoints/ckpt_step9999.pt,10000,
historical_exploratory,A4,pipe_P4_late_stage_beta_0.01,historical_exploratory:phase1_screening:A4_pipe_last2b001_p4_eps001_k100_s20k:pipe_P4_late_stage_beta_0.01:seed1:h20000,6980093.polaris-pbs-01.hsn.cm.polaris.alcf.anl.gov,A4_pipe_last2b001_p4_eps001_k100_s20k,cifar10,strict_pipeline,4,late_stage_beta_0.01,100,20000,1,scheduler,completed,,,6980093.polaris-pbs-01.hsn.cm.polaris.alcf.anl.gov,2026-03-29T16:13:07Z,2026-03-29T16:14:28Z,2026-03-29T16:29:10Z,/eagle/lc-mpi/Zhiqing/polaris_ebm/runs_ablation/A4/A4_pipe_last2b001_p4_eps001_k100_s20k_20260329_161307,/eagle/lc-mpi/Zhiqing/polaris_ebm/runs_ablation/A4/A4_pipe_last2b001_p4_eps001_k100_s20k_20260329_161307/checkpoints/ckpt_step9999.pt,10000,
historical_exploratory,A4,pipe_P4_late_stage_beta_0.01,historical_exploratory:phase1_screening:A4_pipe_last2b001_p4_eps002_k100_s20k:pipe_P4_late_stage_beta_0.01:seed1:h20000,6980097.polaris-pbs-01.hsn.cm.polaris.alcf.anl.gov,A4_pipe_last2b001_p4_eps002_k100_s20k,cifar10,strict_pipeline,4,late_stage_beta_0.01,100,20000,1,scheduler,completed,,,6980097.polaris-pbs-01.hsn.cm.polaris.alcf.anl.gov,2026-03-29T16:13:07Z,2026-03-29T16:32:51Z,2026-03-29T16:47:35Z,/eagle/lc-mpi/Zhiqing/polaris_ebm/runs_ablation/A4/A4_pipe_last2b001_p4_eps002_k100_s20k_20260329_161307,/eagle/lc-mpi/Zhiqing/polaris_ebm/runs_ablation/A4/A4_pipe_last2b001_p4_eps002_k100_s20k_20260329_161307/checkpoints/ckpt_step9999.pt,10000,
historical_exploratory,A4,pipe_P4_late_stage_beta_0.01,historical_exploratory:phase1_screening:A4_pipe_last2b001_p4_eps005_k100_s20k:pipe_P4_late_stage_beta_0.01:seed1:h20000,6980102.polaris-pbs-01.hsn.cm.polaris.alcf.anl.gov,A4_pipe_last2b001_p4_eps005_k100_s20k,cifar10,strict_pipeline,4,late_stage_beta_0.01,100,20000,1,scheduler,completed,,,6980102.polaris-pbs-01.hsn.cm.polaris.alcf.anl.gov,2026-03-29T16:22:36Z,2026-03-29T16:44:17Z,2026-03-29T16:58:52Z,/eagle/lc-mpi/Zhiqing/polaris_ebm/runs_ablation/A4/A4_pipe_last2b001_p4_eps005_k100_s20k_20260329_162236,/eagle/lc-mpi/Zhiqing/polaris_ebm/runs_ablation/A4/A4_pipe_last2b001_p4_eps005_k100_s20k_20260329_162236/checkpoints/ckpt_step9999.pt,10000,
historical_exploratory,A4,pipe_P4_late_stage_beta_0.01,historical_exploratory:phase1_screening:A4_pipe_last2b001_p4_eps010_k100_s20k:pipe_P4_late_stage_beta_0.01:seed1:h20000,6980109.polaris-pbs-01.hsn.cm.polaris.alcf.anl.gov,A4_pipe_last2b001_p4_eps010_k100_s20k,cifar10,strict_pipeline,4,late_stage_beta_0.01,100,20000,1,scheduler,completed,,,6980109.polaris-pbs-01.hsn.cm.polaris.alcf.anl.gov,2026-03-29T16:42:42Z,2026-03-29T16:48:40Z,2026-03-29T17:03:16Z,/eagle/lc-mpi/Zhiqing/polaris_ebm/runs_ablation/A4/A4_pipe_last2b001_p4_eps010_k100_s20k_20260329_164242,/eagle/lc-mpi/Zhiqing/polaris_ebm/runs_ablation/A4/A4_pipe_last2b001_p4_eps010_k100_s20k_20260329_164242/checkpoints/ckpt_step9999.pt,10000,
historical_exploratory,A4,pipe_P4_late_stage_beta_0.01,historical_exploratory:phase1_screening:A4_pipe_last2b001_p4_eps020_k100_s20k:pipe_P4_late_stage_beta_0.01:seed1:h20000,6980111.polaris-pbs-01.hsn.cm.polaris.alcf.anl.gov,A4_pipe_last2b001_p4_eps020_k100_s20k,cifar10,strict_pipeline,4,late_stage_beta_0.01,100,20000,1,scheduler,completed,,,6980111.polaris-pbs-01.hsn.cm.polaris.alcf.anl.gov,2026-03-29T16:42:42Z,2026-03-29T17:03:26Z,2026-03-29T17:18:06Z,/eagle/lc-mpi/Zhiqing/polaris_ebm/runs_ablation/A4/A4_pipe_last2b001_p4_eps020_k100_s20k_20260329_164242,/eagle/lc-mpi/Zhiqing/polaris_ebm/runs_ablation/A4/A4_pipe_last2b001_p4_eps020_k100_s20k_20260329_164242/checkpoints/ckpt_step9999.pt,10000,
historical_exploratory,E1,ddp_P1_terminal,historical_exploratory:pipeline_then_weighting:E1_ddp_fullk_K100_s300k:ddp_P1_terminal:seed1:h300000,6992361.polaris-pbs-01.hsn.cm.polaris.alcf.anl.gov,E1_ddp_fullk_K100_s300k,cifar10,ddp_strict,1,terminal,,300000,1,scheduler,completed,,,6992361.polaris-pbs-01.hsn.cm.polaris.alcf.anl.gov,2026-04-05T00:33:58Z,2026-04-05T01:07:41Z,2026-04-05T09:37:52Z,/eagle/lc-mpi/Zhiqing/polaris_ebm/runs_pipeline_then_weighting/E1/E1_ddp_fullk_K100_s300k_20260405_003358,/eagle/lc-mpi/Zhiqing/polaris_ebm/runs_pipeline_then_weighting/E1/E1_ddp_fullk_K100_s300k_20260405_003358/checkpoints/ckpt_step99999.pt,300000,
historical_exploratory,E1,pipe_P16_deepest,historical_exploratory:pipeline_then_weighting:E1_pipe_strict_P16_deep_K100_s300k:pipe_P16_deepest:seed1:h300000,6991262.polaris-pbs-01.hsn.cm.polaris.alcf.anl.gov,E1_pipe_strict_P16_deep_K100_s300k,cifar10,strict_pipeline,16,deepest,,300000,1,scheduler,missing,,,6991262.polaris-pbs-01.hsn.cm.polaris.alcf.anl.gov,2026-04-04T15:03:51Z,,,/eagle/lc-mpi/Zhiqing/polaris_ebm/runs_pipeline_then_weighting/E1/E1_pipe_strict_P16_deep_K100_s300k_20260404_150351,,,
historical_exploratory,E1,pipe_P2_deepest,historical_exploratory:pipeline_then_weighting:E1_pipe_strict_P2_deep_K100_s300k:pipe_P2_deepest:seed1:h300000,6991259.polaris-pbs-01.hsn.cm.polaris.alcf.anl.gov,E1_pipe_strict_P2_deep_K100_s300k,cifar10,strict_pipeline,2,deepest,,300000,1,scheduler,missing,,,6991259.polaris-pbs-01.hsn.cm.polaris.alcf.anl.gov,2026-04-04T15:03:51Z,,,/eagle/lc-mpi/Zhiqing/polaris_ebm/runs_pipeline_then_weighting/E1/E1_pipe_strict_P2_deep_K100_s300k_20260404_150351,,,
historical_exploratory,E1,pipe_P4_deepest,historical_exploratory:pipeline_then_weighting:E1_pipe_strict_P4_deep_K100_s300k:pipe_P4_deepest:seed1:h300000,6991260.polaris-pbs-01.hsn.cm.polaris.alcf.anl.gov,E1_pipe_strict_P4_deep_K100_s300k,cifar10,strict_pipeline,4,deepest,,300000,1,scheduler,missing,,,6991260.polaris-pbs-01.hsn.cm.polaris.alcf.anl.gov,2026-04-04T15:03:51Z,,,/eagle/lc-mpi/Zhiqing/polaris_ebm/runs_pipeline_then_weighting/E1/E1_pipe_strict_P4_deep_K100_s300k_20260404_150351,,,
historical_exploratory,E1,pipe_P8_deepest,historical_exploratory:pipeline_then_weighting:E1_pipe_strict_P8_deep_K100_s300k:pipe_P8_deepest:seed1:h300000,6991261.polaris-pbs-01.hsn.cm.polaris.alcf.anl.gov,E1_pipe_strict_P8_deep_K100_s300k,cifar10,strict_pipeline,8,deepest,,300000,1,scheduler,missing,,,6991261.polaris-pbs-01.hsn.cm.polaris.alcf.anl.gov,2026-04-04T15:03:51Z,,,/eagle/lc-mpi/Zhiqing/polaris_ebm/runs_pipeline_then_weighting/E1/E1_pipe_strict_P8_deep_K100_s300k_20260404_150351,,,
historical_exploratory,E1,single_P16_deepest,historical_exploratory:pipeline_then_weighting:E1_single_pipe_emul_P16_deep_K100_s300k:single_P16_deepest:seed1:h300000,6991258.polaris-pbs-01.hsn.cm.polaris.alcf.anl.gov,E1_single_pipe_emul_P16_deep_K100_s300k,cifar10,single_emulation,16,deepest,,300000,1,scheduler,missing,,,6991258.polaris-pbs-01.hsn.cm.polaris.alcf.anl.gov,2026-04-04T15:03:51Z,,,/eagle/lc-mpi/Zhiqing/polaris_ebm/runs_pipeline_then_weighting/E1/E1_single_pipe_emul_P16_deep_K100_s300k_20260404_150351,,,
historical_exploratory,E1,single_P1_terminal,historical_exploratory:pipeline_then_weighting:E1_single_fullk_K100_s300k:single_P1_terminal:seed1:h300000,6990136.polaris-pbs-01.hsn.cm.polaris.alcf.anl.gov,E1_single_fullk_K100_s300k,cifar10,single_strict,1,terminal,,300000,1,scheduler,completed,,,6990136.polaris-pbs-01.hsn.cm.polaris.alcf.anl.gov,,2026-04-04T15:13:31Z,2026-04-04T23:33:55Z,/lus/eagle/projects/lc-mpi/Zhiqing/polaris_ebm/runs_pipeline_then_weighting/E1/E1_single_fullk_K100_s300k_local_20260404_151327,/lus/eagle/projects/lc-mpi/Zhiqing/polaris_ebm/runs_pipeline_then_weighting/E1/E1_single_fullk_K100_s300k_local_20260404_151327/checkpoints/ckpt_step99999.pt,300000,
historical_exploratory,E1,single_P1_terminal,historical_exploratory:pipeline_then_weighting:E1_single_fullk_K100_s300k:single_P1_terminal:seed1:h300000,6991253.polaris-pbs-01.hsn.cm.polaris.alcf.anl.gov,E1_single_fullk_K100_s300k,cifar10,single_strict,1,terminal,,300000,1,scheduler,missing,,,6991253.polaris-pbs-01.hsn.cm.polaris.alcf.anl.gov,2026-04-04T15:03:51Z,,,/eagle/lc-mpi/Zhiqing/polaris_ebm/runs_pipeline_then_weighting/E1/E1_single_fullk_K100_s300k_20260404_150351,,,
historical_exploratory,E1,single_P2_deepest,historical_exploratory:pipeline_then_weighting:E1_single_pipe_emul_P2_deep_K100_s300k:single_P2_deepest:seed1:h300000,6992362.polaris-pbs-01.hsn.cm.polaris.alcf.anl.gov,E1_single_pipe_emul_P2_deep_K100_s300k,cifar10,single_emulation,2,deepest,,300000,1,scheduler,completed,,,6992362.polaris-pbs-01.hsn.cm.polaris.alcf.anl.gov,2026-04-05T00:33:58Z,2026-04-05T02:30:21Z,2026-04-05T10:59:09Z,/eagle/lc-mpi/Zhiqing/polaris_ebm/runs_pipeline_then_weighting/E1/E1_single_pipe_emul_P2_deep_K100_s300k_20260405_003358,/eagle/lc-mpi/Zhiqing/polaris_ebm/runs_pipeline_then_weighting/E1/E1_single_pipe_emul_P2_deep_K100_s300k_20260405_003358/checkpoints/ckpt_step99999.pt,300000,
historical_exploratory,E1,single_P4_deepest,historical_exploratory:pipeline_then_weighting:E1_single_pipe_emul_P4_deep_K100_s300k:single_P4_deepest:seed1:h300000,6991256.polaris-pbs-01.hsn.cm.polaris.alcf.anl.gov,E1_single_pipe_emul_P4_deep_K100_s300k,cifar10,single_emulation,4,deepest,,300000,1,scheduler,missing,,,6991256.polaris-pbs-01.hsn.cm.polaris.alcf.anl.gov,2026-04-04T15:03:51Z,,,/eagle/lc-mpi/Zhiqing/polaris_ebm/runs_pipeline_then_weighting/E1/E1_single_pipe_emul_P4_deep_K100_s300k_20260404_150351,,,
historical_exploratory,E1,single_P8_deepest,historical_exploratory:pipeline_then_weighting:E1_single_pipe_emul_P8_deep_K100_s300k:single_P8_deepest:seed1:h300000,6991257.polaris-pbs-01.hsn.cm.polaris.alcf.anl.gov,E1_single_pipe_emul_P8_deep_K100_s300k,cifar10,single_emulation,8,deepest,,300000,1,scheduler,missing,,,6991257.polaris-pbs-01.hsn.cm.polaris.alcf.anl.gov,2026-04-04T15:03:51Z,,,/eagle/lc-mpi/Zhiqing/polaris_ebm/runs_pipeline_then_weighting/E1/E1_single_pipe_emul_P8_deep_K100_s300k_20260404_150351,,,
historical_exploratory,E2,pipe_P4_deepest,historical_exploratory:pipeline_then_weighting:E2_pipe_strict_deep_P4_K100_s300k:pipe_P4_deepest:seed1:h300000,6992379.polaris-pbs-01.hsn.cm.polaris.alcf.anl.gov,E2_pipe_strict_deep_P4_K100_s300k,cifar10,strict_pipeline,4,deepest,,300000,1,scheduler,completed,,,6992379.polaris-pbs-01.hsn.cm.polaris.alcf.anl.gov,2026-04-05T00:39:26Z,2026-04-05T09:37:59Z,2026-04-05T13:14:46Z,/eagle/lc-mpi/Zhiqing/polaris_ebm/runs_pipeline_then_weighting/E2/E2_pipe_strict_deep_P4_K100_s300k_20260405_003926,/eagle/lc-mpi/Zhiqing/polaris_ebm/runs_pipeline_then_weighting/E2/E2_pipe_strict_deep_P4_K100_s300k_20260405_003926/checkpoints/ckpt_step99999.pt,300000,
historical_exploratory,E2,pipe_P4_equal,historical_exploratory:pipeline_then_weighting:E2_pipe_strict_uniform_P4_K100_s300k:pipe_P4_equal:seed1:h300000,6992378.polaris-pbs-01.hsn.cm.polaris.alcf.anl.gov,E2_pipe_strict_uniform_P4_K100_s300k,cifar10,strict_pipeline,4,equal,,300000,1,scheduler,completed,,,6992378.polaris-pbs-01.hsn.cm.polaris.alcf.anl.gov,2026-04-05T00:39:26Z,2026-04-05T06:38:34Z,2026-04-05T10:19:58Z,/eagle/lc-mpi/Zhiqing/polaris_ebm/runs_pipeline_then_weighting/E2/E2_pipe_strict_uniform_P4_K100_s300k_20260405_003926,/eagle/lc-mpi/Zhiqing/polaris_ebm/runs_pipeline_then_weighting/E2/E2_pipe_strict_uniform_P4_K100_s300k_20260405_003926/checkpoints/ckpt_step99999.pt,300000,
historical_exploratory,E2,pipe_P4_late_stage_beta_0.005,historical_exploratory:pipeline_then_weighting:E2_pipe_strict_last2b0005_P4_K100_s300k:pipe_P4_late_stage_beta_0.005:seed1:h300000,6992380.polaris-pbs-01.hsn.cm.polaris.alcf.anl.gov,E2_pipe_strict_last2b0005_P4_K100_s300k,cifar10,strict_pipeline,4,late_stage_beta_0.005,,300000,1,scheduler,completed,,,6992380.polaris-pbs-01.hsn.cm.polaris.alcf.anl.gov,2026-04-05T00:39:26Z,2026-04-05T10:20:09Z,2026-04-05T13:54:56Z,/eagle/lc-mpi/Zhiqing/polaris_ebm/runs_pipeline_then_weighting/E2/E2_pipe_strict_last2b0005_P4_K100_s300k_20260405_003926,/eagle/lc-mpi/Zhiqing/polaris_ebm/runs_pipeline_then_weighting/E2/E2_pipe_strict_last2b0005_P4_K100_s300k_20260405_003926/checkpoints/ckpt_step99999.pt,300000,
historical_exploratory,E2,pipe_P4_late_stage_beta_0.01,historical_exploratory:pipeline_then_weighting:E2_pipe_strict_last2b001_P4_K100_s300k:pipe_P4_late_stage_beta_0.01:seed1:h300000,6992381.polaris-pbs-01.hsn.cm.polaris.alcf.anl.gov,E2_pipe_strict_last2b001_P4_K100_s300k,cifar10,strict_pipeline,4,late_stage_beta_0.01,,300000,1,scheduler,completed,,,6992381.polaris-pbs-01.hsn.cm.polaris.alcf.anl.gov,2026-04-05T00:39:26Z,2026-04-05T10:59:19Z,2026-04-05T14:32:19Z,/eagle/lc-mpi/Zhiqing/polaris_ebm/runs_pipeline_then_weighting/E2/E2_pipe_strict_last2b001_P4_K100_s300k_20260405_003926,/eagle/lc-mpi/Zhiqing/polaris_ebm/runs_pipeline_then_weighting/E2/E2_pipe_strict_last2b001_P4_K100_s300k_20260405_003926/checkpoints/ckpt_step99999.pt,300000,
historical_exploratory,E2,pipe_P4_late_stage_beta_0.02,historical_exploratory:pipeline_then_weighting:E2_pipe_strict_last2b002_P4_K100_s300k:pipe_P4_late_stage_beta_0.02:seed1:h300000,6992382.polaris-pbs-01.hsn.cm.polaris.alcf.anl.gov,E2_pipe_strict_last2b002_P4_K100_s300k,cifar10,strict_pipeline,4,late_stage_beta_0.02,,300000,1,scheduler,completed,,,6992382.polaris-pbs-01.hsn.cm.polaris.alcf.anl.gov,2026-04-05T00:39:26Z,2026-04-05T12:16:56Z,2026-04-05T15:52:44Z,/eagle/lc-mpi/Zhiqing/polaris_ebm/runs_pipeline_then_weighting/E2/E2_pipe_strict_last2b002_P4_K100_s300k_20260405_003926,/eagle/lc-mpi/Zhiqing/polaris_ebm/runs_pipeline_then_weighting/E2/E2_pipe_strict_last2b002_P4_K100_s300k_20260405_003926/checkpoints/ckpt_step99999.pt,300000,
historical_exploratory,E2,pipe_P4_late_stage_beta_0.03,historical_exploratory:pipeline_then_weighting:E2_pipe_strict_last2b003_P4_K100_s300k:pipe_P4_late_stage_beta_0.03:seed1:h300000,6992383.polaris-pbs-01.hsn.cm.polaris.alcf.anl.gov,E2_pipe_strict_last2b003_P4_K100_s300k,cifar10,strict_pipeline,4,late_stage_beta_0.03,,300000,1,scheduler,completed,,,6992383.polaris-pbs-01.hsn.cm.polaris.alcf.anl.gov,2026-04-05T00:39:26Z,2026-04-05T08:39:16Z,2026-04-05T12:15:36Z,/eagle/lc-mpi/Zhiqing/polaris_ebm/runs_pipeline_then_weighting/E2/E2_pipe_strict_last2b003_P4_K100_s300k_20260405_003926,/eagle/lc-mpi/Zhiqing/polaris_ebm/runs_pipeline_then_weighting/E2/E2_pipe_strict_last2b003_P4_K100_s300k_20260405_003926/checkpoints/ckpt_step99999.pt,300000,
historical_exploratory,E2,pipe_P4_late_stage_beta_0.05,historical_exploratory:pipeline_then_weighting:E2_pipe_strict_last2b005_P4_K100_s300k:pipe_P4_late_stage_beta_0.05:seed1:h300000,6992384.polaris-pbs-01.hsn.cm.polaris.alcf.anl.gov,E2_pipe_strict_last2b005_P4_K100_s300k,cifar10,strict_pipeline,4,late_stage_beta_0.05,,300000,1,scheduler,completed,,,6992384.polaris-pbs-01.hsn.cm.polaris.alcf.anl.gov,2026-04-05T00:39:26Z,2026-04-05T08:41:03Z,2026-04-05T12:16:47Z,/eagle/lc-mpi/Zhiqing/polaris_ebm/runs_pipeline_then_weighting/E2/E2_pipe_strict_last2b005_P4_K100_s300k_20260405_003926,/eagle/lc-mpi/Zhiqing/polaris_ebm/runs_pipeline_then_weighting/E2/E2_pipe_strict_last2b005_P4_K100_s300k_20260405_003926/checkpoints/ckpt_step99999.pt,300000,
historical_exploratory,E2,single_P4_deepest,historical_exploratory:pipeline_then_weighting:E2_single_pipe_emul_deep_P4_K100_s300k:single_P4_deepest:seed1:h300000,6992372.polaris-pbs-01.hsn.cm.polaris.alcf.anl.gov,E2_single_pipe_emul_deep_P4_K100_s300k,cifar10,single_emulation,4,deepest,,300000,1,scheduler,completed,,,6992372.polaris-pbs-01.hsn.cm.polaris.alcf.anl.gov,2026-04-05T00:39:26Z,2026-04-05T12:15:47Z,2026-04-05T21:09:21Z,/eagle/lc-mpi/Zhiqing/polaris_ebm/runs_pipeline_then_weighting/E2/E2_single_pipe_emul_deep_P4_K100_s300k_20260405_003926,/eagle/lc-mpi/Zhiqing/polaris_ebm/runs_pipeline_then_weighting/E2/E2_single_pipe_emul_deep_P4_K100_s300k_20260405_003926/checkpoints/ckpt_step99999.pt,300000,
historical_exploratory,E2,single_P4_equal,historical_exploratory:pipeline_then_weighting:E2_single_pipe_emul_uniform_P4_K100_s300k:single_P4_equal:seed1:h300000,6992371.polaris-pbs-01.hsn.cm.polaris.alcf.anl.gov,E2_single_pipe_emul_uniform_P4_K100_s300k,cifar10,single_emulation,4,equal,,300000,1,scheduler,completed,,,6992371.polaris-pbs-01.hsn.cm.polaris.alcf.anl.gov,2026-04-05T00:39:26Z,2026-04-05T11:15:35Z,2026-04-05T20:11:38Z,/eagle/lc-mpi/Zhiqing/polaris_ebm/runs_pipeline_then_weighting/E2/E2_single_pipe_emul_uniform_P4_K100_s300k_20260405_003926,/eagle/lc-mpi/Zhiqing/polaris_ebm/runs_pipeline_then_weighting/E2/E2_single_pipe_emul_uniform_P4_K100_s300k_20260405_003926/checkpoints/ckpt_step99999.pt,300000,
historical_exploratory,E2,single_P4_late_stage_beta_0.005,historical_exploratory:pipeline_then_weighting:E2_single_pipe_emul_last2b0005_P4_K100_s300k:single_P4_late_stage_beta_0.005:seed1:h300000,6992373.polaris-pbs-01.hsn.cm.polaris.alcf.anl.gov,E2_single_pipe_emul_last2b0005_P4_K100_s300k,cifar10,single_emulation,4,late_stage_beta_0.005,,300000,1,scheduler,completed,,,6992373.polaris-pbs-01.hsn.cm.polaris.alcf.anl.gov,2026-04-05T00:39:26Z,2026-04-05T02:23:33Z,2026-04-05T11:15:25Z,/eagle/lc-mpi/Zhiqing/polaris_ebm/runs_pipeline_then_weighting/E2/E2_single_pipe_emul_last2b0005_P4_K100_s300k_20260405_003926,/eagle/lc-mpi/Zhiqing/polaris_ebm/runs_pipeline_then_weighting/E2/E2_single_pipe_emul_last2b0005_P4_K100_s300k_20260405_003926/checkpoints/ckpt_step99999.pt,300000,
historical_exploratory,E2,single_P4_late_stage_beta_0.01,historical_exploratory:pipeline_then_weighting:E2_single_pipe_emul_last2b001_P4_K100_s300k:single_P4_late_stage_beta_0.01:seed1:h300000,6992374.polaris-pbs-01.hsn.cm.polaris.alcf.anl.gov,E2_single_pipe_emul_last2b001_P4_K100_s300k,cifar10,single_emulation,4,late_stage_beta_0.01,,300000,1,scheduler,completed,,,6992374.polaris-pbs-01.hsn.cm.polaris.alcf.anl.gov,2026-04-05T00:39:26Z,2026-04-05T04:05:53Z,2026-04-05T12:53:18Z,/eagle/lc-mpi/Zhiqing/polaris_ebm/runs_pipeline_then_weighting/E2/E2_single_pipe_emul_last2b001_P4_K100_s300k_20260405_003926,/eagle/lc-mpi/Zhiqing/polaris_ebm/runs_pipeline_then_weighting/E2/E2_single_pipe_emul_last2b001_P4_K100_s300k_20260405_003926/checkpoints/ckpt_step99999.pt,300000,
historical_exploratory,E2,single_P4_late_stage_beta_0.02,historical_exploratory:pipeline_then_weighting:E2_single_pipe_emul_last2b002_P4_K100_s300k:single_P4_late_stage_beta_0.02:seed1:h300000,6992375.polaris-pbs-01.hsn.cm.polaris.alcf.anl.gov,E2_single_pipe_emul_last2b002_P4_K100_s300k,cifar10,single_emulation,4,late_stage_beta_0.02,,300000,1,scheduler,completed,,,6992375.polaris-pbs-01.hsn.cm.polaris.alcf.anl.gov,2026-04-05T00:39:26Z,2026-04-05T04:35:09Z,2026-04-05T13:25:41Z,/eagle/lc-mpi/Zhiqing/polaris_ebm/runs_pipeline_then_weighting/E2/E2_single_pipe_emul_last2b002_P4_K100_s300k_20260405_003926,/eagle/lc-mpi/Zhiqing/polaris_ebm/runs_pipeline_then_weighting/E2/E2_single_pipe_emul_last2b002_P4_K100_s300k_20260405_003926/checkpoints/ckpt_step99999.pt,300000,
historical_exploratory,E2,single_P4_late_stage_beta_0.03,historical_exploratory:pipeline_then_weighting:E2_single_pipe_emul_last2b003_P4_K100_s300k:single_P4_late_stage_beta_0.03:seed1:h300000,6992376.polaris-pbs-01.hsn.cm.polaris.alcf.anl.gov,E2_single_pipe_emul_last2b003_P4_K100_s300k,cifar10,single_emulation,4,late_stage_beta_0.03,,300000,1,scheduler,completed,,,6992376.polaris-pbs-01.hsn.cm.polaris.alcf.anl.gov,2026-04-05T00:39:26Z,2026-04-05T05:10:28Z,2026-04-05T14:00:19Z,/eagle/lc-mpi/Zhiqing/polaris_ebm/runs_pipeline_then_weighting/E2/E2_single_pipe_emul_last2b003_P4_K100_s300k_20260405_003926,/eagle/lc-mpi/Zhiqing/polaris_ebm/runs_pipeline_then_weighting/E2/E2_single_pipe_emul_last2b003_P4_K100_s300k_20260405_003926/checkpoints/ckpt_step99999.pt,300000,
historical_exploratory,E2,single_P4_late_stage_beta_0.05,historical_exploratory:pipeline_then_weighting:E2_single_pipe_emul_last2b005_P4_K100_s300k:single_P4_late_stage_beta_0.05:seed1:h300000,6992377.polaris-pbs-01.hsn.cm.polaris.alcf.anl.gov,E2_single_pipe_emul_last2b005_P4_K100_s300k,cifar10,single_emulation,4,late_stage_beta_0.05,,300000,1,scheduler,completed,,,6992377.polaris-pbs-01.hsn.cm.polaris.alcf.anl.gov,2026-04-05T00:39:26Z,2026-04-05T06:38:30Z,2026-04-05T15:28:39Z,/eagle/lc-mpi/Zhiqing/polaris_ebm/runs_pipeline_then_weighting/E2/E2_single_pipe_emul_last2b005_P4_K100_s300k_20260405_003926,/eagle/lc-mpi/Zhiqing/polaris_ebm/runs_pipeline_then_weighting/E2/E2_single_pipe_emul_last2b005_P4_K100_s300k_20260405_003926/checkpoints/ckpt_step99999.pt,300000,
historical_exploratory,M1,ddp_P1_terminal,historical_exploratory:phase2_screening:ddp_fullk_K100_seed2_300k:ddp_P1_terminal:seed2:h300000,6980119.polaris-pbs-01.hsn.cm.polaris.alcf.anl.gov,ddp_fullk_K100_seed2_300k,cifar10,ddp_strict,0,terminal,100,300000,2,scheduler,completed,,,6980119.polaris-pbs-01.hsn.cm.polaris.alcf.anl.gov,2026-03-29T17:04:37Z,2026-03-29T17:13:42Z,2026-03-30T01:39:11Z,/eagle/lc-mpi/Zhiqing/polaris_ebm/runs_ablation_phase2/M1/ddp_fullk_K100_seed2_300k_20260329_170437,/eagle/lc-mpi/Zhiqing/polaris_ebm/runs_ablation_phase2/M1/ddp_fullk_K100_seed2_300k_20260329_170437/checkpoints/ckpt_step99999.pt,100000,
historical_exploratory,M1,ddp_P1_terminal,historical_exploratory:phase2_screening:ddp_fullk_K100_seed3_300k:ddp_P1_terminal:seed3:h300000,6981547.polaris-pbs-01.hsn.cm.polaris.alcf.anl.gov,ddp_fullk_K100_seed3_300k,cifar10,ddp_strict,0,terminal,100,300000,3,scheduler,completed,,,6981547.polaris-pbs-01.hsn.cm.polaris.alcf.anl.gov,2026-03-31T02:43:24Z,2026-03-31T06:57:13Z,2026-03-31T15:20:27Z,/eagle/lc-mpi/Zhiqing/polaris_ebm/runs_ablation_phase2/M1/ddp_fullk_K100_seed3_300k_20260331_024324,/eagle/lc-mpi/Zhiqing/polaris_ebm/runs_ablation_phase2/M1/ddp_fullk_K100_seed3_300k_20260331_024324/checkpoints/ckpt_step99999.pt,100000,
historical_exploratory,M1,pipe_P4_late_stage_beta_0.01,historical_exploratory:phase2_screening:pipe_strict_P4_K100_beta001_lr1e4_seed2_300k:pipe_P4_late_stage_beta_0.01:seed2:h300000,6980120.polaris-pbs-01.hsn.cm.polaris.alcf.anl.gov,pipe_strict_P4_K100_beta001_lr1e4_seed2_300k,cifar10,strict_pipeline,4,late_stage_beta_0.01,100,300000,2,scheduler,completed,,,6980120.polaris-pbs-01.hsn.cm.polaris.alcf.anl.gov,2026-03-29T17:04:37Z,2026-03-29T17:13:43Z,2026-03-29T20:49:02Z,/eagle/lc-mpi/Zhiqing/polaris_ebm/runs_ablation_phase2/M1/pipe_strict_P4_K100_beta001_lr1e4_seed2_300k_20260329_170437,/eagle/lc-mpi/Zhiqing/polaris_ebm/runs_ablation_phase2/M1/pipe_strict_P4_K100_beta001_lr1e4_seed2_300k_20260329_170437/checkpoints/ckpt_step99999.pt,100000,
historical_exploratory,M1,pipe_P4_late_stage_beta_0.01,historical_exploratory:phase2_screening:pipe_strict_P4_K100_beta001_lr1e4_seed3_300k:pipe_P4_late_stage_beta_0.01:seed3:h300000,6981548.polaris-pbs-01.hsn.cm.polaris.alcf.anl.gov,pipe_strict_P4_K100_beta001_lr1e4_seed3_300k,cifar10,strict_pipeline,4,late_stage_beta_0.01,100,300000,3,scheduler,completed,,,6981548.polaris-pbs-01.hsn.cm.polaris.alcf.anl.gov,2026-03-31T02:43:24Z,2026-03-31T06:57:23Z,2026-03-31T10:33:55Z,/eagle/lc-mpi/Zhiqing/polaris_ebm/runs_ablation_phase2/M1/pipe_strict_P4_K100_beta001_lr1e4_seed3_300k_20260331_024324,/eagle/lc-mpi/Zhiqing/polaris_ebm/runs_ablation_phase2/M1/pipe_strict_P4_K100_beta001_lr1e4_seed3_300k_20260331_024324/checkpoints/ckpt_step99999.pt,100000,
historical_exploratory,M2,ddp_P1_terminal_K400,historical_exploratory:phase2_screening:ddp_fullk_K400_seed1_300k:ddp_P1_terminal_K400:seed1:h300000,6980121.polaris-pbs-01.hsn.cm.polaris.alcf.anl.gov,ddp_fullk_K400_seed1_300k,cifar10,ddp_strict,0,terminal,400,300000,1,scheduler,completed,,,6980121.polaris-pbs-01.hsn.cm.polaris.alcf.anl.gov,2026-03-29T17:04:37Z,2026-03-29T17:13:43Z,2026-03-30T20:42:26Z,/eagle/lc-mpi/Zhiqing/polaris_ebm/runs_ablation_phase2/M2/ddp_fullk_K400_seed1_300k_20260329_170437,/eagle/lc-mpi/Zhiqing/polaris_ebm/runs_ablation_phase2/M2/ddp_fullk_K400_seed1_300k_20260329_170437/checkpoints/ckpt_step99999.pt,100000,
historical_exploratory,M2,pipe_P4_late_stage_beta_0.01_K400,historical_exploratory:phase2_screening:pipe_strict_P4_K400_beta001_lr1e4_seed1_300k:pipe_P4_late_stage_beta_0.01_K400:seed1:h300000,6980122.polaris-pbs-01.hsn.cm.polaris.alcf.anl.gov,pipe_strict_P4_K400_beta001_lr1e4_seed1_300k,cifar10,strict_pipeline,4,late_stage_beta_0.01,400,300000,1,scheduler,completed,,,6980122.polaris-pbs-01.hsn.cm.polaris.alcf.anl.gov,2026-03-29T17:04:37Z,2026-03-29T17:13:44Z,2026-03-30T01:38:29Z,/eagle/lc-mpi/Zhiqing/polaris_ebm/runs_ablation_phase2/M2/pipe_strict_P4_K400_beta001_lr1e4_seed1_300k_20260329_170437,/eagle/lc-mpi/Zhiqing/polaris_ebm/runs_ablation_phase2/M2/pipe_strict_P4_K400_beta001_lr1e4_seed1_300k_20260329_170437/checkpoints/ckpt_step99999.pt,100000,
historical_exploratory,P500K,ddp_P1_terminal,historical_exploratory:mainline_500k:ddp_fullk_K100_seed1_500k:ddp_P1_terminal:seed1:h500000,6982346.polaris-pbs-01.hsn.cm.polaris.alcf.anl.gov,ddp_fullk_K100_seed1_500k,cifar10,ddp_strict,0,terminal,100,500000,1,scheduler,running,,,6982346.polaris-pbs-01.hsn.cm.polaris.alcf.anl.gov,,2026-04-01T03:32:11Z,,/eagle/lc-mpi/Zhiqing/polaris_ebm/runs_ablation_500k/P500K/ddp_fullk_K100_seed1_500k_20260331_214126,/eagle/lc-mpi/Zhiqing/polaris_ebm/runs_ablation_500k/P500K/ddp_fullk_K100_seed1_500k_20260331_214126/checkpoints/ckpt_step99999.pt,,
historical_exploratory,P500K,ddp_P1_terminal,historical_exploratory:mainline_500k:ddp_fullk_K100_seed1_500k:ddp_P1_terminal:seed1:h500000,6983851.polaris-pbs-01.hsn.cm.polaris.alcf.anl.gov,ddp_fullk_K100_seed1_500k,cifar10,ddp_strict,0,terminal,100,500000,1,scheduler,completed,,,6983851.polaris-pbs-01.hsn.cm.polaris.alcf.anl.gov,2026-04-01T15:26:16Z,2026-04-01T16:54:51Z,2026-04-01T19:17:51Z,/eagle/lc-mpi/Zhiqing/polaris_ebm/runs_ablation_500k/P500K/ddp_fullk_K100_seed1_500k_resume_20260401_152616,/eagle/lc-mpi/Zhiqing/polaris_ebm/runs_ablation_500k/P500K/ddp_fullk_K100_seed1_500k_resume_20260401_152616/checkpoints/ckpt_step499999.pt,500000,
historical_exploratory,P500K,ddp_P1_terminal,historical_exploratory:mainline_500k:ddp_fullk_K100_seed2_500k:ddp_P1_terminal:seed2:h500000,6982347.polaris-pbs-01.hsn.cm.polaris.alcf.anl.gov,ddp_fullk_K100_seed2_500k,cifar10,ddp_strict,0,terminal,100,500000,2,scheduler,running,,,6982347.polaris-pbs-01.hsn.cm.polaris.alcf.anl.gov,,2026-04-01T03:32:42Z,,/eagle/lc-mpi/Zhiqing/polaris_ebm/runs_ablation_500k/P500K/ddp_fullk_K100_seed2_500k_20260331_214126,/eagle/lc-mpi/Zhiqing/polaris_ebm/runs_ablation_500k/P500K/ddp_fullk_K100_seed2_500k_20260331_214126/checkpoints/ckpt_step99999.pt,,
historical_exploratory,P500K,ddp_P1_terminal,historical_exploratory:mainline_500k:ddp_fullk_K100_seed2_500k:ddp_P1_terminal:seed2:h500000,6983853.polaris-pbs-01.hsn.cm.polaris.alcf.anl.gov,ddp_fullk_K100_seed2_500k,cifar10,ddp_strict,0,terminal,100,500000,2,scheduler,completed,,,6983853.polaris-pbs-01.hsn.cm.polaris.alcf.anl.gov,2026-04-01T15:26:16Z,2026-04-01T17:56:54Z,2026-04-01T20:20:36Z,/eagle/lc-mpi/Zhiqing/polaris_ebm/runs_ablation_500k/P500K/ddp_fullk_K100_seed2_500k_resume_20260401_152616,/eagle/lc-mpi/Zhiqing/polaris_ebm/runs_ablation_500k/P500K/ddp_fullk_K100_seed2_500k_resume_20260401_152616/checkpoints/ckpt_step499999.pt,500000,
historical_exploratory,P500K,ddp_P1_terminal,historical_exploratory:mainline_500k:ddp_fullk_K100_seed3_500k:ddp_P1_terminal:seed3:h500000,6982348.polaris-pbs-01.hsn.cm.polaris.alcf.anl.gov,ddp_fullk_K100_seed3_500k,cifar10,ddp_strict,0,terminal,100,500000,3,scheduler,running,,,6982348.polaris-pbs-01.hsn.cm.polaris.alcf.anl.gov,,2026-04-01T03:52:27Z,,/eagle/lc-mpi/Zhiqing/polaris_ebm/runs_ablation_500k/P500K/ddp_fullk_K100_seed3_500k_20260331_214126,/eagle/lc-mpi/Zhiqing/polaris_ebm/runs_ablation_500k/P500K/ddp_fullk_K100_seed3_500k_20260331_214126/checkpoints/ckpt_step99999.pt,,
historical_exploratory,P500K,ddp_P1_terminal,historical_exploratory:mainline_500k:ddp_fullk_K100_seed3_500k:ddp_P1_terminal:seed3:h500000,6983855.polaris-pbs-01.hsn.cm.polaris.alcf.anl.gov,ddp_fullk_K100_seed3_500k,cifar10,ddp_strict,0,terminal,100,500000,3,scheduler,completed,,,6983855.polaris-pbs-01.hsn.cm.polaris.alcf.anl.gov,2026-04-01T15:26:16Z,2026-04-01T19:15:43Z,2026-04-01T22:05:22Z,/eagle/lc-mpi/Zhiqing/polaris_ebm/runs_ablation_500k/P500K/ddp_fullk_K100_seed3_500k_resume_20260401_152616,/eagle/lc-mpi/Zhiqing/polaris_ebm/runs_ablation_500k/P500K/ddp_fullk_K100_seed3_500k_resume_20260401_152616/checkpoints/ckpt_step499999.pt,500000,
historical_exploratory,P500K,pipe_P4_late_stage_beta_0.01,historical_exploratory:mainline_500k:pipe_strict_P4_K100_beta001_lr1e4_seed1_500k:pipe_P4_late_stage_beta_0.01:seed1:h500000,6982349.polaris-pbs-01.hsn.cm.polaris.alcf.anl.gov,pipe_strict_P4_K100_beta001_lr1e4_seed1_500k,cifar10,strict_pipeline,4,late_stage_beta_0.01,100,500000,1,scheduler,completed,,,6982349.polaris-pbs-01.hsn.cm.polaris.alcf.anl.gov,2026-03-31T21:41:26Z,2026-04-01T04:05:59Z,2026-04-01T10:05:37Z,/eagle/lc-mpi/Zhiqing/polaris_ebm/runs_ablation_500k/P500K/pipe_strict_P4_K100_beta001_lr1e4_seed1_500k_20260331_214126,/eagle/lc-mpi/Zhiqing/polaris_ebm/runs_ablation_500k/P500K/pipe_strict_P4_K100_beta001_lr1e4_seed1_500k_20260331_214126/checkpoints/ckpt_step99999.pt,100000,
historical_exploratory,P500K,pipe_P4_late_stage_beta_0.01,historical_exploratory:mainline_500k:pipe_strict_P4_K100_beta001_lr1e4_seed2_500k:pipe_P4_late_stage_beta_0.01:seed2:h500000,6982350.polaris-pbs-01.hsn.cm.polaris.alcf.anl.gov,pipe_strict_P4_K100_beta001_lr1e4_seed2_500k,cifar10,strict_pipeline,4,late_stage_beta_0.01,100,500000,2,scheduler,completed,,,6982350.polaris-pbs-01.hsn.cm.polaris.alcf.anl.gov,2026-03-31T21:41:26Z,2026-04-01T04:06:23Z,2026-04-01T10:05:43Z,/eagle/lc-mpi/Zhiqing/polaris_ebm/runs_ablation_500k/P500K/pipe_strict_P4_K100_beta001_lr1e4_seed2_500k_20260331_214126,/eagle/lc-mpi/Zhiqing/polaris_ebm/runs_ablation_500k/P500K/pipe_strict_P4_K100_beta001_lr1e4_seed2_500k_20260331_214126/checkpoints/ckpt_step99999.pt,100000,
historical_exploratory,P500K,pipe_P4_late_stage_beta_0.01,historical_exploratory:mainline_500k:pipe_strict_P4_K100_beta001_lr1e4_seed3_500k:pipe_P4_late_stage_beta_0.01:seed3:h500000,6982351.polaris-pbs-01.hsn.cm.polaris.alcf.anl.gov,pipe_strict_P4_K100_beta001_lr1e4_seed3_500k,cifar10,strict_pipeline,4,late_stage_beta_0.01,100,500000,3,scheduler,completed,,,6982351.polaris-pbs-01.hsn.cm.polaris.alcf.anl.gov,2026-03-31T21:41:26Z,2026-04-01T04:06:48Z,2026-04-01T10:06:15Z,/eagle/lc-mpi/Zhiqing/polaris_ebm/runs_ablation_500k/P500K/pipe_strict_P4_K100_beta001_lr1e4_seed3_500k_20260331_214126,/eagle/lc-mpi/Zhiqing/polaris_ebm/runs_ablation_500k/P500K/pipe_strict_P4_K100_beta001_lr1e4_seed3_500k_20260331_214126/checkpoints/ckpt_step99999.pt,100000,
historical_exploratory,P500K,single_P1_terminal,historical_exploratory:mainline_500k:single_fullk_K100_seed1_500k:single_P1_terminal:seed1:h500000,6982345.polaris-pbs-01.hsn.cm.polaris.alcf.anl.gov,single_fullk_K100_seed1_500k,cifar10,single_strict,1,terminal,100,500000,1,scheduler,running,,,6982345.polaris-pbs-01.hsn.cm.polaris.alcf.anl.gov,,2026-04-01T03:29:06Z,,/eagle/lc-mpi/Zhiqing/polaris_ebm/runs_ablation_500k/P500K/single_fullk_K100_seed1_500k_20260331_214126,/eagle/lc-mpi/Zhiqing/polaris_ebm/runs_ablation_500k/P500K/single_fullk_K100_seed1_500k_20260331_214126/checkpoints/ckpt_step99999.pt,,
historical_exploratory,P500K,single_P1_terminal,historical_exploratory:mainline_500k:single_fullk_K100_seed1_500k:single_P1_terminal:seed1:h500000,6983861.polaris-pbs-01.hsn.cm.polaris.alcf.anl.gov,single_fullk_K100_seed1_500k,cifar10,single_strict,1,terminal,100,500000,1,scheduler,completed,,,6983861.polaris-pbs-01.hsn.cm.polaris.alcf.anl.gov,2026-04-01T15:26:16Z,2026-04-01T19:18:00Z,2026-04-01T20:27:07Z,/eagle/lc-mpi/Zhiqing/polaris_ebm/runs_ablation_500k/P500K/single_fullk_K100_seed1_500k_resume_20260401_152616,/eagle/lc-mpi/Zhiqing/polaris_ebm/runs_ablation_500k/P500K/single_fullk_K100_seed1_500k_resume_20260401_152616/checkpoints/ckpt_step499999.pt,500000,
historical_exploratory,S1,single_P4_deepest,historical_exploratory:phase2_screening:single_pipe_emul_P4_K100_deep_seed1_300k:single_P4_deepest:seed1:h300000,6980123.polaris-pbs-01.hsn.cm.polaris.alcf.anl.gov,single_pipe_emul_P4_K100_deep_seed1_300k,cifar10,single_emulation,4,deepest,100,300000,1,scheduler,completed,,,6980123.polaris-pbs-01.hsn.cm.polaris.alcf.anl.gov,2026-03-29T17:04:37Z,2026-03-29T17:13:44Z,2026-03-30T01:09:53Z,/eagle/lc-mpi/Zhiqing/polaris_ebm/runs_ablation_phase2/S1/single_pipe_emul_P4_K100_deep_seed1_300k_20260329_170437,/eagle/lc-mpi/Zhiqing/polaris_ebm/runs_ablation_phase2/S1/single_pipe_emul_P4_K100_deep_seed1_300k_20260329_170437/checkpoints/ckpt_step99999.pt,100000,
historical_exploratory,S1,single_P4_late_stage_beta_0.01,historical_exploratory:phase2_screening:single_pipe_emul_P4_K100_beta001_seed1_300k:single_P4_late_stage_beta_0.01:seed1:h300000,6980124.polaris-pbs-01.hsn.cm.polaris.alcf.anl.gov,single_pipe_emul_P4_K100_beta001_seed1_300k,cifar10,single_emulation,4,late_stage_beta_0.01,100,300000,1,scheduler,completed,,,6980124.polaris-pbs-01.hsn.cm.polaris.alcf.anl.gov,2026-03-29T17:04:37Z,2026-03-29T17:13:44Z,2026-03-30T01:09:48Z,/eagle/lc-mpi/Zhiqing/polaris_ebm/runs_ablation_phase2/S1/single_pipe_emul_P4_K100_beta001_seed1_300k_20260329_170437,/eagle/lc-mpi/Zhiqing/polaris_ebm/runs_ablation_phase2/S1/single_pipe_emul_P4_K100_beta001_seed1_300k_20260329_170437/checkpoints/ckpt_step99999.pt,100000,
historical_exploratory,S2,pipe_P2_late_stage_beta_0.01,historical_exploratory:phase2_screening:pipe_strict_P2_K100_beta001_lr1e4_seed1_300k:pipe_P2_late_stage_beta_0.01:seed1:h300000,6980125.polaris-pbs-01.hsn.cm.polaris.alcf.anl.gov,pipe_strict_P2_K100_beta001_lr1e4_seed1_300k,cifar10,strict_pipeline,2,late_stage_beta_0.01,100,300000,1,scheduler,completed,,,6980125.polaris-pbs-01.hsn.cm.polaris.alcf.anl.gov,2026-03-29T17:04:37Z,2026-03-29T17:18:16Z,2026-03-29T22:11:53Z,/eagle/lc-mpi/Zhiqing/polaris_ebm/runs_ablation_phase2/S2/pipe_strict_P2_K100_beta001_lr1e4_seed1_300k_20260329_170437,/eagle/lc-mpi/Zhiqing/polaris_ebm/runs_ablation_phase2/S2/pipe_strict_P2_K100_beta001_lr1e4_seed1_300k_20260329_170437/checkpoints/ckpt_step99999.pt,100000,
historical_exploratory,S2,pipe_P8_late_stage_beta_0.01,historical_exploratory:phase2_screening:pipe_strict_P8_K100_beta001_lr1e4_seed1_300k:pipe_P8_late_stage_beta_0.01:seed1:h300000,6980130.polaris-pbs-01.hsn.cm.polaris.alcf.anl.gov,pipe_strict_P8_K100_beta001_lr1e4_seed1_300k,cifar10,strict_pipeline,8,late_stage_beta_0.01,100,300000,1,scheduler,completed,,,6980130.polaris-pbs-01.hsn.cm.polaris.alcf.anl.gov,2026-03-29T17:19:42Z,2026-03-29T17:21:54Z,2026-03-30T12:44:45Z,/eagle/lc-mpi/Zhiqing/polaris_ebm/runs_ablation_phase2/S2/pipe_strict_P8_K100_beta001_lr1e4_seed1_300k_20260329_170437,/eagle/lc-mpi/Zhiqing/polaris_ebm/runs_ablation_phase2/S2/pipe_strict_P8_K100_beta001_lr1e4_seed1_300k_20260329_170437/checkpoints/ckpt_step99999.pt,100000,
