seed,method,label,step,fid_inception,fid_feature,unique_ratio,trajectory_dir,eval_dir,metrics_path
1,ddp,ddp_seed1_local,5000,135.36547313007082,0.5196035830450789,,/eagle/lc-mpi/Zhiqing/polaris_ebm/runs_analysis/seed1_fid_trajectory/ddp_seed1_local,/eagle/lc-mpi/Zhiqing/polaris_ebm/runs_analysis/seed1_fid_trajectory/ddp_seed1_local/step005000,/eagle/lc-mpi/Zhiqing/polaris_ebm/runs_analysis/seed1_fid_trajectory/ddp_seed1_local/step005000/metrics_compare.json
1,ddp,ddp_seed1_local,10000,116.27965887200565,1.9012129026702347,,/eagle/lc-mpi/Zhiqing/polaris_ebm/runs_analysis/seed1_fid_trajectory/ddp_seed1_local,/eagle/lc-mpi/Zhiqing/polaris_ebm/runs_analysis/seed1_fid_trajectory/ddp_seed1_local/step010000,/eagle/lc-mpi/Zhiqing/polaris_ebm/runs_analysis/seed1_fid_trajectory/ddp_seed1_local/step010000/metrics_compare.json
1,ddp,ddp_seed1_local,15000,105.42142113120764,0.9146589064190529,,/eagle/lc-mpi/Zhiqing/polaris_ebm/runs_analysis/seed1_fid_trajectory/ddp_seed1_local,/eagle/lc-mpi/Zhiqing/polaris_ebm/runs_analysis/seed1_fid_trajectory/ddp_seed1_local/step015000,/eagle/lc-mpi/Zhiqing/polaris_ebm/runs_analysis/seed1_fid_trajectory/ddp_seed1_local/step015000/metrics_compare.json
1,ddp,ddp_seed1_local,20000,116.99832119972098,0.490876825779317,,/eagle/lc-mpi/Zhiqing/polaris_ebm/runs_analysis/seed1_fid_trajectory/ddp_seed1_local,/eagle/lc-mpi/Zhiqing/polaris_ebm/runs_analysis/seed1_fid_trajectory/ddp_seed1_local/step020000,/eagle/lc-mpi/Zhiqing/polaris_ebm/runs_analysis/seed1_fid_trajectory/ddp_seed1_local/step020000/metrics_compare.json
1,ddp,ddp_seed1_local,25000,107.23686245165601,2.090468105831423,,/eagle/lc-mpi/Zhiqing/polaris_ebm/runs_analysis/seed1_fid_trajectory/ddp_seed1_local,/eagle/lc-mpi/Zhiqing/polaris_ebm/runs_analysis/seed1_fid_trajectory/ddp_seed1_local/step025000,/eagle/lc-mpi/Zhiqing/polaris_ebm/runs_analysis/seed1_fid_trajectory/ddp_seed1_local/step025000/metrics_compare.json
1,ddp,ddp_seed1_local,30000,95.19542360442466,0.3548200544516895,,/eagle/lc-mpi/Zhiqing/polaris_ebm/runs_analysis/seed1_fid_trajectory/ddp_seed1_local,/eagle/lc-mpi/Zhiqing/polaris_ebm/runs_analysis/seed1_fid_trajectory/ddp_seed1_local/step030000,/eagle/lc-mpi/Zhiqing/polaris_ebm/runs_analysis/seed1_fid_trajectory/ddp_seed1_local/step030000/metrics_compare.json
1,ddp,ddp_seed1_local,35000,84.70846454190644,0.8671486722519681,,/eagle/lc-mpi/Zhiqing/polaris_ebm/runs_analysis/seed1_fid_trajectory/ddp_seed1_local,/eagle/lc-mpi/Zhiqing/polaris_ebm/runs_analysis/seed1_fid_trajectory/ddp_seed1_local/step035000,/eagle/lc-mpi/Zhiqing/polaris_ebm/runs_analysis/seed1_fid_trajectory/ddp_seed1_local/step035000/metrics_compare.json
1,ddp,ddp_seed1_local,40000,118.93713503286023,1.4031710923723608,,/eagle/lc-mpi/Zhiqing/polaris_ebm/runs_analysis/seed1_fid_trajectory/ddp_seed1_local,/eagle/lc-mpi/Zhiqing/polaris_ebm/runs_analysis/seed1_fid_trajectory/ddp_seed1_local/step040000,/eagle/lc-mpi/Zhiqing/polaris_ebm/runs_analysis/seed1_fid_trajectory/ddp_seed1_local/step040000/metrics_compare.json
1,ddp,ddp_seed1_local,45000,85.4396777481661,2.950366079103908,,/eagle/lc-mpi/Zhiqing/polaris_ebm/runs_analysis/seed1_fid_trajectory/ddp_seed1_local,/eagle/lc-mpi/Zhiqing/polaris_ebm/runs_analysis/seed1_fid_trajectory/ddp_seed1_local/step045000,/eagle/lc-mpi/Zhiqing/polaris_ebm/runs_analysis/seed1_fid_trajectory/ddp_seed1_local/step045000/metrics_compare.json
1,ddp,ddp_seed1_local,50000,88.77465204728333,1.3223190915870617,,/eagle/lc-mpi/Zhiqing/polaris_ebm/runs_analysis/seed1_fid_trajectory/ddp_seed1_local,/eagle/lc-mpi/Zhiqing/polaris_ebm/runs_analysis/seed1_fid_trajectory/ddp_seed1_local/step050000,/eagle/lc-mpi/Zhiqing/polaris_ebm/runs_analysis/seed1_fid_trajectory/ddp_seed1_local/step050000/metrics_compare.json
1,ddp,ddp_seed1_local,55000,85.68522132604852,0.363744089687728,,/eagle/lc-mpi/Zhiqing/polaris_ebm/runs_analysis/seed1_fid_trajectory/ddp_seed1_local,/eagle/lc-mpi/Zhiqing/polaris_ebm/runs_analysis/seed1_fid_trajectory/ddp_seed1_local/step055000,/eagle/lc-mpi/Zhiqing/polaris_ebm/runs_analysis/seed1_fid_trajectory/ddp_seed1_local/step055000/metrics_compare.json
1,ddp,ddp_seed1_local,60000,81.53804281856173,0.42592337530660984,,/eagle/lc-mpi/Zhiqing/polaris_ebm/runs_analysis/seed1_fid_trajectory/ddp_seed1_local,/eagle/lc-mpi/Zhiqing/polaris_ebm/runs_analysis/seed1_fid_trajectory/ddp_seed1_local/step060000,/eagle/lc-mpi/Zhiqing/polaris_ebm/runs_analysis/seed1_fid_trajectory/ddp_seed1_local/step060000/metrics_compare.json
1,ddp,ddp_seed1_local,65000,84.25223793954501,1.1762894651825917,,/eagle/lc-mpi/Zhiqing/polaris_ebm/runs_analysis/seed1_fid_trajectory/ddp_seed1_local,/eagle/lc-mpi/Zhiqing/polaris_ebm/runs_analysis/seed1_fid_trajectory/ddp_seed1_local/step065000,/eagle/lc-mpi/Zhiqing/polaris_ebm/runs_analysis/seed1_fid_trajectory/ddp_seed1_local/step065000/metrics_compare.json
1,ddp,ddp_seed1_local,70000,69.81401188530464,1.0089179651435352,,/eagle/lc-mpi/Zhiqing/polaris_ebm/runs_analysis/seed1_fid_trajectory/ddp_seed1_local,/eagle/lc-mpi/Zhiqing/polaris_ebm/runs_analysis/seed1_fid_trajectory/ddp_seed1_local/step070000,/eagle/lc-mpi/Zhiqing/polaris_ebm/runs_analysis/seed1_fid_trajectory/ddp_seed1_local/step070000/metrics_compare.json
1,ddp,ddp_seed1_local,75000,80.37455505702508,1.6404853864140883,,/eagle/lc-mpi/Zhiqing/polaris_ebm/runs_analysis/seed1_fid_trajectory/ddp_seed1_local,/eagle/lc-mpi/Zhiqing/polaris_ebm/runs_analysis/seed1_fid_trajectory/ddp_seed1_local/step075000,/eagle/lc-mpi/Zhiqing/polaris_ebm/runs_analysis/seed1_fid_trajectory/ddp_seed1_local/step075000/metrics_compare.json
1,ddp,ddp_seed1_local,80000,86.9877508793499,0.48931071337852927,,/eagle/lc-mpi/Zhiqing/polaris_ebm/runs_analysis/seed1_fid_trajectory/ddp_seed1_local,/eagle/lc-mpi/Zhiqing/polaris_ebm/runs_analysis/seed1_fid_trajectory/ddp_seed1_local/step080000,/eagle/lc-mpi/Zhiqing/polaris_ebm/runs_analysis/seed1_fid_trajectory/ddp_seed1_local/step080000/metrics_compare.json
1,ddp,ddp_seed1_local,85000,97.06737646758091,0.31623712216295274,,/eagle/lc-mpi/Zhiqing/polaris_ebm/runs_analysis/seed1_fid_trajectory/ddp_seed1_local,/eagle/lc-mpi/Zhiqing/polaris_ebm/runs_analysis/seed1_fid_trajectory/ddp_seed1_local/step085000,/eagle/lc-mpi/Zhiqing/polaris_ebm/runs_analysis/seed1_fid_trajectory/ddp_seed1_local/step085000/metrics_compare.json
1,ddp,ddp_seed1_local,90000,73.56846430337555,0.33166970933606876,,/eagle/lc-mpi/Zhiqing/polaris_ebm/runs_analysis/seed1_fid_trajectory/ddp_seed1_local,/eagle/lc-mpi/Zhiqing/polaris_ebm/runs_analysis/seed1_fid_trajectory/ddp_seed1_local/step090000,/eagle/lc-mpi/Zhiqing/polaris_ebm/runs_analysis/seed1_fid_trajectory/ddp_seed1_local/step090000/metrics_compare.json
1,ddp,ddp_seed1_local,95000,64.4370022745585,0.40019973403738973,,/eagle/lc-mpi/Zhiqing/polaris_ebm/runs_analysis/seed1_fid_trajectory/ddp_seed1_local,/eagle/lc-mpi/Zhiqing/polaris_ebm/runs_analysis/seed1_fid_trajectory/ddp_seed1_local/step095000,/eagle/lc-mpi/Zhiqing/polaris_ebm/runs_analysis/seed1_fid_trajectory/ddp_seed1_local/step095000/metrics_compare.json
1,ddp,ddp_seed1_local,100000,67.94951567013607,0.8803643225683224,,/eagle/lc-mpi/Zhiqing/polaris_ebm/runs_analysis/seed1_fid_trajectory/ddp_seed1_local,/eagle/lc-mpi/Zhiqing/polaris_ebm/runs_analysis/seed1_fid_trajectory/ddp_seed1_local/step100000,/eagle/lc-mpi/Zhiqing/polaris_ebm/runs_analysis/seed1_fid_trajectory/ddp_seed1_local/step100000/metrics_compare.json
1,ddp,ddp_seed1_local,105000,75.10603769604529,0.3839936649784583,,/eagle/lc-mpi/Zhiqing/polaris_ebm/runs_analysis/seed1_fid_trajectory/ddp_seed1_local,/eagle/lc-mpi/Zhiqing/polaris_ebm/runs_analysis/seed1_fid_trajectory/ddp_seed1_local/step105000,/eagle/lc-mpi/Zhiqing/polaris_ebm/runs_analysis/seed1_fid_trajectory/ddp_seed1_local/step105000/metrics_compare.json
1,ddp,ddp_seed1_local,110000,63.46759923321122,0.312349203865697,,/eagle/lc-mpi/Zhiqing/polaris_ebm/runs_analysis/seed1_fid_trajectory/ddp_seed1_local,/eagle/lc-mpi/Zhiqing/polaris_ebm/runs_analysis/seed1_fid_trajectory/ddp_seed1_local/step110000,/eagle/lc-mpi/Zhiqing/polaris_ebm/runs_analysis/seed1_fid_trajectory/ddp_seed1_local/step110000/metrics_compare.json
1,ddp,ddp_seed1_local,115000,92.596384660039,0.3573275476257507,,/eagle/lc-mpi/Zhiqing/polaris_ebm/runs_analysis/seed1_fid_trajectory/ddp_seed1_local,/eagle/lc-mpi/Zhiqing/polaris_ebm/runs_analysis/seed1_fid_trajectory/ddp_seed1_local/step115000,/eagle/lc-mpi/Zhiqing/polaris_ebm/runs_analysis/seed1_fid_trajectory/ddp_seed1_local/step115000/metrics_compare.json
1,ddp,ddp_seed1_local,120000,74.80906111303977,0.3195908621967156,,/eagle/lc-mpi/Zhiqing/polaris_ebm/runs_analysis/seed1_fid_trajectory/ddp_seed1_local,/eagle/lc-mpi/Zhiqing/polaris_ebm/runs_analysis/seed1_fid_trajectory/ddp_seed1_local/step120000,/eagle/lc-mpi/Zhiqing/polaris_ebm/runs_analysis/seed1_fid_trajectory/ddp_seed1_local/step120000/metrics_compare.json
1,ddp,ddp_seed1_local,125000,75.72544318903999,0.7026306561162876,,/eagle/lc-mpi/Zhiqing/polaris_ebm/runs_analysis/seed1_fid_trajectory/ddp_seed1_local,/eagle/lc-mpi/Zhiqing/polaris_ebm/runs_analysis/seed1_fid_trajectory/ddp_seed1_local/step125000,/eagle/lc-mpi/Zhiqing/polaris_ebm/runs_analysis/seed1_fid_trajectory/ddp_seed1_local/step125000/metrics_compare.json
1,ddp,ddp_seed1_local,130000,78.5177872463754,0.5417944987911625,,/eagle/lc-mpi/Zhiqing/polaris_ebm/runs_analysis/seed1_fid_trajectory/ddp_seed1_local,/eagle/lc-mpi/Zhiqing/polaris_ebm/runs_analysis/seed1_fid_trajectory/ddp_seed1_local/step130000,/eagle/lc-mpi/Zhiqing/polaris_ebm/runs_analysis/seed1_fid_trajectory/ddp_seed1_local/step130000/metrics_compare.json
1,ddp,ddp_seed1_local,135000,74.42444680948142,0.3005989993652243,,/eagle/lc-mpi/Zhiqing/polaris_ebm/runs_analysis/seed1_fid_trajectory/ddp_seed1_local,/eagle/lc-mpi/Zhiqing/polaris_ebm/runs_analysis/seed1_fid_trajectory/ddp_seed1_local/step135000,/eagle/lc-mpi/Zhiqing/polaris_ebm/runs_analysis/seed1_fid_trajectory/ddp_seed1_local/step135000/metrics_compare.json
1,ddp,ddp_seed1_local,140000,74.25719505491804,0.4958003850393382,,/eagle/lc-mpi/Zhiqing/polaris_ebm/runs_analysis/seed1_fid_trajectory/ddp_seed1_local,/eagle/lc-mpi/Zhiqing/polaris_ebm/runs_analysis/seed1_fid_trajectory/ddp_seed1_local/step140000,/eagle/lc-mpi/Zhiqing/polaris_ebm/runs_analysis/seed1_fid_trajectory/ddp_seed1_local/step140000/metrics_compare.json
1,ddp,ddp_seed1_local,145000,69.5005738214835,0.6015326374722747,,/eagle/lc-mpi/Zhiqing/polaris_ebm/runs_analysis/seed1_fid_trajectory/ddp_seed1_local,/eagle/lc-mpi/Zhiqing/polaris_ebm/runs_analysis/seed1_fid_trajectory/ddp_seed1_local/step145000,/eagle/lc-mpi/Zhiqing/polaris_ebm/runs_analysis/seed1_fid_trajectory/ddp_seed1_local/step145000/metrics_compare.json
1,ddp,ddp_seed1_local,150000,80.40403426457897,0.2843590053889429,,/eagle/lc-mpi/Zhiqing/polaris_ebm/runs_analysis/seed1_fid_trajectory/ddp_seed1_local,/eagle/lc-mpi/Zhiqing/polaris_ebm/runs_analysis/seed1_fid_trajectory/ddp_seed1_local/step150000,/eagle/lc-mpi/Zhiqing/polaris_ebm/runs_analysis/seed1_fid_trajectory/ddp_seed1_local/step150000/metrics_compare.json
1,ddp,ddp_seed1_local,155000,69.2443481996907,0.5134626723994451,,/eagle/lc-mpi/Zhiqing/polaris_ebm/runs_analysis/seed1_fid_trajectory/ddp_seed1_local,/eagle/lc-mpi/Zhiqing/polaris_ebm/runs_analysis/seed1_fid_trajectory/ddp_seed1_local/step155000,/eagle/lc-mpi/Zhiqing/polaris_ebm/runs_analysis/seed1_fid_trajectory/ddp_seed1_local/step155000/metrics_compare.json
1,ddp,ddp_seed1_local,160000,75.00412831266863,0.4528483504462102,,/eagle/lc-mpi/Zhiqing/polaris_ebm/runs_analysis/seed1_fid_trajectory/ddp_seed1_local,/eagle/lc-mpi/Zhiqing/polaris_ebm/runs_analysis/seed1_fid_trajectory/ddp_seed1_local/step160000,/eagle/lc-mpi/Zhiqing/polaris_ebm/runs_analysis/seed1_fid_trajectory/ddp_seed1_local/step160000/metrics_compare.json
1,ddp,ddp_seed1_local,165000,72.17621348702613,0.5558389465072402,,/eagle/lc-mpi/Zhiqing/polaris_ebm/runs_analysis/seed1_fid_trajectory/ddp_seed1_local,/eagle/lc-mpi/Zhiqing/polaris_ebm/runs_analysis/seed1_fid_trajectory/ddp_seed1_local/step165000,/eagle/lc-mpi/Zhiqing/polaris_ebm/runs_analysis/seed1_fid_trajectory/ddp_seed1_local/step165000/metrics_compare.json
1,ddp,ddp_seed1_local,170000,61.288271796156664,0.22590822964721013,,/eagle/lc-mpi/Zhiqing/polaris_ebm/runs_analysis/seed1_fid_trajectory/ddp_seed1_local,/eagle/lc-mpi/Zhiqing/polaris_ebm/runs_analysis/seed1_fid_trajectory/ddp_seed1_local/step170000,/eagle/lc-mpi/Zhiqing/polaris_ebm/runs_analysis/seed1_fid_trajectory/ddp_seed1_local/step170000/metrics_compare.json
1,ddp,ddp_seed1_local,175000,76.71922414026062,0.29611168931788256,,/eagle/lc-mpi/Zhiqing/polaris_ebm/runs_analysis/seed1_fid_trajectory/ddp_seed1_local,/eagle/lc-mpi/Zhiqing/polaris_ebm/runs_analysis/seed1_fid_trajectory/ddp_seed1_local/step175000,/eagle/lc-mpi/Zhiqing/polaris_ebm/runs_analysis/seed1_fid_trajectory/ddp_seed1_local/step175000/metrics_compare.json
1,ddp,ddp_seed1_local,180000,71.27905117073897,0.5654302687770318,,/eagle/lc-mpi/Zhiqing/polaris_ebm/runs_analysis/seed1_fid_trajectory/ddp_seed1_local,/eagle/lc-mpi/Zhiqing/polaris_ebm/runs_analysis/seed1_fid_trajectory/ddp_seed1_local/step180000,/eagle/lc-mpi/Zhiqing/polaris_ebm/runs_analysis/seed1_fid_trajectory/ddp_seed1_local/step180000/metrics_compare.json
1,ddp,ddp_seed1_local,185000,74.76635815066686,0.36548035967212655,,/eagle/lc-mpi/Zhiqing/polaris_ebm/runs_analysis/seed1_fid_trajectory/ddp_seed1_local,/eagle/lc-mpi/Zhiqing/polaris_ebm/runs_analysis/seed1_fid_trajectory/ddp_seed1_local/step185000,/eagle/lc-mpi/Zhiqing/polaris_ebm/runs_analysis/seed1_fid_trajectory/ddp_seed1_local/step185000/metrics_compare.json
1,ddp,ddp_seed1_local,190000,76.51291187876404,1.2370983534089746,,/eagle/lc-mpi/Zhiqing/polaris_ebm/runs_analysis/seed1_fid_trajectory/ddp_seed1_local,/eagle/lc-mpi/Zhiqing/polaris_ebm/runs_analysis/seed1_fid_trajectory/ddp_seed1_local/step190000,/eagle/lc-mpi/Zhiqing/polaris_ebm/runs_analysis/seed1_fid_trajectory/ddp_seed1_local/step190000/metrics_compare.json
1,ddp,ddp_seed1_local,195000,61.45384088153776,0.26879410360251654,,/eagle/lc-mpi/Zhiqing/polaris_ebm/runs_analysis/seed1_fid_trajectory/ddp_seed1_local,/eagle/lc-mpi/Zhiqing/polaris_ebm/runs_analysis/seed1_fid_trajectory/ddp_seed1_local/step195000,/eagle/lc-mpi/Zhiqing/polaris_ebm/runs_analysis/seed1_fid_trajectory/ddp_seed1_local/step195000/metrics_compare.json
1,ddp,ddp_seed1_local,200000,65.11546243536509,0.29613927514019167,,/eagle/lc-mpi/Zhiqing/polaris_ebm/runs_analysis/seed1_fid_trajectory/ddp_seed1_local,/eagle/lc-mpi/Zhiqing/polaris_ebm/runs_analysis/seed1_fid_trajectory/ddp_seed1_local/step200000,/eagle/lc-mpi/Zhiqing/polaris_ebm/runs_analysis/seed1_fid_trajectory/ddp_seed1_local/step200000/metrics_compare.json
1,ddp,ddp_seed1_local,205000,64.52959745784023,0.6603788886347246,,/eagle/lc-mpi/Zhiqing/polaris_ebm/runs_analysis/seed1_fid_trajectory/ddp_seed1_local,/eagle/lc-mpi/Zhiqing/polaris_ebm/runs_analysis/seed1_fid_trajectory/ddp_seed1_local/step205000,/eagle/lc-mpi/Zhiqing/polaris_ebm/runs_analysis/seed1_fid_trajectory/ddp_seed1_local/step205000/metrics_compare.json
1,ddp,ddp_seed1_local,210000,61.60428960289687,0.20981319204052085,,/eagle/lc-mpi/Zhiqing/polaris_ebm/runs_analysis/seed1_fid_trajectory/ddp_seed1_local,/eagle/lc-mpi/Zhiqing/polaris_ebm/runs_analysis/seed1_fid_trajectory/ddp_seed1_local/step210000,/eagle/lc-mpi/Zhiqing/polaris_ebm/runs_analysis/seed1_fid_trajectory/ddp_seed1_local/step210000/metrics_compare.json
1,ddp,ddp_seed1_local,215000,61.30017178454665,0.40121101205686927,,/eagle/lc-mpi/Zhiqing/polaris_ebm/runs_analysis/seed1_fid_trajectory/ddp_seed1_local,/eagle/lc-mpi/Zhiqing/polaris_ebm/runs_analysis/seed1_fid_trajectory/ddp_seed1_local/step215000,/eagle/lc-mpi/Zhiqing/polaris_ebm/runs_analysis/seed1_fid_trajectory/ddp_seed1_local/step215000/metrics_compare.json
1,ddp,ddp_seed1_local,220000,71.2395892605926,0.3323360506707189,,/eagle/lc-mpi/Zhiqing/polaris_ebm/runs_analysis/seed1_fid_trajectory/ddp_seed1_local,/eagle/lc-mpi/Zhiqing/polaris_ebm/runs_analysis/seed1_fid_trajectory/ddp_seed1_local/step220000,/eagle/lc-mpi/Zhiqing/polaris_ebm/runs_analysis/seed1_fid_trajectory/ddp_seed1_local/step220000/metrics_compare.json
1,ddp,ddp_seed1_local,225000,67.89187892054304,0.42544586094133763,,/eagle/lc-mpi/Zhiqing/polaris_ebm/runs_analysis/seed1_fid_trajectory/ddp_seed1_local,/eagle/lc-mpi/Zhiqing/polaris_ebm/runs_analysis/seed1_fid_trajectory/ddp_seed1_local/step225000,/eagle/lc-mpi/Zhiqing/polaris_ebm/runs_analysis/seed1_fid_trajectory/ddp_seed1_local/step225000/metrics_compare.json
1,ddp,ddp_seed1_local,230000,64.76471911649986,0.4693801458369471,,/eagle/lc-mpi/Zhiqing/polaris_ebm/runs_analysis/seed1_fid_trajectory/ddp_seed1_local,/eagle/lc-mpi/Zhiqing/polaris_ebm/runs_analysis/seed1_fid_trajectory/ddp_seed1_local/step230000,/eagle/lc-mpi/Zhiqing/polaris_ebm/runs_analysis/seed1_fid_trajectory/ddp_seed1_local/step230000/metrics_compare.json
1,ddp,ddp_seed1_local,235000,72.64131930880899,0.5033847376188092,,/eagle/lc-mpi/Zhiqing/polaris_ebm/runs_analysis/seed1_fid_trajectory/ddp_seed1_local,/eagle/lc-mpi/Zhiqing/polaris_ebm/runs_analysis/seed1_fid_trajectory/ddp_seed1_local/step235000,/eagle/lc-mpi/Zhiqing/polaris_ebm/runs_analysis/seed1_fid_trajectory/ddp_seed1_local/step235000/metrics_compare.json
1,ddp,ddp_seed1_local,240000,82.09494582621744,0.5420775556423649,,/eagle/lc-mpi/Zhiqing/polaris_ebm/runs_analysis/seed1_fid_trajectory/ddp_seed1_local,/eagle/lc-mpi/Zhiqing/polaris_ebm/runs_analysis/seed1_fid_trajectory/ddp_seed1_local/step240000,/eagle/lc-mpi/Zhiqing/polaris_ebm/runs_analysis/seed1_fid_trajectory/ddp_seed1_local/step240000/metrics_compare.json
1,ddp,ddp_seed1_local,245000,66.00157580439009,0.7436501773812623,,/eagle/lc-mpi/Zhiqing/polaris_ebm/runs_analysis/seed1_fid_trajectory/ddp_seed1_local,/eagle/lc-mpi/Zhiqing/polaris_ebm/runs_analysis/seed1_fid_trajectory/ddp_seed1_local/step245000,/eagle/lc-mpi/Zhiqing/polaris_ebm/runs_analysis/seed1_fid_trajectory/ddp_seed1_local/step245000/metrics_compare.json
1,ddp,ddp_seed1_local,250000,66.71413661406183,0.23962623525578763,,/eagle/lc-mpi/Zhiqing/polaris_ebm/runs_analysis/seed1_fid_trajectory/ddp_seed1_local,/eagle/lc-mpi/Zhiqing/polaris_ebm/runs_analysis/seed1_fid_trajectory/ddp_seed1_local/step250000,/eagle/lc-mpi/Zhiqing/polaris_ebm/runs_analysis/seed1_fid_trajectory/ddp_seed1_local/step250000/metrics_compare.json
1,ddp,ddp_seed1_local,255000,61.66193852960703,0.27231857821996996,,/eagle/lc-mpi/Zhiqing/polaris_ebm/runs_analysis/seed1_fid_trajectory/ddp_seed1_local,/eagle/lc-mpi/Zhiqing/polaris_ebm/runs_analysis/seed1_fid_trajectory/ddp_seed1_local/step255000,/eagle/lc-mpi/Zhiqing/polaris_ebm/runs_analysis/seed1_fid_trajectory/ddp_seed1_local/step255000/metrics_compare.json
1,ddp,ddp_seed1_local,260000,71.71654657850337,0.5299349326067073,,/eagle/lc-mpi/Zhiqing/polaris_ebm/runs_analysis/seed1_fid_trajectory/ddp_seed1_local,/eagle/lc-mpi/Zhiqing/polaris_ebm/runs_analysis/seed1_fid_trajectory/ddp_seed1_local/step260000,/eagle/lc-mpi/Zhiqing/polaris_ebm/runs_analysis/seed1_fid_trajectory/ddp_seed1_local/step260000/metrics_compare.json
1,ddp,ddp_seed1_local,265000,69.70922489126792,0.4709614868340033,,/eagle/lc-mpi/Zhiqing/polaris_ebm/runs_analysis/seed1_fid_trajectory/ddp_seed1_local,/eagle/lc-mpi/Zhiqing/polaris_ebm/runs_analysis/seed1_fid_trajectory/ddp_seed1_local/step265000,/eagle/lc-mpi/Zhiqing/polaris_ebm/runs_analysis/seed1_fid_trajectory/ddp_seed1_local/step265000/metrics_compare.json
1,ddp,ddp_seed1_local,270000,59.37083186159492,0.5377232235068021,,/eagle/lc-mpi/Zhiqing/polaris_ebm/runs_analysis/seed1_fid_trajectory/ddp_seed1_local,/eagle/lc-mpi/Zhiqing/polaris_ebm/runs_analysis/seed1_fid_trajectory/ddp_seed1_local/step270000,/eagle/lc-mpi/Zhiqing/polaris_ebm/runs_analysis/seed1_fid_trajectory/ddp_seed1_local/step270000/metrics_compare.json
1,ddp,ddp_seed1_local,275000,78.54739237397712,0.44027264035820224,,/eagle/lc-mpi/Zhiqing/polaris_ebm/runs_analysis/seed1_fid_trajectory/ddp_seed1_local,/eagle/lc-mpi/Zhiqing/polaris_ebm/runs_analysis/seed1_fid_trajectory/ddp_seed1_local/step275000,/eagle/lc-mpi/Zhiqing/polaris_ebm/runs_analysis/seed1_fid_trajectory/ddp_seed1_local/step275000/metrics_compare.json
1,ddp,ddp_seed1_local,280000,54.80543438170548,0.4588828935523992,,/eagle/lc-mpi/Zhiqing/polaris_ebm/runs_analysis/seed1_fid_trajectory/ddp_seed1_local,/eagle/lc-mpi/Zhiqing/polaris_ebm/runs_analysis/seed1_fid_trajectory/ddp_seed1_local/step280000,/eagle/lc-mpi/Zhiqing/polaris_ebm/runs_analysis/seed1_fid_trajectory/ddp_seed1_local/step280000/metrics_compare.json
1,ddp,ddp_seed1_local,285000,66.92371224461351,0.29603485586565625,,/eagle/lc-mpi/Zhiqing/polaris_ebm/runs_analysis/seed1_fid_trajectory/ddp_seed1_local,/eagle/lc-mpi/Zhiqing/polaris_ebm/runs_analysis/seed1_fid_trajectory/ddp_seed1_local/step285000,/eagle/lc-mpi/Zhiqing/polaris_ebm/runs_analysis/seed1_fid_trajectory/ddp_seed1_local/step285000/metrics_compare.json
1,ddp,ddp_seed1_local,290000,64.34583426042832,0.3490397083730059,,/eagle/lc-mpi/Zhiqing/polaris_ebm/runs_analysis/seed1_fid_trajectory/ddp_seed1_local,/eagle/lc-mpi/Zhiqing/polaris_ebm/runs_analysis/seed1_fid_trajectory/ddp_seed1_local/step290000,/eagle/lc-mpi/Zhiqing/polaris_ebm/runs_analysis/seed1_fid_trajectory/ddp_seed1_local/step290000/metrics_compare.json
1,ddp,ddp_seed1_local,295000,62.27793215069903,0.2982043459840469,,/eagle/lc-mpi/Zhiqing/polaris_ebm/runs_analysis/seed1_fid_trajectory/ddp_seed1_local,/eagle/lc-mpi/Zhiqing/polaris_ebm/runs_analysis/seed1_fid_trajectory/ddp_seed1_local/step295000,/eagle/lc-mpi/Zhiqing/polaris_ebm/runs_analysis/seed1_fid_trajectory/ddp_seed1_local/step295000/metrics_compare.json
1,ddp,ddp_seed1_local,300000,66.94092171301946,0.43625693217033046,,/eagle/lc-mpi/Zhiqing/polaris_ebm/runs_analysis/seed1_fid_trajectory/ddp_seed1_local,/eagle/lc-mpi/Zhiqing/polaris_ebm/runs_analysis/seed1_fid_trajectory/ddp_seed1_local/step300000,/eagle/lc-mpi/Zhiqing/polaris_ebm/runs_analysis/seed1_fid_trajectory/ddp_seed1_local/step300000/metrics_compare.json
1,pipeline,pipeline_seed1_local,5000,154.00775820001854,7.307661347232216,,/eagle/lc-mpi/Zhiqing/polaris_ebm/runs_analysis/seed1_fid_trajectory/pipeline_seed1_local,/eagle/lc-mpi/Zhiqing/polaris_ebm/runs_analysis/seed1_fid_trajectory/pipeline_seed1_local/step005000,/eagle/lc-mpi/Zhiqing/polaris_ebm/runs_analysis/seed1_fid_trajectory/pipeline_seed1_local/step005000/metrics_compare.json
1,pipeline,pipeline_seed1_local,10000,144.83348796911903,3.753978453256387,,/eagle/lc-mpi/Zhiqing/polaris_ebm/runs_analysis/seed1_fid_trajectory/pipeline_seed1_local,/eagle/lc-mpi/Zhiqing/polaris_ebm/runs_analysis/seed1_fid_trajectory/pipeline_seed1_local/step010000,/eagle/lc-mpi/Zhiqing/polaris_ebm/runs_analysis/seed1_fid_trajectory/pipeline_seed1_local/step010000/metrics_compare.json
1,pipeline,pipeline_seed1_local,15000,123.8961326931227,3.8486922622413466,,/eagle/lc-mpi/Zhiqing/polaris_ebm/runs_analysis/seed1_fid_trajectory/pipeline_seed1_local,/eagle/lc-mpi/Zhiqing/polaris_ebm/runs_analysis/seed1_fid_trajectory/pipeline_seed1_local/step015000,/eagle/lc-mpi/Zhiqing/polaris_ebm/runs_analysis/seed1_fid_trajectory/pipeline_seed1_local/step015000/metrics_compare.json
1,pipeline,pipeline_seed1_local,20000,128.74555546370527,1.6016532181808536,,/eagle/lc-mpi/Zhiqing/polaris_ebm/runs_analysis/seed1_fid_trajectory/pipeline_seed1_local,/eagle/lc-mpi/Zhiqing/polaris_ebm/runs_analysis/seed1_fid_trajectory/pipeline_seed1_local/step020000,/eagle/lc-mpi/Zhiqing/polaris_ebm/runs_analysis/seed1_fid_trajectory/pipeline_seed1_local/step020000/metrics_compare.json
1,pipeline,pipeline_seed1_local,25000,170.49948930527358,1.4819990444606255,,/eagle/lc-mpi/Zhiqing/polaris_ebm/runs_analysis/seed1_fid_trajectory/pipeline_seed1_local,/eagle/lc-mpi/Zhiqing/polaris_ebm/runs_analysis/seed1_fid_trajectory/pipeline_seed1_local/step025000,/eagle/lc-mpi/Zhiqing/polaris_ebm/runs_analysis/seed1_fid_trajectory/pipeline_seed1_local/step025000/metrics_compare.json
1,pipeline,pipeline_seed1_local,30000,102.89130511784208,1.8090766822992599,,/eagle/lc-mpi/Zhiqing/polaris_ebm/runs_analysis/seed1_fid_trajectory/pipeline_seed1_local,/eagle/lc-mpi/Zhiqing/polaris_ebm/runs_analysis/seed1_fid_trajectory/pipeline_seed1_local/step030000,/eagle/lc-mpi/Zhiqing/polaris_ebm/runs_analysis/seed1_fid_trajectory/pipeline_seed1_local/step030000/metrics_compare.json
1,pipeline,pipeline_seed1_local,35000,120.23197030227647,1.0587452990666577,,/eagle/lc-mpi/Zhiqing/polaris_ebm/runs_analysis/seed1_fid_trajectory/pipeline_seed1_local,/eagle/lc-mpi/Zhiqing/polaris_ebm/runs_analysis/seed1_fid_trajectory/pipeline_seed1_local/step035000,/eagle/lc-mpi/Zhiqing/polaris_ebm/runs_analysis/seed1_fid_trajectory/pipeline_seed1_local/step035000/metrics_compare.json
1,pipeline,pipeline_seed1_local,40000,87.72900016018099,1.0220236714476592,,/eagle/lc-mpi/Zhiqing/polaris_ebm/runs_analysis/seed1_fid_trajectory/pipeline_seed1_local,/eagle/lc-mpi/Zhiqing/polaris_ebm/runs_analysis/seed1_fid_trajectory/pipeline_seed1_local/step040000,/eagle/lc-mpi/Zhiqing/polaris_ebm/runs_analysis/seed1_fid_trajectory/pipeline_seed1_local/step040000/metrics_compare.json
1,pipeline,pipeline_seed1_local,45000,93.65092404812276,2.871334067048803,,/eagle/lc-mpi/Zhiqing/polaris_ebm/runs_analysis/seed1_fid_trajectory/pipeline_seed1_local,/eagle/lc-mpi/Zhiqing/polaris_ebm/runs_analysis/seed1_fid_trajectory/pipeline_seed1_local/step045000,/eagle/lc-mpi/Zhiqing/polaris_ebm/runs_analysis/seed1_fid_trajectory/pipeline_seed1_local/step045000/metrics_compare.json
1,pipeline,pipeline_seed1_local,50000,100.86613395511927,0.8299801514557537,,/eagle/lc-mpi/Zhiqing/polaris_ebm/runs_analysis/seed1_fid_trajectory/pipeline_seed1_local,/eagle/lc-mpi/Zhiqing/polaris_ebm/runs_analysis/seed1_fid_trajectory/pipeline_seed1_local/step050000,/eagle/lc-mpi/Zhiqing/polaris_ebm/runs_analysis/seed1_fid_trajectory/pipeline_seed1_local/step050000/metrics_compare.json
1,pipeline,pipeline_seed1_local,55000,89.5587490257434,2.5876829697352193,,/eagle/lc-mpi/Zhiqing/polaris_ebm/runs_analysis/seed1_fid_trajectory/pipeline_seed1_local,/eagle/lc-mpi/Zhiqing/polaris_ebm/runs_analysis/seed1_fid_trajectory/pipeline_seed1_local/step055000,/eagle/lc-mpi/Zhiqing/polaris_ebm/runs_analysis/seed1_fid_trajectory/pipeline_seed1_local/step055000/metrics_compare.json
1,pipeline,pipeline_seed1_local,60000,87.0558529741877,0.8318387637037858,,/eagle/lc-mpi/Zhiqing/polaris_ebm/runs_analysis/seed1_fid_trajectory/pipeline_seed1_local,/eagle/lc-mpi/Zhiqing/polaris_ebm/runs_analysis/seed1_fid_trajectory/pipeline_seed1_local/step060000,/eagle/lc-mpi/Zhiqing/polaris_ebm/runs_analysis/seed1_fid_trajectory/pipeline_seed1_local/step060000/metrics_compare.json
1,pipeline,pipeline_seed1_local,65000,84.94114039198695,2.684047503226523,,/eagle/lc-mpi/Zhiqing/polaris_ebm/runs_analysis/seed1_fid_trajectory/pipeline_seed1_local,/eagle/lc-mpi/Zhiqing/polaris_ebm/runs_analysis/seed1_fid_trajectory/pipeline_seed1_local/step065000,/eagle/lc-mpi/Zhiqing/polaris_ebm/runs_analysis/seed1_fid_trajectory/pipeline_seed1_local/step065000/metrics_compare.json
1,pipeline,pipeline_seed1_local,70000,91.68283496029517,1.7408896958891944,,/eagle/lc-mpi/Zhiqing/polaris_ebm/runs_analysis/seed1_fid_trajectory/pipeline_seed1_local,/eagle/lc-mpi/Zhiqing/polaris_ebm/runs_analysis/seed1_fid_trajectory/pipeline_seed1_local/step070000,/eagle/lc-mpi/Zhiqing/polaris_ebm/runs_analysis/seed1_fid_trajectory/pipeline_seed1_local/step070000/metrics_compare.json
1,pipeline,pipeline_seed1_local,75000,129.93972284779863,1.2569042531482104,,/eagle/lc-mpi/Zhiqing/polaris_ebm/runs_analysis/seed1_fid_trajectory/pipeline_seed1_local,/eagle/lc-mpi/Zhiqing/polaris_ebm/runs_analysis/seed1_fid_trajectory/pipeline_seed1_local/step075000,/eagle/lc-mpi/Zhiqing/polaris_ebm/runs_analysis/seed1_fid_trajectory/pipeline_seed1_local/step075000/metrics_compare.json
1,pipeline,pipeline_seed1_local,80000,94.37119800179721,1.8988724443008422,,/eagle/lc-mpi/Zhiqing/polaris_ebm/runs_analysis/seed1_fid_trajectory/pipeline_seed1_local,/eagle/lc-mpi/Zhiqing/polaris_ebm/runs_analysis/seed1_fid_trajectory/pipeline_seed1_local/step080000,/eagle/lc-mpi/Zhiqing/polaris_ebm/runs_analysis/seed1_fid_trajectory/pipeline_seed1_local/step080000/metrics_compare.json
1,pipeline,pipeline_seed1_local,85000,122.36496078195569,1.4837432642401218,,/eagle/lc-mpi/Zhiqing/polaris_ebm/runs_analysis/seed1_fid_trajectory/pipeline_seed1_local,/eagle/lc-mpi/Zhiqing/polaris_ebm/runs_analysis/seed1_fid_trajectory/pipeline_seed1_local/step085000,/eagle/lc-mpi/Zhiqing/polaris_ebm/runs_analysis/seed1_fid_trajectory/pipeline_seed1_local/step085000/metrics_compare.json
1,pipeline,pipeline_seed1_local,90000,87.74123023636298,0.7272134726066994,,/eagle/lc-mpi/Zhiqing/polaris_ebm/runs_analysis/seed1_fid_trajectory/pipeline_seed1_local,/eagle/lc-mpi/Zhiqing/polaris_ebm/runs_analysis/seed1_fid_trajectory/pipeline_seed1_local/step090000,/eagle/lc-mpi/Zhiqing/polaris_ebm/runs_analysis/seed1_fid_trajectory/pipeline_seed1_local/step090000/metrics_compare.json
1,pipeline,pipeline_seed1_local,95000,78.01946980645761,5.388429272272198,,/eagle/lc-mpi/Zhiqing/polaris_ebm/runs_analysis/seed1_fid_trajectory/pipeline_seed1_local,/eagle/lc-mpi/Zhiqing/polaris_ebm/runs_analysis/seed1_fid_trajectory/pipeline_seed1_local/step095000,/eagle/lc-mpi/Zhiqing/polaris_ebm/runs_analysis/seed1_fid_trajectory/pipeline_seed1_local/step095000/metrics_compare.json
1,pipeline,pipeline_seed1_local,100000,102.58732965765864,1.0158078728582396,,/eagle/lc-mpi/Zhiqing/polaris_ebm/runs_analysis/seed1_fid_trajectory/pipeline_seed1_local,/eagle/lc-mpi/Zhiqing/polaris_ebm/runs_analysis/seed1_fid_trajectory/pipeline_seed1_local/step100000,/eagle/lc-mpi/Zhiqing/polaris_ebm/runs_analysis/seed1_fid_trajectory/pipeline_seed1_local/step100000/metrics_compare.json
1,pipeline,pipeline_seed1_local,105000,87.29832935998087,1.7766052694333077,,/eagle/lc-mpi/Zhiqing/polaris_ebm/runs_analysis/seed1_fid_trajectory/pipeline_seed1_local,/eagle/lc-mpi/Zhiqing/polaris_ebm/runs_analysis/seed1_fid_trajectory/pipeline_seed1_local/step105000,/eagle/lc-mpi/Zhiqing/polaris_ebm/runs_analysis/seed1_fid_trajectory/pipeline_seed1_local/step105000/metrics_compare.json
1,pipeline,pipeline_seed1_local,110000,87.46050156456721,2.201650030862549,,/eagle/lc-mpi/Zhiqing/polaris_ebm/runs_analysis/seed1_fid_trajectory/pipeline_seed1_local,/eagle/lc-mpi/Zhiqing/polaris_ebm/runs_analysis/seed1_fid_trajectory/pipeline_seed1_local/step110000,/eagle/lc-mpi/Zhiqing/polaris_ebm/runs_analysis/seed1_fid_trajectory/pipeline_seed1_local/step110000/metrics_compare.json
1,pipeline,pipeline_seed1_local,115000,86.1030549600963,0.7738703822020483,,/eagle/lc-mpi/Zhiqing/polaris_ebm/runs_analysis/seed1_fid_trajectory/pipeline_seed1_local,/eagle/lc-mpi/Zhiqing/polaris_ebm/runs_analysis/seed1_fid_trajectory/pipeline_seed1_local/step115000,/eagle/lc-mpi/Zhiqing/polaris_ebm/runs_analysis/seed1_fid_trajectory/pipeline_seed1_local/step115000/metrics_compare.json
1,pipeline,pipeline_seed1_local,120000,88.25680467027502,0.441835313543848,,/eagle/lc-mpi/Zhiqing/polaris_ebm/runs_analysis/seed1_fid_trajectory/pipeline_seed1_local,/eagle/lc-mpi/Zhiqing/polaris_ebm/runs_analysis/seed1_fid_trajectory/pipeline_seed1_local/step120000,/eagle/lc-mpi/Zhiqing/polaris_ebm/runs_analysis/seed1_fid_trajectory/pipeline_seed1_local/step120000/metrics_compare.json
1,pipeline,pipeline_seed1_local,125000,79.75547394789356,1.4106621251051195,,/eagle/lc-mpi/Zhiqing/polaris_ebm/runs_analysis/seed1_fid_trajectory/pipeline_seed1_local,/eagle/lc-mpi/Zhiqing/polaris_ebm/runs_analysis/seed1_fid_trajectory/pipeline_seed1_local/step125000,/eagle/lc-mpi/Zhiqing/polaris_ebm/runs_analysis/seed1_fid_trajectory/pipeline_seed1_local/step125000/metrics_compare.json
1,pipeline,pipeline_seed1_local,130000,82.23491908275616,0.5545022138591662,,/eagle/lc-mpi/Zhiqing/polaris_ebm/runs_analysis/seed1_fid_trajectory/pipeline_seed1_local,/eagle/lc-mpi/Zhiqing/polaris_ebm/runs_analysis/seed1_fid_trajectory/pipeline_seed1_local/step130000,/eagle/lc-mpi/Zhiqing/polaris_ebm/runs_analysis/seed1_fid_trajectory/pipeline_seed1_local/step130000/metrics_compare.json
1,pipeline,pipeline_seed1_local,135000,81.18238044548224,0.6532788354059811,,/eagle/lc-mpi/Zhiqing/polaris_ebm/runs_analysis/seed1_fid_trajectory/pipeline_seed1_local,/eagle/lc-mpi/Zhiqing/polaris_ebm/runs_analysis/seed1_fid_trajectory/pipeline_seed1_local/step135000,/eagle/lc-mpi/Zhiqing/polaris_ebm/runs_analysis/seed1_fid_trajectory/pipeline_seed1_local/step135000/metrics_compare.json
1,pipeline,pipeline_seed1_local,140000,75.75257882859228,1.2593426682360196,,/eagle/lc-mpi/Zhiqing/polaris_ebm/runs_analysis/seed1_fid_trajectory/pipeline_seed1_local,/eagle/lc-mpi/Zhiqing/polaris_ebm/runs_analysis/seed1_fid_trajectory/pipeline_seed1_local/step140000,/eagle/lc-mpi/Zhiqing/polaris_ebm/runs_analysis/seed1_fid_trajectory/pipeline_seed1_local/step140000/metrics_compare.json
1,pipeline,pipeline_seed1_local,145000,69.27539271599613,1.821054639738513,,/eagle/lc-mpi/Zhiqing/polaris_ebm/runs_analysis/seed1_fid_trajectory/pipeline_seed1_local,/eagle/lc-mpi/Zhiqing/polaris_ebm/runs_analysis/seed1_fid_trajectory/pipeline_seed1_local/step145000,/eagle/lc-mpi/Zhiqing/polaris_ebm/runs_analysis/seed1_fid_trajectory/pipeline_seed1_local/step145000/metrics_compare.json
1,pipeline,pipeline_seed1_local,150000,90.29405092876192,1.769371457613449,,/eagle/lc-mpi/Zhiqing/polaris_ebm/runs_analysis/seed1_fid_trajectory/pipeline_seed1_local,/eagle/lc-mpi/Zhiqing/polaris_ebm/runs_analysis/seed1_fid_trajectory/pipeline_seed1_local/step150000,/eagle/lc-mpi/Zhiqing/polaris_ebm/runs_analysis/seed1_fid_trajectory/pipeline_seed1_local/step150000/metrics_compare.json
1,pipeline,pipeline_seed1_local,155000,68.92334662386145,3.8035336400920077,,/eagle/lc-mpi/Zhiqing/polaris_ebm/runs_analysis/seed1_fid_trajectory/pipeline_seed1_local,/eagle/lc-mpi/Zhiqing/polaris_ebm/runs_analysis/seed1_fid_trajectory/pipeline_seed1_local/step155000,/eagle/lc-mpi/Zhiqing/polaris_ebm/runs_analysis/seed1_fid_trajectory/pipeline_seed1_local/step155000/metrics_compare.json
1,pipeline,pipeline_seed1_local,160000,95.53866076461776,5.155503524039975,,/eagle/lc-mpi/Zhiqing/polaris_ebm/runs_analysis/seed1_fid_trajectory/pipeline_seed1_local,/eagle/lc-mpi/Zhiqing/polaris_ebm/runs_analysis/seed1_fid_trajectory/pipeline_seed1_local/step160000,/eagle/lc-mpi/Zhiqing/polaris_ebm/runs_analysis/seed1_fid_trajectory/pipeline_seed1_local/step160000/metrics_compare.json
1,pipeline,pipeline_seed1_local,165000,79.71059139500869,0.58228045287008,,/eagle/lc-mpi/Zhiqing/polaris_ebm/runs_analysis/seed1_fid_trajectory/pipeline_seed1_local,/eagle/lc-mpi/Zhiqing/polaris_ebm/runs_analysis/seed1_fid_trajectory/pipeline_seed1_local/step165000,/eagle/lc-mpi/Zhiqing/polaris_ebm/runs_analysis/seed1_fid_trajectory/pipeline_seed1_local/step165000/metrics_compare.json
1,pipeline,pipeline_seed1_local,170000,79.16280816443378,1.3889506341608602,,/eagle/lc-mpi/Zhiqing/polaris_ebm/runs_analysis/seed1_fid_trajectory/pipeline_seed1_local,/eagle/lc-mpi/Zhiqing/polaris_ebm/runs_analysis/seed1_fid_trajectory/pipeline_seed1_local/step170000,/eagle/lc-mpi/Zhiqing/polaris_ebm/runs_analysis/seed1_fid_trajectory/pipeline_seed1_local/step170000/metrics_compare.json
1,pipeline,pipeline_seed1_local,175000,64.38495818452054,0.8798565383377941,,/eagle/lc-mpi/Zhiqing/polaris_ebm/runs_analysis/seed1_fid_trajectory/pipeline_seed1_local,/eagle/lc-mpi/Zhiqing/polaris_ebm/runs_analysis/seed1_fid_trajectory/pipeline_seed1_local/step175000,/eagle/lc-mpi/Zhiqing/polaris_ebm/runs_analysis/seed1_fid_trajectory/pipeline_seed1_local/step175000/metrics_compare.json
1,pipeline,pipeline_seed1_local,180000,86.05016907140293,0.5176122301227402,,/eagle/lc-mpi/Zhiqing/polaris_ebm/runs_analysis/seed1_fid_trajectory/pipeline_seed1_local,/eagle/lc-mpi/Zhiqing/polaris_ebm/runs_analysis/seed1_fid_trajectory/pipeline_seed1_local/step180000,/eagle/lc-mpi/Zhiqing/polaris_ebm/runs_analysis/seed1_fid_trajectory/pipeline_seed1_local/step180000/metrics_compare.json
1,pipeline,pipeline_seed1_local,185000,89.62908749399111,4.1406310405502165,,/eagle/lc-mpi/Zhiqing/polaris_ebm/runs_analysis/seed1_fid_trajectory/pipeline_seed1_local,/eagle/lc-mpi/Zhiqing/polaris_ebm/runs_analysis/seed1_fid_trajectory/pipeline_seed1_local/step185000,/eagle/lc-mpi/Zhiqing/polaris_ebm/runs_analysis/seed1_fid_trajectory/pipeline_seed1_local/step185000/metrics_compare.json
1,pipeline,pipeline_seed1_local,190000,84.43446576940482,1.069278936813749,,/eagle/lc-mpi/Zhiqing/polaris_ebm/runs_analysis/seed1_fid_trajectory/pipeline_seed1_local,/eagle/lc-mpi/Zhiqing/polaris_ebm/runs_analysis/seed1_fid_trajectory/pipeline_seed1_local/step190000,/eagle/lc-mpi/Zhiqing/polaris_ebm/runs_analysis/seed1_fid_trajectory/pipeline_seed1_local/step190000/metrics_compare.json
1,pipeline,pipeline_seed1_local,195000,68.89678462475985,1.1709936689583635,,/eagle/lc-mpi/Zhiqing/polaris_ebm/runs_analysis/seed1_fid_trajectory/pipeline_seed1_local,/eagle/lc-mpi/Zhiqing/polaris_ebm/runs_analysis/seed1_fid_trajectory/pipeline_seed1_local/step195000,/eagle/lc-mpi/Zhiqing/polaris_ebm/runs_analysis/seed1_fid_trajectory/pipeline_seed1_local/step195000/metrics_compare.json
1,pipeline,pipeline_seed1_local,200000,73.09368657087373,1.3907859835096836,,/eagle/lc-mpi/Zhiqing/polaris_ebm/runs_analysis/seed1_fid_trajectory/pipeline_seed1_local,/eagle/lc-mpi/Zhiqing/polaris_ebm/runs_analysis/seed1_fid_trajectory/pipeline_seed1_local/step200000,/eagle/lc-mpi/Zhiqing/polaris_ebm/runs_analysis/seed1_fid_trajectory/pipeline_seed1_local/step200000/metrics_compare.json
1,pipeline,pipeline_seed1_local,205000,85.30795508159292,2.084039500890359,,/eagle/lc-mpi/Zhiqing/polaris_ebm/runs_analysis/seed1_fid_trajectory/pipeline_seed1_local,/eagle/lc-mpi/Zhiqing/polaris_ebm/runs_analysis/seed1_fid_trajectory/pipeline_seed1_local/step205000,/eagle/lc-mpi/Zhiqing/polaris_ebm/runs_analysis/seed1_fid_trajectory/pipeline_seed1_local/step205000/metrics_compare.json
1,pipeline,pipeline_seed1_local,210000,69.63331898984558,0.65550500483603,,/eagle/lc-mpi/Zhiqing/polaris_ebm/runs_analysis/seed1_fid_trajectory/pipeline_seed1_local,/eagle/lc-mpi/Zhiqing/polaris_ebm/runs_analysis/seed1_fid_trajectory/pipeline_seed1_local/step210000,/eagle/lc-mpi/Zhiqing/polaris_ebm/runs_analysis/seed1_fid_trajectory/pipeline_seed1_local/step210000/metrics_compare.json
1,pipeline,pipeline_seed1_local,215000,68.40942604550958,0.6540776142140743,,/eagle/lc-mpi/Zhiqing/polaris_ebm/runs_analysis/seed1_fid_trajectory/pipeline_seed1_local,/eagle/lc-mpi/Zhiqing/polaris_ebm/runs_analysis/seed1_fid_trajectory/pipeline_seed1_local/step215000,/eagle/lc-mpi/Zhiqing/polaris_ebm/runs_analysis/seed1_fid_trajectory/pipeline_seed1_local/step215000/metrics_compare.json
1,pipeline,pipeline_seed1_local,220000,79.04306752234999,1.9034833214961786,,/eagle/lc-mpi/Zhiqing/polaris_ebm/runs_analysis/seed1_fid_trajectory/pipeline_seed1_local,/eagle/lc-mpi/Zhiqing/polaris_ebm/runs_analysis/seed1_fid_trajectory/pipeline_seed1_local/step220000,/eagle/lc-mpi/Zhiqing/polaris_ebm/runs_analysis/seed1_fid_trajectory/pipeline_seed1_local/step220000/metrics_compare.json
1,pipeline,pipeline_seed1_local,225000,73.39382509992879,1.0371288022021012,,/eagle/lc-mpi/Zhiqing/polaris_ebm/runs_analysis/seed1_fid_trajectory/pipeline_seed1_local,/eagle/lc-mpi/Zhiqing/polaris_ebm/runs_analysis/seed1_fid_trajectory/pipeline_seed1_local/step225000,/eagle/lc-mpi/Zhiqing/polaris_ebm/runs_analysis/seed1_fid_trajectory/pipeline_seed1_local/step225000/metrics_compare.json
1,pipeline,pipeline_seed1_local,230000,65.7277144801418,1.0029264915455265,,/eagle/lc-mpi/Zhiqing/polaris_ebm/runs_analysis/seed1_fid_trajectory/pipeline_seed1_local,/eagle/lc-mpi/Zhiqing/polaris_ebm/runs_analysis/seed1_fid_trajectory/pipeline_seed1_local/step230000,/eagle/lc-mpi/Zhiqing/polaris_ebm/runs_analysis/seed1_fid_trajectory/pipeline_seed1_local/step230000/metrics_compare.json
1,pipeline,pipeline_seed1_local,235000,68.128499483197,3.9830391602433934,,/eagle/lc-mpi/Zhiqing/polaris_ebm/runs_analysis/seed1_fid_trajectory/pipeline_seed1_local,/eagle/lc-mpi/Zhiqing/polaris_ebm/runs_analysis/seed1_fid_trajectory/pipeline_seed1_local/step235000,/eagle/lc-mpi/Zhiqing/polaris_ebm/runs_analysis/seed1_fid_trajectory/pipeline_seed1_local/step235000/metrics_compare.json
1,pipeline,pipeline_seed1_local,240000,67.90569137346546,0.49853889620607816,,/eagle/lc-mpi/Zhiqing/polaris_ebm/runs_analysis/seed1_fid_trajectory/pipeline_seed1_local,/eagle/lc-mpi/Zhiqing/polaris_ebm/runs_analysis/seed1_fid_trajectory/pipeline_seed1_local/step240000,/eagle/lc-mpi/Zhiqing/polaris_ebm/runs_analysis/seed1_fid_trajectory/pipeline_seed1_local/step240000/metrics_compare.json
1,pipeline,pipeline_seed1_local,245000,72.53786487259157,0.9733610737112244,,/eagle/lc-mpi/Zhiqing/polaris_ebm/runs_analysis/seed1_fid_trajectory/pipeline_seed1_local,/eagle/lc-mpi/Zhiqing/polaris_ebm/runs_analysis/seed1_fid_trajectory/pipeline_seed1_local/step245000,/eagle/lc-mpi/Zhiqing/polaris_ebm/runs_analysis/seed1_fid_trajectory/pipeline_seed1_local/step245000/metrics_compare.json
1,pipeline,pipeline_seed1_local,250000,65.01686888298497,1.01365048061896,,/eagle/lc-mpi/Zhiqing/polaris_ebm/runs_analysis/seed1_fid_trajectory/pipeline_seed1_local,/eagle/lc-mpi/Zhiqing/polaris_ebm/runs_analysis/seed1_fid_trajectory/pipeline_seed1_local/step250000,/eagle/lc-mpi/Zhiqing/polaris_ebm/runs_analysis/seed1_fid_trajectory/pipeline_seed1_local/step250000/metrics_compare.json
1,pipeline,pipeline_seed1_local,255000,80.25715340516064,1.7183798283051104,,/eagle/lc-mpi/Zhiqing/polaris_ebm/runs_analysis/seed1_fid_trajectory/pipeline_seed1_local,/eagle/lc-mpi/Zhiqing/polaris_ebm/runs_analysis/seed1_fid_trajectory/pipeline_seed1_local/step255000,/eagle/lc-mpi/Zhiqing/polaris_ebm/runs_analysis/seed1_fid_trajectory/pipeline_seed1_local/step255000/metrics_compare.json
1,pipeline,pipeline_seed1_local,260000,76.34488865811261,0.5383325876802303,,/eagle/lc-mpi/Zhiqing/polaris_ebm/runs_analysis/seed1_fid_trajectory/pipeline_seed1_local,/eagle/lc-mpi/Zhiqing/polaris_ebm/runs_analysis/seed1_fid_trajectory/pipeline_seed1_local/step260000,/eagle/lc-mpi/Zhiqing/polaris_ebm/runs_analysis/seed1_fid_trajectory/pipeline_seed1_local/step260000/metrics_compare.json
1,pipeline,pipeline_seed1_local,265000,65.09380230882061,3.3670955974066246,,/eagle/lc-mpi/Zhiqing/polaris_ebm/runs_analysis/seed1_fid_trajectory/pipeline_seed1_local,/eagle/lc-mpi/Zhiqing/polaris_ebm/runs_analysis/seed1_fid_trajectory/pipeline_seed1_local/step265000,/eagle/lc-mpi/Zhiqing/polaris_ebm/runs_analysis/seed1_fid_trajectory/pipeline_seed1_local/step265000/metrics_compare.json
1,pipeline,pipeline_seed1_local,270000,65.6657068861985,1.527633724033997,,/eagle/lc-mpi/Zhiqing/polaris_ebm/runs_analysis/seed1_fid_trajectory/pipeline_seed1_local,/eagle/lc-mpi/Zhiqing/polaris_ebm/runs_analysis/seed1_fid_trajectory/pipeline_seed1_local/step270000,/eagle/lc-mpi/Zhiqing/polaris_ebm/runs_analysis/seed1_fid_trajectory/pipeline_seed1_local/step270000/metrics_compare.json
1,pipeline,pipeline_seed1_local,275000,63.46631285950264,2.273868971055741,,/eagle/lc-mpi/Zhiqing/polaris_ebm/runs_analysis/seed1_fid_trajectory/pipeline_seed1_local,/eagle/lc-mpi/Zhiqing/polaris_ebm/runs_analysis/seed1_fid_trajectory/pipeline_seed1_local/step275000,/eagle/lc-mpi/Zhiqing/polaris_ebm/runs_analysis/seed1_fid_trajectory/pipeline_seed1_local/step275000/metrics_compare.json
1,pipeline,pipeline_seed1_local,280000,65.69940860526458,1.2184086425471428,,/eagle/lc-mpi/Zhiqing/polaris_ebm/runs_analysis/seed1_fid_trajectory/pipeline_seed1_local,/eagle/lc-mpi/Zhiqing/polaris_ebm/runs_analysis/seed1_fid_trajectory/pipeline_seed1_local/step280000,/eagle/lc-mpi/Zhiqing/polaris_ebm/runs_analysis/seed1_fid_trajectory/pipeline_seed1_local/step280000/metrics_compare.json
1,pipeline,pipeline_seed1_local,285000,76.9267600483671,0.5955714268460923,,/eagle/lc-mpi/Zhiqing/polaris_ebm/runs_analysis/seed1_fid_trajectory/pipeline_seed1_local,/eagle/lc-mpi/Zhiqing/polaris_ebm/runs_analysis/seed1_fid_trajectory/pipeline_seed1_local/step285000,/eagle/lc-mpi/Zhiqing/polaris_ebm/runs_analysis/seed1_fid_trajectory/pipeline_seed1_local/step285000/metrics_compare.json
1,pipeline,pipeline_seed1_local,290000,90.66790331742266,0.4609150048297508,,/eagle/lc-mpi/Zhiqing/polaris_ebm/runs_analysis/seed1_fid_trajectory/pipeline_seed1_local,/eagle/lc-mpi/Zhiqing/polaris_ebm/runs_analysis/seed1_fid_trajectory/pipeline_seed1_local/step290000,/eagle/lc-mpi/Zhiqing/polaris_ebm/runs_analysis/seed1_fid_trajectory/pipeline_seed1_local/step290000/metrics_compare.json
1,pipeline,pipeline_seed1_local,295000,80.58314844592473,0.6172470058302579,,/eagle/lc-mpi/Zhiqing/polaris_ebm/runs_analysis/seed1_fid_trajectory/pipeline_seed1_local,/eagle/lc-mpi/Zhiqing/polaris_ebm/runs_analysis/seed1_fid_trajectory/pipeline_seed1_local/step295000,/eagle/lc-mpi/Zhiqing/polaris_ebm/runs_analysis/seed1_fid_trajectory/pipeline_seed1_local/step295000/metrics_compare.json
1,pipeline,pipeline_seed1_local,300000,56.03988018206087,0.450248156663406,,/eagle/lc-mpi/Zhiqing/polaris_ebm/runs_analysis/seed1_fid_trajectory/pipeline_seed1_local,/eagle/lc-mpi/Zhiqing/polaris_ebm/runs_analysis/seed1_fid_trajectory/pipeline_seed1_local/step300000,/eagle/lc-mpi/Zhiqing/polaris_ebm/runs_analysis/seed1_fid_trajectory/pipeline_seed1_local/step300000/metrics_compare.json
2,ddp,ddp_seed2_local,5000,129.94824409164244,0.7146516524795885,,/eagle/lc-mpi/Zhiqing/polaris_ebm/runs_analysis/seed2_fid_trajectory/ddp_seed2_local,/eagle/lc-mpi/Zhiqing/polaris_ebm/runs_analysis/seed2_fid_trajectory/ddp_seed2_local/step005000,/eagle/lc-mpi/Zhiqing/polaris_ebm/runs_analysis/seed2_fid_trajectory/ddp_seed2_local/step005000/metrics_compare.json
2,ddp,ddp_seed2_local,10000,110.38031817227602,0.5597855443878856,,/eagle/lc-mpi/Zhiqing/polaris_ebm/runs_analysis/seed2_fid_trajectory/ddp_seed2_local,/eagle/lc-mpi/Zhiqing/polaris_ebm/runs_analysis/seed2_fid_trajectory/ddp_seed2_local/step010000,/eagle/lc-mpi/Zhiqing/polaris_ebm/runs_analysis/seed2_fid_trajectory/ddp_seed2_local/step010000/metrics_compare.json
2,ddp,ddp_seed2_local,15000,97.43683556737938,0.49644665991424475,,/eagle/lc-mpi/Zhiqing/polaris_ebm/runs_analysis/seed2_fid_trajectory/ddp_seed2_local,/eagle/lc-mpi/Zhiqing/polaris_ebm/runs_analysis/seed2_fid_trajectory/ddp_seed2_local/step015000,/eagle/lc-mpi/Zhiqing/polaris_ebm/runs_analysis/seed2_fid_trajectory/ddp_seed2_local/step015000/metrics_compare.json
2,ddp,ddp_seed2_local,20000,86.04265310757609,0.3933789229881235,,/eagle/lc-mpi/Zhiqing/polaris_ebm/runs_analysis/seed2_fid_trajectory/ddp_seed2_local,/eagle/lc-mpi/Zhiqing/polaris_ebm/runs_analysis/seed2_fid_trajectory/ddp_seed2_local/step020000,/eagle/lc-mpi/Zhiqing/polaris_ebm/runs_analysis/seed2_fid_trajectory/ddp_seed2_local/step020000/metrics_compare.json
2,ddp,ddp_seed2_local,25000,92.09581395805247,0.8721616356432307,,/eagle/lc-mpi/Zhiqing/polaris_ebm/runs_analysis/seed2_fid_trajectory/ddp_seed2_local,/eagle/lc-mpi/Zhiqing/polaris_ebm/runs_analysis/seed2_fid_trajectory/ddp_seed2_local/step025000,/eagle/lc-mpi/Zhiqing/polaris_ebm/runs_analysis/seed2_fid_trajectory/ddp_seed2_local/step025000/metrics_compare.json
2,ddp,ddp_seed2_local,30000,76.07160201712503,0.4061228144896383,,/eagle/lc-mpi/Zhiqing/polaris_ebm/runs_analysis/seed2_fid_trajectory/ddp_seed2_local,/eagle/lc-mpi/Zhiqing/polaris_ebm/runs_analysis/seed2_fid_trajectory/ddp_seed2_local/step030000,/eagle/lc-mpi/Zhiqing/polaris_ebm/runs_analysis/seed2_fid_trajectory/ddp_seed2_local/step030000/metrics_compare.json
2,ddp,ddp_seed2_local,35000,89.8635561167456,0.5131864421648373,,/eagle/lc-mpi/Zhiqing/polaris_ebm/runs_analysis/seed2_fid_trajectory/ddp_seed2_local,/eagle/lc-mpi/Zhiqing/polaris_ebm/runs_analysis/seed2_fid_trajectory/ddp_seed2_local/step035000,/eagle/lc-mpi/Zhiqing/polaris_ebm/runs_analysis/seed2_fid_trajectory/ddp_seed2_local/step035000/metrics_compare.json
2,ddp,ddp_seed2_local,40000,91.20708421678768,1.676967535401026,,/eagle/lc-mpi/Zhiqing/polaris_ebm/runs_analysis/seed2_fid_trajectory/ddp_seed2_local,/eagle/lc-mpi/Zhiqing/polaris_ebm/runs_analysis/seed2_fid_trajectory/ddp_seed2_local/step040000,/eagle/lc-mpi/Zhiqing/polaris_ebm/runs_analysis/seed2_fid_trajectory/ddp_seed2_local/step040000/metrics_compare.json
2,ddp,ddp_seed2_local,45000,75.42496776231525,0.7900888465760083,,/eagle/lc-mpi/Zhiqing/polaris_ebm/runs_analysis/seed2_fid_trajectory/ddp_seed2_local,/eagle/lc-mpi/Zhiqing/polaris_ebm/runs_analysis/seed2_fid_trajectory/ddp_seed2_local/step045000,/eagle/lc-mpi/Zhiqing/polaris_ebm/runs_analysis/seed2_fid_trajectory/ddp_seed2_local/step045000/metrics_compare.json
2,ddp,ddp_seed2_local,50000,83.896787388279,0.3830638211664805,,/eagle/lc-mpi/Zhiqing/polaris_ebm/runs_analysis/seed2_fid_trajectory/ddp_seed2_local,/eagle/lc-mpi/Zhiqing/polaris_ebm/runs_analysis/seed2_fid_trajectory/ddp_seed2_local/step050000,/eagle/lc-mpi/Zhiqing/polaris_ebm/runs_analysis/seed2_fid_trajectory/ddp_seed2_local/step050000/metrics_compare.json
2,ddp,ddp_seed2_local,55000,86.81457802807978,0.2718753789043973,,/eagle/lc-mpi/Zhiqing/polaris_ebm/runs_analysis/seed2_fid_trajectory/ddp_seed2_local,/eagle/lc-mpi/Zhiqing/polaris_ebm/runs_analysis/seed2_fid_trajectory/ddp_seed2_local/step055000,/eagle/lc-mpi/Zhiqing/polaris_ebm/runs_analysis/seed2_fid_trajectory/ddp_seed2_local/step055000/metrics_compare.json
2,ddp,ddp_seed2_local,60000,74.43072006143728,0.3399693019501022,,/eagle/lc-mpi/Zhiqing/polaris_ebm/runs_analysis/seed2_fid_trajectory/ddp_seed2_local,/eagle/lc-mpi/Zhiqing/polaris_ebm/runs_analysis/seed2_fid_trajectory/ddp_seed2_local/step060000,/eagle/lc-mpi/Zhiqing/polaris_ebm/runs_analysis/seed2_fid_trajectory/ddp_seed2_local/step060000/metrics_compare.json
2,ddp,ddp_seed2_local,65000,77.25146477013152,0.6939607516879249,,/eagle/lc-mpi/Zhiqing/polaris_ebm/runs_analysis/seed2_fid_trajectory/ddp_seed2_local,/eagle/lc-mpi/Zhiqing/polaris_ebm/runs_analysis/seed2_fid_trajectory/ddp_seed2_local/step065000,/eagle/lc-mpi/Zhiqing/polaris_ebm/runs_analysis/seed2_fid_trajectory/ddp_seed2_local/step065000/metrics_compare.json
2,ddp,ddp_seed2_local,70000,72.15859844556843,0.708933882072369,,/eagle/lc-mpi/Zhiqing/polaris_ebm/runs_analysis/seed2_fid_trajectory/ddp_seed2_local,/eagle/lc-mpi/Zhiqing/polaris_ebm/runs_analysis/seed2_fid_trajectory/ddp_seed2_local/step070000,/eagle/lc-mpi/Zhiqing/polaris_ebm/runs_analysis/seed2_fid_trajectory/ddp_seed2_local/step070000/metrics_compare.json
2,ddp,ddp_seed2_local,75000,88.96522256538219,0.5953651159111537,,/eagle/lc-mpi/Zhiqing/polaris_ebm/runs_analysis/seed2_fid_trajectory/ddp_seed2_local,/eagle/lc-mpi/Zhiqing/polaris_ebm/runs_analysis/seed2_fid_trajectory/ddp_seed2_local/step075000,/eagle/lc-mpi/Zhiqing/polaris_ebm/runs_analysis/seed2_fid_trajectory/ddp_seed2_local/step075000/metrics_compare.json
2,ddp,ddp_seed2_local,80000,83.80022196997533,0.5231264280077816,,/eagle/lc-mpi/Zhiqing/polaris_ebm/runs_analysis/seed2_fid_trajectory/ddp_seed2_local,/eagle/lc-mpi/Zhiqing/polaris_ebm/runs_analysis/seed2_fid_trajectory/ddp_seed2_local/step080000,/eagle/lc-mpi/Zhiqing/polaris_ebm/runs_analysis/seed2_fid_trajectory/ddp_seed2_local/step080000/metrics_compare.json
2,ddp,ddp_seed2_local,85000,71.63195985004347,0.7270545176903376,,/eagle/lc-mpi/Zhiqing/polaris_ebm/runs_analysis/seed2_fid_trajectory/ddp_seed2_local,/eagle/lc-mpi/Zhiqing/polaris_ebm/runs_analysis/seed2_fid_trajectory/ddp_seed2_local/step085000,/eagle/lc-mpi/Zhiqing/polaris_ebm/runs_analysis/seed2_fid_trajectory/ddp_seed2_local/step085000/metrics_compare.json
2,ddp,ddp_seed2_local,90000,71.02703867284026,0.5568313328482368,,/eagle/lc-mpi/Zhiqing/polaris_ebm/runs_analysis/seed2_fid_trajectory/ddp_seed2_local,/eagle/lc-mpi/Zhiqing/polaris_ebm/runs_analysis/seed2_fid_trajectory/ddp_seed2_local/step090000,/eagle/lc-mpi/Zhiqing/polaris_ebm/runs_analysis/seed2_fid_trajectory/ddp_seed2_local/step090000/metrics_compare.json
2,ddp,ddp_seed2_local,95000,70.87401820157265,0.9681252708548378,,/eagle/lc-mpi/Zhiqing/polaris_ebm/runs_analysis/seed2_fid_trajectory/ddp_seed2_local,/eagle/lc-mpi/Zhiqing/polaris_ebm/runs_analysis/seed2_fid_trajectory/ddp_seed2_local/step095000,/eagle/lc-mpi/Zhiqing/polaris_ebm/runs_analysis/seed2_fid_trajectory/ddp_seed2_local/step095000/metrics_compare.json
2,ddp,ddp_seed2_local,100000,72.81485693042089,0.6982980251586817,,/eagle/lc-mpi/Zhiqing/polaris_ebm/runs_analysis/seed2_fid_trajectory/ddp_seed2_local,/eagle/lc-mpi/Zhiqing/polaris_ebm/runs_analysis/seed2_fid_trajectory/ddp_seed2_local/step100000,/eagle/lc-mpi/Zhiqing/polaris_ebm/runs_analysis/seed2_fid_trajectory/ddp_seed2_local/step100000/metrics_compare.json
2,ddp,ddp_seed2_local,105000,70.35701625732054,0.3972892318525645,,/eagle/lc-mpi/Zhiqing/polaris_ebm/runs_analysis/seed2_fid_trajectory/ddp_seed2_local,/eagle/lc-mpi/Zhiqing/polaris_ebm/runs_analysis/seed2_fid_trajectory/ddp_seed2_local/step105000,/eagle/lc-mpi/Zhiqing/polaris_ebm/runs_analysis/seed2_fid_trajectory/ddp_seed2_local/step105000/metrics_compare.json
2,ddp,ddp_seed2_local,110000,84.60586025155703,0.3629986176639548,,/eagle/lc-mpi/Zhiqing/polaris_ebm/runs_analysis/seed2_fid_trajectory/ddp_seed2_local,/eagle/lc-mpi/Zhiqing/polaris_ebm/runs_analysis/seed2_fid_trajectory/ddp_seed2_local/step110000,/eagle/lc-mpi/Zhiqing/polaris_ebm/runs_analysis/seed2_fid_trajectory/ddp_seed2_local/step110000/metrics_compare.json
2,ddp,ddp_seed2_local,115000,68.31986581703785,0.5033086077634792,,/eagle/lc-mpi/Zhiqing/polaris_ebm/runs_analysis/seed2_fid_trajectory/ddp_seed2_local,/eagle/lc-mpi/Zhiqing/polaris_ebm/runs_analysis/seed2_fid_trajectory/ddp_seed2_local/step115000,/eagle/lc-mpi/Zhiqing/polaris_ebm/runs_analysis/seed2_fid_trajectory/ddp_seed2_local/step115000/metrics_compare.json
2,ddp,ddp_seed2_local,120000,73.08605896408613,0.33403469021831356,,/eagle/lc-mpi/Zhiqing/polaris_ebm/runs_analysis/seed2_fid_trajectory/ddp_seed2_local,/eagle/lc-mpi/Zhiqing/polaris_ebm/runs_analysis/seed2_fid_trajectory/ddp_seed2_local/step120000,/eagle/lc-mpi/Zhiqing/polaris_ebm/runs_analysis/seed2_fid_trajectory/ddp_seed2_local/step120000/metrics_compare.json
2,ddp,ddp_seed2_local,125000,72.50331556618102,0.5898538227831871,,/eagle/lc-mpi/Zhiqing/polaris_ebm/runs_analysis/seed2_fid_trajectory/ddp_seed2_local,/eagle/lc-mpi/Zhiqing/polaris_ebm/runs_analysis/seed2_fid_trajectory/ddp_seed2_local/step125000,/eagle/lc-mpi/Zhiqing/polaris_ebm/runs_analysis/seed2_fid_trajectory/ddp_seed2_local/step125000/metrics_compare.json
2,ddp,ddp_seed2_local,130000,79.10784498341809,0.49152872955269444,,/eagle/lc-mpi/Zhiqing/polaris_ebm/runs_analysis/seed2_fid_trajectory/ddp_seed2_local,/eagle/lc-mpi/Zhiqing/polaris_ebm/runs_analysis/seed2_fid_trajectory/ddp_seed2_local/step130000,/eagle/lc-mpi/Zhiqing/polaris_ebm/runs_analysis/seed2_fid_trajectory/ddp_seed2_local/step130000/metrics_compare.json
2,ddp,ddp_seed2_local,135000,74.06692274384415,0.5593031900854797,,/eagle/lc-mpi/Zhiqing/polaris_ebm/runs_analysis/seed2_fid_trajectory/ddp_seed2_local,/eagle/lc-mpi/Zhiqing/polaris_ebm/runs_analysis/seed2_fid_trajectory/ddp_seed2_local/step135000,/eagle/lc-mpi/Zhiqing/polaris_ebm/runs_analysis/seed2_fid_trajectory/ddp_seed2_local/step135000/metrics_compare.json
2,ddp,ddp_seed2_local,140000,66.7636223869477,0.28772082861131665,,/eagle/lc-mpi/Zhiqing/polaris_ebm/runs_analysis/seed2_fid_trajectory/ddp_seed2_local,/eagle/lc-mpi/Zhiqing/polaris_ebm/runs_analysis/seed2_fid_trajectory/ddp_seed2_local/step140000,/eagle/lc-mpi/Zhiqing/polaris_ebm/runs_analysis/seed2_fid_trajectory/ddp_seed2_local/step140000/metrics_compare.json
2,ddp,ddp_seed2_local,145000,69.85993112831068,0.35983803254098845,,/eagle/lc-mpi/Zhiqing/polaris_ebm/runs_analysis/seed2_fid_trajectory/ddp_seed2_local,/eagle/lc-mpi/Zhiqing/polaris_ebm/runs_analysis/seed2_fid_trajectory/ddp_seed2_local/step145000,/eagle/lc-mpi/Zhiqing/polaris_ebm/runs_analysis/seed2_fid_trajectory/ddp_seed2_local/step145000/metrics_compare.json
2,ddp,ddp_seed2_local,150000,68.12493107878856,0.48749489860107786,,/eagle/lc-mpi/Zhiqing/polaris_ebm/runs_analysis/seed2_fid_trajectory/ddp_seed2_local,/eagle/lc-mpi/Zhiqing/polaris_ebm/runs_analysis/seed2_fid_trajectory/ddp_seed2_local/step150000,/eagle/lc-mpi/Zhiqing/polaris_ebm/runs_analysis/seed2_fid_trajectory/ddp_seed2_local/step150000/metrics_compare.json
2,ddp,ddp_seed2_local,155000,73.7583394565778,0.31011126617758933,,/eagle/lc-mpi/Zhiqing/polaris_ebm/runs_analysis/seed2_fid_trajectory/ddp_seed2_local,/eagle/lc-mpi/Zhiqing/polaris_ebm/runs_analysis/seed2_fid_trajectory/ddp_seed2_local/step155000,/eagle/lc-mpi/Zhiqing/polaris_ebm/runs_analysis/seed2_fid_trajectory/ddp_seed2_local/step155000/metrics_compare.json
2,ddp,ddp_seed2_local,160000,77.13911880468771,0.3967036922460956,,/eagle/lc-mpi/Zhiqing/polaris_ebm/runs_analysis/seed2_fid_trajectory/ddp_seed2_local,/eagle/lc-mpi/Zhiqing/polaris_ebm/runs_analysis/seed2_fid_trajectory/ddp_seed2_local/step160000,/eagle/lc-mpi/Zhiqing/polaris_ebm/runs_analysis/seed2_fid_trajectory/ddp_seed2_local/step160000/metrics_compare.json
2,ddp,ddp_seed2_local,165000,71.60106435635913,0.5824260379991237,,/eagle/lc-mpi/Zhiqing/polaris_ebm/runs_analysis/seed2_fid_trajectory/ddp_seed2_local,/eagle/lc-mpi/Zhiqing/polaris_ebm/runs_analysis/seed2_fid_trajectory/ddp_seed2_local/step165000,/eagle/lc-mpi/Zhiqing/polaris_ebm/runs_analysis/seed2_fid_trajectory/ddp_seed2_local/step165000/metrics_compare.json
2,ddp,ddp_seed2_local,170000,61.997954167469345,0.3529256231060103,,/eagle/lc-mpi/Zhiqing/polaris_ebm/runs_analysis/seed2_fid_trajectory/ddp_seed2_local,/eagle/lc-mpi/Zhiqing/polaris_ebm/runs_analysis/seed2_fid_trajectory/ddp_seed2_local/step170000,/eagle/lc-mpi/Zhiqing/polaris_ebm/runs_analysis/seed2_fid_trajectory/ddp_seed2_local/step170000/metrics_compare.json
2,ddp,ddp_seed2_local,175000,66.34871358417172,0.44600130822703576,,/eagle/lc-mpi/Zhiqing/polaris_ebm/runs_analysis/seed2_fid_trajectory/ddp_seed2_local,/eagle/lc-mpi/Zhiqing/polaris_ebm/runs_analysis/seed2_fid_trajectory/ddp_seed2_local/step175000,/eagle/lc-mpi/Zhiqing/polaris_ebm/runs_analysis/seed2_fid_trajectory/ddp_seed2_local/step175000/metrics_compare.json
2,ddp,ddp_seed2_local,180000,65.05333115888743,1.0114916806339096,,/eagle/lc-mpi/Zhiqing/polaris_ebm/runs_analysis/seed2_fid_trajectory/ddp_seed2_local,/eagle/lc-mpi/Zhiqing/polaris_ebm/runs_analysis/seed2_fid_trajectory/ddp_seed2_local/step180000,/eagle/lc-mpi/Zhiqing/polaris_ebm/runs_analysis/seed2_fid_trajectory/ddp_seed2_local/step180000/metrics_compare.json
2,ddp,ddp_seed2_local,185000,78.78469565746963,0.5851636690074784,,/eagle/lc-mpi/Zhiqing/polaris_ebm/runs_analysis/seed2_fid_trajectory/ddp_seed2_local,/eagle/lc-mpi/Zhiqing/polaris_ebm/runs_analysis/seed2_fid_trajectory/ddp_seed2_local/step185000,/eagle/lc-mpi/Zhiqing/polaris_ebm/runs_analysis/seed2_fid_trajectory/ddp_seed2_local/step185000/metrics_compare.json
2,ddp,ddp_seed2_local,190000,71.33881254581974,0.2805112943707009,,/eagle/lc-mpi/Zhiqing/polaris_ebm/runs_analysis/seed2_fid_trajectory/ddp_seed2_local,/eagle/lc-mpi/Zhiqing/polaris_ebm/runs_analysis/seed2_fid_trajectory/ddp_seed2_local/step190000,/eagle/lc-mpi/Zhiqing/polaris_ebm/runs_analysis/seed2_fid_trajectory/ddp_seed2_local/step190000/metrics_compare.json
2,ddp,ddp_seed2_local,195000,55.12547387244712,0.4041370634695234,,/eagle/lc-mpi/Zhiqing/polaris_ebm/runs_analysis/seed2_fid_trajectory/ddp_seed2_local,/eagle/lc-mpi/Zhiqing/polaris_ebm/runs_analysis/seed2_fid_trajectory/ddp_seed2_local/step195000,/eagle/lc-mpi/Zhiqing/polaris_ebm/runs_analysis/seed2_fid_trajectory/ddp_seed2_local/step195000/metrics_compare.json
2,ddp,ddp_seed2_local,200000,62.536965605913,0.4803991311551101,,/eagle/lc-mpi/Zhiqing/polaris_ebm/runs_analysis/seed2_fid_trajectory/ddp_seed2_local,/eagle/lc-mpi/Zhiqing/polaris_ebm/runs_analysis/seed2_fid_trajectory/ddp_seed2_local/step200000,/eagle/lc-mpi/Zhiqing/polaris_ebm/runs_analysis/seed2_fid_trajectory/ddp_seed2_local/step200000/metrics_compare.json
2,ddp,ddp_seed2_local,205000,58.859144463678774,0.3294360387249746,,/eagle/lc-mpi/Zhiqing/polaris_ebm/runs_analysis/seed2_fid_trajectory/ddp_seed2_local,/eagle/lc-mpi/Zhiqing/polaris_ebm/runs_analysis/seed2_fid_trajectory/ddp_seed2_local/step205000,/eagle/lc-mpi/Zhiqing/polaris_ebm/runs_analysis/seed2_fid_trajectory/ddp_seed2_local/step205000/metrics_compare.json
2,ddp,ddp_seed2_local,210000,70.64864240989868,0.31311600164119113,,/eagle/lc-mpi/Zhiqing/polaris_ebm/runs_analysis/seed2_fid_trajectory/ddp_seed2_local,/eagle/lc-mpi/Zhiqing/polaris_ebm/runs_analysis/seed2_fid_trajectory/ddp_seed2_local/step210000,/eagle/lc-mpi/Zhiqing/polaris_ebm/runs_analysis/seed2_fid_trajectory/ddp_seed2_local/step210000/metrics_compare.json
2,ddp,ddp_seed2_local,215000,67.69039080708478,0.2551806736012203,,/eagle/lc-mpi/Zhiqing/polaris_ebm/runs_analysis/seed2_fid_trajectory/ddp_seed2_local,/eagle/lc-mpi/Zhiqing/polaris_ebm/runs_analysis/seed2_fid_trajectory/ddp_seed2_local/step215000,/eagle/lc-mpi/Zhiqing/polaris_ebm/runs_analysis/seed2_fid_trajectory/ddp_seed2_local/step215000/metrics_compare.json
2,ddp,ddp_seed2_local,220000,65.79957982166536,0.24025544389427367,,/eagle/lc-mpi/Zhiqing/polaris_ebm/runs_analysis/seed2_fid_trajectory/ddp_seed2_local,/eagle/lc-mpi/Zhiqing/polaris_ebm/runs_analysis/seed2_fid_trajectory/ddp_seed2_local/step220000,/eagle/lc-mpi/Zhiqing/polaris_ebm/runs_analysis/seed2_fid_trajectory/ddp_seed2_local/step220000/metrics_compare.json
2,ddp,ddp_seed2_local,225000,73.57847015988335,0.27072138683492497,,/eagle/lc-mpi/Zhiqing/polaris_ebm/runs_analysis/seed2_fid_trajectory/ddp_seed2_local,/eagle/lc-mpi/Zhiqing/polaris_ebm/runs_analysis/seed2_fid_trajectory/ddp_seed2_local/step225000,/eagle/lc-mpi/Zhiqing/polaris_ebm/runs_analysis/seed2_fid_trajectory/ddp_seed2_local/step225000/metrics_compare.json
2,ddp,ddp_seed2_local,230000,71.15786976688997,0.46564789224400727,,/eagle/lc-mpi/Zhiqing/polaris_ebm/runs_analysis/seed2_fid_trajectory/ddp_seed2_local,/eagle/lc-mpi/Zhiqing/polaris_ebm/runs_analysis/seed2_fid_trajectory/ddp_seed2_local/step230000,/eagle/lc-mpi/Zhiqing/polaris_ebm/runs_analysis/seed2_fid_trajectory/ddp_seed2_local/step230000/metrics_compare.json
2,ddp,ddp_seed2_local,235000,72.63965293593299,0.39629934409240164,,/eagle/lc-mpi/Zhiqing/polaris_ebm/runs_analysis/seed2_fid_trajectory/ddp_seed2_local,/eagle/lc-mpi/Zhiqing/polaris_ebm/runs_analysis/seed2_fid_trajectory/ddp_seed2_local/step235000,/eagle/lc-mpi/Zhiqing/polaris_ebm/runs_analysis/seed2_fid_trajectory/ddp_seed2_local/step235000/metrics_compare.json
2,ddp,ddp_seed2_local,240000,51.99059975948808,0.27263873700525565,,/eagle/lc-mpi/Zhiqing/polaris_ebm/runs_analysis/seed2_fid_trajectory/ddp_seed2_local,/eagle/lc-mpi/Zhiqing/polaris_ebm/runs_analysis/seed2_fid_trajectory/ddp_seed2_local/step240000,/eagle/lc-mpi/Zhiqing/polaris_ebm/runs_analysis/seed2_fid_trajectory/ddp_seed2_local/step240000/metrics_compare.json
2,ddp,ddp_seed2_local,245000,71.89951332449903,0.35466847133703183,,/eagle/lc-mpi/Zhiqing/polaris_ebm/runs_analysis/seed2_fid_trajectory/ddp_seed2_local,/eagle/lc-mpi/Zhiqing/polaris_ebm/runs_analysis/seed2_fid_trajectory/ddp_seed2_local/step245000,/eagle/lc-mpi/Zhiqing/polaris_ebm/runs_analysis/seed2_fid_trajectory/ddp_seed2_local/step245000/metrics_compare.json
2,ddp,ddp_seed2_local,250000,61.17903094003043,0.29201226935321145,,/eagle/lc-mpi/Zhiqing/polaris_ebm/runs_analysis/seed2_fid_trajectory/ddp_seed2_local,/eagle/lc-mpi/Zhiqing/polaris_ebm/runs_analysis/seed2_fid_trajectory/ddp_seed2_local/step250000,/eagle/lc-mpi/Zhiqing/polaris_ebm/runs_analysis/seed2_fid_trajectory/ddp_seed2_local/step250000/metrics_compare.json
2,ddp,ddp_seed2_local,255000,60.411634175115466,0.310302526735569,,/eagle/lc-mpi/Zhiqing/polaris_ebm/runs_analysis/seed2_fid_trajectory/ddp_seed2_local,/eagle/lc-mpi/Zhiqing/polaris_ebm/runs_analysis/seed2_fid_trajectory/ddp_seed2_local/step255000,/eagle/lc-mpi/Zhiqing/polaris_ebm/runs_analysis/seed2_fid_trajectory/ddp_seed2_local/step255000/metrics_compare.json
2,ddp,ddp_seed2_local,260000,72.25059968618712,1.113886597093817,,/eagle/lc-mpi/Zhiqing/polaris_ebm/runs_analysis/seed2_fid_trajectory/ddp_seed2_local,/eagle/lc-mpi/Zhiqing/polaris_ebm/runs_analysis/seed2_fid_trajectory/ddp_seed2_local/step260000,/eagle/lc-mpi/Zhiqing/polaris_ebm/runs_analysis/seed2_fid_trajectory/ddp_seed2_local/step260000/metrics_compare.json
2,ddp,ddp_seed2_local,265000,63.102496157619385,1.0660419285546503,,/eagle/lc-mpi/Zhiqing/polaris_ebm/runs_analysis/seed2_fid_trajectory/ddp_seed2_local,/eagle/lc-mpi/Zhiqing/polaris_ebm/runs_analysis/seed2_fid_trajectory/ddp_seed2_local/step265000,/eagle/lc-mpi/Zhiqing/polaris_ebm/runs_analysis/seed2_fid_trajectory/ddp_seed2_local/step265000/metrics_compare.json
2,ddp,ddp_seed2_local,270000,62.18081612227792,0.23324287435497126,,/eagle/lc-mpi/Zhiqing/polaris_ebm/runs_analysis/seed2_fid_trajectory/ddp_seed2_local,/eagle/lc-mpi/Zhiqing/polaris_ebm/runs_analysis/seed2_fid_trajectory/ddp_seed2_local/step270000,/eagle/lc-mpi/Zhiqing/polaris_ebm/runs_analysis/seed2_fid_trajectory/ddp_seed2_local/step270000/metrics_compare.json
2,ddp,ddp_seed2_local,275000,68.2454816582553,0.25051603253482924,,/eagle/lc-mpi/Zhiqing/polaris_ebm/runs_analysis/seed2_fid_trajectory/ddp_seed2_local,/eagle/lc-mpi/Zhiqing/polaris_ebm/runs_analysis/seed2_fid_trajectory/ddp_seed2_local/step275000,/eagle/lc-mpi/Zhiqing/polaris_ebm/runs_analysis/seed2_fid_trajectory/ddp_seed2_local/step275000/metrics_compare.json
2,ddp,ddp_seed2_local,280000,69.23543552439787,0.3485914477991834,,/eagle/lc-mpi/Zhiqing/polaris_ebm/runs_analysis/seed2_fid_trajectory/ddp_seed2_local,/eagle/lc-mpi/Zhiqing/polaris_ebm/runs_analysis/seed2_fid_trajectory/ddp_seed2_local/step280000,/eagle/lc-mpi/Zhiqing/polaris_ebm/runs_analysis/seed2_fid_trajectory/ddp_seed2_local/step280000/metrics_compare.json
2,ddp,ddp_seed2_local,285000,59.45386950054922,0.37706886983010435,,/eagle/lc-mpi/Zhiqing/polaris_ebm/runs_analysis/seed2_fid_trajectory/ddp_seed2_local,/eagle/lc-mpi/Zhiqing/polaris_ebm/runs_analysis/seed2_fid_trajectory/ddp_seed2_local/step285000,/eagle/lc-mpi/Zhiqing/polaris_ebm/runs_analysis/seed2_fid_trajectory/ddp_seed2_local/step285000/metrics_compare.json
2,ddp,ddp_seed2_local,290000,84.81824395394301,0.5265778363486362,,/eagle/lc-mpi/Zhiqing/polaris_ebm/runs_analysis/seed2_fid_trajectory/ddp_seed2_local,/eagle/lc-mpi/Zhiqing/polaris_ebm/runs_analysis/seed2_fid_trajectory/ddp_seed2_local/step290000,/eagle/lc-mpi/Zhiqing/polaris_ebm/runs_analysis/seed2_fid_trajectory/ddp_seed2_local/step290000/metrics_compare.json
2,ddp,ddp_seed2_local,295000,68.7497470424837,0.272113676558952,,/eagle/lc-mpi/Zhiqing/polaris_ebm/runs_analysis/seed2_fid_trajectory/ddp_seed2_local,/eagle/lc-mpi/Zhiqing/polaris_ebm/runs_analysis/seed2_fid_trajectory/ddp_seed2_local/step295000,/eagle/lc-mpi/Zhiqing/polaris_ebm/runs_analysis/seed2_fid_trajectory/ddp_seed2_local/step295000/metrics_compare.json
2,ddp,ddp_seed2_local,300000,57.79872833080094,0.27670446388534486,,/eagle/lc-mpi/Zhiqing/polaris_ebm/runs_analysis/seed2_fid_trajectory/ddp_seed2_local,/eagle/lc-mpi/Zhiqing/polaris_ebm/runs_analysis/seed2_fid_trajectory/ddp_seed2_local/step300000,/eagle/lc-mpi/Zhiqing/polaris_ebm/runs_analysis/seed2_fid_trajectory/ddp_seed2_local/step300000/metrics_compare.json
2,pipeline,pipeline_seed2_local,5000,175.33638954009737,6.5683547523776085,,/eagle/lc-mpi/Zhiqing/polaris_ebm/runs_analysis/seed2_fid_trajectory/pipeline_seed2_local,/eagle/lc-mpi/Zhiqing/polaris_ebm/runs_analysis/seed2_fid_trajectory/pipeline_seed2_local/step005000,/eagle/lc-mpi/Zhiqing/polaris_ebm/runs_analysis/seed2_fid_trajectory/pipeline_seed2_local/step005000/metrics_compare.json
2,pipeline,pipeline_seed2_local,10000,171.9293924712391,2.4109040876994037,,/eagle/lc-mpi/Zhiqing/polaris_ebm/runs_analysis/seed2_fid_trajectory/pipeline_seed2_local,/eagle/lc-mpi/Zhiqing/polaris_ebm/runs_analysis/seed2_fid_trajectory/pipeline_seed2_local/step010000,/eagle/lc-mpi/Zhiqing/polaris_ebm/runs_analysis/seed2_fid_trajectory/pipeline_seed2_local/step010000/metrics_compare.json
2,pipeline,pipeline_seed2_local,15000,112.0224468884818,1.780687792350296,,/eagle/lc-mpi/Zhiqing/polaris_ebm/runs_analysis/seed2_fid_trajectory/pipeline_seed2_local,/eagle/lc-mpi/Zhiqing/polaris_ebm/runs_analysis/seed2_fid_trajectory/pipeline_seed2_local/step015000,/eagle/lc-mpi/Zhiqing/polaris_ebm/runs_analysis/seed2_fid_trajectory/pipeline_seed2_local/step015000/metrics_compare.json
2,pipeline,pipeline_seed2_local,20000,139.26917200731077,5.9177627895317855,,/eagle/lc-mpi/Zhiqing/polaris_ebm/runs_analysis/seed2_fid_trajectory/pipeline_seed2_local,/eagle/lc-mpi/Zhiqing/polaris_ebm/runs_analysis/seed2_fid_trajectory/pipeline_seed2_local/step020000,/eagle/lc-mpi/Zhiqing/polaris_ebm/runs_analysis/seed2_fid_trajectory/pipeline_seed2_local/step020000/metrics_compare.json
2,pipeline,pipeline_seed2_local,25000,125.19945552835259,1.6871151935785935,,/eagle/lc-mpi/Zhiqing/polaris_ebm/runs_analysis/seed2_fid_trajectory/pipeline_seed2_local,/eagle/lc-mpi/Zhiqing/polaris_ebm/runs_analysis/seed2_fid_trajectory/pipeline_seed2_local/step025000,/eagle/lc-mpi/Zhiqing/polaris_ebm/runs_analysis/seed2_fid_trajectory/pipeline_seed2_local/step025000/metrics_compare.json
2,pipeline,pipeline_seed2_local,30000,95.40791185314225,1.145882959600982,,/eagle/lc-mpi/Zhiqing/polaris_ebm/runs_analysis/seed2_fid_trajectory/pipeline_seed2_local,/eagle/lc-mpi/Zhiqing/polaris_ebm/runs_analysis/seed2_fid_trajectory/pipeline_seed2_local/step030000,/eagle/lc-mpi/Zhiqing/polaris_ebm/runs_analysis/seed2_fid_trajectory/pipeline_seed2_local/step030000/metrics_compare.json
2,pipeline,pipeline_seed2_local,35000,113.79294666652186,3.2954145199006,,/eagle/lc-mpi/Zhiqing/polaris_ebm/runs_analysis/seed2_fid_trajectory/pipeline_seed2_local,/eagle/lc-mpi/Zhiqing/polaris_ebm/runs_analysis/seed2_fid_trajectory/pipeline_seed2_local/step035000,/eagle/lc-mpi/Zhiqing/polaris_ebm/runs_analysis/seed2_fid_trajectory/pipeline_seed2_local/step035000/metrics_compare.json
2,pipeline,pipeline_seed2_local,40000,84.17414129610131,4.686728124212891,,/eagle/lc-mpi/Zhiqing/polaris_ebm/runs_analysis/seed2_fid_trajectory/pipeline_seed2_local,/eagle/lc-mpi/Zhiqing/polaris_ebm/runs_analysis/seed2_fid_trajectory/pipeline_seed2_local/step040000,/eagle/lc-mpi/Zhiqing/polaris_ebm/runs_analysis/seed2_fid_trajectory/pipeline_seed2_local/step040000/metrics_compare.json
2,pipeline,pipeline_seed2_local,45000,99.46202807085541,1.1386517586699902,,/eagle/lc-mpi/Zhiqing/polaris_ebm/runs_analysis/seed2_fid_trajectory/pipeline_seed2_local,/eagle/lc-mpi/Zhiqing/polaris_ebm/runs_analysis/seed2_fid_trajectory/pipeline_seed2_local/step045000,/eagle/lc-mpi/Zhiqing/polaris_ebm/runs_analysis/seed2_fid_trajectory/pipeline_seed2_local/step045000/metrics_compare.json
2,pipeline,pipeline_seed2_local,50000,80.52571137107566,1.6511866002300835,,/eagle/lc-mpi/Zhiqing/polaris_ebm/runs_analysis/seed2_fid_trajectory/pipeline_seed2_local,/eagle/lc-mpi/Zhiqing/polaris_ebm/runs_analysis/seed2_fid_trajectory/pipeline_seed2_local/step050000,/eagle/lc-mpi/Zhiqing/polaris_ebm/runs_analysis/seed2_fid_trajectory/pipeline_seed2_local/step050000/metrics_compare.json
2,pipeline,pipeline_seed2_local,55000,97.61777678973317,1.5252108968904672,,/eagle/lc-mpi/Zhiqing/polaris_ebm/runs_analysis/seed2_fid_trajectory/pipeline_seed2_local,/eagle/lc-mpi/Zhiqing/polaris_ebm/runs_analysis/seed2_fid_trajectory/pipeline_seed2_local/step055000,/eagle/lc-mpi/Zhiqing/polaris_ebm/runs_analysis/seed2_fid_trajectory/pipeline_seed2_local/step055000/metrics_compare.json
2,pipeline,pipeline_seed2_local,60000,113.89076771908572,3.0077502239225318,,/eagle/lc-mpi/Zhiqing/polaris_ebm/runs_analysis/seed2_fid_trajectory/pipeline_seed2_local,/eagle/lc-mpi/Zhiqing/polaris_ebm/runs_analysis/seed2_fid_trajectory/pipeline_seed2_local/step060000,/eagle/lc-mpi/Zhiqing/polaris_ebm/runs_analysis/seed2_fid_trajectory/pipeline_seed2_local/step060000/metrics_compare.json
2,pipeline,pipeline_seed2_local,65000,91.00481756009651,1.0817236699266957,,/eagle/lc-mpi/Zhiqing/polaris_ebm/runs_analysis/seed2_fid_trajectory/pipeline_seed2_local,/eagle/lc-mpi/Zhiqing/polaris_ebm/runs_analysis/seed2_fid_trajectory/pipeline_seed2_local/step065000,/eagle/lc-mpi/Zhiqing/polaris_ebm/runs_analysis/seed2_fid_trajectory/pipeline_seed2_local/step065000/metrics_compare.json
2,pipeline,pipeline_seed2_local,70000,89.04057819434456,1.3090766990529232,,/eagle/lc-mpi/Zhiqing/polaris_ebm/runs_analysis/seed2_fid_trajectory/pipeline_seed2_local,/eagle/lc-mpi/Zhiqing/polaris_ebm/runs_analysis/seed2_fid_trajectory/pipeline_seed2_local/step070000,/eagle/lc-mpi/Zhiqing/polaris_ebm/runs_analysis/seed2_fid_trajectory/pipeline_seed2_local/step070000/metrics_compare.json
2,pipeline,pipeline_seed2_local,75000,93.43130488361476,2.8078198821195937,,/eagle/lc-mpi/Zhiqing/polaris_ebm/runs_analysis/seed2_fid_trajectory/pipeline_seed2_local,/eagle/lc-mpi/Zhiqing/polaris_ebm/runs_analysis/seed2_fid_trajectory/pipeline_seed2_local/step075000,/eagle/lc-mpi/Zhiqing/polaris_ebm/runs_analysis/seed2_fid_trajectory/pipeline_seed2_local/step075000/metrics_compare.json
2,pipeline,pipeline_seed2_local,80000,88.99573636809384,1.9979484405870025,,/eagle/lc-mpi/Zhiqing/polaris_ebm/runs_analysis/seed2_fid_trajectory/pipeline_seed2_local,/eagle/lc-mpi/Zhiqing/polaris_ebm/runs_analysis/seed2_fid_trajectory/pipeline_seed2_local/step080000,/eagle/lc-mpi/Zhiqing/polaris_ebm/runs_analysis/seed2_fid_trajectory/pipeline_seed2_local/step080000/metrics_compare.json
2,pipeline,pipeline_seed2_local,85000,104.89570056058113,3.526130256917753,,/eagle/lc-mpi/Zhiqing/polaris_ebm/runs_analysis/seed2_fid_trajectory/pipeline_seed2_local,/eagle/lc-mpi/Zhiqing/polaris_ebm/runs_analysis/seed2_fid_trajectory/pipeline_seed2_local/step085000,/eagle/lc-mpi/Zhiqing/polaris_ebm/runs_analysis/seed2_fid_trajectory/pipeline_seed2_local/step085000/metrics_compare.json
2,pipeline,pipeline_seed2_local,90000,81.49148850885183,1.4416078343149614,,/eagle/lc-mpi/Zhiqing/polaris_ebm/runs_analysis/seed2_fid_trajectory/pipeline_seed2_local,/eagle/lc-mpi/Zhiqing/polaris_ebm/runs_analysis/seed2_fid_trajectory/pipeline_seed2_local/step090000,/eagle/lc-mpi/Zhiqing/polaris_ebm/runs_analysis/seed2_fid_trajectory/pipeline_seed2_local/step090000/metrics_compare.json
2,pipeline,pipeline_seed2_local,95000,96.2206695916434,1.2854320620565218,,/eagle/lc-mpi/Zhiqing/polaris_ebm/runs_analysis/seed2_fid_trajectory/pipeline_seed2_local,/eagle/lc-mpi/Zhiqing/polaris_ebm/runs_analysis/seed2_fid_trajectory/pipeline_seed2_local/step095000,/eagle/lc-mpi/Zhiqing/polaris_ebm/runs_analysis/seed2_fid_trajectory/pipeline_seed2_local/step095000/metrics_compare.json
2,pipeline,pipeline_seed2_local,100000,111.10151215437406,2.2570909687066028,,/eagle/lc-mpi/Zhiqing/polaris_ebm/runs_analysis/seed2_fid_trajectory/pipeline_seed2_local,/eagle/lc-mpi/Zhiqing/polaris_ebm/runs_analysis/seed2_fid_trajectory/pipeline_seed2_local/step100000,/eagle/lc-mpi/Zhiqing/polaris_ebm/runs_analysis/seed2_fid_trajectory/pipeline_seed2_local/step100000/metrics_compare.json
2,pipeline,pipeline_seed2_local,105000,67.63712288983271,1.331613035650463,,/eagle/lc-mpi/Zhiqing/polaris_ebm/runs_analysis/seed2_fid_trajectory/pipeline_seed2_local,/eagle/lc-mpi/Zhiqing/polaris_ebm/runs_analysis/seed2_fid_trajectory/pipeline_seed2_local/step105000,/eagle/lc-mpi/Zhiqing/polaris_ebm/runs_analysis/seed2_fid_trajectory/pipeline_seed2_local/step105000/metrics_compare.json
2,pipeline,pipeline_seed2_local,110000,87.43091184381706,2.177211184033549,,/eagle/lc-mpi/Zhiqing/polaris_ebm/runs_analysis/seed2_fid_trajectory/pipeline_seed2_local,/eagle/lc-mpi/Zhiqing/polaris_ebm/runs_analysis/seed2_fid_trajectory/pipeline_seed2_local/step110000,/eagle/lc-mpi/Zhiqing/polaris_ebm/runs_analysis/seed2_fid_trajectory/pipeline_seed2_local/step110000/metrics_compare.json
2,pipeline,pipeline_seed2_local,115000,101.61285654819312,2.535149417664419,,/eagle/lc-mpi/Zhiqing/polaris_ebm/runs_analysis/seed2_fid_trajectory/pipeline_seed2_local,/eagle/lc-mpi/Zhiqing/polaris_ebm/runs_analysis/seed2_fid_trajectory/pipeline_seed2_local/step115000,/eagle/lc-mpi/Zhiqing/polaris_ebm/runs_analysis/seed2_fid_trajectory/pipeline_seed2_local/step115000/metrics_compare.json
2,pipeline,pipeline_seed2_local,120000,115.66749325820234,1.7027926666740782,,/eagle/lc-mpi/Zhiqing/polaris_ebm/runs_analysis/seed2_fid_trajectory/pipeline_seed2_local,/eagle/lc-mpi/Zhiqing/polaris_ebm/runs_analysis/seed2_fid_trajectory/pipeline_seed2_local/step120000,/eagle/lc-mpi/Zhiqing/polaris_ebm/runs_analysis/seed2_fid_trajectory/pipeline_seed2_local/step120000/metrics_compare.json
2,pipeline,pipeline_seed2_local,125000,75.57652052613821,0.5733406118661755,,/eagle/lc-mpi/Zhiqing/polaris_ebm/runs_analysis/seed2_fid_trajectory/pipeline_seed2_local,/eagle/lc-mpi/Zhiqing/polaris_ebm/runs_analysis/seed2_fid_trajectory/pipeline_seed2_local/step125000,/eagle/lc-mpi/Zhiqing/polaris_ebm/runs_analysis/seed2_fid_trajectory/pipeline_seed2_local/step125000/metrics_compare.json
2,pipeline,pipeline_seed2_local,130000,83.80278345486124,3.589212449208059,,/eagle/lc-mpi/Zhiqing/polaris_ebm/runs_analysis/seed2_fid_trajectory/pipeline_seed2_local,/eagle/lc-mpi/Zhiqing/polaris_ebm/runs_analysis/seed2_fid_trajectory/pipeline_seed2_local/step130000,/eagle/lc-mpi/Zhiqing/polaris_ebm/runs_analysis/seed2_fid_trajectory/pipeline_seed2_local/step130000/metrics_compare.json
2,pipeline,pipeline_seed2_local,135000,82.64439138777408,1.8637994324397127,,/eagle/lc-mpi/Zhiqing/polaris_ebm/runs_analysis/seed2_fid_trajectory/pipeline_seed2_local,/eagle/lc-mpi/Zhiqing/polaris_ebm/runs_analysis/seed2_fid_trajectory/pipeline_seed2_local/step135000,/eagle/lc-mpi/Zhiqing/polaris_ebm/runs_analysis/seed2_fid_trajectory/pipeline_seed2_local/step135000/metrics_compare.json
2,pipeline,pipeline_seed2_local,140000,80.10377671338017,1.145299982491899,,/eagle/lc-mpi/Zhiqing/polaris_ebm/runs_analysis/seed2_fid_trajectory/pipeline_seed2_local,/eagle/lc-mpi/Zhiqing/polaris_ebm/runs_analysis/seed2_fid_trajectory/pipeline_seed2_local/step140000,/eagle/lc-mpi/Zhiqing/polaris_ebm/runs_analysis/seed2_fid_trajectory/pipeline_seed2_local/step140000/metrics_compare.json
2,pipeline,pipeline_seed2_local,145000,70.99999798847921,1.63802753456633,,/eagle/lc-mpi/Zhiqing/polaris_ebm/runs_analysis/seed2_fid_trajectory/pipeline_seed2_local,/eagle/lc-mpi/Zhiqing/polaris_ebm/runs_analysis/seed2_fid_trajectory/pipeline_seed2_local/step145000,/eagle/lc-mpi/Zhiqing/polaris_ebm/runs_analysis/seed2_fid_trajectory/pipeline_seed2_local/step145000/metrics_compare.json
2,pipeline,pipeline_seed2_local,150000,111.009352522484,1.0188111469141816,,/eagle/lc-mpi/Zhiqing/polaris_ebm/runs_analysis/seed2_fid_trajectory/pipeline_seed2_local,/eagle/lc-mpi/Zhiqing/polaris_ebm/runs_analysis/seed2_fid_trajectory/pipeline_seed2_local/step150000,/eagle/lc-mpi/Zhiqing/polaris_ebm/runs_analysis/seed2_fid_trajectory/pipeline_seed2_local/step150000/metrics_compare.json
2,pipeline,pipeline_seed2_local,155000,83.67030145220048,1.6170983816955093,,/eagle/lc-mpi/Zhiqing/polaris_ebm/runs_analysis/seed2_fid_trajectory/pipeline_seed2_local,/eagle/lc-mpi/Zhiqing/polaris_ebm/runs_analysis/seed2_fid_trajectory/pipeline_seed2_local/step155000,/eagle/lc-mpi/Zhiqing/polaris_ebm/runs_analysis/seed2_fid_trajectory/pipeline_seed2_local/step155000/metrics_compare.json
2,pipeline,pipeline_seed2_local,160000,80.11319612021498,4.161410034808483,,/eagle/lc-mpi/Zhiqing/polaris_ebm/runs_analysis/seed2_fid_trajectory/pipeline_seed2_local,/eagle/lc-mpi/Zhiqing/polaris_ebm/runs_analysis/seed2_fid_trajectory/pipeline_seed2_local/step160000,/eagle/lc-mpi/Zhiqing/polaris_ebm/runs_analysis/seed2_fid_trajectory/pipeline_seed2_local/step160000/metrics_compare.json
2,pipeline,pipeline_seed2_local,165000,72.9251833529255,1.5626193131487192,,/eagle/lc-mpi/Zhiqing/polaris_ebm/runs_analysis/seed2_fid_trajectory/pipeline_seed2_local,/eagle/lc-mpi/Zhiqing/polaris_ebm/runs_analysis/seed2_fid_trajectory/pipeline_seed2_local/step165000,/eagle/lc-mpi/Zhiqing/polaris_ebm/runs_analysis/seed2_fid_trajectory/pipeline_seed2_local/step165000/metrics_compare.json
2,pipeline,pipeline_seed2_local,170000,98.68855373347981,0.8165002879826062,,/eagle/lc-mpi/Zhiqing/polaris_ebm/runs_analysis/seed2_fid_trajectory/pipeline_seed2_local,/eagle/lc-mpi/Zhiqing/polaris_ebm/runs_analysis/seed2_fid_trajectory/pipeline_seed2_local/step170000,/eagle/lc-mpi/Zhiqing/polaris_ebm/runs_analysis/seed2_fid_trajectory/pipeline_seed2_local/step170000/metrics_compare.json
2,pipeline,pipeline_seed2_local,175000,69.40797147758065,3.2426674774549937,,/eagle/lc-mpi/Zhiqing/polaris_ebm/runs_analysis/seed2_fid_trajectory/pipeline_seed2_local,/eagle/lc-mpi/Zhiqing/polaris_ebm/runs_analysis/seed2_fid_trajectory/pipeline_seed2_local/step175000,/eagle/lc-mpi/Zhiqing/polaris_ebm/runs_analysis/seed2_fid_trajectory/pipeline_seed2_local/step175000/metrics_compare.json
2,pipeline,pipeline_seed2_local,180000,76.84540652933572,1.574943119682736,,/eagle/lc-mpi/Zhiqing/polaris_ebm/runs_analysis/seed2_fid_trajectory/pipeline_seed2_local,/eagle/lc-mpi/Zhiqing/polaris_ebm/runs_analysis/seed2_fid_trajectory/pipeline_seed2_local/step180000,/eagle/lc-mpi/Zhiqing/polaris_ebm/runs_analysis/seed2_fid_trajectory/pipeline_seed2_local/step180000/metrics_compare.json
2,pipeline,pipeline_seed2_local,185000,71.75674607076138,1.1930491204358518,,/eagle/lc-mpi/Zhiqing/polaris_ebm/runs_analysis/seed2_fid_trajectory/pipeline_seed2_local,/eagle/lc-mpi/Zhiqing/polaris_ebm/runs_analysis/seed2_fid_trajectory/pipeline_seed2_local/step185000,/eagle/lc-mpi/Zhiqing/polaris_ebm/runs_analysis/seed2_fid_trajectory/pipeline_seed2_local/step185000/metrics_compare.json
2,pipeline,pipeline_seed2_local,190000,95.89613727214999,0.8389274077325446,,/eagle/lc-mpi/Zhiqing/polaris_ebm/runs_analysis/seed2_fid_trajectory/pipeline_seed2_local,/eagle/lc-mpi/Zhiqing/polaris_ebm/runs_analysis/seed2_fid_trajectory/pipeline_seed2_local/step190000,/eagle/lc-mpi/Zhiqing/polaris_ebm/runs_analysis/seed2_fid_trajectory/pipeline_seed2_local/step190000/metrics_compare.json
2,pipeline,pipeline_seed2_local,195000,73.72837399692025,1.2657684622943624,,/eagle/lc-mpi/Zhiqing/polaris_ebm/runs_analysis/seed2_fid_trajectory/pipeline_seed2_local,/eagle/lc-mpi/Zhiqing/polaris_ebm/runs_analysis/seed2_fid_trajectory/pipeline_seed2_local/step195000,/eagle/lc-mpi/Zhiqing/polaris_ebm/runs_analysis/seed2_fid_trajectory/pipeline_seed2_local/step195000/metrics_compare.json
2,pipeline,pipeline_seed2_local,200000,65.18680211518216,0.8183426810269125,,/eagle/lc-mpi/Zhiqing/polaris_ebm/runs_analysis/seed2_fid_trajectory/pipeline_seed2_local,/eagle/lc-mpi/Zhiqing/polaris_ebm/runs_analysis/seed2_fid_trajectory/pipeline_seed2_local/step200000,/eagle/lc-mpi/Zhiqing/polaris_ebm/runs_analysis/seed2_fid_trajectory/pipeline_seed2_local/step200000/metrics_compare.json
2,pipeline,pipeline_seed2_local,205000,85.99830099624683,1.7810554969089587,,/eagle/lc-mpi/Zhiqing/polaris_ebm/runs_analysis/seed2_fid_trajectory/pipeline_seed2_local,/eagle/lc-mpi/Zhiqing/polaris_ebm/runs_analysis/seed2_fid_trajectory/pipeline_seed2_local/step205000,/eagle/lc-mpi/Zhiqing/polaris_ebm/runs_analysis/seed2_fid_trajectory/pipeline_seed2_local/step205000/metrics_compare.json
2,pipeline,pipeline_seed2_local,210000,92.83949428677636,1.478107105595349,,/eagle/lc-mpi/Zhiqing/polaris_ebm/runs_analysis/seed2_fid_trajectory/pipeline_seed2_local,/eagle/lc-mpi/Zhiqing/polaris_ebm/runs_analysis/seed2_fid_trajectory/pipeline_seed2_local/step210000,/eagle/lc-mpi/Zhiqing/polaris_ebm/runs_analysis/seed2_fid_trajectory/pipeline_seed2_local/step210000/metrics_compare.json
2,pipeline,pipeline_seed2_local,215000,73.10570068746102,3.2175307940146567,,/eagle/lc-mpi/Zhiqing/polaris_ebm/runs_analysis/seed2_fid_trajectory/pipeline_seed2_local,/eagle/lc-mpi/Zhiqing/polaris_ebm/runs_analysis/seed2_fid_trajectory/pipeline_seed2_local/step215000,/eagle/lc-mpi/Zhiqing/polaris_ebm/runs_analysis/seed2_fid_trajectory/pipeline_seed2_local/step215000/metrics_compare.json
2,pipeline,pipeline_seed2_local,220000,75.0103833806894,1.5991656254530504,,/eagle/lc-mpi/Zhiqing/polaris_ebm/runs_analysis/seed2_fid_trajectory/pipeline_seed2_local,/eagle/lc-mpi/Zhiqing/polaris_ebm/runs_analysis/seed2_fid_trajectory/pipeline_seed2_local/step220000,/eagle/lc-mpi/Zhiqing/polaris_ebm/runs_analysis/seed2_fid_trajectory/pipeline_seed2_local/step220000/metrics_compare.json
2,pipeline,pipeline_seed2_local,225000,79.31630143821775,0.45554156919522626,,/eagle/lc-mpi/Zhiqing/polaris_ebm/runs_analysis/seed2_fid_trajectory/pipeline_seed2_local,/eagle/lc-mpi/Zhiqing/polaris_ebm/runs_analysis/seed2_fid_trajectory/pipeline_seed2_local/step225000,/eagle/lc-mpi/Zhiqing/polaris_ebm/runs_analysis/seed2_fid_trajectory/pipeline_seed2_local/step225000/metrics_compare.json
2,pipeline,pipeline_seed2_local,230000,73.9862783539279,0.8449512534204402,,/eagle/lc-mpi/Zhiqing/polaris_ebm/runs_analysis/seed2_fid_trajectory/pipeline_seed2_local,/eagle/lc-mpi/Zhiqing/polaris_ebm/runs_analysis/seed2_fid_trajectory/pipeline_seed2_local/step230000,/eagle/lc-mpi/Zhiqing/polaris_ebm/runs_analysis/seed2_fid_trajectory/pipeline_seed2_local/step230000/metrics_compare.json
2,pipeline,pipeline_seed2_local,235000,76.89715372439213,1.8620826665322525,,/eagle/lc-mpi/Zhiqing/polaris_ebm/runs_analysis/seed2_fid_trajectory/pipeline_seed2_local,/eagle/lc-mpi/Zhiqing/polaris_ebm/runs_analysis/seed2_fid_trajectory/pipeline_seed2_local/step235000,/eagle/lc-mpi/Zhiqing/polaris_ebm/runs_analysis/seed2_fid_trajectory/pipeline_seed2_local/step235000/metrics_compare.json
2,pipeline,pipeline_seed2_local,240000,73.63507462703387,0.7095682792831752,,/eagle/lc-mpi/Zhiqing/polaris_ebm/runs_analysis/seed2_fid_trajectory/pipeline_seed2_local,/eagle/lc-mpi/Zhiqing/polaris_ebm/runs_analysis/seed2_fid_trajectory/pipeline_seed2_local/step240000,/eagle/lc-mpi/Zhiqing/polaris_ebm/runs_analysis/seed2_fid_trajectory/pipeline_seed2_local/step240000/metrics_compare.json
2,pipeline,pipeline_seed2_local,245000,63.81793736691253,0.6799300109633712,,/eagle/lc-mpi/Zhiqing/polaris_ebm/runs_analysis/seed2_fid_trajectory/pipeline_seed2_local,/eagle/lc-mpi/Zhiqing/polaris_ebm/runs_analysis/seed2_fid_trajectory/pipeline_seed2_local/step245000,/eagle/lc-mpi/Zhiqing/polaris_ebm/runs_analysis/seed2_fid_trajectory/pipeline_seed2_local/step245000/metrics_compare.json
2,pipeline,pipeline_seed2_local,250000,74.96887809327177,2.621804957485164,,/eagle/lc-mpi/Zhiqing/polaris_ebm/runs_analysis/seed2_fid_trajectory/pipeline_seed2_local,/eagle/lc-mpi/Zhiqing/polaris_ebm/runs_analysis/seed2_fid_trajectory/pipeline_seed2_local/step250000,/eagle/lc-mpi/Zhiqing/polaris_ebm/runs_analysis/seed2_fid_trajectory/pipeline_seed2_local/step250000/metrics_compare.json
2,pipeline,pipeline_seed2_local,255000,76.7582379894032,2.6676990172789914,,/eagle/lc-mpi/Zhiqing/polaris_ebm/runs_analysis/seed2_fid_trajectory/pipeline_seed2_local,/eagle/lc-mpi/Zhiqing/polaris_ebm/runs_analysis/seed2_fid_trajectory/pipeline_seed2_local/step255000,/eagle/lc-mpi/Zhiqing/polaris_ebm/runs_analysis/seed2_fid_trajectory/pipeline_seed2_local/step255000/metrics_compare.json
2,pipeline,pipeline_seed2_local,260000,82.18009309562603,1.1239051088553644,,/eagle/lc-mpi/Zhiqing/polaris_ebm/runs_analysis/seed2_fid_trajectory/pipeline_seed2_local,/eagle/lc-mpi/Zhiqing/polaris_ebm/runs_analysis/seed2_fid_trajectory/pipeline_seed2_local/step260000,/eagle/lc-mpi/Zhiqing/polaris_ebm/runs_analysis/seed2_fid_trajectory/pipeline_seed2_local/step260000/metrics_compare.json
2,pipeline,pipeline_seed2_local,265000,78.37847047079885,1.245484716072955,,/eagle/lc-mpi/Zhiqing/polaris_ebm/runs_analysis/seed2_fid_trajectory/pipeline_seed2_local,/eagle/lc-mpi/Zhiqing/polaris_ebm/runs_analysis/seed2_fid_trajectory/pipeline_seed2_local/step265000,/eagle/lc-mpi/Zhiqing/polaris_ebm/runs_analysis/seed2_fid_trajectory/pipeline_seed2_local/step265000/metrics_compare.json
2,pipeline,pipeline_seed2_local,270000,63.40639306368729,0.5381653013367895,,/eagle/lc-mpi/Zhiqing/polaris_ebm/runs_analysis/seed2_fid_trajectory/pipeline_seed2_local,/eagle/lc-mpi/Zhiqing/polaris_ebm/runs_analysis/seed2_fid_trajectory/pipeline_seed2_local/step270000,/eagle/lc-mpi/Zhiqing/polaris_ebm/runs_analysis/seed2_fid_trajectory/pipeline_seed2_local/step270000/metrics_compare.json
2,pipeline,pipeline_seed2_local,275000,70.81190211701198,0.7593024622380824,,/eagle/lc-mpi/Zhiqing/polaris_ebm/runs_analysis/seed2_fid_trajectory/pipeline_seed2_local,/eagle/lc-mpi/Zhiqing/polaris_ebm/runs_analysis/seed2_fid_trajectory/pipeline_seed2_local/step275000,/eagle/lc-mpi/Zhiqing/polaris_ebm/runs_analysis/seed2_fid_trajectory/pipeline_seed2_local/step275000/metrics_compare.json
2,pipeline,pipeline_seed2_local,280000,77.43325891205234,0.6665856366739149,,/eagle/lc-mpi/Zhiqing/polaris_ebm/runs_analysis/seed2_fid_trajectory/pipeline_seed2_local,/eagle/lc-mpi/Zhiqing/polaris_ebm/runs_analysis/seed2_fid_trajectory/pipeline_seed2_local/step280000,/eagle/lc-mpi/Zhiqing/polaris_ebm/runs_analysis/seed2_fid_trajectory/pipeline_seed2_local/step280000/metrics_compare.json
2,pipeline,pipeline_seed2_local,285000,85.239405768582,1.0764065843777928,,/eagle/lc-mpi/Zhiqing/polaris_ebm/runs_analysis/seed2_fid_trajectory/pipeline_seed2_local,/eagle/lc-mpi/Zhiqing/polaris_ebm/runs_analysis/seed2_fid_trajectory/pipeline_seed2_local/step285000,/eagle/lc-mpi/Zhiqing/polaris_ebm/runs_analysis/seed2_fid_trajectory/pipeline_seed2_local/step285000/metrics_compare.json
2,pipeline,pipeline_seed2_local,290000,63.23874003430717,0.8764067003555169,,/eagle/lc-mpi/Zhiqing/polaris_ebm/runs_analysis/seed2_fid_trajectory/pipeline_seed2_local,/eagle/lc-mpi/Zhiqing/polaris_ebm/runs_analysis/seed2_fid_trajectory/pipeline_seed2_local/step290000,/eagle/lc-mpi/Zhiqing/polaris_ebm/runs_analysis/seed2_fid_trajectory/pipeline_seed2_local/step290000/metrics_compare.json
2,pipeline,pipeline_seed2_local,295000,61.508138234867715,0.7780648483788255,,/eagle/lc-mpi/Zhiqing/polaris_ebm/runs_analysis/seed2_fid_trajectory/pipeline_seed2_local,/eagle/lc-mpi/Zhiqing/polaris_ebm/runs_analysis/seed2_fid_trajectory/pipeline_seed2_local/step295000,/eagle/lc-mpi/Zhiqing/polaris_ebm/runs_analysis/seed2_fid_trajectory/pipeline_seed2_local/step295000/metrics_compare.json
2,pipeline,pipeline_seed2_local,300000,65.83905546619434,0.6797417243377559,,/eagle/lc-mpi/Zhiqing/polaris_ebm/runs_analysis/seed2_fid_trajectory/pipeline_seed2_local,/eagle/lc-mpi/Zhiqing/polaris_ebm/runs_analysis/seed2_fid_trajectory/pipeline_seed2_local/step300000,/eagle/lc-mpi/Zhiqing/polaris_ebm/runs_analysis/seed2_fid_trajectory/pipeline_seed2_local/step300000/metrics_compare.json
3,ddp,ddp_seed3_local,5000,162.0155586923318,0.748996732734696,,/eagle/lc-mpi/Zhiqing/polaris_ebm/runs_analysis/seed3_fid_trajectory/ddp_seed3_local,/eagle/lc-mpi/Zhiqing/polaris_ebm/runs_analysis/seed3_fid_trajectory/ddp_seed3_local/step005000,/eagle/lc-mpi/Zhiqing/polaris_ebm/runs_analysis/seed3_fid_trajectory/ddp_seed3_local/step005000/metrics_compare.json
3,ddp,ddp_seed3_local,10000,147.2629584799014,0.9885683142378596,,/eagle/lc-mpi/Zhiqing/polaris_ebm/runs_analysis/seed3_fid_trajectory/ddp_seed3_local,/eagle/lc-mpi/Zhiqing/polaris_ebm/runs_analysis/seed3_fid_trajectory/ddp_seed3_local/step010000,/eagle/lc-mpi/Zhiqing/polaris_ebm/runs_analysis/seed3_fid_trajectory/ddp_seed3_local/step010000/metrics_compare.json
3,ddp,ddp_seed3_local,15000,114.95085665836842,1.7149542372265323,,/eagle/lc-mpi/Zhiqing/polaris_ebm/runs_analysis/seed3_fid_trajectory/ddp_seed3_local,/eagle/lc-mpi/Zhiqing/polaris_ebm/runs_analysis/seed3_fid_trajectory/ddp_seed3_local/step015000,/eagle/lc-mpi/Zhiqing/polaris_ebm/runs_analysis/seed3_fid_trajectory/ddp_seed3_local/step015000/metrics_compare.json
3,ddp,ddp_seed3_local,20000,101.21207442711318,0.4443945743179185,,/eagle/lc-mpi/Zhiqing/polaris_ebm/runs_analysis/seed3_fid_trajectory/ddp_seed3_local,/eagle/lc-mpi/Zhiqing/polaris_ebm/runs_analysis/seed3_fid_trajectory/ddp_seed3_local/step020000,/eagle/lc-mpi/Zhiqing/polaris_ebm/runs_analysis/seed3_fid_trajectory/ddp_seed3_local/step020000/metrics_compare.json
3,ddp,ddp_seed3_local,25000,126.21581495582325,2.324750064241263,,/eagle/lc-mpi/Zhiqing/polaris_ebm/runs_analysis/seed3_fid_trajectory/ddp_seed3_local,/eagle/lc-mpi/Zhiqing/polaris_ebm/runs_analysis/seed3_fid_trajectory/ddp_seed3_local/step025000,/eagle/lc-mpi/Zhiqing/polaris_ebm/runs_analysis/seed3_fid_trajectory/ddp_seed3_local/step025000/metrics_compare.json
3,ddp,ddp_seed3_local,30000,88.39085935260545,0.5426537456843832,,/eagle/lc-mpi/Zhiqing/polaris_ebm/runs_analysis/seed3_fid_trajectory/ddp_seed3_local,/eagle/lc-mpi/Zhiqing/polaris_ebm/runs_analysis/seed3_fid_trajectory/ddp_seed3_local/step030000,/eagle/lc-mpi/Zhiqing/polaris_ebm/runs_analysis/seed3_fid_trajectory/ddp_seed3_local/step030000/metrics_compare.json
3,ddp,ddp_seed3_local,35000,67.37357577010772,2.4519288935193018,,/eagle/lc-mpi/Zhiqing/polaris_ebm/runs_analysis/seed3_fid_trajectory/ddp_seed3_local,/eagle/lc-mpi/Zhiqing/polaris_ebm/runs_analysis/seed3_fid_trajectory/ddp_seed3_local/step035000,/eagle/lc-mpi/Zhiqing/polaris_ebm/runs_analysis/seed3_fid_trajectory/ddp_seed3_local/step035000/metrics_compare.json
3,ddp,ddp_seed3_local,40000,97.13857921396885,0.8000656171994152,,/eagle/lc-mpi/Zhiqing/polaris_ebm/runs_analysis/seed3_fid_trajectory/ddp_seed3_local,/eagle/lc-mpi/Zhiqing/polaris_ebm/runs_analysis/seed3_fid_trajectory/ddp_seed3_local/step040000,/eagle/lc-mpi/Zhiqing/polaris_ebm/runs_analysis/seed3_fid_trajectory/ddp_seed3_local/step040000/metrics_compare.json
3,ddp,ddp_seed3_local,45000,78.61727867440493,0.38806224863312266,,/eagle/lc-mpi/Zhiqing/polaris_ebm/runs_analysis/seed3_fid_trajectory/ddp_seed3_local,/eagle/lc-mpi/Zhiqing/polaris_ebm/runs_analysis/seed3_fid_trajectory/ddp_seed3_local/step045000,/eagle/lc-mpi/Zhiqing/polaris_ebm/runs_analysis/seed3_fid_trajectory/ddp_seed3_local/step045000/metrics_compare.json
3,ddp,ddp_seed3_local,50000,81.84179412681124,0.34286172989910924,,/eagle/lc-mpi/Zhiqing/polaris_ebm/runs_analysis/seed3_fid_trajectory/ddp_seed3_local,/eagle/lc-mpi/Zhiqing/polaris_ebm/runs_analysis/seed3_fid_trajectory/ddp_seed3_local/step050000,/eagle/lc-mpi/Zhiqing/polaris_ebm/runs_analysis/seed3_fid_trajectory/ddp_seed3_local/step050000/metrics_compare.json
3,ddp,ddp_seed3_local,55000,74.02591128620003,0.45460338819639645,,/eagle/lc-mpi/Zhiqing/polaris_ebm/runs_analysis/seed3_fid_trajectory/ddp_seed3_local,/eagle/lc-mpi/Zhiqing/polaris_ebm/runs_analysis/seed3_fid_trajectory/ddp_seed3_local/step055000,/eagle/lc-mpi/Zhiqing/polaris_ebm/runs_analysis/seed3_fid_trajectory/ddp_seed3_local/step055000/metrics_compare.json
3,ddp,ddp_seed3_local,60000,78.37182104160593,0.5763685757160673,,/eagle/lc-mpi/Zhiqing/polaris_ebm/runs_analysis/seed3_fid_trajectory/ddp_seed3_local,/eagle/lc-mpi/Zhiqing/polaris_ebm/runs_analysis/seed3_fid_trajectory/ddp_seed3_local/step060000,/eagle/lc-mpi/Zhiqing/polaris_ebm/runs_analysis/seed3_fid_trajectory/ddp_seed3_local/step060000/metrics_compare.json
3,ddp,ddp_seed3_local,65000,84.82986185764281,0.3898313199913268,,/eagle/lc-mpi/Zhiqing/polaris_ebm/runs_analysis/seed3_fid_trajectory/ddp_seed3_local,/eagle/lc-mpi/Zhiqing/polaris_ebm/runs_analysis/seed3_fid_trajectory/ddp_seed3_local/step065000,/eagle/lc-mpi/Zhiqing/polaris_ebm/runs_analysis/seed3_fid_trajectory/ddp_seed3_local/step065000/metrics_compare.json
3,ddp,ddp_seed3_local,70000,102.8351000185483,0.7614101540215827,,/eagle/lc-mpi/Zhiqing/polaris_ebm/runs_analysis/seed3_fid_trajectory/ddp_seed3_local,/eagle/lc-mpi/Zhiqing/polaris_ebm/runs_analysis/seed3_fid_trajectory/ddp_seed3_local/step070000,/eagle/lc-mpi/Zhiqing/polaris_ebm/runs_analysis/seed3_fid_trajectory/ddp_seed3_local/step070000/metrics_compare.json
3,ddp,ddp_seed3_local,75000,81.92618202136038,0.4834757981962987,,/eagle/lc-mpi/Zhiqing/polaris_ebm/runs_analysis/seed3_fid_trajectory/ddp_seed3_local,/eagle/lc-mpi/Zhiqing/polaris_ebm/runs_analysis/seed3_fid_trajectory/ddp_seed3_local/step075000,/eagle/lc-mpi/Zhiqing/polaris_ebm/runs_analysis/seed3_fid_trajectory/ddp_seed3_local/step075000/metrics_compare.json
3,ddp,ddp_seed3_local,80000,70.37508315469074,1.0012219417070334,,/eagle/lc-mpi/Zhiqing/polaris_ebm/runs_analysis/seed3_fid_trajectory/ddp_seed3_local,/eagle/lc-mpi/Zhiqing/polaris_ebm/runs_analysis/seed3_fid_trajectory/ddp_seed3_local/step080000,/eagle/lc-mpi/Zhiqing/polaris_ebm/runs_analysis/seed3_fid_trajectory/ddp_seed3_local/step080000/metrics_compare.json
3,ddp,ddp_seed3_local,85000,76.58245526972638,0.6365307864961203,,/eagle/lc-mpi/Zhiqing/polaris_ebm/runs_analysis/seed3_fid_trajectory/ddp_seed3_local,/eagle/lc-mpi/Zhiqing/polaris_ebm/runs_analysis/seed3_fid_trajectory/ddp_seed3_local/step085000,/eagle/lc-mpi/Zhiqing/polaris_ebm/runs_analysis/seed3_fid_trajectory/ddp_seed3_local/step085000/metrics_compare.json
3,ddp,ddp_seed3_local,90000,70.20860252686651,0.3332696065455849,,/eagle/lc-mpi/Zhiqing/polaris_ebm/runs_analysis/seed3_fid_trajectory/ddp_seed3_local,/eagle/lc-mpi/Zhiqing/polaris_ebm/runs_analysis/seed3_fid_trajectory/ddp_seed3_local/step090000,/eagle/lc-mpi/Zhiqing/polaris_ebm/runs_analysis/seed3_fid_trajectory/ddp_seed3_local/step090000/metrics_compare.json
3,ddp,ddp_seed3_local,95000,64.67931597823974,0.4297705975528814,,/eagle/lc-mpi/Zhiqing/polaris_ebm/runs_analysis/seed3_fid_trajectory/ddp_seed3_local,/eagle/lc-mpi/Zhiqing/polaris_ebm/runs_analysis/seed3_fid_trajectory/ddp_seed3_local/step095000,/eagle/lc-mpi/Zhiqing/polaris_ebm/runs_analysis/seed3_fid_trajectory/ddp_seed3_local/step095000/metrics_compare.json
3,ddp,ddp_seed3_local,100000,76.32043351577727,1.2540579383188657,,/eagle/lc-mpi/Zhiqing/polaris_ebm/runs_analysis/seed3_fid_trajectory/ddp_seed3_local,/eagle/lc-mpi/Zhiqing/polaris_ebm/runs_analysis/seed3_fid_trajectory/ddp_seed3_local/step100000,/eagle/lc-mpi/Zhiqing/polaris_ebm/runs_analysis/seed3_fid_trajectory/ddp_seed3_local/step100000/metrics_compare.json
3,ddp,ddp_seed3_local,105000,66.75617432935326,0.4519248694856941,,/eagle/lc-mpi/Zhiqing/polaris_ebm/runs_analysis/seed3_fid_trajectory/ddp_seed3_local,/eagle/lc-mpi/Zhiqing/polaris_ebm/runs_analysis/seed3_fid_trajectory/ddp_seed3_local/step105000,/eagle/lc-mpi/Zhiqing/polaris_ebm/runs_analysis/seed3_fid_trajectory/ddp_seed3_local/step105000/metrics_compare.json
3,ddp,ddp_seed3_local,110000,82.52036552005984,0.5482901502953155,,/eagle/lc-mpi/Zhiqing/polaris_ebm/runs_analysis/seed3_fid_trajectory/ddp_seed3_local,/eagle/lc-mpi/Zhiqing/polaris_ebm/runs_analysis/seed3_fid_trajectory/ddp_seed3_local/step110000,/eagle/lc-mpi/Zhiqing/polaris_ebm/runs_analysis/seed3_fid_trajectory/ddp_seed3_local/step110000/metrics_compare.json
3,ddp,ddp_seed3_local,115000,70.69580925481364,0.5039826701046799,,/eagle/lc-mpi/Zhiqing/polaris_ebm/runs_analysis/seed3_fid_trajectory/ddp_seed3_local,/eagle/lc-mpi/Zhiqing/polaris_ebm/runs_analysis/seed3_fid_trajectory/ddp_seed3_local/step115000,/eagle/lc-mpi/Zhiqing/polaris_ebm/runs_analysis/seed3_fid_trajectory/ddp_seed3_local/step115000/metrics_compare.json
3,ddp,ddp_seed3_local,120000,74.05186770074272,0.3439454288058883,,/eagle/lc-mpi/Zhiqing/polaris_ebm/runs_analysis/seed3_fid_trajectory/ddp_seed3_local,/eagle/lc-mpi/Zhiqing/polaris_ebm/runs_analysis/seed3_fid_trajectory/ddp_seed3_local/step120000,/eagle/lc-mpi/Zhiqing/polaris_ebm/runs_analysis/seed3_fid_trajectory/ddp_seed3_local/step120000/metrics_compare.json
3,ddp,ddp_seed3_local,125000,69.02757784254379,0.639507341295289,,/eagle/lc-mpi/Zhiqing/polaris_ebm/runs_analysis/seed3_fid_trajectory/ddp_seed3_local,/eagle/lc-mpi/Zhiqing/polaris_ebm/runs_analysis/seed3_fid_trajectory/ddp_seed3_local/step125000,/eagle/lc-mpi/Zhiqing/polaris_ebm/runs_analysis/seed3_fid_trajectory/ddp_seed3_local/step125000/metrics_compare.json
3,ddp,ddp_seed3_local,130000,67.57878251476546,0.2664791446928483,,/eagle/lc-mpi/Zhiqing/polaris_ebm/runs_analysis/seed3_fid_trajectory/ddp_seed3_local,/eagle/lc-mpi/Zhiqing/polaris_ebm/runs_analysis/seed3_fid_trajectory/ddp_seed3_local/step130000,/eagle/lc-mpi/Zhiqing/polaris_ebm/runs_analysis/seed3_fid_trajectory/ddp_seed3_local/step130000/metrics_compare.json
3,ddp,ddp_seed3_local,135000,69.0054393808378,0.3527843870565768,,/eagle/lc-mpi/Zhiqing/polaris_ebm/runs_analysis/seed3_fid_trajectory/ddp_seed3_local,/eagle/lc-mpi/Zhiqing/polaris_ebm/runs_analysis/seed3_fid_trajectory/ddp_seed3_local/step135000,/eagle/lc-mpi/Zhiqing/polaris_ebm/runs_analysis/seed3_fid_trajectory/ddp_seed3_local/step135000/metrics_compare.json
3,ddp,ddp_seed3_local,140000,80.08884886379627,0.3684042729300856,,/eagle/lc-mpi/Zhiqing/polaris_ebm/runs_analysis/seed3_fid_trajectory/ddp_seed3_local,/eagle/lc-mpi/Zhiqing/polaris_ebm/runs_analysis/seed3_fid_trajectory/ddp_seed3_local/step140000,/eagle/lc-mpi/Zhiqing/polaris_ebm/runs_analysis/seed3_fid_trajectory/ddp_seed3_local/step140000/metrics_compare.json
3,ddp,ddp_seed3_local,145000,56.88468867185111,0.4514440433070277,,/eagle/lc-mpi/Zhiqing/polaris_ebm/runs_analysis/seed3_fid_trajectory/ddp_seed3_local,/eagle/lc-mpi/Zhiqing/polaris_ebm/runs_analysis/seed3_fid_trajectory/ddp_seed3_local/step145000,/eagle/lc-mpi/Zhiqing/polaris_ebm/runs_analysis/seed3_fid_trajectory/ddp_seed3_local/step145000/metrics_compare.json
3,ddp,ddp_seed3_local,150000,66.5950333065602,0.34228875561674954,,/eagle/lc-mpi/Zhiqing/polaris_ebm/runs_analysis/seed3_fid_trajectory/ddp_seed3_local,/eagle/lc-mpi/Zhiqing/polaris_ebm/runs_analysis/seed3_fid_trajectory/ddp_seed3_local/step150000,/eagle/lc-mpi/Zhiqing/polaris_ebm/runs_analysis/seed3_fid_trajectory/ddp_seed3_local/step150000/metrics_compare.json
3,ddp,ddp_seed3_local,155000,70.54565241189874,0.39259634987818615,,/eagle/lc-mpi/Zhiqing/polaris_ebm/runs_analysis/seed3_fid_trajectory/ddp_seed3_local,/eagle/lc-mpi/Zhiqing/polaris_ebm/runs_analysis/seed3_fid_trajectory/ddp_seed3_local/step155000,/eagle/lc-mpi/Zhiqing/polaris_ebm/runs_analysis/seed3_fid_trajectory/ddp_seed3_local/step155000/metrics_compare.json
3,ddp,ddp_seed3_local,160000,60.5558398919016,0.4540346530721564,,/eagle/lc-mpi/Zhiqing/polaris_ebm/runs_analysis/seed3_fid_trajectory/ddp_seed3_local,/eagle/lc-mpi/Zhiqing/polaris_ebm/runs_analysis/seed3_fid_trajectory/ddp_seed3_local/step160000,/eagle/lc-mpi/Zhiqing/polaris_ebm/runs_analysis/seed3_fid_trajectory/ddp_seed3_local/step160000/metrics_compare.json
3,ddp,ddp_seed3_local,165000,75.12564064175973,0.42180935055984037,,/eagle/lc-mpi/Zhiqing/polaris_ebm/runs_analysis/seed3_fid_trajectory/ddp_seed3_local,/eagle/lc-mpi/Zhiqing/polaris_ebm/runs_analysis/seed3_fid_trajectory/ddp_seed3_local/step165000,/eagle/lc-mpi/Zhiqing/polaris_ebm/runs_analysis/seed3_fid_trajectory/ddp_seed3_local/step165000/metrics_compare.json
3,ddp,ddp_seed3_local,170000,65.7138935225737,1.1471491762674262,,/eagle/lc-mpi/Zhiqing/polaris_ebm/runs_analysis/seed3_fid_trajectory/ddp_seed3_local,/eagle/lc-mpi/Zhiqing/polaris_ebm/runs_analysis/seed3_fid_trajectory/ddp_seed3_local/step170000,/eagle/lc-mpi/Zhiqing/polaris_ebm/runs_analysis/seed3_fid_trajectory/ddp_seed3_local/step170000/metrics_compare.json
3,ddp,ddp_seed3_local,175000,73.81405384092909,0.774195341407033,,/eagle/lc-mpi/Zhiqing/polaris_ebm/runs_analysis/seed3_fid_trajectory/ddp_seed3_local,/eagle/lc-mpi/Zhiqing/polaris_ebm/runs_analysis/seed3_fid_trajectory/ddp_seed3_local/step175000,/eagle/lc-mpi/Zhiqing/polaris_ebm/runs_analysis/seed3_fid_trajectory/ddp_seed3_local/step175000/metrics_compare.json
3,ddp,ddp_seed3_local,180000,60.32022198747245,0.4861795668158244,,/eagle/lc-mpi/Zhiqing/polaris_ebm/runs_analysis/seed3_fid_trajectory/ddp_seed3_local,/eagle/lc-mpi/Zhiqing/polaris_ebm/runs_analysis/seed3_fid_trajectory/ddp_seed3_local/step180000,/eagle/lc-mpi/Zhiqing/polaris_ebm/runs_analysis/seed3_fid_trajectory/ddp_seed3_local/step180000/metrics_compare.json
3,ddp,ddp_seed3_local,185000,82.83758703954481,1.2162825329842768,,/eagle/lc-mpi/Zhiqing/polaris_ebm/runs_analysis/seed3_fid_trajectory/ddp_seed3_local,/eagle/lc-mpi/Zhiqing/polaris_ebm/runs_analysis/seed3_fid_trajectory/ddp_seed3_local/step185000,/eagle/lc-mpi/Zhiqing/polaris_ebm/runs_analysis/seed3_fid_trajectory/ddp_seed3_local/step185000/metrics_compare.json
3,ddp,ddp_seed3_local,190000,72.40159076480671,2.0366061012494114,,/eagle/lc-mpi/Zhiqing/polaris_ebm/runs_analysis/seed3_fid_trajectory/ddp_seed3_local,/eagle/lc-mpi/Zhiqing/polaris_ebm/runs_analysis/seed3_fid_trajectory/ddp_seed3_local/step190000,/eagle/lc-mpi/Zhiqing/polaris_ebm/runs_analysis/seed3_fid_trajectory/ddp_seed3_local/step190000/metrics_compare.json
3,ddp,ddp_seed3_local,195000,66.19599914241826,0.34550672060518295,,/eagle/lc-mpi/Zhiqing/polaris_ebm/runs_analysis/seed3_fid_trajectory/ddp_seed3_local,/eagle/lc-mpi/Zhiqing/polaris_ebm/runs_analysis/seed3_fid_trajectory/ddp_seed3_local/step195000,/eagle/lc-mpi/Zhiqing/polaris_ebm/runs_analysis/seed3_fid_trajectory/ddp_seed3_local/step195000/metrics_compare.json
3,ddp,ddp_seed3_local,200000,73.20272743933492,0.7956922678592129,,/eagle/lc-mpi/Zhiqing/polaris_ebm/runs_analysis/seed3_fid_trajectory/ddp_seed3_local,/eagle/lc-mpi/Zhiqing/polaris_ebm/runs_analysis/seed3_fid_trajectory/ddp_seed3_local/step200000,/eagle/lc-mpi/Zhiqing/polaris_ebm/runs_analysis/seed3_fid_trajectory/ddp_seed3_local/step200000/metrics_compare.json
3,ddp,ddp_seed3_local,205000,67.08537084288241,0.5145449336681054,,/eagle/lc-mpi/Zhiqing/polaris_ebm/runs_analysis/seed3_fid_trajectory/ddp_seed3_local,/eagle/lc-mpi/Zhiqing/polaris_ebm/runs_analysis/seed3_fid_trajectory/ddp_seed3_local/step205000,/eagle/lc-mpi/Zhiqing/polaris_ebm/runs_analysis/seed3_fid_trajectory/ddp_seed3_local/step205000/metrics_compare.json
3,ddp,ddp_seed3_local,210000,66.65683168356082,0.3431218126422273,,/eagle/lc-mpi/Zhiqing/polaris_ebm/runs_analysis/seed3_fid_trajectory/ddp_seed3_local,/eagle/lc-mpi/Zhiqing/polaris_ebm/runs_analysis/seed3_fid_trajectory/ddp_seed3_local/step210000,/eagle/lc-mpi/Zhiqing/polaris_ebm/runs_analysis/seed3_fid_trajectory/ddp_seed3_local/step210000/metrics_compare.json
3,ddp,ddp_seed3_local,215000,68.57635794428296,0.7335840529220512,,/eagle/lc-mpi/Zhiqing/polaris_ebm/runs_analysis/seed3_fid_trajectory/ddp_seed3_local,/eagle/lc-mpi/Zhiqing/polaris_ebm/runs_analysis/seed3_fid_trajectory/ddp_seed3_local/step215000,/eagle/lc-mpi/Zhiqing/polaris_ebm/runs_analysis/seed3_fid_trajectory/ddp_seed3_local/step215000/metrics_compare.json
3,ddp,ddp_seed3_local,220000,66.92720238433759,0.5226803889224954,,/eagle/lc-mpi/Zhiqing/polaris_ebm/runs_analysis/seed3_fid_trajectory/ddp_seed3_local,/eagle/lc-mpi/Zhiqing/polaris_ebm/runs_analysis/seed3_fid_trajectory/ddp_seed3_local/step220000,/eagle/lc-mpi/Zhiqing/polaris_ebm/runs_analysis/seed3_fid_trajectory/ddp_seed3_local/step220000/metrics_compare.json
3,ddp,ddp_seed3_local,225000,82.14056450719704,0.35607542000544257,,/eagle/lc-mpi/Zhiqing/polaris_ebm/runs_analysis/seed3_fid_trajectory/ddp_seed3_local,/eagle/lc-mpi/Zhiqing/polaris_ebm/runs_analysis/seed3_fid_trajectory/ddp_seed3_local/step225000,/eagle/lc-mpi/Zhiqing/polaris_ebm/runs_analysis/seed3_fid_trajectory/ddp_seed3_local/step225000/metrics_compare.json
3,ddp,ddp_seed3_local,230000,61.75802276517999,0.3282878063278609,,/eagle/lc-mpi/Zhiqing/polaris_ebm/runs_analysis/seed3_fid_trajectory/ddp_seed3_local,/eagle/lc-mpi/Zhiqing/polaris_ebm/runs_analysis/seed3_fid_trajectory/ddp_seed3_local/step230000,/eagle/lc-mpi/Zhiqing/polaris_ebm/runs_analysis/seed3_fid_trajectory/ddp_seed3_local/step230000/metrics_compare.json
3,ddp,ddp_seed3_local,235000,58.636343074354784,0.5672563313180632,,/eagle/lc-mpi/Zhiqing/polaris_ebm/runs_analysis/seed3_fid_trajectory/ddp_seed3_local,/eagle/lc-mpi/Zhiqing/polaris_ebm/runs_analysis/seed3_fid_trajectory/ddp_seed3_local/step235000,/eagle/lc-mpi/Zhiqing/polaris_ebm/runs_analysis/seed3_fid_trajectory/ddp_seed3_local/step235000/metrics_compare.json
3,ddp,ddp_seed3_local,240000,56.36577058075045,0.31202837530081595,,/eagle/lc-mpi/Zhiqing/polaris_ebm/runs_analysis/seed3_fid_trajectory/ddp_seed3_local,/eagle/lc-mpi/Zhiqing/polaris_ebm/runs_analysis/seed3_fid_trajectory/ddp_seed3_local/step240000,/eagle/lc-mpi/Zhiqing/polaris_ebm/runs_analysis/seed3_fid_trajectory/ddp_seed3_local/step240000/metrics_compare.json
3,ddp,ddp_seed3_local,245000,71.80530010330853,0.3300424185946156,,/eagle/lc-mpi/Zhiqing/polaris_ebm/runs_analysis/seed3_fid_trajectory/ddp_seed3_local,/eagle/lc-mpi/Zhiqing/polaris_ebm/runs_analysis/seed3_fid_trajectory/ddp_seed3_local/step245000,/eagle/lc-mpi/Zhiqing/polaris_ebm/runs_analysis/seed3_fid_trajectory/ddp_seed3_local/step245000/metrics_compare.json
3,ddp,ddp_seed3_local,250000,61.07340390596903,0.3125768076123485,,/eagle/lc-mpi/Zhiqing/polaris_ebm/runs_analysis/seed3_fid_trajectory/ddp_seed3_local,/eagle/lc-mpi/Zhiqing/polaris_ebm/runs_analysis/seed3_fid_trajectory/ddp_seed3_local/step250000,/eagle/lc-mpi/Zhiqing/polaris_ebm/runs_analysis/seed3_fid_trajectory/ddp_seed3_local/step250000/metrics_compare.json
3,ddp,ddp_seed3_local,255000,73.36897504970881,0.40726749276722174,,/eagle/lc-mpi/Zhiqing/polaris_ebm/runs_analysis/seed3_fid_trajectory/ddp_seed3_local,/eagle/lc-mpi/Zhiqing/polaris_ebm/runs_analysis/seed3_fid_trajectory/ddp_seed3_local/step255000,/eagle/lc-mpi/Zhiqing/polaris_ebm/runs_analysis/seed3_fid_trajectory/ddp_seed3_local/step255000/metrics_compare.json
3,ddp,ddp_seed3_local,260000,73.93971832231085,0.28577681262158094,,/eagle/lc-mpi/Zhiqing/polaris_ebm/runs_analysis/seed3_fid_trajectory/ddp_seed3_local,/eagle/lc-mpi/Zhiqing/polaris_ebm/runs_analysis/seed3_fid_trajectory/ddp_seed3_local/step260000,/eagle/lc-mpi/Zhiqing/polaris_ebm/runs_analysis/seed3_fid_trajectory/ddp_seed3_local/step260000/metrics_compare.json
3,ddp,ddp_seed3_local,265000,63.03990902372743,0.20142009799743477,,/eagle/lc-mpi/Zhiqing/polaris_ebm/runs_analysis/seed3_fid_trajectory/ddp_seed3_local,/eagle/lc-mpi/Zhiqing/polaris_ebm/runs_analysis/seed3_fid_trajectory/ddp_seed3_local/step265000,/eagle/lc-mpi/Zhiqing/polaris_ebm/runs_analysis/seed3_fid_trajectory/ddp_seed3_local/step265000/metrics_compare.json
3,ddp,ddp_seed3_local,270000,64.24903497994967,0.6383886021384519,,/eagle/lc-mpi/Zhiqing/polaris_ebm/runs_analysis/seed3_fid_trajectory/ddp_seed3_local,/eagle/lc-mpi/Zhiqing/polaris_ebm/runs_analysis/seed3_fid_trajectory/ddp_seed3_local/step270000,/eagle/lc-mpi/Zhiqing/polaris_ebm/runs_analysis/seed3_fid_trajectory/ddp_seed3_local/step270000/metrics_compare.json
3,ddp,ddp_seed3_local,275000,60.546865138889416,0.28692523624995303,,/eagle/lc-mpi/Zhiqing/polaris_ebm/runs_analysis/seed3_fid_trajectory/ddp_seed3_local,/eagle/lc-mpi/Zhiqing/polaris_ebm/runs_analysis/seed3_fid_trajectory/ddp_seed3_local/step275000,/eagle/lc-mpi/Zhiqing/polaris_ebm/runs_analysis/seed3_fid_trajectory/ddp_seed3_local/step275000/metrics_compare.json
3,ddp,ddp_seed3_local,280000,67.08330116062638,0.5593220173640887,,/eagle/lc-mpi/Zhiqing/polaris_ebm/runs_analysis/seed3_fid_trajectory/ddp_seed3_local,/eagle/lc-mpi/Zhiqing/polaris_ebm/runs_analysis/seed3_fid_trajectory/ddp_seed3_local/step280000,/eagle/lc-mpi/Zhiqing/polaris_ebm/runs_analysis/seed3_fid_trajectory/ddp_seed3_local/step280000/metrics_compare.json
3,ddp,ddp_seed3_local,285000,67.71002966154657,1.0407812971058732,,/eagle/lc-mpi/Zhiqing/polaris_ebm/runs_analysis/seed3_fid_trajectory/ddp_seed3_local,/eagle/lc-mpi/Zhiqing/polaris_ebm/runs_analysis/seed3_fid_trajectory/ddp_seed3_local/step285000,/eagle/lc-mpi/Zhiqing/polaris_ebm/runs_analysis/seed3_fid_trajectory/ddp_seed3_local/step285000/metrics_compare.json
3,ddp,ddp_seed3_local,290000,59.380600781398186,0.37041952972429115,,/eagle/lc-mpi/Zhiqing/polaris_ebm/runs_analysis/seed3_fid_trajectory/ddp_seed3_local,/eagle/lc-mpi/Zhiqing/polaris_ebm/runs_analysis/seed3_fid_trajectory/ddp_seed3_local/step290000,/eagle/lc-mpi/Zhiqing/polaris_ebm/runs_analysis/seed3_fid_trajectory/ddp_seed3_local/step290000/metrics_compare.json
3,ddp,ddp_seed3_local,295000,70.5057695711439,0.36832777086647184,,/eagle/lc-mpi/Zhiqing/polaris_ebm/runs_analysis/seed3_fid_trajectory/ddp_seed3_local,/eagle/lc-mpi/Zhiqing/polaris_ebm/runs_analysis/seed3_fid_trajectory/ddp_seed3_local/step295000,/eagle/lc-mpi/Zhiqing/polaris_ebm/runs_analysis/seed3_fid_trajectory/ddp_seed3_local/step295000/metrics_compare.json
3,ddp,ddp_seed3_local,300000,63.81115361325402,1.2354493705970526,,/eagle/lc-mpi/Zhiqing/polaris_ebm/runs_analysis/seed3_fid_trajectory/ddp_seed3_local,/eagle/lc-mpi/Zhiqing/polaris_ebm/runs_analysis/seed3_fid_trajectory/ddp_seed3_local/step300000,/eagle/lc-mpi/Zhiqing/polaris_ebm/runs_analysis/seed3_fid_trajectory/ddp_seed3_local/step300000/metrics_compare.json
3,pipeline,pipeline_seed3_local,5000,167.56963569984356,8.339941353831591,,/eagle/lc-mpi/Zhiqing/polaris_ebm/runs_analysis/seed3_fid_trajectory/pipeline_seed3_local,/eagle/lc-mpi/Zhiqing/polaris_ebm/runs_analysis/seed3_fid_trajectory/pipeline_seed3_local/step005000,/eagle/lc-mpi/Zhiqing/polaris_ebm/runs_analysis/seed3_fid_trajectory/pipeline_seed3_local/step005000/metrics_compare.json
3,pipeline,pipeline_seed3_local,10000,132.51372920557264,5.6017782132866785,,/eagle/lc-mpi/Zhiqing/polaris_ebm/runs_analysis/seed3_fid_trajectory/pipeline_seed3_local,/eagle/lc-mpi/Zhiqing/polaris_ebm/runs_analysis/seed3_fid_trajectory/pipeline_seed3_local/step010000,/eagle/lc-mpi/Zhiqing/polaris_ebm/runs_analysis/seed3_fid_trajectory/pipeline_seed3_local/step010000/metrics_compare.json
3,pipeline,pipeline_seed3_local,15000,113.96083098301506,1.2540884323218382,,/eagle/lc-mpi/Zhiqing/polaris_ebm/runs_analysis/seed3_fid_trajectory/pipeline_seed3_local,/eagle/lc-mpi/Zhiqing/polaris_ebm/runs_analysis/seed3_fid_trajectory/pipeline_seed3_local/step015000,/eagle/lc-mpi/Zhiqing/polaris_ebm/runs_analysis/seed3_fid_trajectory/pipeline_seed3_local/step015000/metrics_compare.json
3,pipeline,pipeline_seed3_local,20000,120.56560882469182,2.719231236022134,,/eagle/lc-mpi/Zhiqing/polaris_ebm/runs_analysis/seed3_fid_trajectory/pipeline_seed3_local,/eagle/lc-mpi/Zhiqing/polaris_ebm/runs_analysis/seed3_fid_trajectory/pipeline_seed3_local/step020000,/eagle/lc-mpi/Zhiqing/polaris_ebm/runs_analysis/seed3_fid_trajectory/pipeline_seed3_local/step020000/metrics_compare.json
3,pipeline,pipeline_seed3_local,25000,122.04720132700862,1.5435512741566093,,/eagle/lc-mpi/Zhiqing/polaris_ebm/runs_analysis/seed3_fid_trajectory/pipeline_seed3_local,/eagle/lc-mpi/Zhiqing/polaris_ebm/runs_analysis/seed3_fid_trajectory/pipeline_seed3_local/step025000,/eagle/lc-mpi/Zhiqing/polaris_ebm/runs_analysis/seed3_fid_trajectory/pipeline_seed3_local/step025000/metrics_compare.json
3,pipeline,pipeline_seed3_local,30000,100.34605303292614,0.750510587232565,,/eagle/lc-mpi/Zhiqing/polaris_ebm/runs_analysis/seed3_fid_trajectory/pipeline_seed3_local,/eagle/lc-mpi/Zhiqing/polaris_ebm/runs_analysis/seed3_fid_trajectory/pipeline_seed3_local/step030000,/eagle/lc-mpi/Zhiqing/polaris_ebm/runs_analysis/seed3_fid_trajectory/pipeline_seed3_local/step030000/metrics_compare.json
3,pipeline,pipeline_seed3_local,35000,98.46731360632498,1.2016673419446313,,/eagle/lc-mpi/Zhiqing/polaris_ebm/runs_analysis/seed3_fid_trajectory/pipeline_seed3_local,/eagle/lc-mpi/Zhiqing/polaris_ebm/runs_analysis/seed3_fid_trajectory/pipeline_seed3_local/step035000,/eagle/lc-mpi/Zhiqing/polaris_ebm/runs_analysis/seed3_fid_trajectory/pipeline_seed3_local/step035000/metrics_compare.json
3,pipeline,pipeline_seed3_local,40000,88.5200503186602,1.9557833067134993,,/eagle/lc-mpi/Zhiqing/polaris_ebm/runs_analysis/seed3_fid_trajectory/pipeline_seed3_local,/eagle/lc-mpi/Zhiqing/polaris_ebm/runs_analysis/seed3_fid_trajectory/pipeline_seed3_local/step040000,/eagle/lc-mpi/Zhiqing/polaris_ebm/runs_analysis/seed3_fid_trajectory/pipeline_seed3_local/step040000/metrics_compare.json
3,pipeline,pipeline_seed3_local,45000,92.22401442435546,3.969852976735716,,/eagle/lc-mpi/Zhiqing/polaris_ebm/runs_analysis/seed3_fid_trajectory/pipeline_seed3_local,/eagle/lc-mpi/Zhiqing/polaris_ebm/runs_analysis/seed3_fid_trajectory/pipeline_seed3_local/step045000,/eagle/lc-mpi/Zhiqing/polaris_ebm/runs_analysis/seed3_fid_trajectory/pipeline_seed3_local/step045000/metrics_compare.json
3,pipeline,pipeline_seed3_local,50000,96.09552835388837,1.3353451158831398,,/eagle/lc-mpi/Zhiqing/polaris_ebm/runs_analysis/seed3_fid_trajectory/pipeline_seed3_local,/eagle/lc-mpi/Zhiqing/polaris_ebm/runs_analysis/seed3_fid_trajectory/pipeline_seed3_local/step050000,/eagle/lc-mpi/Zhiqing/polaris_ebm/runs_analysis/seed3_fid_trajectory/pipeline_seed3_local/step050000/metrics_compare.json
3,pipeline,pipeline_seed3_local,55000,72.59063836512746,2.8131683980727935,,/eagle/lc-mpi/Zhiqing/polaris_ebm/runs_analysis/seed3_fid_trajectory/pipeline_seed3_local,/eagle/lc-mpi/Zhiqing/polaris_ebm/runs_analysis/seed3_fid_trajectory/pipeline_seed3_local/step055000,/eagle/lc-mpi/Zhiqing/polaris_ebm/runs_analysis/seed3_fid_trajectory/pipeline_seed3_local/step055000/metrics_compare.json
3,pipeline,pipeline_seed3_local,60000,106.92128722341414,1.154746854527989,,/eagle/lc-mpi/Zhiqing/polaris_ebm/runs_analysis/seed3_fid_trajectory/pipeline_seed3_local,/eagle/lc-mpi/Zhiqing/polaris_ebm/runs_analysis/seed3_fid_trajectory/pipeline_seed3_local/step060000,/eagle/lc-mpi/Zhiqing/polaris_ebm/runs_analysis/seed3_fid_trajectory/pipeline_seed3_local/step060000/metrics_compare.json
3,pipeline,pipeline_seed3_local,65000,82.05758730972406,2.09959707966064,,/eagle/lc-mpi/Zhiqing/polaris_ebm/runs_analysis/seed3_fid_trajectory/pipeline_seed3_local,/eagle/lc-mpi/Zhiqing/polaris_ebm/runs_analysis/seed3_fid_trajectory/pipeline_seed3_local/step065000,/eagle/lc-mpi/Zhiqing/polaris_ebm/runs_analysis/seed3_fid_trajectory/pipeline_seed3_local/step065000/metrics_compare.json
3,pipeline,pipeline_seed3_local,70000,110.43347839796996,1.6096650374983668,,/eagle/lc-mpi/Zhiqing/polaris_ebm/runs_analysis/seed3_fid_trajectory/pipeline_seed3_local,/eagle/lc-mpi/Zhiqing/polaris_ebm/runs_analysis/seed3_fid_trajectory/pipeline_seed3_local/step070000,/eagle/lc-mpi/Zhiqing/polaris_ebm/runs_analysis/seed3_fid_trajectory/pipeline_seed3_local/step070000/metrics_compare.json
3,pipeline,pipeline_seed3_local,75000,87.95843742629461,2.399351432786311,,/eagle/lc-mpi/Zhiqing/polaris_ebm/runs_analysis/seed3_fid_trajectory/pipeline_seed3_local,/eagle/lc-mpi/Zhiqing/polaris_ebm/runs_analysis/seed3_fid_trajectory/pipeline_seed3_local/step075000,/eagle/lc-mpi/Zhiqing/polaris_ebm/runs_analysis/seed3_fid_trajectory/pipeline_seed3_local/step075000/metrics_compare.json
3,pipeline,pipeline_seed3_local,80000,97.29527359141485,4.635702048837032,,/eagle/lc-mpi/Zhiqing/polaris_ebm/runs_analysis/seed3_fid_trajectory/pipeline_seed3_local,/eagle/lc-mpi/Zhiqing/polaris_ebm/runs_analysis/seed3_fid_trajectory/pipeline_seed3_local/step080000,/eagle/lc-mpi/Zhiqing/polaris_ebm/runs_analysis/seed3_fid_trajectory/pipeline_seed3_local/step080000/metrics_compare.json
3,pipeline,pipeline_seed3_local,85000,111.56195156164046,0.6543044804509357,,/eagle/lc-mpi/Zhiqing/polaris_ebm/runs_analysis/seed3_fid_trajectory/pipeline_seed3_local,/eagle/lc-mpi/Zhiqing/polaris_ebm/runs_analysis/seed3_fid_trajectory/pipeline_seed3_local/step085000,/eagle/lc-mpi/Zhiqing/polaris_ebm/runs_analysis/seed3_fid_trajectory/pipeline_seed3_local/step085000/metrics_compare.json
3,pipeline,pipeline_seed3_local,90000,71.7312446042053,0.9499725418806193,,/eagle/lc-mpi/Zhiqing/polaris_ebm/runs_analysis/seed3_fid_trajectory/pipeline_seed3_local,/eagle/lc-mpi/Zhiqing/polaris_ebm/runs_analysis/seed3_fid_trajectory/pipeline_seed3_local/step090000,/eagle/lc-mpi/Zhiqing/polaris_ebm/runs_analysis/seed3_fid_trajectory/pipeline_seed3_local/step090000/metrics_compare.json
3,pipeline,pipeline_seed3_local,95000,111.80581925206343,1.9273131916478494,,/eagle/lc-mpi/Zhiqing/polaris_ebm/runs_analysis/seed3_fid_trajectory/pipeline_seed3_local,/eagle/lc-mpi/Zhiqing/polaris_ebm/runs_analysis/seed3_fid_trajectory/pipeline_seed3_local/step095000,/eagle/lc-mpi/Zhiqing/polaris_ebm/runs_analysis/seed3_fid_trajectory/pipeline_seed3_local/step095000/metrics_compare.json
3,pipeline,pipeline_seed3_local,100000,87.92256696670421,1.033326329527064,,/eagle/lc-mpi/Zhiqing/polaris_ebm/runs_analysis/seed3_fid_trajectory/pipeline_seed3_local,/eagle/lc-mpi/Zhiqing/polaris_ebm/runs_analysis/seed3_fid_trajectory/pipeline_seed3_local/step100000,/eagle/lc-mpi/Zhiqing/polaris_ebm/runs_analysis/seed3_fid_trajectory/pipeline_seed3_local/step100000/metrics_compare.json
3,pipeline,pipeline_seed3_local,105000,79.93451748996523,1.8920744149061335,,/eagle/lc-mpi/Zhiqing/polaris_ebm/runs_analysis/seed3_fid_trajectory/pipeline_seed3_local,/eagle/lc-mpi/Zhiqing/polaris_ebm/runs_analysis/seed3_fid_trajectory/pipeline_seed3_local/step105000,/eagle/lc-mpi/Zhiqing/polaris_ebm/runs_analysis/seed3_fid_trajectory/pipeline_seed3_local/step105000/metrics_compare.json
3,pipeline,pipeline_seed3_local,110000,115.31766847977502,2.116814095928131,,/eagle/lc-mpi/Zhiqing/polaris_ebm/runs_analysis/seed3_fid_trajectory/pipeline_seed3_local,/eagle/lc-mpi/Zhiqing/polaris_ebm/runs_analysis/seed3_fid_trajectory/pipeline_seed3_local/step110000,/eagle/lc-mpi/Zhiqing/polaris_ebm/runs_analysis/seed3_fid_trajectory/pipeline_seed3_local/step110000/metrics_compare.json
3,pipeline,pipeline_seed3_local,115000,87.2578382386107,1.4095195386985644,,/eagle/lc-mpi/Zhiqing/polaris_ebm/runs_analysis/seed3_fid_trajectory/pipeline_seed3_local,/eagle/lc-mpi/Zhiqing/polaris_ebm/runs_analysis/seed3_fid_trajectory/pipeline_seed3_local/step115000,/eagle/lc-mpi/Zhiqing/polaris_ebm/runs_analysis/seed3_fid_trajectory/pipeline_seed3_local/step115000/metrics_compare.json
3,pipeline,pipeline_seed3_local,120000,68.99880326420572,0.5994604109471737,,/eagle/lc-mpi/Zhiqing/polaris_ebm/runs_analysis/seed3_fid_trajectory/pipeline_seed3_local,/eagle/lc-mpi/Zhiqing/polaris_ebm/runs_analysis/seed3_fid_trajectory/pipeline_seed3_local/step120000,/eagle/lc-mpi/Zhiqing/polaris_ebm/runs_analysis/seed3_fid_trajectory/pipeline_seed3_local/step120000/metrics_compare.json
3,pipeline,pipeline_seed3_local,125000,79.58651853495826,2.3903741375429526,,/eagle/lc-mpi/Zhiqing/polaris_ebm/runs_analysis/seed3_fid_trajectory/pipeline_seed3_local,/eagle/lc-mpi/Zhiqing/polaris_ebm/runs_analysis/seed3_fid_trajectory/pipeline_seed3_local/step125000,/eagle/lc-mpi/Zhiqing/polaris_ebm/runs_analysis/seed3_fid_trajectory/pipeline_seed3_local/step125000/metrics_compare.json
3,pipeline,pipeline_seed3_local,130000,85.44960481696813,1.6966895496289425,,/eagle/lc-mpi/Zhiqing/polaris_ebm/runs_analysis/seed3_fid_trajectory/pipeline_seed3_local,/eagle/lc-mpi/Zhiqing/polaris_ebm/runs_analysis/seed3_fid_trajectory/pipeline_seed3_local/step130000,/eagle/lc-mpi/Zhiqing/polaris_ebm/runs_analysis/seed3_fid_trajectory/pipeline_seed3_local/step130000/metrics_compare.json
3,pipeline,pipeline_seed3_local,135000,70.11374108771122,0.7759960454614685,,/eagle/lc-mpi/Zhiqing/polaris_ebm/runs_analysis/seed3_fid_trajectory/pipeline_seed3_local,/eagle/lc-mpi/Zhiqing/polaris_ebm/runs_analysis/seed3_fid_trajectory/pipeline_seed3_local/step135000,/eagle/lc-mpi/Zhiqing/polaris_ebm/runs_analysis/seed3_fid_trajectory/pipeline_seed3_local/step135000/metrics_compare.json
3,pipeline,pipeline_seed3_local,140000,80.17728252708014,2.181495331288442,,/eagle/lc-mpi/Zhiqing/polaris_ebm/runs_analysis/seed3_fid_trajectory/pipeline_seed3_local,/eagle/lc-mpi/Zhiqing/polaris_ebm/runs_analysis/seed3_fid_trajectory/pipeline_seed3_local/step140000,/eagle/lc-mpi/Zhiqing/polaris_ebm/runs_analysis/seed3_fid_trajectory/pipeline_seed3_local/step140000/metrics_compare.json
3,pipeline,pipeline_seed3_local,145000,72.12844594750953,2.496134728036008,,/eagle/lc-mpi/Zhiqing/polaris_ebm/runs_analysis/seed3_fid_trajectory/pipeline_seed3_local,/eagle/lc-mpi/Zhiqing/polaris_ebm/runs_analysis/seed3_fid_trajectory/pipeline_seed3_local/step145000,/eagle/lc-mpi/Zhiqing/polaris_ebm/runs_analysis/seed3_fid_trajectory/pipeline_seed3_local/step145000/metrics_compare.json
3,pipeline,pipeline_seed3_local,150000,76.31126272168888,1.8425150558464338,,/eagle/lc-mpi/Zhiqing/polaris_ebm/runs_analysis/seed3_fid_trajectory/pipeline_seed3_local,/eagle/lc-mpi/Zhiqing/polaris_ebm/runs_analysis/seed3_fid_trajectory/pipeline_seed3_local/step150000,/eagle/lc-mpi/Zhiqing/polaris_ebm/runs_analysis/seed3_fid_trajectory/pipeline_seed3_local/step150000/metrics_compare.json
3,pipeline,pipeline_seed3_local,155000,75.30037194647434,0.950031972799632,,/eagle/lc-mpi/Zhiqing/polaris_ebm/runs_analysis/seed3_fid_trajectory/pipeline_seed3_local,/eagle/lc-mpi/Zhiqing/polaris_ebm/runs_analysis/seed3_fid_trajectory/pipeline_seed3_local/step155000,/eagle/lc-mpi/Zhiqing/polaris_ebm/runs_analysis/seed3_fid_trajectory/pipeline_seed3_local/step155000/metrics_compare.json
3,pipeline,pipeline_seed3_local,160000,68.1692141383673,1.2992765465760918,,/eagle/lc-mpi/Zhiqing/polaris_ebm/runs_analysis/seed3_fid_trajectory/pipeline_seed3_local,/eagle/lc-mpi/Zhiqing/polaris_ebm/runs_analysis/seed3_fid_trajectory/pipeline_seed3_local/step160000,/eagle/lc-mpi/Zhiqing/polaris_ebm/runs_analysis/seed3_fid_trajectory/pipeline_seed3_local/step160000/metrics_compare.json
3,pipeline,pipeline_seed3_local,165000,84.78735751409033,0.8732184846086035,,/eagle/lc-mpi/Zhiqing/polaris_ebm/runs_analysis/seed3_fid_trajectory/pipeline_seed3_local,/eagle/lc-mpi/Zhiqing/polaris_ebm/runs_analysis/seed3_fid_trajectory/pipeline_seed3_local/step165000,/eagle/lc-mpi/Zhiqing/polaris_ebm/runs_analysis/seed3_fid_trajectory/pipeline_seed3_local/step165000/metrics_compare.json
3,pipeline,pipeline_seed3_local,170000,104.51453737926249,3.5907746386566224,,/eagle/lc-mpi/Zhiqing/polaris_ebm/runs_analysis/seed3_fid_trajectory/pipeline_seed3_local,/eagle/lc-mpi/Zhiqing/polaris_ebm/runs_analysis/seed3_fid_trajectory/pipeline_seed3_local/step170000,/eagle/lc-mpi/Zhiqing/polaris_ebm/runs_analysis/seed3_fid_trajectory/pipeline_seed3_local/step170000/metrics_compare.json
3,pipeline,pipeline_seed3_local,175000,73.04009674428926,1.4578989817713186,,/eagle/lc-mpi/Zhiqing/polaris_ebm/runs_analysis/seed3_fid_trajectory/pipeline_seed3_local,/eagle/lc-mpi/Zhiqing/polaris_ebm/runs_analysis/seed3_fid_trajectory/pipeline_seed3_local/step175000,/eagle/lc-mpi/Zhiqing/polaris_ebm/runs_analysis/seed3_fid_trajectory/pipeline_seed3_local/step175000/metrics_compare.json
3,pipeline,pipeline_seed3_local,180000,91.69220304952654,1.8508184776285361,,/eagle/lc-mpi/Zhiqing/polaris_ebm/runs_analysis/seed3_fid_trajectory/pipeline_seed3_local,/eagle/lc-mpi/Zhiqing/polaris_ebm/runs_analysis/seed3_fid_trajectory/pipeline_seed3_local/step180000,/eagle/lc-mpi/Zhiqing/polaris_ebm/runs_analysis/seed3_fid_trajectory/pipeline_seed3_local/step180000/metrics_compare.json
3,pipeline,pipeline_seed3_local,185000,66.65768272982797,0.8232597047437409,,/eagle/lc-mpi/Zhiqing/polaris_ebm/runs_analysis/seed3_fid_trajectory/pipeline_seed3_local,/eagle/lc-mpi/Zhiqing/polaris_ebm/runs_analysis/seed3_fid_trajectory/pipeline_seed3_local/step185000,/eagle/lc-mpi/Zhiqing/polaris_ebm/runs_analysis/seed3_fid_trajectory/pipeline_seed3_local/step185000/metrics_compare.json
3,pipeline,pipeline_seed3_local,190000,70.128533909885,1.049593777889804,,/eagle/lc-mpi/Zhiqing/polaris_ebm/runs_analysis/seed3_fid_trajectory/pipeline_seed3_local,/eagle/lc-mpi/Zhiqing/polaris_ebm/runs_analysis/seed3_fid_trajectory/pipeline_seed3_local/step190000,/eagle/lc-mpi/Zhiqing/polaris_ebm/runs_analysis/seed3_fid_trajectory/pipeline_seed3_local/step190000/metrics_compare.json
3,pipeline,pipeline_seed3_local,195000,72.96304171241866,0.896760710906733,,/eagle/lc-mpi/Zhiqing/polaris_ebm/runs_analysis/seed3_fid_trajectory/pipeline_seed3_local,/eagle/lc-mpi/Zhiqing/polaris_ebm/runs_analysis/seed3_fid_trajectory/pipeline_seed3_local/step195000,/eagle/lc-mpi/Zhiqing/polaris_ebm/runs_analysis/seed3_fid_trajectory/pipeline_seed3_local/step195000/metrics_compare.json
3,pipeline,pipeline_seed3_local,200000,59.51720273305989,0.3970099125355411,,/eagle/lc-mpi/Zhiqing/polaris_ebm/runs_analysis/seed3_fid_trajectory/pipeline_seed3_local,/eagle/lc-mpi/Zhiqing/polaris_ebm/runs_analysis/seed3_fid_trajectory/pipeline_seed3_local/step200000,/eagle/lc-mpi/Zhiqing/polaris_ebm/runs_analysis/seed3_fid_trajectory/pipeline_seed3_local/step200000/metrics_compare.json
3,pipeline,pipeline_seed3_local,205000,84.64508336721877,0.7243363062472419,,/eagle/lc-mpi/Zhiqing/polaris_ebm/runs_analysis/seed3_fid_trajectory/pipeline_seed3_local,/eagle/lc-mpi/Zhiqing/polaris_ebm/runs_analysis/seed3_fid_trajectory/pipeline_seed3_local/step205000,/eagle/lc-mpi/Zhiqing/polaris_ebm/runs_analysis/seed3_fid_trajectory/pipeline_seed3_local/step205000/metrics_compare.json
3,pipeline,pipeline_seed3_local,210000,88.05050842806725,1.3441462860750377,,/eagle/lc-mpi/Zhiqing/polaris_ebm/runs_analysis/seed3_fid_trajectory/pipeline_seed3_local,/eagle/lc-mpi/Zhiqing/polaris_ebm/runs_analysis/seed3_fid_trajectory/pipeline_seed3_local/step210000,/eagle/lc-mpi/Zhiqing/polaris_ebm/runs_analysis/seed3_fid_trajectory/pipeline_seed3_local/step210000/metrics_compare.json
3,pipeline,pipeline_seed3_local,215000,63.65735458319148,0.7069940759293374,,/eagle/lc-mpi/Zhiqing/polaris_ebm/runs_analysis/seed3_fid_trajectory/pipeline_seed3_local,/eagle/lc-mpi/Zhiqing/polaris_ebm/runs_analysis/seed3_fid_trajectory/pipeline_seed3_local/step215000,/eagle/lc-mpi/Zhiqing/polaris_ebm/runs_analysis/seed3_fid_trajectory/pipeline_seed3_local/step215000/metrics_compare.json
3,pipeline,pipeline_seed3_local,220000,70.44866358411196,4.377285317778121,,/eagle/lc-mpi/Zhiqing/polaris_ebm/runs_analysis/seed3_fid_trajectory/pipeline_seed3_local,/eagle/lc-mpi/Zhiqing/polaris_ebm/runs_analysis/seed3_fid_trajectory/pipeline_seed3_local/step220000,/eagle/lc-mpi/Zhiqing/polaris_ebm/runs_analysis/seed3_fid_trajectory/pipeline_seed3_local/step220000/metrics_compare.json
3,pipeline,pipeline_seed3_local,225000,76.69110561102474,0.873136590004254,,/eagle/lc-mpi/Zhiqing/polaris_ebm/runs_analysis/seed3_fid_trajectory/pipeline_seed3_local,/eagle/lc-mpi/Zhiqing/polaris_ebm/runs_analysis/seed3_fid_trajectory/pipeline_seed3_local/step225000,/eagle/lc-mpi/Zhiqing/polaris_ebm/runs_analysis/seed3_fid_trajectory/pipeline_seed3_local/step225000/metrics_compare.json
3,pipeline,pipeline_seed3_local,230000,54.75951342786641,0.3469966678289289,,/eagle/lc-mpi/Zhiqing/polaris_ebm/runs_analysis/seed3_fid_trajectory/pipeline_seed3_local,/eagle/lc-mpi/Zhiqing/polaris_ebm/runs_analysis/seed3_fid_trajectory/pipeline_seed3_local/step230000,/eagle/lc-mpi/Zhiqing/polaris_ebm/runs_analysis/seed3_fid_trajectory/pipeline_seed3_local/step230000/metrics_compare.json
3,pipeline,pipeline_seed3_local,235000,64.71988346234741,1.309500995410346,,/eagle/lc-mpi/Zhiqing/polaris_ebm/runs_analysis/seed3_fid_trajectory/pipeline_seed3_local,/eagle/lc-mpi/Zhiqing/polaris_ebm/runs_analysis/seed3_fid_trajectory/pipeline_seed3_local/step235000,/eagle/lc-mpi/Zhiqing/polaris_ebm/runs_analysis/seed3_fid_trajectory/pipeline_seed3_local/step235000/metrics_compare.json
3,pipeline,pipeline_seed3_local,240000,81.07845248898224,0.6743513045947047,,/eagle/lc-mpi/Zhiqing/polaris_ebm/runs_analysis/seed3_fid_trajectory/pipeline_seed3_local,/eagle/lc-mpi/Zhiqing/polaris_ebm/runs_analysis/seed3_fid_trajectory/pipeline_seed3_local/step240000,/eagle/lc-mpi/Zhiqing/polaris_ebm/runs_analysis/seed3_fid_trajectory/pipeline_seed3_local/step240000/metrics_compare.json
3,pipeline,pipeline_seed3_local,245000,74.674737359566,1.496503700386846,,/eagle/lc-mpi/Zhiqing/polaris_ebm/runs_analysis/seed3_fid_trajectory/pipeline_seed3_local,/eagle/lc-mpi/Zhiqing/polaris_ebm/runs_analysis/seed3_fid_trajectory/pipeline_seed3_local/step245000,/eagle/lc-mpi/Zhiqing/polaris_ebm/runs_analysis/seed3_fid_trajectory/pipeline_seed3_local/step245000/metrics_compare.json
3,pipeline,pipeline_seed3_local,250000,56.72463317798423,1.291884156669834,,/eagle/lc-mpi/Zhiqing/polaris_ebm/runs_analysis/seed3_fid_trajectory/pipeline_seed3_local,/eagle/lc-mpi/Zhiqing/polaris_ebm/runs_analysis/seed3_fid_trajectory/pipeline_seed3_local/step250000,/eagle/lc-mpi/Zhiqing/polaris_ebm/runs_analysis/seed3_fid_trajectory/pipeline_seed3_local/step250000/metrics_compare.json
3,pipeline,pipeline_seed3_local,255000,82.88887659662146,0.7942264606223546,,/eagle/lc-mpi/Zhiqing/polaris_ebm/runs_analysis/seed3_fid_trajectory/pipeline_seed3_local,/eagle/lc-mpi/Zhiqing/polaris_ebm/runs_analysis/seed3_fid_trajectory/pipeline_seed3_local/step255000,/eagle/lc-mpi/Zhiqing/polaris_ebm/runs_analysis/seed3_fid_trajectory/pipeline_seed3_local/step255000/metrics_compare.json
3,pipeline,pipeline_seed3_local,260000,57.06490568069711,0.5637985200337958,,/eagle/lc-mpi/Zhiqing/polaris_ebm/runs_analysis/seed3_fid_trajectory/pipeline_seed3_local,/eagle/lc-mpi/Zhiqing/polaris_ebm/runs_analysis/seed3_fid_trajectory/pipeline_seed3_local/step260000,/eagle/lc-mpi/Zhiqing/polaris_ebm/runs_analysis/seed3_fid_trajectory/pipeline_seed3_local/step260000/metrics_compare.json
3,pipeline,pipeline_seed3_local,265000,82.27358254016173,0.6402687544345369,,/eagle/lc-mpi/Zhiqing/polaris_ebm/runs_analysis/seed3_fid_trajectory/pipeline_seed3_local,/eagle/lc-mpi/Zhiqing/polaris_ebm/runs_analysis/seed3_fid_trajectory/pipeline_seed3_local/step265000,/eagle/lc-mpi/Zhiqing/polaris_ebm/runs_analysis/seed3_fid_trajectory/pipeline_seed3_local/step265000/metrics_compare.json
3,pipeline,pipeline_seed3_local,270000,74.56782232374678,2.3284916405284655,,/eagle/lc-mpi/Zhiqing/polaris_ebm/runs_analysis/seed3_fid_trajectory/pipeline_seed3_local,/eagle/lc-mpi/Zhiqing/polaris_ebm/runs_analysis/seed3_fid_trajectory/pipeline_seed3_local/step270000,/eagle/lc-mpi/Zhiqing/polaris_ebm/runs_analysis/seed3_fid_trajectory/pipeline_seed3_local/step270000/metrics_compare.json
3,pipeline,pipeline_seed3_local,275000,55.888707124809514,1.7245824115491004,,/eagle/lc-mpi/Zhiqing/polaris_ebm/runs_analysis/seed3_fid_trajectory/pipeline_seed3_local,/eagle/lc-mpi/Zhiqing/polaris_ebm/runs_analysis/seed3_fid_trajectory/pipeline_seed3_local/step275000,/eagle/lc-mpi/Zhiqing/polaris_ebm/runs_analysis/seed3_fid_trajectory/pipeline_seed3_local/step275000/metrics_compare.json
3,pipeline,pipeline_seed3_local,280000,91.10134147100581,0.47446613328082066,,/eagle/lc-mpi/Zhiqing/polaris_ebm/runs_analysis/seed3_fid_trajectory/pipeline_seed3_local,/eagle/lc-mpi/Zhiqing/polaris_ebm/runs_analysis/seed3_fid_trajectory/pipeline_seed3_local/step280000,/eagle/lc-mpi/Zhiqing/polaris_ebm/runs_analysis/seed3_fid_trajectory/pipeline_seed3_local/step280000/metrics_compare.json
3,pipeline,pipeline_seed3_local,285000,76.78389696402996,1.2479481985036003,,/eagle/lc-mpi/Zhiqing/polaris_ebm/runs_analysis/seed3_fid_trajectory/pipeline_seed3_local,/eagle/lc-mpi/Zhiqing/polaris_ebm/runs_analysis/seed3_fid_trajectory/pipeline_seed3_local/step285000,/eagle/lc-mpi/Zhiqing/polaris_ebm/runs_analysis/seed3_fid_trajectory/pipeline_seed3_local/step285000/metrics_compare.json
3,pipeline,pipeline_seed3_local,290000,64.98626103362642,1.5235064881401748,,/eagle/lc-mpi/Zhiqing/polaris_ebm/runs_analysis/seed3_fid_trajectory/pipeline_seed3_local,/eagle/lc-mpi/Zhiqing/polaris_ebm/runs_analysis/seed3_fid_trajectory/pipeline_seed3_local/step290000,/eagle/lc-mpi/Zhiqing/polaris_ebm/runs_analysis/seed3_fid_trajectory/pipeline_seed3_local/step290000/metrics_compare.json
3,pipeline,pipeline_seed3_local,295000,90.06524802290824,4.014630760125726,,/eagle/lc-mpi/Zhiqing/polaris_ebm/runs_analysis/seed3_fid_trajectory/pipeline_seed3_local,/eagle/lc-mpi/Zhiqing/polaris_ebm/runs_analysis/seed3_fid_trajectory/pipeline_seed3_local/step295000,/eagle/lc-mpi/Zhiqing/polaris_ebm/runs_analysis/seed3_fid_trajectory/pipeline_seed3_local/step295000/metrics_compare.json
3,pipeline,pipeline_seed3_local,300000,70.9538137222234,0.8833438281969919,,/eagle/lc-mpi/Zhiqing/polaris_ebm/runs_analysis/seed3_fid_trajectory/pipeline_seed3_local,/eagle/lc-mpi/Zhiqing/polaris_ebm/runs_analysis/seed3_fid_trajectory/pipeline_seed3_local/step300000,/eagle/lc-mpi/Zhiqing/polaris_ebm/runs_analysis/seed3_fid_trajectory/pipeline_seed3_local/step300000/metrics_compare.json
