logical_exp_id,resume_job_id,resume_from_ckpt,submitted_at,pbs_path,run_dir,notes
L1_ddp_fullk_K400_s300k_seed1,7139050.polaris-pbs-01.hsn.cm.polaris.alcf.anl.gov,/eagle/lc-mpi/Zhiqing/polaris_ebm/runs_long_k_scaling/runs/L1/L1_ddp_fullk_K400_s300k_seed1/checkpoints/ckpt_step74999.pt,2026-05-10T17:47:19.976487+00:00,/lus/eagle/projects/lc-mpi/Zhiqing/polaris_ebm/runs_long_k_scaling/pbs/L1_ddp_fullk_K400_s300k_seed1.pbs,/eagle/lc-mpi/Zhiqing/polaris_ebm/runs_long_k_scaling/runs/L1/L1_ddp_fullk_K400_s300k_seed1,"resume user-requested despite unstable pre-resume energy/grad history; analyze as continued logical run, not new seed"
L1_ddp_fullk_K400_s300k_seed2,7140779.polaris-pbs-01.hsn.cm.polaris.alcf.anl.gov,/eagle/lc-mpi/Zhiqing/polaris_ebm/runs_long_k_scaling/runs/L1/L1_ddp_fullk_K400_s300k_seed2/checkpoints/ckpt_step84999.pt,2026-05-11T00:13:58.994786+00:00,/eagle/lc-mpi/Zhiqing/polaris_ebm/runs_long_k_scaling/pbs/L1_ddp_fullk_K400_s300k_seed2.pbs,/eagle/lc-mpi/Zhiqing/polaris_ebm/runs_long_k_scaling/runs/L1/L1_ddp_fullk_K400_s300k_seed2,auto resume after original job left queue before 300k target
L1_pipe_P8_equal_K400_s300k_seed2,7140780.polaris-pbs-01.hsn.cm.polaris.alcf.anl.gov,/eagle/lc-mpi/Zhiqing/polaris_ebm/runs_long_k_scaling/runs/L1/L1_pipe_P8_equal_K400_s300k_seed2/checkpoints/ckpt_step294999.pt,2026-05-11T00:13:59.427967+00:00,/eagle/lc-mpi/Zhiqing/polaris_ebm/runs_long_k_scaling/pbs/L1_pipe_P8_equal_K400_s300k_seed2.pbs,/eagle/lc-mpi/Zhiqing/polaris_ebm/runs_long_k_scaling/runs/L1/L1_pipe_P8_equal_K400_s300k_seed2,auto resume after original job left queue near 300k target
L2_ddp_fullk_K400_s500k_seed1,7140930.polaris-pbs-01.hsn.cm.polaris.alcf.anl.gov,/eagle/lc-mpi/Zhiqing/polaris_ebm/runs_long_k_scaling/runs/L2/L2_ddp_fullk_K400_s500k_seed1/checkpoints/ckpt_step79999.pt,2026-05-11T00:43:13.352718+00:00,/eagle/lc-mpi/Zhiqing/polaris_ebm/runs_long_k_scaling/pbs/L2_ddp_fullk_K400_s500k_seed1.pbs,/eagle/lc-mpi/Zhiqing/polaris_ebm/runs_long_k_scaling/runs/L2/L2_ddp_fullk_K400_s500k_seed1,auto resume after original job left queue before 500k target
L1_ddp_fullk_K400_s300k_seed3,7140991.polaris-pbs-01.hsn.cm.polaris.alcf.anl.gov,latest,2026-05-11T00:54:30.412294+00:00,/eagle/lc-mpi/Zhiqing/polaris_ebm/runs_long_k_scaling/pbs/L1_ddp_fullk_K400_s300k_seed3.pbs,/eagle/lc-mpi/Zhiqing/polaris_ebm/runs_long_k_scaling/runs/L1/L1_ddp_fullk_K400_s300k_seed3,dependent auto successor after 7127722; resolves latest checkpoint at job start
L1_pipe_P8_equal_K400_s300k_seed3,7140992.polaris-pbs-01.hsn.cm.polaris.alcf.anl.gov,latest,2026-05-11T00:54:30.923066+00:00,/eagle/lc-mpi/Zhiqing/polaris_ebm/runs_long_k_scaling/pbs/L1_pipe_P8_equal_K400_s300k_seed3.pbs,/eagle/lc-mpi/Zhiqing/polaris_ebm/runs_long_k_scaling/runs/L1/L1_pipe_P8_equal_K400_s300k_seed3,dependent auto successor after 7127723; resolves latest checkpoint at job start
L2_pipe_P8_equal_K400_s500k_seed1,7140993.polaris-pbs-01.hsn.cm.polaris.alcf.anl.gov,latest,2026-05-11T00:54:31.429128+00:00,/eagle/lc-mpi/Zhiqing/polaris_ebm/runs_long_k_scaling/pbs/L2_pipe_P8_equal_K400_s500k_seed1.pbs,/eagle/lc-mpi/Zhiqing/polaris_ebm/runs_long_k_scaling/runs/L2/L2_pipe_P8_equal_K400_s500k_seed1,dependent auto successor after 7127727; resolves latest checkpoint at job start
L2_ddp_fullk_K400_s500k_seed2,7141008.polaris-pbs-01.hsn.cm.polaris.alcf.anl.gov,latest,2026-05-11T01:02:25.371902+00:00,/eagle/lc-mpi/Zhiqing/polaris_ebm/runs_long_k_scaling/pbs/L2_ddp_fullk_K400_s500k_seed2.pbs,/eagle/lc-mpi/Zhiqing/polaris_ebm/runs_long_k_scaling/runs/L2/L2_ddp_fullk_K400_s500k_seed2,dependent auto successor after 7127728; resolves latest checkpoint at job start
L2_pipe_P8_equal_K400_s500k_seed2,7141009.polaris-pbs-01.hsn.cm.polaris.alcf.anl.gov,latest,2026-05-11T01:02:26.045602+00:00,/eagle/lc-mpi/Zhiqing/polaris_ebm/runs_long_k_scaling/pbs/L2_pipe_P8_equal_K400_s500k_seed2.pbs,/eagle/lc-mpi/Zhiqing/polaris_ebm/runs_long_k_scaling/runs/L2/L2_pipe_P8_equal_K400_s500k_seed2,dependent auto successor after 7127730; resolves latest checkpoint at job start
L2_ddp_fullk_K400_s500k_seed3,7141010.polaris-pbs-01.hsn.cm.polaris.alcf.anl.gov,latest,2026-05-11T01:02:26.511781+00:00,/eagle/lc-mpi/Zhiqing/polaris_ebm/runs_long_k_scaling/pbs/L2_ddp_fullk_K400_s500k_seed3.pbs,/eagle/lc-mpi/Zhiqing/polaris_ebm/runs_long_k_scaling/runs/L2/L2_ddp_fullk_K400_s500k_seed3,dependent auto successor after 7132720; resolves latest checkpoint at job start
L2_pipe_P8_equal_K400_s500k_seed3,7141011.polaris-pbs-01.hsn.cm.polaris.alcf.anl.gov,latest,2026-05-11T01:02:26.904072+00:00,/eagle/lc-mpi/Zhiqing/polaris_ebm/runs_long_k_scaling/pbs/L2_pipe_P8_equal_K400_s500k_seed3.pbs,/eagle/lc-mpi/Zhiqing/polaris_ebm/runs_long_k_scaling/runs/L2/L2_pipe_P8_equal_K400_s500k_seed3,dependent auto successor after 7132721; resolves latest checkpoint at job start
L1_ddp_fullk_K400_s300k_seed3,7150606.polaris-pbs-01.hsn.cm.polaris.alcf.anl.gov,/eagle/lc-mpi/Zhiqing/polaris_ebm/runs_long_k_scaling/runs/L1/L1_ddp_fullk_K400_s300k_seed3/checkpoints/ckpt_step79999.pt,2026-05-12T18:52:39.988830+00:00,/eagle/lc-mpi/Zhiqing/polaris_ebm/runs_long_k_scaling/pbs/L1_ddp_fullk_K400_s300k_seed3.pbs,/eagle/lc-mpi/Zhiqing/polaris_ebm/runs_long_k_scaling/runs/L1/L1_ddp_fullk_K400_s300k_seed3,manual resume after watcher stopped; prior successor exited before target
L2_pipe_P8_equal_K400_s500k_seed2,7150607.polaris-pbs-01.hsn.cm.polaris.alcf.anl.gov,/eagle/lc-mpi/Zhiqing/polaris_ebm/runs_long_k_scaling/runs/L2/L2_pipe_P8_equal_K400_s500k_seed2/checkpoints/ckpt_step324999.pt,2026-05-12T18:52:40.668391+00:00,/eagle/lc-mpi/Zhiqing/polaris_ebm/runs_long_k_scaling/pbs/L2_pipe_P8_equal_K400_s500k_seed2.pbs,/eagle/lc-mpi/Zhiqing/polaris_ebm/runs_long_k_scaling/runs/L2/L2_pipe_P8_equal_K400_s500k_seed2,manual resume after watcher stopped; prior successor exited before target
L1_ddp_fullk_K400_s300k_seed2,7150976.polaris-pbs-01.hsn.cm.polaris.alcf.anl.gov,/eagle/lc-mpi/Zhiqing/polaris_ebm/runs_long_k_scaling/runs/L1/L1_ddp_fullk_K400_s300k_seed2/checkpoints/ckpt_step164999.pt,2026-05-12T20:23:18.196471+00:00,/eagle/lc-mpi/Zhiqing/polaris_ebm/runs_long_k_scaling/pbs/L1_ddp_fullk_K400_s300k_seed2.pbs,/eagle/lc-mpi/Zhiqing/polaris_ebm/runs_long_k_scaling/runs/L1/L1_ddp_fullk_K400_s300k_seed2,immediate auto resume from latest known checkpoint
L1_ddp_fullk_K400_s300k_seed1,7151219.polaris-pbs-01.hsn.cm.polaris.alcf.anl.gov,/eagle/lc-mpi/Zhiqing/polaris_ebm/runs_long_k_scaling/runs/L1/L1_ddp_fullk_K400_s300k_seed1/checkpoints/ckpt_step154999.pt,2026-05-12T21:38:21.437739+00:00,/eagle/lc-mpi/Zhiqing/polaris_ebm/runs_long_k_scaling/pbs/L1_ddp_fullk_K400_s300k_seed1.pbs,/eagle/lc-mpi/Zhiqing/polaris_ebm/runs_long_k_scaling/runs/L1/L1_ddp_fullk_K400_s300k_seed1,immediate auto resume from latest known checkpoint
L2_ddp_fullk_K400_s500k_seed1,7152407.polaris-pbs-01.hsn.cm.polaris.alcf.anl.gov,/eagle/lc-mpi/Zhiqing/polaris_ebm/runs_long_k_scaling/runs/L2/L2_ddp_fullk_K400_s500k_seed1/checkpoints/ckpt_step159999.pt,2026-05-13T01:53:31.298414+00:00,/eagle/lc-mpi/Zhiqing/polaris_ebm/runs_long_k_scaling/pbs/L2_ddp_fullk_K400_s500k_seed1.pbs,/eagle/lc-mpi/Zhiqing/polaris_ebm/runs_long_k_scaling/runs/L2/L2_ddp_fullk_K400_s500k_seed1,immediate auto resume from latest known checkpoint
L2_ddp_fullk_K400_s500k_seed2,7152683.polaris-pbs-01.hsn.cm.polaris.alcf.anl.gov,/eagle/lc-mpi/Zhiqing/polaris_ebm/runs_long_k_scaling/runs/L2/L2_ddp_fullk_K400_s500k_seed2/checkpoints/ckpt_step159999.pt,2026-05-13T02:53:34.346480+00:00,/eagle/lc-mpi/Zhiqing/polaris_ebm/runs_long_k_scaling/pbs/L2_ddp_fullk_K400_s500k_seed2.pbs,/eagle/lc-mpi/Zhiqing/polaris_ebm/runs_long_k_scaling/runs/L2/L2_ddp_fullk_K400_s500k_seed2,immediate auto resume from latest known checkpoint
L2_pipe_P8_equal_K400_s500k_seed2,7154971.polaris-pbs-01.hsn.cm.polaris.alcf.anl.gov,/eagle/lc-mpi/Zhiqing/polaris_ebm/runs_long_k_scaling/runs/L2/L2_pipe_P8_equal_K400_s500k_seed2/checkpoints/ckpt_step324999.pt,2026-05-13T09:38:50.256293+00:00,/eagle/lc-mpi/Zhiqing/polaris_ebm/runs_long_k_scaling/pbs/L2_pipe_P8_equal_K400_s500k_seed2.pbs,/eagle/lc-mpi/Zhiqing/polaris_ebm/runs_long_k_scaling/runs/L2/L2_pipe_P8_equal_K400_s500k_seed2,immediate auto resume from latest known checkpoint
L1_ddp_fullk_K400_s300k_seed3,7155362.polaris-pbs-01.hsn.cm.polaris.alcf.anl.gov,/eagle/lc-mpi/Zhiqing/polaris_ebm/runs_long_k_scaling/runs/L1/L1_ddp_fullk_K400_s300k_seed3/checkpoints/ckpt_step79999.pt,2026-05-13T10:38:52.711129+00:00,/eagle/lc-mpi/Zhiqing/polaris_ebm/runs_long_k_scaling/pbs/L1_ddp_fullk_K400_s300k_seed3.pbs,/eagle/lc-mpi/Zhiqing/polaris_ebm/runs_long_k_scaling/runs/L1/L1_ddp_fullk_K400_s300k_seed3,immediate auto resume from latest known checkpoint
L2_ddp_fullk_K400_s500k_seed3,7156195.polaris-pbs-01.hsn.cm.polaris.alcf.anl.gov,/eagle/lc-mpi/Zhiqing/polaris_ebm/runs_long_k_scaling/runs/L2/L2_ddp_fullk_K400_s500k_seed3/checkpoints/ckpt_step94999.pt,2026-05-13T13:08:58.524253+00:00,/eagle/lc-mpi/Zhiqing/polaris_ebm/runs_long_k_scaling/pbs/L2_ddp_fullk_K400_s500k_seed3.pbs,/eagle/lc-mpi/Zhiqing/polaris_ebm/runs_long_k_scaling/runs/L2/L2_ddp_fullk_K400_s500k_seed3,immediate auto resume from latest known checkpoint
L1_ddp_fullk_K400_s300k_seed1,7157881.polaris-pbs-01.hsn.cm.polaris.alcf.anl.gov,/eagle/lc-mpi/Zhiqing/polaris_ebm/runs_long_k_scaling/runs/L1/L1_ddp_fullk_K400_s300k_seed1/checkpoints/ckpt_step154999.pt,2026-05-13T19:54:18.150664+00:00,/eagle/lc-mpi/Zhiqing/polaris_ebm/runs_long_k_scaling/pbs/L1_ddp_fullk_K400_s300k_seed1.pbs,/eagle/lc-mpi/Zhiqing/polaris_ebm/runs_long_k_scaling/runs/L1/L1_ddp_fullk_K400_s300k_seed1,immediate auto resume from latest known checkpoint
L2_pipe_P8_equal_K400_s500k_seed2,7157882.polaris-pbs-01.hsn.cm.polaris.alcf.anl.gov,/eagle/lc-mpi/Zhiqing/polaris_ebm/runs_long_k_scaling/runs/L2/L2_pipe_P8_equal_K400_s500k_seed2/checkpoints/ckpt_step324999.pt,2026-05-13T19:54:18.544250+00:00,/eagle/lc-mpi/Zhiqing/polaris_ebm/runs_long_k_scaling/pbs/L2_pipe_P8_equal_K400_s500k_seed2.pbs,/eagle/lc-mpi/Zhiqing/polaris_ebm/runs_long_k_scaling/runs/L2/L2_pipe_P8_equal_K400_s500k_seed2,immediate auto resume from latest known checkpoint
L2_ddp_fullk_K400_s500k_seed3,7158180.polaris-pbs-01.hsn.cm.polaris.alcf.anl.gov,/eagle/lc-mpi/Zhiqing/polaris_ebm/runs_long_k_scaling/runs/L2/L2_ddp_fullk_K400_s500k_seed3/checkpoints/ckpt_step104999.pt,2026-05-14T10:09:51.463178+00:00,/eagle/lc-mpi/Zhiqing/polaris_ebm/runs_long_k_scaling/pbs/L2_ddp_fullk_K400_s500k_seed3.pbs,/eagle/lc-mpi/Zhiqing/polaris_ebm/runs_long_k_scaling/runs/L2/L2_ddp_fullk_K400_s500k_seed3,immediate auto resume from latest known checkpoint
L2_pipe_P8_equal_K400_s500k_seed3,7158181.polaris-pbs-01.hsn.cm.polaris.alcf.anl.gov,/eagle/lc-mpi/Zhiqing/polaris_ebm/runs_long_k_scaling/runs/L2/L2_pipe_P8_equal_K400_s500k_seed3/checkpoints/ckpt_step344999.pt,2026-05-14T10:09:51.967545+00:00,/eagle/lc-mpi/Zhiqing/polaris_ebm/runs_long_k_scaling/pbs/L2_pipe_P8_equal_K400_s500k_seed3.pbs,/eagle/lc-mpi/Zhiqing/polaris_ebm/runs_long_k_scaling/runs/L2/L2_pipe_P8_equal_K400_s500k_seed3,immediate auto resume from latest known checkpoint
L1_ddp_fullk_K400_s300k_seed1,7158183.polaris-pbs-01.hsn.cm.polaris.alcf.anl.gov,/eagle/lc-mpi/Zhiqing/polaris_ebm/runs_long_k_scaling/runs/L1/L1_ddp_fullk_K400_s300k_seed1/checkpoints/ckpt_step159999.pt,2026-05-14T10:24:52.939116+00:00,/eagle/lc-mpi/Zhiqing/polaris_ebm/runs_long_k_scaling/pbs/L1_ddp_fullk_K400_s300k_seed1.pbs,/eagle/lc-mpi/Zhiqing/polaris_ebm/runs_long_k_scaling/runs/L1/L1_ddp_fullk_K400_s300k_seed1,immediate auto resume from latest known checkpoint
L1_ddp_fullk_K400_s300k_seed2,7158184.polaris-pbs-01.hsn.cm.polaris.alcf.anl.gov,/eagle/lc-mpi/Zhiqing/polaris_ebm/runs_long_k_scaling/runs/L1/L1_ddp_fullk_K400_s300k_seed2/checkpoints/ckpt_step209999.pt,2026-05-14T10:24:53.334249+00:00,/eagle/lc-mpi/Zhiqing/polaris_ebm/runs_long_k_scaling/pbs/L1_ddp_fullk_K400_s300k_seed2.pbs,/eagle/lc-mpi/Zhiqing/polaris_ebm/runs_long_k_scaling/runs/L1/L1_ddp_fullk_K400_s300k_seed2,immediate auto resume from latest known checkpoint
L1_ddp_fullk_K400_s300k_seed3,7158185.polaris-pbs-01.hsn.cm.polaris.alcf.anl.gov,/eagle/lc-mpi/Zhiqing/polaris_ebm/runs_long_k_scaling/runs/L1/L1_ddp_fullk_K400_s300k_seed3/checkpoints/ckpt_step109999.pt,2026-05-14T10:24:53.841864+00:00,/eagle/lc-mpi/Zhiqing/polaris_ebm/runs_long_k_scaling/pbs/L1_ddp_fullk_K400_s300k_seed3.pbs,/eagle/lc-mpi/Zhiqing/polaris_ebm/runs_long_k_scaling/runs/L1/L1_ddp_fullk_K400_s300k_seed3,immediate auto resume from latest known checkpoint
L2_ddp_fullk_K400_s500k_seed1,7158186.polaris-pbs-01.hsn.cm.polaris.alcf.anl.gov,/eagle/lc-mpi/Zhiqing/polaris_ebm/runs_long_k_scaling/runs/L2/L2_ddp_fullk_K400_s500k_seed1/checkpoints/ckpt_step199999.pt,2026-05-14T10:24:54.232656+00:00,/eagle/lc-mpi/Zhiqing/polaris_ebm/runs_long_k_scaling/pbs/L2_ddp_fullk_K400_s500k_seed1.pbs,/eagle/lc-mpi/Zhiqing/polaris_ebm/runs_long_k_scaling/runs/L2/L2_ddp_fullk_K400_s500k_seed1,immediate auto resume from latest known checkpoint
L2_pipe_P8_equal_K400_s500k_seed2,7158190.polaris-pbs-01.hsn.cm.polaris.alcf.anl.gov,/eagle/lc-mpi/Zhiqing/polaris_ebm/runs_long_k_scaling/runs/L2/L2_pipe_P8_equal_K400_s500k_seed2/checkpoints/ckpt_step324999.pt,2026-05-14T10:39:55.146791+00:00,/eagle/lc-mpi/Zhiqing/polaris_ebm/runs_long_k_scaling/pbs/L2_pipe_P8_equal_K400_s500k_seed2.pbs,/eagle/lc-mpi/Zhiqing/polaris_ebm/runs_long_k_scaling/runs/L2/L2_pipe_P8_equal_K400_s500k_seed2,immediate auto resume from latest known checkpoint
L1_ddp_fullk_K400_s300k_seed1,7158196.polaris-pbs-01.hsn.cm.polaris.alcf.anl.gov,/eagle/lc-mpi/Zhiqing/polaris_ebm/runs_long_k_scaling/runs/L1/L1_ddp_fullk_K400_s300k_seed1/checkpoints/ckpt_step159999.pt,2026-05-14T11:09:56.603041+00:00,/eagle/lc-mpi/Zhiqing/polaris_ebm/runs_long_k_scaling/pbs/L1_ddp_fullk_K400_s300k_seed1.pbs,/eagle/lc-mpi/Zhiqing/polaris_ebm/runs_long_k_scaling/runs/L1/L1_ddp_fullk_K400_s300k_seed1,immediate auto resume from latest known checkpoint
L1_ddp_fullk_K400_s300k_seed2,7158197.polaris-pbs-01.hsn.cm.polaris.alcf.anl.gov,/eagle/lc-mpi/Zhiqing/polaris_ebm/runs_long_k_scaling/runs/L1/L1_ddp_fullk_K400_s300k_seed2/checkpoints/ckpt_step209999.pt,2026-05-14T11:09:57.208285+00:00,/eagle/lc-mpi/Zhiqing/polaris_ebm/runs_long_k_scaling/pbs/L1_ddp_fullk_K400_s300k_seed2.pbs,/eagle/lc-mpi/Zhiqing/polaris_ebm/runs_long_k_scaling/runs/L1/L1_ddp_fullk_K400_s300k_seed2,immediate auto resume from latest known checkpoint
L2_ddp_fullk_K400_s500k_seed2,7158198.polaris-pbs-01.hsn.cm.polaris.alcf.anl.gov,/eagle/lc-mpi/Zhiqing/polaris_ebm/runs_long_k_scaling/runs/L2/L2_ddp_fullk_K400_s500k_seed2/checkpoints/ckpt_step189999.pt,2026-05-14T11:09:57.731988+00:00,/eagle/lc-mpi/Zhiqing/polaris_ebm/runs_long_k_scaling/pbs/L2_ddp_fullk_K400_s500k_seed2.pbs,/eagle/lc-mpi/Zhiqing/polaris_ebm/runs_long_k_scaling/runs/L2/L2_ddp_fullk_K400_s500k_seed2,immediate auto resume from latest known checkpoint
L2_ddp_fullk_K400_s500k_seed3,7158199.polaris-pbs-01.hsn.cm.polaris.alcf.anl.gov,/eagle/lc-mpi/Zhiqing/polaris_ebm/runs_long_k_scaling/runs/L2/L2_ddp_fullk_K400_s500k_seed3/checkpoints/ckpt_step104999.pt,2026-05-14T11:09:58.412144+00:00,/eagle/lc-mpi/Zhiqing/polaris_ebm/runs_long_k_scaling/pbs/L2_ddp_fullk_K400_s500k_seed3.pbs,/eagle/lc-mpi/Zhiqing/polaris_ebm/runs_long_k_scaling/runs/L2/L2_ddp_fullk_K400_s500k_seed3,immediate auto resume from latest known checkpoint
L2_pipe_P8_equal_K400_s500k_seed3,7158202.polaris-pbs-01.hsn.cm.polaris.alcf.anl.gov,/eagle/lc-mpi/Zhiqing/polaris_ebm/runs_long_k_scaling/runs/L2/L2_pipe_P8_equal_K400_s500k_seed3/checkpoints/ckpt_step344999.pt,2026-05-14T11:24:59.330794+00:00,/eagle/lc-mpi/Zhiqing/polaris_ebm/runs_long_k_scaling/pbs/L2_pipe_P8_equal_K400_s500k_seed3.pbs,/eagle/lc-mpi/Zhiqing/polaris_ebm/runs_long_k_scaling/runs/L2/L2_pipe_P8_equal_K400_s500k_seed3,immediate auto resume from latest known checkpoint
L1_ddp_fullk_K400_s300k_seed1,7158247.polaris-pbs-01.hsn.cm.polaris.alcf.anl.gov,/eagle/lc-mpi/Zhiqing/polaris_ebm/runs_long_k_scaling/runs/L1/L1_ddp_fullk_K400_s300k_seed1/checkpoints/ckpt_step159999.pt,2026-05-14T12:25:01.728246+00:00,/eagle/lc-mpi/Zhiqing/polaris_ebm/runs_long_k_scaling/pbs/L1_ddp_fullk_K400_s300k_seed1.pbs,/eagle/lc-mpi/Zhiqing/polaris_ebm/runs_long_k_scaling/runs/L1/L1_ddp_fullk_K400_s300k_seed1,immediate auto resume from latest known checkpoint
L1_ddp_fullk_K400_s300k_seed2,7158248.polaris-pbs-01.hsn.cm.polaris.alcf.anl.gov,/eagle/lc-mpi/Zhiqing/polaris_ebm/runs_long_k_scaling/runs/L1/L1_ddp_fullk_K400_s300k_seed2/checkpoints/ckpt_step209999.pt,2026-05-14T12:25:02.232369+00:00,/eagle/lc-mpi/Zhiqing/polaris_ebm/runs_long_k_scaling/pbs/L1_ddp_fullk_K400_s300k_seed2.pbs,/eagle/lc-mpi/Zhiqing/polaris_ebm/runs_long_k_scaling/runs/L1/L1_ddp_fullk_K400_s300k_seed2,immediate auto resume from latest known checkpoint
L1_ddp_fullk_K400_s300k_seed3,7158249.polaris-pbs-01.hsn.cm.polaris.alcf.anl.gov,/eagle/lc-mpi/Zhiqing/polaris_ebm/runs_long_k_scaling/runs/L1/L1_ddp_fullk_K400_s300k_seed3/checkpoints/ckpt_step109999.pt,2026-05-14T12:25:02.791334+00:00,/eagle/lc-mpi/Zhiqing/polaris_ebm/runs_long_k_scaling/pbs/L1_ddp_fullk_K400_s300k_seed3.pbs,/eagle/lc-mpi/Zhiqing/polaris_ebm/runs_long_k_scaling/runs/L1/L1_ddp_fullk_K400_s300k_seed3,immediate auto resume from latest known checkpoint
L2_ddp_fullk_K400_s500k_seed1,7158250.polaris-pbs-01.hsn.cm.polaris.alcf.anl.gov,/eagle/lc-mpi/Zhiqing/polaris_ebm/runs_long_k_scaling/runs/L2/L2_ddp_fullk_K400_s500k_seed1/checkpoints/ckpt_step199999.pt,2026-05-14T12:25:03.339288+00:00,/eagle/lc-mpi/Zhiqing/polaris_ebm/runs_long_k_scaling/pbs/L2_ddp_fullk_K400_s500k_seed1.pbs,/eagle/lc-mpi/Zhiqing/polaris_ebm/runs_long_k_scaling/runs/L2/L2_ddp_fullk_K400_s500k_seed1,immediate auto resume from latest known checkpoint
L2_pipe_P8_equal_K400_s500k_seed2,7158254.polaris-pbs-01.hsn.cm.polaris.alcf.anl.gov,/eagle/lc-mpi/Zhiqing/polaris_ebm/runs_long_k_scaling/runs/L2/L2_pipe_P8_equal_K400_s500k_seed2/checkpoints/ckpt_step324999.pt,2026-05-14T12:40:04.406802+00:00,/eagle/lc-mpi/Zhiqing/polaris_ebm/runs_long_k_scaling/pbs/L2_pipe_P8_equal_K400_s500k_seed2.pbs,/eagle/lc-mpi/Zhiqing/polaris_ebm/runs_long_k_scaling/runs/L2/L2_pipe_P8_equal_K400_s500k_seed2,immediate auto resume from latest known checkpoint
L2_ddp_fullk_K400_s500k_seed3,7158255.polaris-pbs-01.hsn.cm.polaris.alcf.anl.gov,/eagle/lc-mpi/Zhiqing/polaris_ebm/runs_long_k_scaling/runs/L2/L2_ddp_fullk_K400_s500k_seed3/checkpoints/ckpt_step104999.pt,2026-05-14T12:40:04.943211+00:00,/eagle/lc-mpi/Zhiqing/polaris_ebm/runs_long_k_scaling/pbs/L2_ddp_fullk_K400_s500k_seed3.pbs,/eagle/lc-mpi/Zhiqing/polaris_ebm/runs_long_k_scaling/runs/L2/L2_ddp_fullk_K400_s500k_seed3,immediate auto resume from latest known checkpoint
L1_ddp_fullk_K400_s300k_seed1,7158258.polaris-pbs-01.hsn.cm.polaris.alcf.anl.gov,/eagle/lc-mpi/Zhiqing/polaris_ebm/runs_long_k_scaling/runs/L1/L1_ddp_fullk_K400_s300k_seed1/checkpoints/ckpt_step159999.pt,2026-05-14T12:55:05.835975+00:00,/eagle/lc-mpi/Zhiqing/polaris_ebm/runs_long_k_scaling/pbs/L1_ddp_fullk_K400_s300k_seed1.pbs,/eagle/lc-mpi/Zhiqing/polaris_ebm/runs_long_k_scaling/runs/L1/L1_ddp_fullk_K400_s300k_seed1,immediate auto resume from latest known checkpoint
L1_ddp_fullk_K400_s300k_seed2,7158259.polaris-pbs-01.hsn.cm.polaris.alcf.anl.gov,/eagle/lc-mpi/Zhiqing/polaris_ebm/runs_long_k_scaling/runs/L1/L1_ddp_fullk_K400_s300k_seed2/checkpoints/ckpt_step209999.pt,2026-05-14T12:55:06.363856+00:00,/eagle/lc-mpi/Zhiqing/polaris_ebm/runs_long_k_scaling/pbs/L1_ddp_fullk_K400_s300k_seed2.pbs,/eagle/lc-mpi/Zhiqing/polaris_ebm/runs_long_k_scaling/runs/L1/L1_ddp_fullk_K400_s300k_seed2,immediate auto resume from latest known checkpoint
L2_pipe_P8_equal_K400_s500k_seed3,7158260.polaris-pbs-01.hsn.cm.polaris.alcf.anl.gov,/eagle/lc-mpi/Zhiqing/polaris_ebm/runs_long_k_scaling/runs/L2/L2_pipe_P8_equal_K400_s500k_seed3/checkpoints/ckpt_step344999.pt,2026-05-14T12:55:06.865489+00:00,/eagle/lc-mpi/Zhiqing/polaris_ebm/runs_long_k_scaling/pbs/L2_pipe_P8_equal_K400_s500k_seed3.pbs,/eagle/lc-mpi/Zhiqing/polaris_ebm/runs_long_k_scaling/runs/L2/L2_pipe_P8_equal_K400_s500k_seed3,immediate auto resume from latest known checkpoint
L1_ddp_fullk_K400_s300k_seed3,7158264.polaris-pbs-01.hsn.cm.polaris.alcf.anl.gov,/eagle/lc-mpi/Zhiqing/polaris_ebm/runs_long_k_scaling/runs/L1/L1_ddp_fullk_K400_s300k_seed3/checkpoints/ckpt_step109999.pt,2026-05-14T13:10:07.788003+00:00,/eagle/lc-mpi/Zhiqing/polaris_ebm/runs_long_k_scaling/pbs/L1_ddp_fullk_K400_s300k_seed3.pbs,/eagle/lc-mpi/Zhiqing/polaris_ebm/runs_long_k_scaling/runs/L1/L1_ddp_fullk_K400_s300k_seed3,immediate auto resume from latest known checkpoint
L2_ddp_fullk_K400_s500k_seed1,7158265.polaris-pbs-01.hsn.cm.polaris.alcf.anl.gov,/eagle/lc-mpi/Zhiqing/polaris_ebm/runs_long_k_scaling/runs/L2/L2_ddp_fullk_K400_s500k_seed1/checkpoints/ckpt_step199999.pt,2026-05-14T13:10:08.424105+00:00,/eagle/lc-mpi/Zhiqing/polaris_ebm/runs_long_k_scaling/pbs/L2_ddp_fullk_K400_s500k_seed1.pbs,/eagle/lc-mpi/Zhiqing/polaris_ebm/runs_long_k_scaling/runs/L2/L2_ddp_fullk_K400_s500k_seed1,immediate auto resume from latest known checkpoint
L2_ddp_fullk_K400_s500k_seed2,7158266.polaris-pbs-01.hsn.cm.polaris.alcf.anl.gov,/eagle/lc-mpi/Zhiqing/polaris_ebm/runs_long_k_scaling/runs/L2/L2_ddp_fullk_K400_s500k_seed2/checkpoints/ckpt_step189999.pt,2026-05-14T13:10:09.155314+00:00,/eagle/lc-mpi/Zhiqing/polaris_ebm/runs_long_k_scaling/pbs/L2_ddp_fullk_K400_s500k_seed2.pbs,/eagle/lc-mpi/Zhiqing/polaris_ebm/runs_long_k_scaling/runs/L2/L2_ddp_fullk_K400_s500k_seed2,immediate auto resume from latest known checkpoint
L2_pipe_P8_equal_K400_s500k_seed2,7158267.polaris-pbs-01.hsn.cm.polaris.alcf.anl.gov,/eagle/lc-mpi/Zhiqing/polaris_ebm/runs_long_k_scaling/runs/L2/L2_pipe_P8_equal_K400_s500k_seed2/checkpoints/ckpt_step324999.pt,2026-05-14T13:10:09.994084+00:00,/eagle/lc-mpi/Zhiqing/polaris_ebm/runs_long_k_scaling/pbs/L2_pipe_P8_equal_K400_s500k_seed2.pbs,/eagle/lc-mpi/Zhiqing/polaris_ebm/runs_long_k_scaling/runs/L2/L2_pipe_P8_equal_K400_s500k_seed2,immediate auto resume from latest known checkpoint
L1_ddp_fullk_K400_s300k_seed1,7158271.polaris-pbs-01.hsn.cm.polaris.alcf.anl.gov,/eagle/lc-mpi/Zhiqing/polaris_ebm/runs_long_k_scaling/runs/L1/L1_ddp_fullk_K400_s300k_seed1/checkpoints/ckpt_step159999.pt,2026-05-14T13:25:10.872121+00:00,/eagle/lc-mpi/Zhiqing/polaris_ebm/runs_long_k_scaling/pbs/L1_ddp_fullk_K400_s300k_seed1.pbs,/eagle/lc-mpi/Zhiqing/polaris_ebm/runs_long_k_scaling/runs/L1/L1_ddp_fullk_K400_s300k_seed1,immediate auto resume from latest known checkpoint
L1_ddp_fullk_K400_s300k_seed2,7158272.polaris-pbs-01.hsn.cm.polaris.alcf.anl.gov,/eagle/lc-mpi/Zhiqing/polaris_ebm/runs_long_k_scaling/runs/L1/L1_ddp_fullk_K400_s300k_seed2/checkpoints/ckpt_step209999.pt,2026-05-14T13:25:11.390739+00:00,/eagle/lc-mpi/Zhiqing/polaris_ebm/runs_long_k_scaling/pbs/L1_ddp_fullk_K400_s300k_seed2.pbs,/eagle/lc-mpi/Zhiqing/polaris_ebm/runs_long_k_scaling/runs/L1/L1_ddp_fullk_K400_s300k_seed2,immediate auto resume from latest known checkpoint
L2_ddp_fullk_K400_s500k_seed3,7158273.polaris-pbs-01.hsn.cm.polaris.alcf.anl.gov,/eagle/lc-mpi/Zhiqing/polaris_ebm/runs_long_k_scaling/runs/L2/L2_ddp_fullk_K400_s500k_seed3/checkpoints/ckpt_step104999.pt,2026-05-14T13:25:11.830569+00:00,/eagle/lc-mpi/Zhiqing/polaris_ebm/runs_long_k_scaling/pbs/L2_ddp_fullk_K400_s500k_seed3.pbs,/eagle/lc-mpi/Zhiqing/polaris_ebm/runs_long_k_scaling/runs/L2/L2_ddp_fullk_K400_s500k_seed3,immediate auto resume from latest known checkpoint
L2_pipe_P8_equal_K400_s500k_seed3,7158274.polaris-pbs-01.hsn.cm.polaris.alcf.anl.gov,/eagle/lc-mpi/Zhiqing/polaris_ebm/runs_long_k_scaling/runs/L2/L2_pipe_P8_equal_K400_s500k_seed3/checkpoints/ckpt_step344999.pt,2026-05-14T13:25:12.220144+00:00,/eagle/lc-mpi/Zhiqing/polaris_ebm/runs_long_k_scaling/pbs/L2_pipe_P8_equal_K400_s500k_seed3.pbs,/eagle/lc-mpi/Zhiqing/polaris_ebm/runs_long_k_scaling/runs/L2/L2_pipe_P8_equal_K400_s500k_seed3,immediate auto resume from latest known checkpoint
L1_ddp_fullk_K400_s300k_seed3,7158305.polaris-pbs-01.hsn.cm.polaris.alcf.anl.gov,/eagle/lc-mpi/Zhiqing/polaris_ebm/runs_long_k_scaling/runs/L1/L1_ddp_fullk_K400_s300k_seed3/checkpoints/ckpt_step109999.pt,2026-05-14T13:55:13.772953+00:00,/eagle/lc-mpi/Zhiqing/polaris_ebm/runs_long_k_scaling/pbs/L1_ddp_fullk_K400_s300k_seed3.pbs,/eagle/lc-mpi/Zhiqing/polaris_ebm/runs_long_k_scaling/runs/L1/L1_ddp_fullk_K400_s300k_seed3,immediate auto resume from latest known checkpoint
L2_ddp_fullk_K400_s500k_seed1,7158306.polaris-pbs-01.hsn.cm.polaris.alcf.anl.gov,/eagle/lc-mpi/Zhiqing/polaris_ebm/runs_long_k_scaling/runs/L2/L2_ddp_fullk_K400_s500k_seed1/checkpoints/ckpt_step199999.pt,2026-05-14T13:55:14.407602+00:00,/eagle/lc-mpi/Zhiqing/polaris_ebm/runs_long_k_scaling/pbs/L2_ddp_fullk_K400_s500k_seed1.pbs,/eagle/lc-mpi/Zhiqing/polaris_ebm/runs_long_k_scaling/runs/L2/L2_ddp_fullk_K400_s500k_seed1,immediate auto resume from latest known checkpoint
L1_ddp_fullk_K400_s300k_seed1,7158322.polaris-pbs-01.hsn.cm.polaris.alcf.anl.gov,/eagle/lc-mpi/Zhiqing/polaris_ebm/runs_long_k_scaling/runs/L1/L1_ddp_fullk_K400_s300k_seed1/checkpoints/ckpt_step159999.pt,2026-05-14T14:10:15.310536+00:00,/eagle/lc-mpi/Zhiqing/polaris_ebm/runs_long_k_scaling/pbs/L1_ddp_fullk_K400_s300k_seed1.pbs,/eagle/lc-mpi/Zhiqing/polaris_ebm/runs_long_k_scaling/runs/L1/L1_ddp_fullk_K400_s300k_seed1,immediate auto resume from latest known checkpoint
L1_ddp_fullk_K400_s300k_seed2,7158323.polaris-pbs-01.hsn.cm.polaris.alcf.anl.gov,/eagle/lc-mpi/Zhiqing/polaris_ebm/runs_long_k_scaling/runs/L1/L1_ddp_fullk_K400_s300k_seed2/checkpoints/ckpt_step209999.pt,2026-05-14T14:10:16.005224+00:00,/eagle/lc-mpi/Zhiqing/polaris_ebm/runs_long_k_scaling/pbs/L1_ddp_fullk_K400_s300k_seed2.pbs,/eagle/lc-mpi/Zhiqing/polaris_ebm/runs_long_k_scaling/runs/L1/L1_ddp_fullk_K400_s300k_seed2,immediate auto resume from latest known checkpoint
L2_ddp_fullk_K400_s500k_seed3,7158324.polaris-pbs-01.hsn.cm.polaris.alcf.anl.gov,/eagle/lc-mpi/Zhiqing/polaris_ebm/runs_long_k_scaling/runs/L2/L2_ddp_fullk_K400_s500k_seed3/checkpoints/ckpt_step104999.pt,2026-05-14T14:10:16.481942+00:00,/eagle/lc-mpi/Zhiqing/polaris_ebm/runs_long_k_scaling/pbs/L2_ddp_fullk_K400_s500k_seed3.pbs,/eagle/lc-mpi/Zhiqing/polaris_ebm/runs_long_k_scaling/runs/L2/L2_ddp_fullk_K400_s500k_seed3,immediate auto resume from latest known checkpoint
L2_pipe_P8_equal_K400_s500k_seed2,7158339.polaris-pbs-01.hsn.cm.polaris.alcf.anl.gov,/eagle/lc-mpi/Zhiqing/polaris_ebm/runs_long_k_scaling/runs/L2/L2_pipe_P8_equal_K400_s500k_seed2/checkpoints/ckpt_step324999.pt,2026-05-14T14:25:17.441354+00:00,/eagle/lc-mpi/Zhiqing/polaris_ebm/runs_long_k_scaling/pbs/L2_pipe_P8_equal_K400_s500k_seed2.pbs,/eagle/lc-mpi/Zhiqing/polaris_ebm/runs_long_k_scaling/runs/L2/L2_pipe_P8_equal_K400_s500k_seed2,immediate auto resume from latest known checkpoint
L2_pipe_P8_equal_K400_s500k_seed3,7158340.polaris-pbs-01.hsn.cm.polaris.alcf.anl.gov,/eagle/lc-mpi/Zhiqing/polaris_ebm/runs_long_k_scaling/runs/L2/L2_pipe_P8_equal_K400_s500k_seed3/checkpoints/ckpt_step344999.pt,2026-05-14T14:25:18.026738+00:00,/eagle/lc-mpi/Zhiqing/polaris_ebm/runs_long_k_scaling/pbs/L2_pipe_P8_equal_K400_s500k_seed3.pbs,/eagle/lc-mpi/Zhiqing/polaris_ebm/runs_long_k_scaling/runs/L2/L2_pipe_P8_equal_K400_s500k_seed3,immediate auto resume from latest known checkpoint
L1_ddp_fullk_K400_s300k_seed3,7158430.polaris-pbs-01.hsn.cm.polaris.alcf.anl.gov,/eagle/lc-mpi/Zhiqing/polaris_ebm/runs_long_k_scaling/runs/L1/L1_ddp_fullk_K400_s300k_seed3/checkpoints/ckpt_step109999.pt,2026-05-14T16:40:26.407108+00:00,/eagle/lc-mpi/Zhiqing/polaris_ebm/runs_long_k_scaling/pbs/L1_ddp_fullk_K400_s300k_seed3.pbs,/eagle/lc-mpi/Zhiqing/polaris_ebm/runs_long_k_scaling/runs/L1/L1_ddp_fullk_K400_s300k_seed3,immediate auto resume from latest known checkpoint
L2_ddp_fullk_K400_s500k_seed1,7158441.polaris-pbs-01.hsn.cm.polaris.alcf.anl.gov,/eagle/lc-mpi/Zhiqing/polaris_ebm/runs_long_k_scaling/runs/L2/L2_ddp_fullk_K400_s500k_seed1/checkpoints/ckpt_step199999.pt,2026-05-14T17:10:27.560402+00:00,/eagle/lc-mpi/Zhiqing/polaris_ebm/runs_long_k_scaling/pbs/L2_ddp_fullk_K400_s500k_seed1.pbs,/eagle/lc-mpi/Zhiqing/polaris_ebm/runs_long_k_scaling/runs/L2/L2_ddp_fullk_K400_s500k_seed1,immediate auto resume from latest known checkpoint
L1_ddp_fullk_K400_s300k_seed1,7158493.polaris-pbs-01.hsn.cm.polaris.alcf.anl.gov,/eagle/lc-mpi/Zhiqing/polaris_ebm/runs_long_k_scaling/runs/L1/L1_ddp_fullk_K400_s300k_seed1/checkpoints/ckpt_step159999.pt,2026-05-14T17:40:29.347493+00:00,/eagle/lc-mpi/Zhiqing/polaris_ebm/runs_long_k_scaling/pbs/L1_ddp_fullk_K400_s300k_seed1.pbs,/eagle/lc-mpi/Zhiqing/polaris_ebm/runs_long_k_scaling/runs/L1/L1_ddp_fullk_K400_s300k_seed1,immediate auto resume from latest known checkpoint
L1_ddp_fullk_K400_s300k_seed2,7158494.polaris-pbs-01.hsn.cm.polaris.alcf.anl.gov,/eagle/lc-mpi/Zhiqing/polaris_ebm/runs_long_k_scaling/runs/L1/L1_ddp_fullk_K400_s300k_seed2/checkpoints/ckpt_step209999.pt,2026-05-14T17:40:29.940059+00:00,/eagle/lc-mpi/Zhiqing/polaris_ebm/runs_long_k_scaling/pbs/L1_ddp_fullk_K400_s300k_seed2.pbs,/eagle/lc-mpi/Zhiqing/polaris_ebm/runs_long_k_scaling/runs/L1/L1_ddp_fullk_K400_s300k_seed2,immediate auto resume from latest known checkpoint
L2_pipe_P8_equal_K400_s500k_seed2,7158495.polaris-pbs-01.hsn.cm.polaris.alcf.anl.gov,/eagle/lc-mpi/Zhiqing/polaris_ebm/runs_long_k_scaling/runs/L2/L2_pipe_P8_equal_K400_s500k_seed2/checkpoints/ckpt_step324999.pt,2026-05-14T17:40:30.428226+00:00,/eagle/lc-mpi/Zhiqing/polaris_ebm/runs_long_k_scaling/pbs/L2_pipe_P8_equal_K400_s500k_seed2.pbs,/eagle/lc-mpi/Zhiqing/polaris_ebm/runs_long_k_scaling/runs/L2/L2_pipe_P8_equal_K400_s500k_seed2,immediate auto resume from latest known checkpoint
L2_ddp_fullk_K400_s500k_seed3,7158496.polaris-pbs-01.hsn.cm.polaris.alcf.anl.gov,/eagle/lc-mpi/Zhiqing/polaris_ebm/runs_long_k_scaling/runs/L2/L2_ddp_fullk_K400_s500k_seed3/checkpoints/ckpt_step104999.pt,2026-05-14T17:40:30.814154+00:00,/eagle/lc-mpi/Zhiqing/polaris_ebm/runs_long_k_scaling/pbs/L2_ddp_fullk_K400_s500k_seed3.pbs,/eagle/lc-mpi/Zhiqing/polaris_ebm/runs_long_k_scaling/runs/L2/L2_ddp_fullk_K400_s500k_seed3,immediate auto resume from latest known checkpoint
L1_ddp_fullk_K400_s300k_seed1,7158694.polaris-pbs-01.hsn.cm.polaris.alcf.anl.gov,/eagle/lc-mpi/Zhiqing/polaris_ebm/runs_long_k_scaling/runs/L1/L1_ddp_fullk_K400_s300k_seed1/checkpoints/ckpt_step159999.pt,2026-05-14T21:55:43.227058+00:00,/eagle/lc-mpi/Zhiqing/polaris_ebm/runs_long_k_scaling/pbs/L1_ddp_fullk_K400_s300k_seed1.pbs,/eagle/lc-mpi/Zhiqing/polaris_ebm/runs_long_k_scaling/runs/L1/L1_ddp_fullk_K400_s300k_seed1,immediate auto resume from latest known checkpoint
L1_ddp_fullk_K400_s300k_seed2,7158695.polaris-pbs-01.hsn.cm.polaris.alcf.anl.gov,/eagle/lc-mpi/Zhiqing/polaris_ebm/runs_long_k_scaling/runs/L1/L1_ddp_fullk_K400_s300k_seed2/checkpoints/ckpt_step209999.pt,2026-05-14T21:55:43.733745+00:00,/eagle/lc-mpi/Zhiqing/polaris_ebm/runs_long_k_scaling/pbs/L1_ddp_fullk_K400_s300k_seed2.pbs,/eagle/lc-mpi/Zhiqing/polaris_ebm/runs_long_k_scaling/runs/L1/L1_ddp_fullk_K400_s300k_seed2,immediate auto resume from latest known checkpoint
L2_ddp_fullk_K400_s500k_seed3,7158714.polaris-pbs-01.hsn.cm.polaris.alcf.anl.gov,/eagle/lc-mpi/Zhiqing/polaris_ebm/runs_long_k_scaling/runs/L2/L2_ddp_fullk_K400_s500k_seed3/checkpoints/ckpt_step104999.pt,2026-05-14T22:25:45.315985+00:00,/eagle/lc-mpi/Zhiqing/polaris_ebm/runs_long_k_scaling/pbs/L2_ddp_fullk_K400_s500k_seed3.pbs,/eagle/lc-mpi/Zhiqing/polaris_ebm/runs_long_k_scaling/runs/L2/L2_ddp_fullk_K400_s500k_seed3,immediate auto resume from latest known checkpoint
L1_ddp_fullk_K400_s300k_seed1,7158949.polaris-pbs-01.hsn.cm.polaris.alcf.anl.gov,/eagle/lc-mpi/Zhiqing/polaris_ebm/runs_long_k_scaling/runs/L1/L1_ddp_fullk_K400_s300k_seed1/checkpoints/ckpt_step159999.pt,2026-05-15T07:56:07.830590+00:00,/eagle/lc-mpi/Zhiqing/polaris_ebm/runs_long_k_scaling/pbs/L1_ddp_fullk_K400_s300k_seed1.pbs,/eagle/lc-mpi/Zhiqing/polaris_ebm/runs_long_k_scaling/runs/L1/L1_ddp_fullk_K400_s300k_seed1,immediate auto resume from latest known checkpoint
L2_ddp_fullk_K400_s500k_seed3,7158995.polaris-pbs-01.hsn.cm.polaris.alcf.anl.gov,/eagle/lc-mpi/Zhiqing/polaris_ebm/runs_long_k_scaling/runs/L2/L2_ddp_fullk_K400_s500k_seed3/checkpoints/ckpt_step104999.pt,2026-05-15T11:26:15.758627+00:00,/eagle/lc-mpi/Zhiqing/polaris_ebm/runs_long_k_scaling/pbs/L2_ddp_fullk_K400_s500k_seed3.pbs,/eagle/lc-mpi/Zhiqing/polaris_ebm/runs_long_k_scaling/runs/L2/L2_ddp_fullk_K400_s500k_seed3,immediate auto resume from latest known checkpoint
L1_ddp_fullk_K400_s300k_seed1,7159045.polaris-pbs-01.hsn.cm.polaris.alcf.anl.gov,/eagle/lc-mpi/Zhiqing/polaris_ebm/runs_long_k_scaling/runs/L1/L1_ddp_fullk_K400_s300k_seed1/checkpoints/ckpt_step159999.pt,2026-05-15T14:26:22.987008+00:00,/eagle/lc-mpi/Zhiqing/polaris_ebm/runs_long_k_scaling/pbs/L1_ddp_fullk_K400_s300k_seed1.pbs,/eagle/lc-mpi/Zhiqing/polaris_ebm/runs_long_k_scaling/runs/L1/L1_ddp_fullk_K400_s300k_seed1,immediate auto resume from latest known checkpoint
L1_ddp_fullk_K400_s300k_seed2,7159046.polaris-pbs-01.hsn.cm.polaris.alcf.anl.gov,/eagle/lc-mpi/Zhiqing/polaris_ebm/runs_long_k_scaling/runs/L1/L1_ddp_fullk_K400_s300k_seed2/checkpoints/ckpt_step209999.pt,2026-05-15T14:26:23.416323+00:00,/eagle/lc-mpi/Zhiqing/polaris_ebm/runs_long_k_scaling/pbs/L1_ddp_fullk_K400_s300k_seed2.pbs,/eagle/lc-mpi/Zhiqing/polaris_ebm/runs_long_k_scaling/runs/L1/L1_ddp_fullk_K400_s300k_seed2,immediate auto resume from latest known checkpoint
L1_ddp_fullk_K400_s300k_seed1,7159090.polaris-pbs-01.hsn.cm.polaris.alcf.anl.gov,/eagle/lc-mpi/Zhiqing/polaris_ebm/runs_long_k_scaling/runs/L1/L1_ddp_fullk_K400_s300k_seed1/checkpoints/ckpt_step159999.pt,2026-05-15T15:26:25.966784+00:00,/eagle/lc-mpi/Zhiqing/polaris_ebm/runs_long_k_scaling/pbs/L1_ddp_fullk_K400_s300k_seed1.pbs,/eagle/lc-mpi/Zhiqing/polaris_ebm/runs_long_k_scaling/runs/L1/L1_ddp_fullk_K400_s300k_seed1,immediate auto resume from latest known checkpoint
L2_ddp_fullk_K400_s500k_seed3,7159091.polaris-pbs-01.hsn.cm.polaris.alcf.anl.gov,/eagle/lc-mpi/Zhiqing/polaris_ebm/runs_long_k_scaling/runs/L2/L2_ddp_fullk_K400_s500k_seed3/checkpoints/ckpt_step104999.pt,2026-05-15T15:26:26.605433+00:00,/eagle/lc-mpi/Zhiqing/polaris_ebm/runs_long_k_scaling/pbs/L2_ddp_fullk_K400_s500k_seed3.pbs,/eagle/lc-mpi/Zhiqing/polaris_ebm/runs_long_k_scaling/runs/L2/L2_ddp_fullk_K400_s500k_seed3,immediate auto resume from latest known checkpoint
L1_ddp_fullk_K400_s300k_seed1,7159141.polaris-pbs-01.hsn.cm.polaris.alcf.anl.gov,/eagle/lc-mpi/Zhiqing/polaris_ebm/runs_long_k_scaling/runs/L1/L1_ddp_fullk_K400_s300k_seed1/checkpoints/ckpt_step159999.pt,2026-05-15T16:41:30.166753+00:00,/eagle/lc-mpi/Zhiqing/polaris_ebm/runs_long_k_scaling/pbs/L1_ddp_fullk_K400_s300k_seed1.pbs,/eagle/lc-mpi/Zhiqing/polaris_ebm/runs_long_k_scaling/runs/L1/L1_ddp_fullk_K400_s300k_seed1,immediate auto resume from latest known checkpoint
L1_ddp_fullk_K400_s300k_seed2,7159142.polaris-pbs-01.hsn.cm.polaris.alcf.anl.gov,/eagle/lc-mpi/Zhiqing/polaris_ebm/runs_long_k_scaling/runs/L1/L1_ddp_fullk_K400_s300k_seed2/checkpoints/ckpt_step209999.pt,2026-05-15T16:41:30.854093+00:00,/eagle/lc-mpi/Zhiqing/polaris_ebm/runs_long_k_scaling/pbs/L1_ddp_fullk_K400_s300k_seed2.pbs,/eagle/lc-mpi/Zhiqing/polaris_ebm/runs_long_k_scaling/runs/L1/L1_ddp_fullk_K400_s300k_seed2,immediate auto resume from latest known checkpoint
L2_ddp_fullk_K400_s500k_seed3,7159143.polaris-pbs-01.hsn.cm.polaris.alcf.anl.gov,/eagle/lc-mpi/Zhiqing/polaris_ebm/runs_long_k_scaling/runs/L2/L2_ddp_fullk_K400_s500k_seed3/checkpoints/ckpt_step104999.pt,2026-05-15T16:41:31.506422+00:00,/eagle/lc-mpi/Zhiqing/polaris_ebm/runs_long_k_scaling/pbs/L2_ddp_fullk_K400_s500k_seed3.pbs,/eagle/lc-mpi/Zhiqing/polaris_ebm/runs_long_k_scaling/runs/L2/L2_ddp_fullk_K400_s500k_seed3,immediate auto resume from latest known checkpoint
L1_ddp_fullk_K400_s300k_seed1,7159165.polaris-pbs-01.hsn.cm.polaris.alcf.anl.gov,/eagle/lc-mpi/Zhiqing/polaris_ebm/runs_long_k_scaling/runs/L1/L1_ddp_fullk_K400_s300k_seed1/checkpoints/ckpt_step159999.pt,2026-05-15T16:56:32.348491+00:00,/eagle/lc-mpi/Zhiqing/polaris_ebm/runs_long_k_scaling/pbs/L1_ddp_fullk_K400_s300k_seed1.pbs,/eagle/lc-mpi/Zhiqing/polaris_ebm/runs_long_k_scaling/runs/L1/L1_ddp_fullk_K400_s300k_seed1,immediate auto resume from latest known checkpoint
L1_ddp_fullk_K400_s300k_seed2,7159166.polaris-pbs-01.hsn.cm.polaris.alcf.anl.gov,/eagle/lc-mpi/Zhiqing/polaris_ebm/runs_long_k_scaling/runs/L1/L1_ddp_fullk_K400_s300k_seed2/checkpoints/ckpt_step209999.pt,2026-05-15T16:56:32.843172+00:00,/eagle/lc-mpi/Zhiqing/polaris_ebm/runs_long_k_scaling/pbs/L1_ddp_fullk_K400_s300k_seed2.pbs,/eagle/lc-mpi/Zhiqing/polaris_ebm/runs_long_k_scaling/runs/L1/L1_ddp_fullk_K400_s300k_seed2,immediate auto resume from latest known checkpoint
L2_ddp_fullk_K400_s500k_seed3,7159167.polaris-pbs-01.hsn.cm.polaris.alcf.anl.gov,/eagle/lc-mpi/Zhiqing/polaris_ebm/runs_long_k_scaling/runs/L2/L2_ddp_fullk_K400_s500k_seed3/checkpoints/ckpt_step104999.pt,2026-05-15T16:56:33.477204+00:00,/eagle/lc-mpi/Zhiqing/polaris_ebm/runs_long_k_scaling/pbs/L2_ddp_fullk_K400_s500k_seed3.pbs,/eagle/lc-mpi/Zhiqing/polaris_ebm/runs_long_k_scaling/runs/L2/L2_ddp_fullk_K400_s500k_seed3,immediate auto resume from latest known checkpoint
L1_ddp_fullk_K400_s300k_seed1,7159184.polaris-pbs-01.hsn.cm.polaris.alcf.anl.gov,/eagle/lc-mpi/Zhiqing/polaris_ebm/runs_long_k_scaling/runs/L1/L1_ddp_fullk_K400_s300k_seed1/checkpoints/ckpt_step159999.pt,2026-05-15T17:11:34.442313+00:00,/eagle/lc-mpi/Zhiqing/polaris_ebm/runs_long_k_scaling/pbs/L1_ddp_fullk_K400_s300k_seed1.pbs,/eagle/lc-mpi/Zhiqing/polaris_ebm/runs_long_k_scaling/runs/L1/L1_ddp_fullk_K400_s300k_seed1,immediate auto resume from latest known checkpoint
L1_ddp_fullk_K400_s300k_seed2,7159185.polaris-pbs-01.hsn.cm.polaris.alcf.anl.gov,/eagle/lc-mpi/Zhiqing/polaris_ebm/runs_long_k_scaling/runs/L1/L1_ddp_fullk_K400_s300k_seed2/checkpoints/ckpt_step209999.pt,2026-05-15T17:11:34.968567+00:00,/eagle/lc-mpi/Zhiqing/polaris_ebm/runs_long_k_scaling/pbs/L1_ddp_fullk_K400_s300k_seed2.pbs,/eagle/lc-mpi/Zhiqing/polaris_ebm/runs_long_k_scaling/runs/L1/L1_ddp_fullk_K400_s300k_seed2,immediate auto resume from latest known checkpoint
L2_ddp_fullk_K400_s500k_seed3,7159186.polaris-pbs-01.hsn.cm.polaris.alcf.anl.gov,/eagle/lc-mpi/Zhiqing/polaris_ebm/runs_long_k_scaling/runs/L2/L2_ddp_fullk_K400_s500k_seed3/checkpoints/ckpt_step104999.pt,2026-05-15T17:11:35.459223+00:00,/eagle/lc-mpi/Zhiqing/polaris_ebm/runs_long_k_scaling/pbs/L2_ddp_fullk_K400_s500k_seed3.pbs,/eagle/lc-mpi/Zhiqing/polaris_ebm/runs_long_k_scaling/runs/L2/L2_ddp_fullk_K400_s500k_seed3,immediate auto resume from latest known checkpoint
L1_ddp_fullk_K400_s300k_seed1,7159199.polaris-pbs-01.hsn.cm.polaris.alcf.anl.gov,/eagle/lc-mpi/Zhiqing/polaris_ebm/runs_long_k_scaling/runs/L1/L1_ddp_fullk_K400_s300k_seed1/checkpoints/ckpt_step159999.pt,2026-05-15T17:26:36.449432+00:00,/eagle/lc-mpi/Zhiqing/polaris_ebm/runs_long_k_scaling/pbs/L1_ddp_fullk_K400_s300k_seed1.pbs,/eagle/lc-mpi/Zhiqing/polaris_ebm/runs_long_k_scaling/runs/L1/L1_ddp_fullk_K400_s300k_seed1,immediate auto resume from latest known checkpoint
L1_ddp_fullk_K400_s300k_seed2,7159200.polaris-pbs-01.hsn.cm.polaris.alcf.anl.gov,/eagle/lc-mpi/Zhiqing/polaris_ebm/runs_long_k_scaling/runs/L1/L1_ddp_fullk_K400_s300k_seed2/checkpoints/ckpt_step209999.pt,2026-05-15T17:26:36.931305+00:00,/eagle/lc-mpi/Zhiqing/polaris_ebm/runs_long_k_scaling/pbs/L1_ddp_fullk_K400_s300k_seed2.pbs,/eagle/lc-mpi/Zhiqing/polaris_ebm/runs_long_k_scaling/runs/L1/L1_ddp_fullk_K400_s300k_seed2,immediate auto resume from latest known checkpoint
L2_ddp_fullk_K400_s500k_seed3,7159201.polaris-pbs-01.hsn.cm.polaris.alcf.anl.gov,/eagle/lc-mpi/Zhiqing/polaris_ebm/runs_long_k_scaling/runs/L2/L2_ddp_fullk_K400_s500k_seed3/checkpoints/ckpt_step104999.pt,2026-05-15T17:26:37.490661+00:00,/eagle/lc-mpi/Zhiqing/polaris_ebm/runs_long_k_scaling/pbs/L2_ddp_fullk_K400_s500k_seed3.pbs,/eagle/lc-mpi/Zhiqing/polaris_ebm/runs_long_k_scaling/runs/L2/L2_ddp_fullk_K400_s500k_seed3,immediate auto resume from latest known checkpoint
L1_ddp_fullk_K400_s300k_seed1,7159222.polaris-pbs-01.hsn.cm.polaris.alcf.anl.gov,/eagle/lc-mpi/Zhiqing/polaris_ebm/runs_long_k_scaling/runs/L1/L1_ddp_fullk_K400_s300k_seed1/checkpoints/ckpt_step159999.pt,2026-05-15T17:41:38.479453+00:00,/eagle/lc-mpi/Zhiqing/polaris_ebm/runs_long_k_scaling/pbs/L1_ddp_fullk_K400_s300k_seed1.pbs,/eagle/lc-mpi/Zhiqing/polaris_ebm/runs_long_k_scaling/runs/L1/L1_ddp_fullk_K400_s300k_seed1,immediate auto resume from latest known checkpoint
L1_ddp_fullk_K400_s300k_seed2,7159223.polaris-pbs-01.hsn.cm.polaris.alcf.anl.gov,/eagle/lc-mpi/Zhiqing/polaris_ebm/runs_long_k_scaling/runs/L1/L1_ddp_fullk_K400_s300k_seed2/checkpoints/ckpt_step209999.pt,2026-05-15T17:41:39.126301+00:00,/eagle/lc-mpi/Zhiqing/polaris_ebm/runs_long_k_scaling/pbs/L1_ddp_fullk_K400_s300k_seed2.pbs,/eagle/lc-mpi/Zhiqing/polaris_ebm/runs_long_k_scaling/runs/L1/L1_ddp_fullk_K400_s300k_seed2,immediate auto resume from latest known checkpoint
L2_ddp_fullk_K400_s500k_seed3,7159224.polaris-pbs-01.hsn.cm.polaris.alcf.anl.gov,/eagle/lc-mpi/Zhiqing/polaris_ebm/runs_long_k_scaling/runs/L2/L2_ddp_fullk_K400_s500k_seed3/checkpoints/ckpt_step104999.pt,2026-05-15T17:41:39.763306+00:00,/eagle/lc-mpi/Zhiqing/polaris_ebm/runs_long_k_scaling/pbs/L2_ddp_fullk_K400_s500k_seed3.pbs,/eagle/lc-mpi/Zhiqing/polaris_ebm/runs_long_k_scaling/runs/L2/L2_ddp_fullk_K400_s500k_seed3,immediate auto resume from latest known checkpoint
L1_ddp_fullk_K400_s300k_seed1,7159239.polaris-pbs-01.hsn.cm.polaris.alcf.anl.gov,/eagle/lc-mpi/Zhiqing/polaris_ebm/runs_long_k_scaling/runs/L1/L1_ddp_fullk_K400_s300k_seed1/checkpoints/ckpt_step159999.pt,2026-05-15T17:56:40.648109+00:00,/eagle/lc-mpi/Zhiqing/polaris_ebm/runs_long_k_scaling/pbs/L1_ddp_fullk_K400_s300k_seed1.pbs,/eagle/lc-mpi/Zhiqing/polaris_ebm/runs_long_k_scaling/runs/L1/L1_ddp_fullk_K400_s300k_seed1,immediate auto resume from latest known checkpoint
L1_ddp_fullk_K400_s300k_seed2,7159240.polaris-pbs-01.hsn.cm.polaris.alcf.anl.gov,/eagle/lc-mpi/Zhiqing/polaris_ebm/runs_long_k_scaling/runs/L1/L1_ddp_fullk_K400_s300k_seed2/checkpoints/ckpt_step209999.pt,2026-05-15T17:56:41.211695+00:00,/eagle/lc-mpi/Zhiqing/polaris_ebm/runs_long_k_scaling/pbs/L1_ddp_fullk_K400_s300k_seed2.pbs,/eagle/lc-mpi/Zhiqing/polaris_ebm/runs_long_k_scaling/runs/L1/L1_ddp_fullk_K400_s300k_seed2,immediate auto resume from latest known checkpoint
L2_ddp_fullk_K400_s500k_seed3,7159241.polaris-pbs-01.hsn.cm.polaris.alcf.anl.gov,/eagle/lc-mpi/Zhiqing/polaris_ebm/runs_long_k_scaling/runs/L2/L2_ddp_fullk_K400_s500k_seed3/checkpoints/ckpt_step104999.pt,2026-05-15T17:56:41.721417+00:00,/eagle/lc-mpi/Zhiqing/polaris_ebm/runs_long_k_scaling/pbs/L2_ddp_fullk_K400_s500k_seed3.pbs,/eagle/lc-mpi/Zhiqing/polaris_ebm/runs_long_k_scaling/runs/L2/L2_ddp_fullk_K400_s500k_seed3,immediate auto resume from latest known checkpoint
L1_ddp_fullk_K400_s300k_seed1,7159259.polaris-pbs-01.hsn.cm.polaris.alcf.anl.gov,/eagle/lc-mpi/Zhiqing/polaris_ebm/runs_long_k_scaling/runs/L1/L1_ddp_fullk_K400_s300k_seed1/checkpoints/ckpt_step159999.pt,2026-05-15T18:11:42.656302+00:00,/eagle/lc-mpi/Zhiqing/polaris_ebm/runs_long_k_scaling/pbs/L1_ddp_fullk_K400_s300k_seed1.pbs,/eagle/lc-mpi/Zhiqing/polaris_ebm/runs_long_k_scaling/runs/L1/L1_ddp_fullk_K400_s300k_seed1,immediate auto resume from latest known checkpoint
L1_ddp_fullk_K400_s300k_seed2,7159260.polaris-pbs-01.hsn.cm.polaris.alcf.anl.gov,/eagle/lc-mpi/Zhiqing/polaris_ebm/runs_long_k_scaling/runs/L1/L1_ddp_fullk_K400_s300k_seed2/checkpoints/ckpt_step209999.pt,2026-05-15T18:11:43.045408+00:00,/eagle/lc-mpi/Zhiqing/polaris_ebm/runs_long_k_scaling/pbs/L1_ddp_fullk_K400_s300k_seed2.pbs,/eagle/lc-mpi/Zhiqing/polaris_ebm/runs_long_k_scaling/runs/L1/L1_ddp_fullk_K400_s300k_seed2,immediate auto resume from latest known checkpoint
L2_ddp_fullk_K400_s500k_seed3,7159261.polaris-pbs-01.hsn.cm.polaris.alcf.anl.gov,/eagle/lc-mpi/Zhiqing/polaris_ebm/runs_long_k_scaling/runs/L2/L2_ddp_fullk_K400_s500k_seed3/checkpoints/ckpt_step104999.pt,2026-05-15T18:11:43.578278+00:00,/eagle/lc-mpi/Zhiqing/polaris_ebm/runs_long_k_scaling/pbs/L2_ddp_fullk_K400_s500k_seed3.pbs,/eagle/lc-mpi/Zhiqing/polaris_ebm/runs_long_k_scaling/runs/L2/L2_ddp_fullk_K400_s500k_seed3,immediate auto resume from latest known checkpoint
L1_ddp_fullk_K400_s300k_seed1,7159283.polaris-pbs-01.hsn.cm.polaris.alcf.anl.gov,/eagle/lc-mpi/Zhiqing/polaris_ebm/runs_long_k_scaling/runs/L1/L1_ddp_fullk_K400_s300k_seed1/checkpoints/ckpt_step159999.pt,2026-05-15T18:26:44.568385+00:00,/eagle/lc-mpi/Zhiqing/polaris_ebm/runs_long_k_scaling/pbs/L1_ddp_fullk_K400_s300k_seed1.pbs,/eagle/lc-mpi/Zhiqing/polaris_ebm/runs_long_k_scaling/runs/L1/L1_ddp_fullk_K400_s300k_seed1,immediate auto resume from latest known checkpoint
L1_ddp_fullk_K400_s300k_seed2,7159284.polaris-pbs-01.hsn.cm.polaris.alcf.anl.gov,/eagle/lc-mpi/Zhiqing/polaris_ebm/runs_long_k_scaling/runs/L1/L1_ddp_fullk_K400_s300k_seed2/checkpoints/ckpt_step209999.pt,2026-05-15T18:26:45.053577+00:00,/eagle/lc-mpi/Zhiqing/polaris_ebm/runs_long_k_scaling/pbs/L1_ddp_fullk_K400_s300k_seed2.pbs,/eagle/lc-mpi/Zhiqing/polaris_ebm/runs_long_k_scaling/runs/L1/L1_ddp_fullk_K400_s300k_seed2,immediate auto resume from latest known checkpoint
L2_ddp_fullk_K400_s500k_seed3,7159285.polaris-pbs-01.hsn.cm.polaris.alcf.anl.gov,/eagle/lc-mpi/Zhiqing/polaris_ebm/runs_long_k_scaling/runs/L2/L2_ddp_fullk_K400_s500k_seed3/checkpoints/ckpt_step104999.pt,2026-05-15T18:26:45.605925+00:00,/eagle/lc-mpi/Zhiqing/polaris_ebm/runs_long_k_scaling/pbs/L2_ddp_fullk_K400_s500k_seed3.pbs,/eagle/lc-mpi/Zhiqing/polaris_ebm/runs_long_k_scaling/runs/L2/L2_ddp_fullk_K400_s500k_seed3,immediate auto resume from latest known checkpoint
L1_ddp_fullk_K400_s300k_seed1,7159305.polaris-pbs-01.hsn.cm.polaris.alcf.anl.gov,/eagle/lc-mpi/Zhiqing/polaris_ebm/runs_long_k_scaling/runs/L1/L1_ddp_fullk_K400_s300k_seed1/checkpoints/ckpt_step159999.pt,2026-05-15T18:41:46.648665+00:00,/eagle/lc-mpi/Zhiqing/polaris_ebm/runs_long_k_scaling/pbs/L1_ddp_fullk_K400_s300k_seed1.pbs,/eagle/lc-mpi/Zhiqing/polaris_ebm/runs_long_k_scaling/runs/L1/L1_ddp_fullk_K400_s300k_seed1,immediate auto resume from latest known checkpoint
L1_ddp_fullk_K400_s300k_seed2,7159306.polaris-pbs-01.hsn.cm.polaris.alcf.anl.gov,/eagle/lc-mpi/Zhiqing/polaris_ebm/runs_long_k_scaling/runs/L1/L1_ddp_fullk_K400_s300k_seed2/checkpoints/ckpt_step209999.pt,2026-05-15T18:41:47.075044+00:00,/eagle/lc-mpi/Zhiqing/polaris_ebm/runs_long_k_scaling/pbs/L1_ddp_fullk_K400_s300k_seed2.pbs,/eagle/lc-mpi/Zhiqing/polaris_ebm/runs_long_k_scaling/runs/L1/L1_ddp_fullk_K400_s300k_seed2,immediate auto resume from latest known checkpoint
L2_ddp_fullk_K400_s500k_seed3,7159307.polaris-pbs-01.hsn.cm.polaris.alcf.anl.gov,/eagle/lc-mpi/Zhiqing/polaris_ebm/runs_long_k_scaling/runs/L2/L2_ddp_fullk_K400_s500k_seed3/checkpoints/ckpt_step104999.pt,2026-05-15T18:41:47.659080+00:00,/eagle/lc-mpi/Zhiqing/polaris_ebm/runs_long_k_scaling/pbs/L2_ddp_fullk_K400_s500k_seed3.pbs,/eagle/lc-mpi/Zhiqing/polaris_ebm/runs_long_k_scaling/runs/L2/L2_ddp_fullk_K400_s500k_seed3,immediate auto resume from latest known checkpoint
L1_ddp_fullk_K400_s300k_seed1,7159323.polaris-pbs-01.hsn.cm.polaris.alcf.anl.gov,/eagle/lc-mpi/Zhiqing/polaris_ebm/runs_long_k_scaling/runs/L1/L1_ddp_fullk_K400_s300k_seed1/checkpoints/ckpt_step159999.pt,2026-05-15T18:56:48.685177+00:00,/eagle/lc-mpi/Zhiqing/polaris_ebm/runs_long_k_scaling/pbs/L1_ddp_fullk_K400_s300k_seed1.pbs,/eagle/lc-mpi/Zhiqing/polaris_ebm/runs_long_k_scaling/runs/L1/L1_ddp_fullk_K400_s300k_seed1,immediate auto resume from latest known checkpoint
L1_ddp_fullk_K400_s300k_seed2,7159324.polaris-pbs-01.hsn.cm.polaris.alcf.anl.gov,/eagle/lc-mpi/Zhiqing/polaris_ebm/runs_long_k_scaling/runs/L1/L1_ddp_fullk_K400_s300k_seed2/checkpoints/ckpt_step209999.pt,2026-05-15T18:56:49.108234+00:00,/eagle/lc-mpi/Zhiqing/polaris_ebm/runs_long_k_scaling/pbs/L1_ddp_fullk_K400_s300k_seed2.pbs,/eagle/lc-mpi/Zhiqing/polaris_ebm/runs_long_k_scaling/runs/L1/L1_ddp_fullk_K400_s300k_seed2,immediate auto resume from latest known checkpoint
L2_ddp_fullk_K400_s500k_seed3,7159325.polaris-pbs-01.hsn.cm.polaris.alcf.anl.gov,/eagle/lc-mpi/Zhiqing/polaris_ebm/runs_long_k_scaling/runs/L2/L2_ddp_fullk_K400_s500k_seed3/checkpoints/ckpt_step104999.pt,2026-05-15T18:56:49.638294+00:00,/eagle/lc-mpi/Zhiqing/polaris_ebm/runs_long_k_scaling/pbs/L2_ddp_fullk_K400_s500k_seed3.pbs,/eagle/lc-mpi/Zhiqing/polaris_ebm/runs_long_k_scaling/runs/L2/L2_ddp_fullk_K400_s500k_seed3,immediate auto resume from latest known checkpoint
L1_ddp_fullk_K400_s300k_seed1,7159353.polaris-pbs-01.hsn.cm.polaris.alcf.anl.gov,/eagle/lc-mpi/Zhiqing/polaris_ebm/runs_long_k_scaling/runs/L1/L1_ddp_fullk_K400_s300k_seed1/checkpoints/ckpt_step159999.pt,2026-05-15T19:11:50.564423+00:00,/eagle/lc-mpi/Zhiqing/polaris_ebm/runs_long_k_scaling/pbs/L1_ddp_fullk_K400_s300k_seed1.pbs,/eagle/lc-mpi/Zhiqing/polaris_ebm/runs_long_k_scaling/runs/L1/L1_ddp_fullk_K400_s300k_seed1,immediate auto resume from latest known checkpoint
L1_ddp_fullk_K400_s300k_seed2,7159354.polaris-pbs-01.hsn.cm.polaris.alcf.anl.gov,/eagle/lc-mpi/Zhiqing/polaris_ebm/runs_long_k_scaling/runs/L1/L1_ddp_fullk_K400_s300k_seed2/checkpoints/ckpt_step209999.pt,2026-05-15T19:11:50.950943+00:00,/eagle/lc-mpi/Zhiqing/polaris_ebm/runs_long_k_scaling/pbs/L1_ddp_fullk_K400_s300k_seed2.pbs,/eagle/lc-mpi/Zhiqing/polaris_ebm/runs_long_k_scaling/runs/L1/L1_ddp_fullk_K400_s300k_seed2,immediate auto resume from latest known checkpoint
L2_ddp_fullk_K400_s500k_seed3,7159355.polaris-pbs-01.hsn.cm.polaris.alcf.anl.gov,/eagle/lc-mpi/Zhiqing/polaris_ebm/runs_long_k_scaling/runs/L2/L2_ddp_fullk_K400_s500k_seed3/checkpoints/ckpt_step104999.pt,2026-05-15T19:11:51.475437+00:00,/eagle/lc-mpi/Zhiqing/polaris_ebm/runs_long_k_scaling/pbs/L2_ddp_fullk_K400_s500k_seed3.pbs,/eagle/lc-mpi/Zhiqing/polaris_ebm/runs_long_k_scaling/runs/L2/L2_ddp_fullk_K400_s500k_seed3,immediate auto resume from latest known checkpoint
L1_ddp_fullk_K400_s300k_seed1,7159550.polaris-pbs-01.hsn.cm.polaris.alcf.anl.gov,/eagle/lc-mpi/Zhiqing/polaris_ebm/runs_long_k_scaling/runs/L1/L1_ddp_fullk_K400_s300k_seed1/checkpoints/ckpt_step159999.pt,2026-05-15T23:57:02.719502+00:00,/eagle/lc-mpi/Zhiqing/polaris_ebm/runs_long_k_scaling/pbs/L1_ddp_fullk_K400_s300k_seed1.pbs,/eagle/lc-mpi/Zhiqing/polaris_ebm/runs_long_k_scaling/runs/L1/L1_ddp_fullk_K400_s300k_seed1,immediate auto resume from latest known checkpoint
L1_ddp_fullk_K400_s300k_seed2,7159551.polaris-pbs-01.hsn.cm.polaris.alcf.anl.gov,/eagle/lc-mpi/Zhiqing/polaris_ebm/runs_long_k_scaling/runs/L1/L1_ddp_fullk_K400_s300k_seed2/checkpoints/ckpt_step209999.pt,2026-05-15T23:57:03.181775+00:00,/eagle/lc-mpi/Zhiqing/polaris_ebm/runs_long_k_scaling/pbs/L1_ddp_fullk_K400_s300k_seed2.pbs,/eagle/lc-mpi/Zhiqing/polaris_ebm/runs_long_k_scaling/runs/L1/L1_ddp_fullk_K400_s300k_seed2,immediate auto resume from latest known checkpoint
L2_ddp_fullk_K400_s500k_seed3,7159552.polaris-pbs-01.hsn.cm.polaris.alcf.anl.gov,/eagle/lc-mpi/Zhiqing/polaris_ebm/runs_long_k_scaling/runs/L2/L2_ddp_fullk_K400_s500k_seed3/checkpoints/ckpt_step104999.pt,2026-05-15T23:57:03.640377+00:00,/eagle/lc-mpi/Zhiqing/polaris_ebm/runs_long_k_scaling/pbs/L2_ddp_fullk_K400_s500k_seed3.pbs,/eagle/lc-mpi/Zhiqing/polaris_ebm/runs_long_k_scaling/runs/L2/L2_ddp_fullk_K400_s500k_seed3,immediate auto resume from latest known checkpoint
L1_ddp_fullk_K400_s300k_seed1,7159576.polaris-pbs-01.hsn.cm.polaris.alcf.anl.gov,/eagle/lc-mpi/Zhiqing/polaris_ebm/runs_long_k_scaling/runs/L1/L1_ddp_fullk_K400_s300k_seed1/checkpoints/ckpt_step159999.pt,2026-05-16T01:12:09.699826+00:00,/eagle/lc-mpi/Zhiqing/polaris_ebm/runs_long_k_scaling/pbs/L1_ddp_fullk_K400_s300k_seed1.pbs,/eagle/lc-mpi/Zhiqing/polaris_ebm/runs_long_k_scaling/runs/L1/L1_ddp_fullk_K400_s300k_seed1,immediate auto resume from latest known checkpoint
L1_ddp_fullk_K400_s300k_seed2,7159577.polaris-pbs-01.hsn.cm.polaris.alcf.anl.gov,/eagle/lc-mpi/Zhiqing/polaris_ebm/runs_long_k_scaling/runs/L1/L1_ddp_fullk_K400_s300k_seed2/checkpoints/ckpt_step209999.pt,2026-05-16T01:12:10.144373+00:00,/eagle/lc-mpi/Zhiqing/polaris_ebm/runs_long_k_scaling/pbs/L1_ddp_fullk_K400_s300k_seed2.pbs,/eagle/lc-mpi/Zhiqing/polaris_ebm/runs_long_k_scaling/runs/L1/L1_ddp_fullk_K400_s300k_seed2,immediate auto resume from latest known checkpoint
L2_ddp_fullk_K400_s500k_seed3,7159578.polaris-pbs-01.hsn.cm.polaris.alcf.anl.gov,/eagle/lc-mpi/Zhiqing/polaris_ebm/runs_long_k_scaling/runs/L2/L2_ddp_fullk_K400_s500k_seed3/checkpoints/ckpt_step104999.pt,2026-05-16T01:12:10.632233+00:00,/eagle/lc-mpi/Zhiqing/polaris_ebm/runs_long_k_scaling/pbs/L2_ddp_fullk_K400_s500k_seed3.pbs,/eagle/lc-mpi/Zhiqing/polaris_ebm/runs_long_k_scaling/runs/L2/L2_ddp_fullk_K400_s500k_seed3,immediate auto resume from latest known checkpoint
L1_ddp_fullk_K400_s300k_seed1,7159590.polaris-pbs-01.hsn.cm.polaris.alcf.anl.gov,/eagle/lc-mpi/Zhiqing/polaris_ebm/runs_long_k_scaling/runs/L1/L1_ddp_fullk_K400_s300k_seed1/checkpoints/ckpt_step159999.pt,2026-05-16T02:12:14.049835+00:00,/eagle/lc-mpi/Zhiqing/polaris_ebm/runs_long_k_scaling/pbs/L1_ddp_fullk_K400_s300k_seed1.pbs,/eagle/lc-mpi/Zhiqing/polaris_ebm/runs_long_k_scaling/runs/L1/L1_ddp_fullk_K400_s300k_seed1,immediate auto resume from latest known checkpoint
L1_ddp_fullk_K400_s300k_seed2,7159591.polaris-pbs-01.hsn.cm.polaris.alcf.anl.gov,/eagle/lc-mpi/Zhiqing/polaris_ebm/runs_long_k_scaling/runs/L1/L1_ddp_fullk_K400_s300k_seed2/checkpoints/ckpt_step209999.pt,2026-05-16T02:12:14.535734+00:00,/eagle/lc-mpi/Zhiqing/polaris_ebm/runs_long_k_scaling/pbs/L1_ddp_fullk_K400_s300k_seed2.pbs,/eagle/lc-mpi/Zhiqing/polaris_ebm/runs_long_k_scaling/runs/L1/L1_ddp_fullk_K400_s300k_seed2,immediate auto resume from latest known checkpoint
L2_ddp_fullk_K400_s500k_seed2,7159592.polaris-pbs-01.hsn.cm.polaris.alcf.anl.gov,/eagle/lc-mpi/Zhiqing/polaris_ebm/runs_long_k_scaling/runs/L2/L2_ddp_fullk_K400_s500k_seed2/checkpoints/ckpt_step269999.pt,2026-05-16T02:12:14.987746+00:00,/eagle/lc-mpi/Zhiqing/polaris_ebm/runs_long_k_scaling/pbs/L2_ddp_fullk_K400_s500k_seed2.pbs,/eagle/lc-mpi/Zhiqing/polaris_ebm/runs_long_k_scaling/runs/L2/L2_ddp_fullk_K400_s500k_seed2,immediate auto resume from latest known checkpoint
L2_ddp_fullk_K400_s500k_seed3,7159593.polaris-pbs-01.hsn.cm.polaris.alcf.anl.gov,/eagle/lc-mpi/Zhiqing/polaris_ebm/runs_long_k_scaling/runs/L2/L2_ddp_fullk_K400_s500k_seed3/checkpoints/ckpt_step104999.pt,2026-05-16T02:12:15.370325+00:00,/eagle/lc-mpi/Zhiqing/polaris_ebm/runs_long_k_scaling/pbs/L2_ddp_fullk_K400_s500k_seed3.pbs,/eagle/lc-mpi/Zhiqing/polaris_ebm/runs_long_k_scaling/runs/L2/L2_ddp_fullk_K400_s500k_seed3,immediate auto resume from latest known checkpoint
L1_ddp_fullk_K400_s300k_seed1,7159600.polaris-pbs-01.hsn.cm.polaris.alcf.anl.gov,/eagle/lc-mpi/Zhiqing/polaris_ebm/runs_long_k_scaling/runs/L1/L1_ddp_fullk_K400_s300k_seed1/checkpoints/ckpt_step159999.pt,2026-05-16T02:27:16.366683+00:00,/eagle/lc-mpi/Zhiqing/polaris_ebm/runs_long_k_scaling/pbs/L1_ddp_fullk_K400_s300k_seed1.pbs,/eagle/lc-mpi/Zhiqing/polaris_ebm/runs_long_k_scaling/runs/L1/L1_ddp_fullk_K400_s300k_seed1,immediate auto resume from latest known checkpoint
L1_ddp_fullk_K400_s300k_seed2,7159601.polaris-pbs-01.hsn.cm.polaris.alcf.anl.gov,/eagle/lc-mpi/Zhiqing/polaris_ebm/runs_long_k_scaling/runs/L1/L1_ddp_fullk_K400_s300k_seed2/checkpoints/ckpt_step209999.pt,2026-05-16T02:27:16.774597+00:00,/eagle/lc-mpi/Zhiqing/polaris_ebm/runs_long_k_scaling/pbs/L1_ddp_fullk_K400_s300k_seed2.pbs,/eagle/lc-mpi/Zhiqing/polaris_ebm/runs_long_k_scaling/runs/L1/L1_ddp_fullk_K400_s300k_seed2,immediate auto resume from latest known checkpoint
L2_ddp_fullk_K400_s500k_seed3,7159602.polaris-pbs-01.hsn.cm.polaris.alcf.anl.gov,/eagle/lc-mpi/Zhiqing/polaris_ebm/runs_long_k_scaling/runs/L2/L2_ddp_fullk_K400_s500k_seed3/checkpoints/ckpt_step104999.pt,2026-05-16T02:27:17.195357+00:00,/eagle/lc-mpi/Zhiqing/polaris_ebm/runs_long_k_scaling/pbs/L2_ddp_fullk_K400_s500k_seed3.pbs,/eagle/lc-mpi/Zhiqing/polaris_ebm/runs_long_k_scaling/runs/L2/L2_ddp_fullk_K400_s500k_seed3,immediate auto resume from latest known checkpoint
L1_ddp_fullk_K400_s300k_seed1,7159605.polaris-pbs-01.hsn.cm.polaris.alcf.anl.gov,/eagle/lc-mpi/Zhiqing/polaris_ebm/runs_long_k_scaling/runs/L1/L1_ddp_fullk_K400_s300k_seed1/checkpoints/ckpt_step159999.pt,2026-05-16T02:42:18.207730+00:00,/eagle/lc-mpi/Zhiqing/polaris_ebm/runs_long_k_scaling/pbs/L1_ddp_fullk_K400_s300k_seed1.pbs,/eagle/lc-mpi/Zhiqing/polaris_ebm/runs_long_k_scaling/runs/L1/L1_ddp_fullk_K400_s300k_seed1,immediate auto resume from latest known checkpoint
L1_ddp_fullk_K400_s300k_seed2,7159606.polaris-pbs-01.hsn.cm.polaris.alcf.anl.gov,/eagle/lc-mpi/Zhiqing/polaris_ebm/runs_long_k_scaling/runs/L1/L1_ddp_fullk_K400_s300k_seed2/checkpoints/ckpt_step209999.pt,2026-05-16T02:42:18.887610+00:00,/eagle/lc-mpi/Zhiqing/polaris_ebm/runs_long_k_scaling/pbs/L1_ddp_fullk_K400_s300k_seed2.pbs,/eagle/lc-mpi/Zhiqing/polaris_ebm/runs_long_k_scaling/runs/L1/L1_ddp_fullk_K400_s300k_seed2,immediate auto resume from latest known checkpoint
L2_ddp_fullk_K400_s500k_seed3,7159607.polaris-pbs-01.hsn.cm.polaris.alcf.anl.gov,/eagle/lc-mpi/Zhiqing/polaris_ebm/runs_long_k_scaling/runs/L2/L2_ddp_fullk_K400_s500k_seed3/checkpoints/ckpt_step104999.pt,2026-05-16T02:42:19.423942+00:00,/eagle/lc-mpi/Zhiqing/polaris_ebm/runs_long_k_scaling/pbs/L2_ddp_fullk_K400_s500k_seed3.pbs,/eagle/lc-mpi/Zhiqing/polaris_ebm/runs_long_k_scaling/runs/L2/L2_ddp_fullk_K400_s500k_seed3,immediate auto resume from latest known checkpoint
L1_ddp_fullk_K400_s300k_seed1,7159611.polaris-pbs-01.hsn.cm.polaris.alcf.anl.gov,/eagle/lc-mpi/Zhiqing/polaris_ebm/runs_long_k_scaling/runs/L1/L1_ddp_fullk_K400_s300k_seed1/checkpoints/ckpt_step159999.pt,2026-05-16T02:57:20.267340+00:00,/eagle/lc-mpi/Zhiqing/polaris_ebm/runs_long_k_scaling/pbs/L1_ddp_fullk_K400_s300k_seed1.pbs,/eagle/lc-mpi/Zhiqing/polaris_ebm/runs_long_k_scaling/runs/L1/L1_ddp_fullk_K400_s300k_seed1,immediate auto resume from latest known checkpoint
L1_ddp_fullk_K400_s300k_seed2,7159612.polaris-pbs-01.hsn.cm.polaris.alcf.anl.gov,/eagle/lc-mpi/Zhiqing/polaris_ebm/runs_long_k_scaling/runs/L1/L1_ddp_fullk_K400_s300k_seed2/checkpoints/ckpt_step209999.pt,2026-05-16T02:57:20.656308+00:00,/eagle/lc-mpi/Zhiqing/polaris_ebm/runs_long_k_scaling/pbs/L1_ddp_fullk_K400_s300k_seed2.pbs,/eagle/lc-mpi/Zhiqing/polaris_ebm/runs_long_k_scaling/runs/L1/L1_ddp_fullk_K400_s300k_seed2,immediate auto resume from latest known checkpoint
L2_ddp_fullk_K400_s500k_seed3,7159613.polaris-pbs-01.hsn.cm.polaris.alcf.anl.gov,/eagle/lc-mpi/Zhiqing/polaris_ebm/runs_long_k_scaling/runs/L2/L2_ddp_fullk_K400_s500k_seed3/checkpoints/ckpt_step104999.pt,2026-05-16T02:57:21.045102+00:00,/eagle/lc-mpi/Zhiqing/polaris_ebm/runs_long_k_scaling/pbs/L2_ddp_fullk_K400_s500k_seed3.pbs,/eagle/lc-mpi/Zhiqing/polaris_ebm/runs_long_k_scaling/runs/L2/L2_ddp_fullk_K400_s500k_seed3,immediate auto resume from latest known checkpoint
L1_ddp_fullk_K400_s300k_seed1,7159614.polaris-pbs-01.hsn.cm.polaris.alcf.anl.gov,/eagle/lc-mpi/Zhiqing/polaris_ebm/runs_long_k_scaling/runs/L1/L1_ddp_fullk_K400_s300k_seed1/checkpoints/ckpt_step159999.pt,2026-05-16T03:12:21.866649+00:00,/eagle/lc-mpi/Zhiqing/polaris_ebm/runs_long_k_scaling/pbs/L1_ddp_fullk_K400_s300k_seed1.pbs,/eagle/lc-mpi/Zhiqing/polaris_ebm/runs_long_k_scaling/runs/L1/L1_ddp_fullk_K400_s300k_seed1,immediate auto resume from latest known checkpoint
L1_ddp_fullk_K400_s300k_seed2,7159615.polaris-pbs-01.hsn.cm.polaris.alcf.anl.gov,/eagle/lc-mpi/Zhiqing/polaris_ebm/runs_long_k_scaling/runs/L1/L1_ddp_fullk_K400_s300k_seed2/checkpoints/ckpt_step209999.pt,2026-05-16T03:12:22.469689+00:00,/eagle/lc-mpi/Zhiqing/polaris_ebm/runs_long_k_scaling/pbs/L1_ddp_fullk_K400_s300k_seed2.pbs,/eagle/lc-mpi/Zhiqing/polaris_ebm/runs_long_k_scaling/runs/L1/L1_ddp_fullk_K400_s300k_seed2,immediate auto resume from latest known checkpoint
L2_ddp_fullk_K400_s500k_seed3,7159616.polaris-pbs-01.hsn.cm.polaris.alcf.anl.gov,/eagle/lc-mpi/Zhiqing/polaris_ebm/runs_long_k_scaling/runs/L2/L2_ddp_fullk_K400_s500k_seed3/checkpoints/ckpt_step104999.pt,2026-05-16T03:12:22.921851+00:00,/eagle/lc-mpi/Zhiqing/polaris_ebm/runs_long_k_scaling/pbs/L2_ddp_fullk_K400_s500k_seed3.pbs,/eagle/lc-mpi/Zhiqing/polaris_ebm/runs_long_k_scaling/runs/L2/L2_ddp_fullk_K400_s500k_seed3,immediate auto resume from latest known checkpoint
L1_ddp_fullk_K400_s300k_seed1,7159618.polaris-pbs-01.hsn.cm.polaris.alcf.anl.gov,/eagle/lc-mpi/Zhiqing/polaris_ebm/runs_long_k_scaling/runs/L1/L1_ddp_fullk_K400_s300k_seed1/checkpoints/ckpt_step159999.pt,2026-05-16T03:27:23.846943+00:00,/eagle/lc-mpi/Zhiqing/polaris_ebm/runs_long_k_scaling/pbs/L1_ddp_fullk_K400_s300k_seed1.pbs,/eagle/lc-mpi/Zhiqing/polaris_ebm/runs_long_k_scaling/runs/L1/L1_ddp_fullk_K400_s300k_seed1,immediate auto resume from latest known checkpoint
L1_ddp_fullk_K400_s300k_seed2,7159619.polaris-pbs-01.hsn.cm.polaris.alcf.anl.gov,/eagle/lc-mpi/Zhiqing/polaris_ebm/runs_long_k_scaling/runs/L1/L1_ddp_fullk_K400_s300k_seed2/checkpoints/ckpt_step209999.pt,2026-05-16T03:27:24.278635+00:00,/eagle/lc-mpi/Zhiqing/polaris_ebm/runs_long_k_scaling/pbs/L1_ddp_fullk_K400_s300k_seed2.pbs,/eagle/lc-mpi/Zhiqing/polaris_ebm/runs_long_k_scaling/runs/L1/L1_ddp_fullk_K400_s300k_seed2,immediate auto resume from latest known checkpoint
L2_ddp_fullk_K400_s500k_seed3,7159620.polaris-pbs-01.hsn.cm.polaris.alcf.anl.gov,/eagle/lc-mpi/Zhiqing/polaris_ebm/runs_long_k_scaling/runs/L2/L2_ddp_fullk_K400_s500k_seed3/checkpoints/ckpt_step104999.pt,2026-05-16T03:27:24.725670+00:00,/eagle/lc-mpi/Zhiqing/polaris_ebm/runs_long_k_scaling/pbs/L2_ddp_fullk_K400_s500k_seed3.pbs,/eagle/lc-mpi/Zhiqing/polaris_ebm/runs_long_k_scaling/runs/L2/L2_ddp_fullk_K400_s500k_seed3,immediate auto resume from latest known checkpoint
L1_ddp_fullk_K400_s300k_seed1,7159643.polaris-pbs-01.hsn.cm.polaris.alcf.anl.gov,/eagle/lc-mpi/Zhiqing/polaris_ebm/runs_long_k_scaling/runs/L1/L1_ddp_fullk_K400_s300k_seed1/checkpoints/ckpt_step159999.pt,2026-05-16T03:42:25.775612+00:00,/eagle/lc-mpi/Zhiqing/polaris_ebm/runs_long_k_scaling/pbs/L1_ddp_fullk_K400_s300k_seed1.pbs,/eagle/lc-mpi/Zhiqing/polaris_ebm/runs_long_k_scaling/runs/L1/L1_ddp_fullk_K400_s300k_seed1,immediate auto resume from latest known checkpoint
L1_ddp_fullk_K400_s300k_seed2,7159644.polaris-pbs-01.hsn.cm.polaris.alcf.anl.gov,/eagle/lc-mpi/Zhiqing/polaris_ebm/runs_long_k_scaling/runs/L1/L1_ddp_fullk_K400_s300k_seed2/checkpoints/ckpt_step209999.pt,2026-05-16T03:42:26.352583+00:00,/eagle/lc-mpi/Zhiqing/polaris_ebm/runs_long_k_scaling/pbs/L1_ddp_fullk_K400_s300k_seed2.pbs,/eagle/lc-mpi/Zhiqing/polaris_ebm/runs_long_k_scaling/runs/L1/L1_ddp_fullk_K400_s300k_seed2,immediate auto resume from latest known checkpoint
L2_ddp_fullk_K400_s500k_seed3,7159645.polaris-pbs-01.hsn.cm.polaris.alcf.anl.gov,/eagle/lc-mpi/Zhiqing/polaris_ebm/runs_long_k_scaling/runs/L2/L2_ddp_fullk_K400_s500k_seed3/checkpoints/ckpt_step104999.pt,2026-05-16T03:42:26.744728+00:00,/eagle/lc-mpi/Zhiqing/polaris_ebm/runs_long_k_scaling/pbs/L2_ddp_fullk_K400_s500k_seed3.pbs,/eagle/lc-mpi/Zhiqing/polaris_ebm/runs_long_k_scaling/runs/L2/L2_ddp_fullk_K400_s500k_seed3,immediate auto resume from latest known checkpoint
L1_ddp_fullk_K400_s300k_seed1,7159650.polaris-pbs-01.hsn.cm.polaris.alcf.anl.gov,/eagle/lc-mpi/Zhiqing/polaris_ebm/runs_long_k_scaling/runs/L1/L1_ddp_fullk_K400_s300k_seed1/checkpoints/ckpt_step159999.pt,2026-05-16T03:57:27.744637+00:00,/eagle/lc-mpi/Zhiqing/polaris_ebm/runs_long_k_scaling/pbs/L1_ddp_fullk_K400_s300k_seed1.pbs,/eagle/lc-mpi/Zhiqing/polaris_ebm/runs_long_k_scaling/runs/L1/L1_ddp_fullk_K400_s300k_seed1,immediate auto resume from latest known checkpoint
L1_ddp_fullk_K400_s300k_seed2,7159651.polaris-pbs-01.hsn.cm.polaris.alcf.anl.gov,/eagle/lc-mpi/Zhiqing/polaris_ebm/runs_long_k_scaling/runs/L1/L1_ddp_fullk_K400_s300k_seed2/checkpoints/ckpt_step209999.pt,2026-05-16T03:57:28.168473+00:00,/eagle/lc-mpi/Zhiqing/polaris_ebm/runs_long_k_scaling/pbs/L1_ddp_fullk_K400_s300k_seed2.pbs,/eagle/lc-mpi/Zhiqing/polaris_ebm/runs_long_k_scaling/runs/L1/L1_ddp_fullk_K400_s300k_seed2,immediate auto resume from latest known checkpoint
L2_ddp_fullk_K400_s500k_seed3,7159652.polaris-pbs-01.hsn.cm.polaris.alcf.anl.gov,/eagle/lc-mpi/Zhiqing/polaris_ebm/runs_long_k_scaling/runs/L2/L2_ddp_fullk_K400_s500k_seed3/checkpoints/ckpt_step104999.pt,2026-05-16T03:57:28.574862+00:00,/eagle/lc-mpi/Zhiqing/polaris_ebm/runs_long_k_scaling/pbs/L2_ddp_fullk_K400_s500k_seed3.pbs,/eagle/lc-mpi/Zhiqing/polaris_ebm/runs_long_k_scaling/runs/L2/L2_ddp_fullk_K400_s500k_seed3,immediate auto resume from latest known checkpoint
L1_ddp_fullk_K400_s300k_seed1,7159668.polaris-pbs-01.hsn.cm.polaris.alcf.anl.gov,/eagle/lc-mpi/Zhiqing/polaris_ebm/runs_long_k_scaling/runs/L1/L1_ddp_fullk_K400_s300k_seed1/checkpoints/ckpt_step159999.pt,2026-05-16T07:12:36.741647+00:00,/eagle/lc-mpi/Zhiqing/polaris_ebm/runs_long_k_scaling/pbs/L1_ddp_fullk_K400_s300k_seed1.pbs,/eagle/lc-mpi/Zhiqing/polaris_ebm/runs_long_k_scaling/runs/L1/L1_ddp_fullk_K400_s300k_seed1,immediate auto resume from latest known checkpoint
L1_ddp_fullk_K400_s300k_seed2,7159669.polaris-pbs-01.hsn.cm.polaris.alcf.anl.gov,/eagle/lc-mpi/Zhiqing/polaris_ebm/runs_long_k_scaling/runs/L1/L1_ddp_fullk_K400_s300k_seed2/checkpoints/ckpt_step209999.pt,2026-05-16T07:12:37.227433+00:00,/eagle/lc-mpi/Zhiqing/polaris_ebm/runs_long_k_scaling/pbs/L1_ddp_fullk_K400_s300k_seed2.pbs,/eagle/lc-mpi/Zhiqing/polaris_ebm/runs_long_k_scaling/runs/L1/L1_ddp_fullk_K400_s300k_seed2,immediate auto resume from latest known checkpoint
L2_ddp_fullk_K400_s500k_seed3,7159670.polaris-pbs-01.hsn.cm.polaris.alcf.anl.gov,/eagle/lc-mpi/Zhiqing/polaris_ebm/runs_long_k_scaling/runs/L2/L2_ddp_fullk_K400_s500k_seed3/checkpoints/ckpt_step104999.pt,2026-05-16T07:12:37.704265+00:00,/eagle/lc-mpi/Zhiqing/polaris_ebm/runs_long_k_scaling/pbs/L2_ddp_fullk_K400_s500k_seed3.pbs,/eagle/lc-mpi/Zhiqing/polaris_ebm/runs_long_k_scaling/runs/L2/L2_ddp_fullk_K400_s500k_seed3,immediate auto resume from latest known checkpoint
L1_ddp_fullk_K400_s300k_seed3,7159682.polaris-pbs-01.hsn.cm.polaris.alcf.anl.gov,/eagle/lc-mpi/Zhiqing/polaris_ebm/runs_long_k_scaling/runs/L1/L1_ddp_fullk_K400_s300k_seed3/checkpoints/ckpt_step189999.pt,2026-05-16T08:12:40.078324+00:00,/eagle/lc-mpi/Zhiqing/polaris_ebm/runs_long_k_scaling/pbs/L1_ddp_fullk_K400_s300k_seed3.pbs,/eagle/lc-mpi/Zhiqing/polaris_ebm/runs_long_k_scaling/runs/L1/L1_ddp_fullk_K400_s300k_seed3,immediate auto resume from latest known checkpoint
L1_ddp_fullk_K400_s300k_seed1,7159683.polaris-pbs-01.hsn.cm.polaris.alcf.anl.gov,/eagle/lc-mpi/Zhiqing/polaris_ebm/runs_long_k_scaling/runs/L1/L1_ddp_fullk_K400_s300k_seed1/checkpoints/ckpt_step159999.pt,2026-05-16T08:27:40.944117+00:00,/eagle/lc-mpi/Zhiqing/polaris_ebm/runs_long_k_scaling/pbs/L1_ddp_fullk_K400_s300k_seed1.pbs,/eagle/lc-mpi/Zhiqing/polaris_ebm/runs_long_k_scaling/runs/L1/L1_ddp_fullk_K400_s300k_seed1,immediate auto resume from latest known checkpoint
L1_ddp_fullk_K400_s300k_seed2,7159684.polaris-pbs-01.hsn.cm.polaris.alcf.anl.gov,/eagle/lc-mpi/Zhiqing/polaris_ebm/runs_long_k_scaling/runs/L1/L1_ddp_fullk_K400_s300k_seed2/checkpoints/ckpt_step209999.pt,2026-05-16T08:27:41.468544+00:00,/eagle/lc-mpi/Zhiqing/polaris_ebm/runs_long_k_scaling/pbs/L1_ddp_fullk_K400_s300k_seed2.pbs,/eagle/lc-mpi/Zhiqing/polaris_ebm/runs_long_k_scaling/runs/L1/L1_ddp_fullk_K400_s300k_seed2,immediate auto resume from latest known checkpoint
L2_ddp_fullk_K400_s500k_seed3,7159685.polaris-pbs-01.hsn.cm.polaris.alcf.anl.gov,/eagle/lc-mpi/Zhiqing/polaris_ebm/runs_long_k_scaling/runs/L2/L2_ddp_fullk_K400_s500k_seed3/checkpoints/ckpt_step104999.pt,2026-05-16T08:27:42.131042+00:00,/eagle/lc-mpi/Zhiqing/polaris_ebm/runs_long_k_scaling/pbs/L2_ddp_fullk_K400_s500k_seed3.pbs,/eagle/lc-mpi/Zhiqing/polaris_ebm/runs_long_k_scaling/runs/L2/L2_ddp_fullk_K400_s500k_seed3,immediate auto resume from latest known checkpoint
L1_ddp_fullk_K400_s300k_seed1,7159703.polaris-pbs-01.hsn.cm.polaris.alcf.anl.gov,/eagle/lc-mpi/Zhiqing/polaris_ebm/runs_long_k_scaling/runs/L1/L1_ddp_fullk_K400_s300k_seed1/checkpoints/ckpt_step159999.pt,2026-05-16T08:42:42.952901+00:00,/eagle/lc-mpi/Zhiqing/polaris_ebm/runs_long_k_scaling/pbs/L1_ddp_fullk_K400_s300k_seed1.pbs,/eagle/lc-mpi/Zhiqing/polaris_ebm/runs_long_k_scaling/runs/L1/L1_ddp_fullk_K400_s300k_seed1,immediate auto resume from latest known checkpoint
L1_ddp_fullk_K400_s300k_seed2,7159704.polaris-pbs-01.hsn.cm.polaris.alcf.anl.gov,/eagle/lc-mpi/Zhiqing/polaris_ebm/runs_long_k_scaling/runs/L1/L1_ddp_fullk_K400_s300k_seed2/checkpoints/ckpt_step209999.pt,2026-05-16T08:42:43.402286+00:00,/eagle/lc-mpi/Zhiqing/polaris_ebm/runs_long_k_scaling/pbs/L1_ddp_fullk_K400_s300k_seed2.pbs,/eagle/lc-mpi/Zhiqing/polaris_ebm/runs_long_k_scaling/runs/L1/L1_ddp_fullk_K400_s300k_seed2,immediate auto resume from latest known checkpoint
L2_ddp_fullk_K400_s500k_seed3,7159705.polaris-pbs-01.hsn.cm.polaris.alcf.anl.gov,/eagle/lc-mpi/Zhiqing/polaris_ebm/runs_long_k_scaling/runs/L2/L2_ddp_fullk_K400_s500k_seed3/checkpoints/ckpt_step104999.pt,2026-05-16T08:42:43.785461+00:00,/eagle/lc-mpi/Zhiqing/polaris_ebm/runs_long_k_scaling/pbs/L2_ddp_fullk_K400_s500k_seed3.pbs,/eagle/lc-mpi/Zhiqing/polaris_ebm/runs_long_k_scaling/runs/L2/L2_ddp_fullk_K400_s500k_seed3,immediate auto resume from latest known checkpoint
L1_ddp_fullk_K400_s300k_seed1,7159706.polaris-pbs-01.hsn.cm.polaris.alcf.anl.gov,/eagle/lc-mpi/Zhiqing/polaris_ebm/runs_long_k_scaling/runs/L1/L1_ddp_fullk_K400_s300k_seed1/checkpoints/ckpt_step159999.pt,2026-05-16T08:57:44.672877+00:00,/eagle/lc-mpi/Zhiqing/polaris_ebm/runs_long_k_scaling/pbs/L1_ddp_fullk_K400_s300k_seed1.pbs,/eagle/lc-mpi/Zhiqing/polaris_ebm/runs_long_k_scaling/runs/L1/L1_ddp_fullk_K400_s300k_seed1,immediate auto resume from latest known checkpoint
L1_ddp_fullk_K400_s300k_seed2,7159707.polaris-pbs-01.hsn.cm.polaris.alcf.anl.gov,/eagle/lc-mpi/Zhiqing/polaris_ebm/runs_long_k_scaling/runs/L1/L1_ddp_fullk_K400_s300k_seed2/checkpoints/ckpt_step209999.pt,2026-05-16T08:57:45.214946+00:00,/eagle/lc-mpi/Zhiqing/polaris_ebm/runs_long_k_scaling/pbs/L1_ddp_fullk_K400_s300k_seed2.pbs,/eagle/lc-mpi/Zhiqing/polaris_ebm/runs_long_k_scaling/runs/L1/L1_ddp_fullk_K400_s300k_seed2,immediate auto resume from latest known checkpoint
L2_ddp_fullk_K400_s500k_seed3,7159708.polaris-pbs-01.hsn.cm.polaris.alcf.anl.gov,/eagle/lc-mpi/Zhiqing/polaris_ebm/runs_long_k_scaling/runs/L2/L2_ddp_fullk_K400_s500k_seed3/checkpoints/ckpt_step104999.pt,2026-05-16T08:57:45.644755+00:00,/eagle/lc-mpi/Zhiqing/polaris_ebm/runs_long_k_scaling/pbs/L2_ddp_fullk_K400_s500k_seed3.pbs,/eagle/lc-mpi/Zhiqing/polaris_ebm/runs_long_k_scaling/runs/L2/L2_ddp_fullk_K400_s500k_seed3,immediate auto resume from latest known checkpoint
L1_ddp_fullk_K400_s300k_seed1,7159709.polaris-pbs-01.hsn.cm.polaris.alcf.anl.gov,/eagle/lc-mpi/Zhiqing/polaris_ebm/runs_long_k_scaling/runs/L1/L1_ddp_fullk_K400_s300k_seed1/checkpoints/ckpt_step159999.pt,2026-05-16T09:12:46.745964+00:00,/eagle/lc-mpi/Zhiqing/polaris_ebm/runs_long_k_scaling/pbs/L1_ddp_fullk_K400_s300k_seed1.pbs,/eagle/lc-mpi/Zhiqing/polaris_ebm/runs_long_k_scaling/runs/L1/L1_ddp_fullk_K400_s300k_seed1,immediate auto resume from latest known checkpoint
L1_ddp_fullk_K400_s300k_seed2,7159710.polaris-pbs-01.hsn.cm.polaris.alcf.anl.gov,/eagle/lc-mpi/Zhiqing/polaris_ebm/runs_long_k_scaling/runs/L1/L1_ddp_fullk_K400_s300k_seed2/checkpoints/ckpt_step209999.pt,2026-05-16T09:12:47.243346+00:00,/eagle/lc-mpi/Zhiqing/polaris_ebm/runs_long_k_scaling/pbs/L1_ddp_fullk_K400_s300k_seed2.pbs,/eagle/lc-mpi/Zhiqing/polaris_ebm/runs_long_k_scaling/runs/L1/L1_ddp_fullk_K400_s300k_seed2,immediate auto resume from latest known checkpoint
L2_ddp_fullk_K400_s500k_seed1,7159711.polaris-pbs-01.hsn.cm.polaris.alcf.anl.gov,/eagle/lc-mpi/Zhiqing/polaris_ebm/runs_long_k_scaling/runs/L2/L2_ddp_fullk_K400_s500k_seed1/checkpoints/ckpt_step279999.pt,2026-05-16T09:12:47.644244+00:00,/eagle/lc-mpi/Zhiqing/polaris_ebm/runs_long_k_scaling/pbs/L2_ddp_fullk_K400_s500k_seed1.pbs,/eagle/lc-mpi/Zhiqing/polaris_ebm/runs_long_k_scaling/runs/L2/L2_ddp_fullk_K400_s500k_seed1,immediate auto resume from latest known checkpoint
L2_ddp_fullk_K400_s500k_seed3,7159712.polaris-pbs-01.hsn.cm.polaris.alcf.anl.gov,/eagle/lc-mpi/Zhiqing/polaris_ebm/runs_long_k_scaling/runs/L2/L2_ddp_fullk_K400_s500k_seed3/checkpoints/ckpt_step104999.pt,2026-05-16T09:12:48.017167+00:00,/eagle/lc-mpi/Zhiqing/polaris_ebm/runs_long_k_scaling/pbs/L2_ddp_fullk_K400_s500k_seed3.pbs,/eagle/lc-mpi/Zhiqing/polaris_ebm/runs_long_k_scaling/runs/L2/L2_ddp_fullk_K400_s500k_seed3,immediate auto resume from latest known checkpoint
L1_ddp_fullk_K400_s300k_seed1,7159713.polaris-pbs-01.hsn.cm.polaris.alcf.anl.gov,/eagle/lc-mpi/Zhiqing/polaris_ebm/runs_long_k_scaling/runs/L1/L1_ddp_fullk_K400_s300k_seed1/checkpoints/ckpt_step159999.pt,2026-05-16T09:27:49.131653+00:00,/eagle/lc-mpi/Zhiqing/polaris_ebm/runs_long_k_scaling/pbs/L1_ddp_fullk_K400_s300k_seed1.pbs,/eagle/lc-mpi/Zhiqing/polaris_ebm/runs_long_k_scaling/runs/L1/L1_ddp_fullk_K400_s300k_seed1,immediate auto resume from latest known checkpoint
L1_ddp_fullk_K400_s300k_seed2,7159714.polaris-pbs-01.hsn.cm.polaris.alcf.anl.gov,/eagle/lc-mpi/Zhiqing/polaris_ebm/runs_long_k_scaling/runs/L1/L1_ddp_fullk_K400_s300k_seed2/checkpoints/ckpt_step209999.pt,2026-05-16T09:27:49.549296+00:00,/eagle/lc-mpi/Zhiqing/polaris_ebm/runs_long_k_scaling/pbs/L1_ddp_fullk_K400_s300k_seed2.pbs,/eagle/lc-mpi/Zhiqing/polaris_ebm/runs_long_k_scaling/runs/L1/L1_ddp_fullk_K400_s300k_seed2,immediate auto resume from latest known checkpoint
L2_ddp_fullk_K400_s500k_seed3,7159715.polaris-pbs-01.hsn.cm.polaris.alcf.anl.gov,/eagle/lc-mpi/Zhiqing/polaris_ebm/runs_long_k_scaling/runs/L2/L2_ddp_fullk_K400_s500k_seed3/checkpoints/ckpt_step104999.pt,2026-05-16T09:27:49.894302+00:00,/eagle/lc-mpi/Zhiqing/polaris_ebm/runs_long_k_scaling/pbs/L2_ddp_fullk_K400_s500k_seed3.pbs,/eagle/lc-mpi/Zhiqing/polaris_ebm/runs_long_k_scaling/runs/L2/L2_ddp_fullk_K400_s500k_seed3,immediate auto resume from latest known checkpoint
L1_ddp_fullk_K400_s300k_seed1,7159721.polaris-pbs-01.hsn.cm.polaris.alcf.anl.gov,/eagle/lc-mpi/Zhiqing/polaris_ebm/runs_long_k_scaling/runs/L1/L1_ddp_fullk_K400_s300k_seed1/checkpoints/ckpt_step159999.pt,2026-05-16T09:42:50.883070+00:00,/eagle/lc-mpi/Zhiqing/polaris_ebm/runs_long_k_scaling/pbs/L1_ddp_fullk_K400_s300k_seed1.pbs,/eagle/lc-mpi/Zhiqing/polaris_ebm/runs_long_k_scaling/runs/L1/L1_ddp_fullk_K400_s300k_seed1,immediate auto resume from latest known checkpoint
L1_ddp_fullk_K400_s300k_seed2,7159722.polaris-pbs-01.hsn.cm.polaris.alcf.anl.gov,/eagle/lc-mpi/Zhiqing/polaris_ebm/runs_long_k_scaling/runs/L1/L1_ddp_fullk_K400_s300k_seed2/checkpoints/ckpt_step209999.pt,2026-05-16T09:42:51.346626+00:00,/eagle/lc-mpi/Zhiqing/polaris_ebm/runs_long_k_scaling/pbs/L1_ddp_fullk_K400_s300k_seed2.pbs,/eagle/lc-mpi/Zhiqing/polaris_ebm/runs_long_k_scaling/runs/L1/L1_ddp_fullk_K400_s300k_seed2,immediate auto resume from latest known checkpoint
L2_ddp_fullk_K400_s500k_seed3,7159723.polaris-pbs-01.hsn.cm.polaris.alcf.anl.gov,/eagle/lc-mpi/Zhiqing/polaris_ebm/runs_long_k_scaling/runs/L2/L2_ddp_fullk_K400_s500k_seed3/checkpoints/ckpt_step104999.pt,2026-05-16T09:42:51.800028+00:00,/eagle/lc-mpi/Zhiqing/polaris_ebm/runs_long_k_scaling/pbs/L2_ddp_fullk_K400_s500k_seed3.pbs,/eagle/lc-mpi/Zhiqing/polaris_ebm/runs_long_k_scaling/runs/L2/L2_ddp_fullk_K400_s500k_seed3,immediate auto resume from latest known checkpoint
L1_ddp_fullk_K400_s300k_seed1,7159725.polaris-pbs-01.hsn.cm.polaris.alcf.anl.gov,/eagle/lc-mpi/Zhiqing/polaris_ebm/runs_long_k_scaling/runs/L1/L1_ddp_fullk_K400_s300k_seed1/checkpoints/ckpt_step159999.pt,2026-05-16T09:57:52.677896+00:00,/eagle/lc-mpi/Zhiqing/polaris_ebm/runs_long_k_scaling/pbs/L1_ddp_fullk_K400_s300k_seed1.pbs,/eagle/lc-mpi/Zhiqing/polaris_ebm/runs_long_k_scaling/runs/L1/L1_ddp_fullk_K400_s300k_seed1,immediate auto resume from latest known checkpoint
L1_ddp_fullk_K400_s300k_seed2,7159726.polaris-pbs-01.hsn.cm.polaris.alcf.anl.gov,/eagle/lc-mpi/Zhiqing/polaris_ebm/runs_long_k_scaling/runs/L1/L1_ddp_fullk_K400_s300k_seed2/checkpoints/ckpt_step209999.pt,2026-05-16T09:57:53.072887+00:00,/eagle/lc-mpi/Zhiqing/polaris_ebm/runs_long_k_scaling/pbs/L1_ddp_fullk_K400_s300k_seed2.pbs,/eagle/lc-mpi/Zhiqing/polaris_ebm/runs_long_k_scaling/runs/L1/L1_ddp_fullk_K400_s300k_seed2,immediate auto resume from latest known checkpoint
L2_ddp_fullk_K400_s500k_seed3,7159727.polaris-pbs-01.hsn.cm.polaris.alcf.anl.gov,/eagle/lc-mpi/Zhiqing/polaris_ebm/runs_long_k_scaling/runs/L2/L2_ddp_fullk_K400_s500k_seed3/checkpoints/ckpt_step104999.pt,2026-05-16T09:57:53.513721+00:00,/eagle/lc-mpi/Zhiqing/polaris_ebm/runs_long_k_scaling/pbs/L2_ddp_fullk_K400_s500k_seed3.pbs,/eagle/lc-mpi/Zhiqing/polaris_ebm/runs_long_k_scaling/runs/L2/L2_ddp_fullk_K400_s500k_seed3,immediate auto resume from latest known checkpoint
L1_ddp_fullk_K400_s300k_seed1,7159733.polaris-pbs-01.hsn.cm.polaris.alcf.anl.gov,/eagle/lc-mpi/Zhiqing/polaris_ebm/runs_long_k_scaling/runs/L1/L1_ddp_fullk_K400_s300k_seed1/checkpoints/ckpt_step159999.pt,2026-05-16T10:12:54.488096+00:00,/eagle/lc-mpi/Zhiqing/polaris_ebm/runs_long_k_scaling/pbs/L1_ddp_fullk_K400_s300k_seed1.pbs,/eagle/lc-mpi/Zhiqing/polaris_ebm/runs_long_k_scaling/runs/L1/L1_ddp_fullk_K400_s300k_seed1,immediate auto resume from latest known checkpoint
L1_ddp_fullk_K400_s300k_seed2,7159734.polaris-pbs-01.hsn.cm.polaris.alcf.anl.gov,/eagle/lc-mpi/Zhiqing/polaris_ebm/runs_long_k_scaling/runs/L1/L1_ddp_fullk_K400_s300k_seed2/checkpoints/ckpt_step209999.pt,2026-05-16T10:12:54.912039+00:00,/eagle/lc-mpi/Zhiqing/polaris_ebm/runs_long_k_scaling/pbs/L1_ddp_fullk_K400_s300k_seed2.pbs,/eagle/lc-mpi/Zhiqing/polaris_ebm/runs_long_k_scaling/runs/L1/L1_ddp_fullk_K400_s300k_seed2,immediate auto resume from latest known checkpoint
L2_ddp_fullk_K400_s500k_seed3,7159735.polaris-pbs-01.hsn.cm.polaris.alcf.anl.gov,/eagle/lc-mpi/Zhiqing/polaris_ebm/runs_long_k_scaling/runs/L2/L2_ddp_fullk_K400_s500k_seed3/checkpoints/ckpt_step104999.pt,2026-05-16T10:12:55.333507+00:00,/eagle/lc-mpi/Zhiqing/polaris_ebm/runs_long_k_scaling/pbs/L2_ddp_fullk_K400_s500k_seed3.pbs,/eagle/lc-mpi/Zhiqing/polaris_ebm/runs_long_k_scaling/runs/L2/L2_ddp_fullk_K400_s500k_seed3,immediate auto resume from latest known checkpoint
L1_ddp_fullk_K400_s300k_seed1,7159737.polaris-pbs-01.hsn.cm.polaris.alcf.anl.gov,/eagle/lc-mpi/Zhiqing/polaris_ebm/runs_long_k_scaling/runs/L1/L1_ddp_fullk_K400_s300k_seed1/checkpoints/ckpt_step159999.pt,2026-05-16T10:27:56.260100+00:00,/eagle/lc-mpi/Zhiqing/polaris_ebm/runs_long_k_scaling/pbs/L1_ddp_fullk_K400_s300k_seed1.pbs,/eagle/lc-mpi/Zhiqing/polaris_ebm/runs_long_k_scaling/runs/L1/L1_ddp_fullk_K400_s300k_seed1,immediate auto resume from latest known checkpoint
L1_ddp_fullk_K400_s300k_seed2,7159738.polaris-pbs-01.hsn.cm.polaris.alcf.anl.gov,/eagle/lc-mpi/Zhiqing/polaris_ebm/runs_long_k_scaling/runs/L1/L1_ddp_fullk_K400_s300k_seed2/checkpoints/ckpt_step209999.pt,2026-05-16T10:27:56.712840+00:00,/eagle/lc-mpi/Zhiqing/polaris_ebm/runs_long_k_scaling/pbs/L1_ddp_fullk_K400_s300k_seed2.pbs,/eagle/lc-mpi/Zhiqing/polaris_ebm/runs_long_k_scaling/runs/L1/L1_ddp_fullk_K400_s300k_seed2,immediate auto resume from latest known checkpoint
L2_ddp_fullk_K400_s500k_seed3,7159739.polaris-pbs-01.hsn.cm.polaris.alcf.anl.gov,/eagle/lc-mpi/Zhiqing/polaris_ebm/runs_long_k_scaling/runs/L2/L2_ddp_fullk_K400_s500k_seed3/checkpoints/ckpt_step104999.pt,2026-05-16T10:27:57.412337+00:00,/eagle/lc-mpi/Zhiqing/polaris_ebm/runs_long_k_scaling/pbs/L2_ddp_fullk_K400_s500k_seed3.pbs,/eagle/lc-mpi/Zhiqing/polaris_ebm/runs_long_k_scaling/runs/L2/L2_ddp_fullk_K400_s500k_seed3,immediate auto resume from latest known checkpoint
L1_ddp_fullk_K400_s300k_seed1,7159740.polaris-pbs-01.hsn.cm.polaris.alcf.anl.gov,/eagle/lc-mpi/Zhiqing/polaris_ebm/runs_long_k_scaling/runs/L1/L1_ddp_fullk_K400_s300k_seed1/checkpoints/ckpt_step159999.pt,2026-05-16T10:42:58.900772+00:00,/eagle/lc-mpi/Zhiqing/polaris_ebm/runs_long_k_scaling/pbs/L1_ddp_fullk_K400_s300k_seed1.pbs,/eagle/lc-mpi/Zhiqing/polaris_ebm/runs_long_k_scaling/runs/L1/L1_ddp_fullk_K400_s300k_seed1,immediate auto resume from latest known checkpoint
L1_ddp_fullk_K400_s300k_seed2,7159741.polaris-pbs-01.hsn.cm.polaris.alcf.anl.gov,/eagle/lc-mpi/Zhiqing/polaris_ebm/runs_long_k_scaling/runs/L1/L1_ddp_fullk_K400_s300k_seed2/checkpoints/ckpt_step209999.pt,2026-05-16T10:42:59.470405+00:00,/eagle/lc-mpi/Zhiqing/polaris_ebm/runs_long_k_scaling/pbs/L1_ddp_fullk_K400_s300k_seed2.pbs,/eagle/lc-mpi/Zhiqing/polaris_ebm/runs_long_k_scaling/runs/L1/L1_ddp_fullk_K400_s300k_seed2,immediate auto resume from latest known checkpoint
L2_ddp_fullk_K400_s500k_seed3,7159742.polaris-pbs-01.hsn.cm.polaris.alcf.anl.gov,/eagle/lc-mpi/Zhiqing/polaris_ebm/runs_long_k_scaling/runs/L2/L2_ddp_fullk_K400_s500k_seed3/checkpoints/ckpt_step104999.pt,2026-05-16T10:43:00.044310+00:00,/eagle/lc-mpi/Zhiqing/polaris_ebm/runs_long_k_scaling/pbs/L2_ddp_fullk_K400_s500k_seed3.pbs,/eagle/lc-mpi/Zhiqing/polaris_ebm/runs_long_k_scaling/runs/L2/L2_ddp_fullk_K400_s500k_seed3,immediate auto resume from latest known checkpoint
L1_ddp_fullk_K400_s300k_seed1,7159743.polaris-pbs-01.hsn.cm.polaris.alcf.anl.gov,/eagle/lc-mpi/Zhiqing/polaris_ebm/runs_long_k_scaling/runs/L1/L1_ddp_fullk_K400_s300k_seed1/checkpoints/ckpt_step159999.pt,2026-05-16T10:58:00.954238+00:00,/eagle/lc-mpi/Zhiqing/polaris_ebm/runs_long_k_scaling/pbs/L1_ddp_fullk_K400_s300k_seed1.pbs,/eagle/lc-mpi/Zhiqing/polaris_ebm/runs_long_k_scaling/runs/L1/L1_ddp_fullk_K400_s300k_seed1,immediate auto resume from latest known checkpoint
L1_ddp_fullk_K400_s300k_seed2,7159744.polaris-pbs-01.hsn.cm.polaris.alcf.anl.gov,/eagle/lc-mpi/Zhiqing/polaris_ebm/runs_long_k_scaling/runs/L1/L1_ddp_fullk_K400_s300k_seed2/checkpoints/ckpt_step209999.pt,2026-05-16T10:58:01.350531+00:00,/eagle/lc-mpi/Zhiqing/polaris_ebm/runs_long_k_scaling/pbs/L1_ddp_fullk_K400_s300k_seed2.pbs,/eagle/lc-mpi/Zhiqing/polaris_ebm/runs_long_k_scaling/runs/L1/L1_ddp_fullk_K400_s300k_seed2,immediate auto resume from latest known checkpoint
L2_ddp_fullk_K400_s500k_seed3,7159745.polaris-pbs-01.hsn.cm.polaris.alcf.anl.gov,/eagle/lc-mpi/Zhiqing/polaris_ebm/runs_long_k_scaling/runs/L2/L2_ddp_fullk_K400_s500k_seed3/checkpoints/ckpt_step104999.pt,2026-05-16T10:58:01.871705+00:00,/eagle/lc-mpi/Zhiqing/polaris_ebm/runs_long_k_scaling/pbs/L2_ddp_fullk_K400_s500k_seed3.pbs,/eagle/lc-mpi/Zhiqing/polaris_ebm/runs_long_k_scaling/runs/L2/L2_ddp_fullk_K400_s500k_seed3,immediate auto resume from latest known checkpoint
L1_ddp_fullk_K400_s300k_seed1,7159747.polaris-pbs-01.hsn.cm.polaris.alcf.anl.gov,/eagle/lc-mpi/Zhiqing/polaris_ebm/runs_long_k_scaling/runs/L1/L1_ddp_fullk_K400_s300k_seed1/checkpoints/ckpt_step159999.pt,2026-05-16T11:13:02.548694+00:00,/eagle/lc-mpi/Zhiqing/polaris_ebm/runs_long_k_scaling/pbs/L1_ddp_fullk_K400_s300k_seed1.pbs,/eagle/lc-mpi/Zhiqing/polaris_ebm/runs_long_k_scaling/runs/L1/L1_ddp_fullk_K400_s300k_seed1,immediate auto resume from latest known checkpoint
L1_ddp_fullk_K400_s300k_seed2,7159748.polaris-pbs-01.hsn.cm.polaris.alcf.anl.gov,/eagle/lc-mpi/Zhiqing/polaris_ebm/runs_long_k_scaling/runs/L1/L1_ddp_fullk_K400_s300k_seed2/checkpoints/ckpt_step209999.pt,2026-05-16T11:13:03.100416+00:00,/eagle/lc-mpi/Zhiqing/polaris_ebm/runs_long_k_scaling/pbs/L1_ddp_fullk_K400_s300k_seed2.pbs,/eagle/lc-mpi/Zhiqing/polaris_ebm/runs_long_k_scaling/runs/L1/L1_ddp_fullk_K400_s300k_seed2,immediate auto resume from latest known checkpoint
L2_ddp_fullk_K400_s500k_seed3,7159749.polaris-pbs-01.hsn.cm.polaris.alcf.anl.gov,/eagle/lc-mpi/Zhiqing/polaris_ebm/runs_long_k_scaling/runs/L2/L2_ddp_fullk_K400_s500k_seed3/checkpoints/ckpt_step104999.pt,2026-05-16T11:13:03.811512+00:00,/eagle/lc-mpi/Zhiqing/polaris_ebm/runs_long_k_scaling/pbs/L2_ddp_fullk_K400_s500k_seed3.pbs,/eagle/lc-mpi/Zhiqing/polaris_ebm/runs_long_k_scaling/runs/L2/L2_ddp_fullk_K400_s500k_seed3,immediate auto resume from latest known checkpoint
L1_ddp_fullk_K400_s300k_seed1,7159750.polaris-pbs-01.hsn.cm.polaris.alcf.anl.gov,/eagle/lc-mpi/Zhiqing/polaris_ebm/runs_long_k_scaling/runs/L1/L1_ddp_fullk_K400_s300k_seed1/checkpoints/ckpt_step159999.pt,2026-05-16T11:28:04.674086+00:00,/eagle/lc-mpi/Zhiqing/polaris_ebm/runs_long_k_scaling/pbs/L1_ddp_fullk_K400_s300k_seed1.pbs,/eagle/lc-mpi/Zhiqing/polaris_ebm/runs_long_k_scaling/runs/L1/L1_ddp_fullk_K400_s300k_seed1,immediate auto resume from latest known checkpoint
L1_ddp_fullk_K400_s300k_seed2,7159751.polaris-pbs-01.hsn.cm.polaris.alcf.anl.gov,/eagle/lc-mpi/Zhiqing/polaris_ebm/runs_long_k_scaling/runs/L1/L1_ddp_fullk_K400_s300k_seed2/checkpoints/ckpt_step209999.pt,2026-05-16T11:28:05.109751+00:00,/eagle/lc-mpi/Zhiqing/polaris_ebm/runs_long_k_scaling/pbs/L1_ddp_fullk_K400_s300k_seed2.pbs,/eagle/lc-mpi/Zhiqing/polaris_ebm/runs_long_k_scaling/runs/L1/L1_ddp_fullk_K400_s300k_seed2,immediate auto resume from latest known checkpoint
L2_ddp_fullk_K400_s500k_seed3,7159752.polaris-pbs-01.hsn.cm.polaris.alcf.anl.gov,/eagle/lc-mpi/Zhiqing/polaris_ebm/runs_long_k_scaling/runs/L2/L2_ddp_fullk_K400_s500k_seed3/checkpoints/ckpt_step104999.pt,2026-05-16T11:28:05.469547+00:00,/eagle/lc-mpi/Zhiqing/polaris_ebm/runs_long_k_scaling/pbs/L2_ddp_fullk_K400_s500k_seed3.pbs,/eagle/lc-mpi/Zhiqing/polaris_ebm/runs_long_k_scaling/runs/L2/L2_ddp_fullk_K400_s500k_seed3,immediate auto resume from latest known checkpoint
L1_ddp_fullk_K400_s300k_seed1,7159753.polaris-pbs-01.hsn.cm.polaris.alcf.anl.gov,/eagle/lc-mpi/Zhiqing/polaris_ebm/runs_long_k_scaling/runs/L1/L1_ddp_fullk_K400_s300k_seed1/checkpoints/ckpt_step159999.pt,2026-05-16T11:43:06.297602+00:00,/eagle/lc-mpi/Zhiqing/polaris_ebm/runs_long_k_scaling/pbs/L1_ddp_fullk_K400_s300k_seed1.pbs,/eagle/lc-mpi/Zhiqing/polaris_ebm/runs_long_k_scaling/runs/L1/L1_ddp_fullk_K400_s300k_seed1,immediate auto resume from latest known checkpoint
L1_ddp_fullk_K400_s300k_seed2,7159754.polaris-pbs-01.hsn.cm.polaris.alcf.anl.gov,/eagle/lc-mpi/Zhiqing/polaris_ebm/runs_long_k_scaling/runs/L1/L1_ddp_fullk_K400_s300k_seed2/checkpoints/ckpt_step209999.pt,2026-05-16T11:43:06.708386+00:00,/eagle/lc-mpi/Zhiqing/polaris_ebm/runs_long_k_scaling/pbs/L1_ddp_fullk_K400_s300k_seed2.pbs,/eagle/lc-mpi/Zhiqing/polaris_ebm/runs_long_k_scaling/runs/L1/L1_ddp_fullk_K400_s300k_seed2,immediate auto resume from latest known checkpoint
L2_ddp_fullk_K400_s500k_seed3,7159755.polaris-pbs-01.hsn.cm.polaris.alcf.anl.gov,/eagle/lc-mpi/Zhiqing/polaris_ebm/runs_long_k_scaling/runs/L2/L2_ddp_fullk_K400_s500k_seed3/checkpoints/ckpt_step104999.pt,2026-05-16T11:43:07.106225+00:00,/eagle/lc-mpi/Zhiqing/polaris_ebm/runs_long_k_scaling/pbs/L2_ddp_fullk_K400_s500k_seed3.pbs,/eagle/lc-mpi/Zhiqing/polaris_ebm/runs_long_k_scaling/runs/L2/L2_ddp_fullk_K400_s500k_seed3,immediate auto resume from latest known checkpoint
L1_ddp_fullk_K400_s300k_seed1,7159756.polaris-pbs-01.hsn.cm.polaris.alcf.anl.gov,/eagle/lc-mpi/Zhiqing/polaris_ebm/runs_long_k_scaling/runs/L1/L1_ddp_fullk_K400_s300k_seed1/checkpoints/ckpt_step159999.pt,2026-05-16T11:58:07.987889+00:00,/eagle/lc-mpi/Zhiqing/polaris_ebm/runs_long_k_scaling/pbs/L1_ddp_fullk_K400_s300k_seed1.pbs,/eagle/lc-mpi/Zhiqing/polaris_ebm/runs_long_k_scaling/runs/L1/L1_ddp_fullk_K400_s300k_seed1,immediate auto resume from latest known checkpoint
L1_ddp_fullk_K400_s300k_seed2,7159757.polaris-pbs-01.hsn.cm.polaris.alcf.anl.gov,/eagle/lc-mpi/Zhiqing/polaris_ebm/runs_long_k_scaling/runs/L1/L1_ddp_fullk_K400_s300k_seed2/checkpoints/ckpt_step209999.pt,2026-05-16T11:58:08.516016+00:00,/eagle/lc-mpi/Zhiqing/polaris_ebm/runs_long_k_scaling/pbs/L1_ddp_fullk_K400_s300k_seed2.pbs,/eagle/lc-mpi/Zhiqing/polaris_ebm/runs_long_k_scaling/runs/L1/L1_ddp_fullk_K400_s300k_seed2,immediate auto resume from latest known checkpoint
L2_ddp_fullk_K400_s500k_seed3,7159758.polaris-pbs-01.hsn.cm.polaris.alcf.anl.gov,/eagle/lc-mpi/Zhiqing/polaris_ebm/runs_long_k_scaling/runs/L2/L2_ddp_fullk_K400_s500k_seed3/checkpoints/ckpt_step104999.pt,2026-05-16T11:58:08.903672+00:00,/eagle/lc-mpi/Zhiqing/polaris_ebm/runs_long_k_scaling/pbs/L2_ddp_fullk_K400_s500k_seed3.pbs,/eagle/lc-mpi/Zhiqing/polaris_ebm/runs_long_k_scaling/runs/L2/L2_ddp_fullk_K400_s500k_seed3,immediate auto resume from latest known checkpoint
L1_ddp_fullk_K400_s300k_seed1,7159759.polaris-pbs-01.hsn.cm.polaris.alcf.anl.gov,/eagle/lc-mpi/Zhiqing/polaris_ebm/runs_long_k_scaling/runs/L1/L1_ddp_fullk_K400_s300k_seed1/checkpoints/ckpt_step159999.pt,2026-05-16T12:13:09.619144+00:00,/eagle/lc-mpi/Zhiqing/polaris_ebm/runs_long_k_scaling/pbs/L1_ddp_fullk_K400_s300k_seed1.pbs,/eagle/lc-mpi/Zhiqing/polaris_ebm/runs_long_k_scaling/runs/L1/L1_ddp_fullk_K400_s300k_seed1,immediate auto resume from latest known checkpoint
L1_ddp_fullk_K400_s300k_seed2,7159760.polaris-pbs-01.hsn.cm.polaris.alcf.anl.gov,/eagle/lc-mpi/Zhiqing/polaris_ebm/runs_long_k_scaling/runs/L1/L1_ddp_fullk_K400_s300k_seed2/checkpoints/ckpt_step209999.pt,2026-05-16T12:13:10.044510+00:00,/eagle/lc-mpi/Zhiqing/polaris_ebm/runs_long_k_scaling/pbs/L1_ddp_fullk_K400_s300k_seed2.pbs,/eagle/lc-mpi/Zhiqing/polaris_ebm/runs_long_k_scaling/runs/L1/L1_ddp_fullk_K400_s300k_seed2,immediate auto resume from latest known checkpoint
L2_ddp_fullk_K400_s500k_seed3,7159761.polaris-pbs-01.hsn.cm.polaris.alcf.anl.gov,/eagle/lc-mpi/Zhiqing/polaris_ebm/runs_long_k_scaling/runs/L2/L2_ddp_fullk_K400_s500k_seed3/checkpoints/ckpt_step104999.pt,2026-05-16T12:13:10.426768+00:00,/eagle/lc-mpi/Zhiqing/polaris_ebm/runs_long_k_scaling/pbs/L2_ddp_fullk_K400_s500k_seed3.pbs,/eagle/lc-mpi/Zhiqing/polaris_ebm/runs_long_k_scaling/runs/L2/L2_ddp_fullk_K400_s500k_seed3,immediate auto resume from latest known checkpoint
L1_ddp_fullk_K400_s300k_seed1,7159762.polaris-pbs-01.hsn.cm.polaris.alcf.anl.gov,/eagle/lc-mpi/Zhiqing/polaris_ebm/runs_long_k_scaling/runs/L1/L1_ddp_fullk_K400_s300k_seed1/checkpoints/ckpt_step159999.pt,2026-05-16T12:28:11.280316+00:00,/eagle/lc-mpi/Zhiqing/polaris_ebm/runs_long_k_scaling/pbs/L1_ddp_fullk_K400_s300k_seed1.pbs,/eagle/lc-mpi/Zhiqing/polaris_ebm/runs_long_k_scaling/runs/L1/L1_ddp_fullk_K400_s300k_seed1,immediate auto resume from latest known checkpoint
L1_ddp_fullk_K400_s300k_seed2,7159763.polaris-pbs-01.hsn.cm.polaris.alcf.anl.gov,/eagle/lc-mpi/Zhiqing/polaris_ebm/runs_long_k_scaling/runs/L1/L1_ddp_fullk_K400_s300k_seed2/checkpoints/ckpt_step209999.pt,2026-05-16T12:28:11.715207+00:00,/eagle/lc-mpi/Zhiqing/polaris_ebm/runs_long_k_scaling/pbs/L1_ddp_fullk_K400_s300k_seed2.pbs,/eagle/lc-mpi/Zhiqing/polaris_ebm/runs_long_k_scaling/runs/L1/L1_ddp_fullk_K400_s300k_seed2,immediate auto resume from latest known checkpoint
L2_ddp_fullk_K400_s500k_seed3,7159764.polaris-pbs-01.hsn.cm.polaris.alcf.anl.gov,/eagle/lc-mpi/Zhiqing/polaris_ebm/runs_long_k_scaling/runs/L2/L2_ddp_fullk_K400_s500k_seed3/checkpoints/ckpt_step104999.pt,2026-05-16T12:28:12.141951+00:00,/eagle/lc-mpi/Zhiqing/polaris_ebm/runs_long_k_scaling/pbs/L2_ddp_fullk_K400_s500k_seed3.pbs,/eagle/lc-mpi/Zhiqing/polaris_ebm/runs_long_k_scaling/runs/L2/L2_ddp_fullk_K400_s500k_seed3,immediate auto resume from latest known checkpoint
L1_ddp_fullk_K400_s300k_seed1,7159765.polaris-pbs-01.hsn.cm.polaris.alcf.anl.gov,/eagle/lc-mpi/Zhiqing/polaris_ebm/runs_long_k_scaling/runs/L1/L1_ddp_fullk_K400_s300k_seed1/checkpoints/ckpt_step159999.pt,2026-05-16T12:43:13.043207+00:00,/eagle/lc-mpi/Zhiqing/polaris_ebm/runs_long_k_scaling/pbs/L1_ddp_fullk_K400_s300k_seed1.pbs,/eagle/lc-mpi/Zhiqing/polaris_ebm/runs_long_k_scaling/runs/L1/L1_ddp_fullk_K400_s300k_seed1,immediate auto resume from latest known checkpoint
L1_ddp_fullk_K400_s300k_seed2,7159766.polaris-pbs-01.hsn.cm.polaris.alcf.anl.gov,/eagle/lc-mpi/Zhiqing/polaris_ebm/runs_long_k_scaling/runs/L1/L1_ddp_fullk_K400_s300k_seed2/checkpoints/ckpt_step209999.pt,2026-05-16T12:43:13.485472+00:00,/eagle/lc-mpi/Zhiqing/polaris_ebm/runs_long_k_scaling/pbs/L1_ddp_fullk_K400_s300k_seed2.pbs,/eagle/lc-mpi/Zhiqing/polaris_ebm/runs_long_k_scaling/runs/L1/L1_ddp_fullk_K400_s300k_seed2,immediate auto resume from latest known checkpoint
L2_ddp_fullk_K400_s500k_seed3,7159767.polaris-pbs-01.hsn.cm.polaris.alcf.anl.gov,/eagle/lc-mpi/Zhiqing/polaris_ebm/runs_long_k_scaling/runs/L2/L2_ddp_fullk_K400_s500k_seed3/checkpoints/ckpt_step104999.pt,2026-05-16T12:43:13.912000+00:00,/eagle/lc-mpi/Zhiqing/polaris_ebm/runs_long_k_scaling/pbs/L2_ddp_fullk_K400_s500k_seed3.pbs,/eagle/lc-mpi/Zhiqing/polaris_ebm/runs_long_k_scaling/runs/L2/L2_ddp_fullk_K400_s500k_seed3,immediate auto resume from latest known checkpoint
L1_ddp_fullk_K400_s300k_seed1,7159768.polaris-pbs-01.hsn.cm.polaris.alcf.anl.gov,/eagle/lc-mpi/Zhiqing/polaris_ebm/runs_long_k_scaling/runs/L1/L1_ddp_fullk_K400_s300k_seed1/checkpoints/ckpt_step159999.pt,2026-05-16T12:58:14.635925+00:00,/eagle/lc-mpi/Zhiqing/polaris_ebm/runs_long_k_scaling/pbs/L1_ddp_fullk_K400_s300k_seed1.pbs,/eagle/lc-mpi/Zhiqing/polaris_ebm/runs_long_k_scaling/runs/L1/L1_ddp_fullk_K400_s300k_seed1,immediate auto resume from latest known checkpoint
L1_ddp_fullk_K400_s300k_seed2,7159769.polaris-pbs-01.hsn.cm.polaris.alcf.anl.gov,/eagle/lc-mpi/Zhiqing/polaris_ebm/runs_long_k_scaling/runs/L1/L1_ddp_fullk_K400_s300k_seed2/checkpoints/ckpt_step209999.pt,2026-05-16T12:58:15.087670+00:00,/eagle/lc-mpi/Zhiqing/polaris_ebm/runs_long_k_scaling/pbs/L1_ddp_fullk_K400_s300k_seed2.pbs,/eagle/lc-mpi/Zhiqing/polaris_ebm/runs_long_k_scaling/runs/L1/L1_ddp_fullk_K400_s300k_seed2,immediate auto resume from latest known checkpoint
L2_ddp_fullk_K400_s500k_seed3,7159770.polaris-pbs-01.hsn.cm.polaris.alcf.anl.gov,/eagle/lc-mpi/Zhiqing/polaris_ebm/runs_long_k_scaling/runs/L2/L2_ddp_fullk_K400_s500k_seed3/checkpoints/ckpt_step104999.pt,2026-05-16T12:58:15.539958+00:00,/eagle/lc-mpi/Zhiqing/polaris_ebm/runs_long_k_scaling/pbs/L2_ddp_fullk_K400_s500k_seed3.pbs,/eagle/lc-mpi/Zhiqing/polaris_ebm/runs_long_k_scaling/runs/L2/L2_ddp_fullk_K400_s500k_seed3,immediate auto resume from latest known checkpoint
L1_ddp_fullk_K400_s300k_seed1,7159771.polaris-pbs-01.hsn.cm.polaris.alcf.anl.gov,/eagle/lc-mpi/Zhiqing/polaris_ebm/runs_long_k_scaling/runs/L1/L1_ddp_fullk_K400_s300k_seed1/checkpoints/ckpt_step159999.pt,2026-05-16T13:13:16.391394+00:00,/eagle/lc-mpi/Zhiqing/polaris_ebm/runs_long_k_scaling/pbs/L1_ddp_fullk_K400_s300k_seed1.pbs,/eagle/lc-mpi/Zhiqing/polaris_ebm/runs_long_k_scaling/runs/L1/L1_ddp_fullk_K400_s300k_seed1,immediate auto resume from latest known checkpoint
L1_ddp_fullk_K400_s300k_seed2,7159772.polaris-pbs-01.hsn.cm.polaris.alcf.anl.gov,/eagle/lc-mpi/Zhiqing/polaris_ebm/runs_long_k_scaling/runs/L1/L1_ddp_fullk_K400_s300k_seed2/checkpoints/ckpt_step209999.pt,2026-05-16T13:13:16.791999+00:00,/eagle/lc-mpi/Zhiqing/polaris_ebm/runs_long_k_scaling/pbs/L1_ddp_fullk_K400_s300k_seed2.pbs,/eagle/lc-mpi/Zhiqing/polaris_ebm/runs_long_k_scaling/runs/L1/L1_ddp_fullk_K400_s300k_seed2,immediate auto resume from latest known checkpoint
L2_ddp_fullk_K400_s500k_seed3,7159773.polaris-pbs-01.hsn.cm.polaris.alcf.anl.gov,/eagle/lc-mpi/Zhiqing/polaris_ebm/runs_long_k_scaling/runs/L2/L2_ddp_fullk_K400_s500k_seed3/checkpoints/ckpt_step104999.pt,2026-05-16T13:13:17.151510+00:00,/eagle/lc-mpi/Zhiqing/polaris_ebm/runs_long_k_scaling/pbs/L2_ddp_fullk_K400_s500k_seed3.pbs,/eagle/lc-mpi/Zhiqing/polaris_ebm/runs_long_k_scaling/runs/L2/L2_ddp_fullk_K400_s500k_seed3,immediate auto resume from latest known checkpoint
L1_ddp_fullk_K400_s300k_seed1,7159775.polaris-pbs-01.hsn.cm.polaris.alcf.anl.gov,/eagle/lc-mpi/Zhiqing/polaris_ebm/runs_long_k_scaling/runs/L1/L1_ddp_fullk_K400_s300k_seed1/checkpoints/ckpt_step159999.pt,2026-05-16T13:28:18.008563+00:00,/eagle/lc-mpi/Zhiqing/polaris_ebm/runs_long_k_scaling/pbs/L1_ddp_fullk_K400_s300k_seed1.pbs,/eagle/lc-mpi/Zhiqing/polaris_ebm/runs_long_k_scaling/runs/L1/L1_ddp_fullk_K400_s300k_seed1,immediate auto resume from latest known checkpoint
L1_ddp_fullk_K400_s300k_seed2,7159776.polaris-pbs-01.hsn.cm.polaris.alcf.anl.gov,/eagle/lc-mpi/Zhiqing/polaris_ebm/runs_long_k_scaling/runs/L1/L1_ddp_fullk_K400_s300k_seed2/checkpoints/ckpt_step209999.pt,2026-05-16T13:28:18.442719+00:00,/eagle/lc-mpi/Zhiqing/polaris_ebm/runs_long_k_scaling/pbs/L1_ddp_fullk_K400_s300k_seed2.pbs,/eagle/lc-mpi/Zhiqing/polaris_ebm/runs_long_k_scaling/runs/L1/L1_ddp_fullk_K400_s300k_seed2,immediate auto resume from latest known checkpoint
L2_ddp_fullk_K400_s500k_seed3,7159777.polaris-pbs-01.hsn.cm.polaris.alcf.anl.gov,/eagle/lc-mpi/Zhiqing/polaris_ebm/runs_long_k_scaling/runs/L2/L2_ddp_fullk_K400_s500k_seed3/checkpoints/ckpt_step104999.pt,2026-05-16T13:28:18.837333+00:00,/eagle/lc-mpi/Zhiqing/polaris_ebm/runs_long_k_scaling/pbs/L2_ddp_fullk_K400_s500k_seed3.pbs,/eagle/lc-mpi/Zhiqing/polaris_ebm/runs_long_k_scaling/runs/L2/L2_ddp_fullk_K400_s500k_seed3,immediate auto resume from latest known checkpoint
L1_ddp_fullk_K400_s300k_seed1,7159779.polaris-pbs-01.hsn.cm.polaris.alcf.anl.gov,/eagle/lc-mpi/Zhiqing/polaris_ebm/runs_long_k_scaling/runs/L1/L1_ddp_fullk_K400_s300k_seed1/checkpoints/ckpt_step159999.pt,2026-05-16T13:43:19.716787+00:00,/eagle/lc-mpi/Zhiqing/polaris_ebm/runs_long_k_scaling/pbs/L1_ddp_fullk_K400_s300k_seed1.pbs,/eagle/lc-mpi/Zhiqing/polaris_ebm/runs_long_k_scaling/runs/L1/L1_ddp_fullk_K400_s300k_seed1,immediate auto resume from latest known checkpoint
L1_ddp_fullk_K400_s300k_seed2,7159780.polaris-pbs-01.hsn.cm.polaris.alcf.anl.gov,/eagle/lc-mpi/Zhiqing/polaris_ebm/runs_long_k_scaling/runs/L1/L1_ddp_fullk_K400_s300k_seed2/checkpoints/ckpt_step209999.pt,2026-05-16T13:43:20.103885+00:00,/eagle/lc-mpi/Zhiqing/polaris_ebm/runs_long_k_scaling/pbs/L1_ddp_fullk_K400_s300k_seed2.pbs,/eagle/lc-mpi/Zhiqing/polaris_ebm/runs_long_k_scaling/runs/L1/L1_ddp_fullk_K400_s300k_seed2,immediate auto resume from latest known checkpoint
L2_ddp_fullk_K400_s500k_seed3,7159781.polaris-pbs-01.hsn.cm.polaris.alcf.anl.gov,/eagle/lc-mpi/Zhiqing/polaris_ebm/runs_long_k_scaling/runs/L2/L2_ddp_fullk_K400_s500k_seed3/checkpoints/ckpt_step104999.pt,2026-05-16T13:43:20.496414+00:00,/eagle/lc-mpi/Zhiqing/polaris_ebm/runs_long_k_scaling/pbs/L2_ddp_fullk_K400_s500k_seed3.pbs,/eagle/lc-mpi/Zhiqing/polaris_ebm/runs_long_k_scaling/runs/L2/L2_ddp_fullk_K400_s500k_seed3,immediate auto resume from latest known checkpoint
L1_ddp_fullk_K400_s300k_seed1,7159782.polaris-pbs-01.hsn.cm.polaris.alcf.anl.gov,/eagle/lc-mpi/Zhiqing/polaris_ebm/runs_long_k_scaling/runs/L1/L1_ddp_fullk_K400_s300k_seed1/checkpoints/ckpt_step159999.pt,2026-05-16T13:58:21.338420+00:00,/eagle/lc-mpi/Zhiqing/polaris_ebm/runs_long_k_scaling/pbs/L1_ddp_fullk_K400_s300k_seed1.pbs,/eagle/lc-mpi/Zhiqing/polaris_ebm/runs_long_k_scaling/runs/L1/L1_ddp_fullk_K400_s300k_seed1,immediate auto resume from latest known checkpoint
L1_ddp_fullk_K400_s300k_seed2,7159783.polaris-pbs-01.hsn.cm.polaris.alcf.anl.gov,/eagle/lc-mpi/Zhiqing/polaris_ebm/runs_long_k_scaling/runs/L1/L1_ddp_fullk_K400_s300k_seed2/checkpoints/ckpt_step209999.pt,2026-05-16T13:58:21.883938+00:00,/eagle/lc-mpi/Zhiqing/polaris_ebm/runs_long_k_scaling/pbs/L1_ddp_fullk_K400_s300k_seed2.pbs,/eagle/lc-mpi/Zhiqing/polaris_ebm/runs_long_k_scaling/runs/L1/L1_ddp_fullk_K400_s300k_seed2,immediate auto resume from latest known checkpoint
L2_ddp_fullk_K400_s500k_seed3,7159784.polaris-pbs-01.hsn.cm.polaris.alcf.anl.gov,/eagle/lc-mpi/Zhiqing/polaris_ebm/runs_long_k_scaling/runs/L2/L2_ddp_fullk_K400_s500k_seed3/checkpoints/ckpt_step104999.pt,2026-05-16T13:58:22.511070+00:00,/eagle/lc-mpi/Zhiqing/polaris_ebm/runs_long_k_scaling/pbs/L2_ddp_fullk_K400_s500k_seed3.pbs,/eagle/lc-mpi/Zhiqing/polaris_ebm/runs_long_k_scaling/runs/L2/L2_ddp_fullk_K400_s500k_seed3,immediate auto resume from latest known checkpoint
L1_ddp_fullk_K400_s300k_seed1,7159785.polaris-pbs-01.hsn.cm.polaris.alcf.anl.gov,/eagle/lc-mpi/Zhiqing/polaris_ebm/runs_long_k_scaling/runs/L1/L1_ddp_fullk_K400_s300k_seed1/checkpoints/ckpt_step159999.pt,2026-05-16T14:13:23.410058+00:00,/eagle/lc-mpi/Zhiqing/polaris_ebm/runs_long_k_scaling/pbs/L1_ddp_fullk_K400_s300k_seed1.pbs,/eagle/lc-mpi/Zhiqing/polaris_ebm/runs_long_k_scaling/runs/L1/L1_ddp_fullk_K400_s300k_seed1,immediate auto resume from latest known checkpoint
L1_ddp_fullk_K400_s300k_seed2,7159786.polaris-pbs-01.hsn.cm.polaris.alcf.anl.gov,/eagle/lc-mpi/Zhiqing/polaris_ebm/runs_long_k_scaling/runs/L1/L1_ddp_fullk_K400_s300k_seed2/checkpoints/ckpt_step209999.pt,2026-05-16T14:13:23.947643+00:00,/eagle/lc-mpi/Zhiqing/polaris_ebm/runs_long_k_scaling/pbs/L1_ddp_fullk_K400_s300k_seed2.pbs,/eagle/lc-mpi/Zhiqing/polaris_ebm/runs_long_k_scaling/runs/L1/L1_ddp_fullk_K400_s300k_seed2,immediate auto resume from latest known checkpoint
L2_ddp_fullk_K400_s500k_seed3,7159787.polaris-pbs-01.hsn.cm.polaris.alcf.anl.gov,/eagle/lc-mpi/Zhiqing/polaris_ebm/runs_long_k_scaling/runs/L2/L2_ddp_fullk_K400_s500k_seed3/checkpoints/ckpt_step104999.pt,2026-05-16T14:13:24.459666+00:00,/eagle/lc-mpi/Zhiqing/polaris_ebm/runs_long_k_scaling/pbs/L2_ddp_fullk_K400_s500k_seed3.pbs,/eagle/lc-mpi/Zhiqing/polaris_ebm/runs_long_k_scaling/runs/L2/L2_ddp_fullk_K400_s500k_seed3,immediate auto resume from latest known checkpoint
L1_ddp_fullk_K400_s300k_seed1,7159790.polaris-pbs-01.hsn.cm.polaris.alcf.anl.gov,/eagle/lc-mpi/Zhiqing/polaris_ebm/runs_long_k_scaling/runs/L1/L1_ddp_fullk_K400_s300k_seed1/checkpoints/ckpt_step159999.pt,2026-05-16T14:28:25.428054+00:00,/eagle/lc-mpi/Zhiqing/polaris_ebm/runs_long_k_scaling/pbs/L1_ddp_fullk_K400_s300k_seed1.pbs,/eagle/lc-mpi/Zhiqing/polaris_ebm/runs_long_k_scaling/runs/L1/L1_ddp_fullk_K400_s300k_seed1,immediate auto resume from latest known checkpoint
L1_ddp_fullk_K400_s300k_seed2,7159791.polaris-pbs-01.hsn.cm.polaris.alcf.anl.gov,/eagle/lc-mpi/Zhiqing/polaris_ebm/runs_long_k_scaling/runs/L1/L1_ddp_fullk_K400_s300k_seed2/checkpoints/ckpt_step209999.pt,2026-05-16T14:28:26.063116+00:00,/eagle/lc-mpi/Zhiqing/polaris_ebm/runs_long_k_scaling/pbs/L1_ddp_fullk_K400_s300k_seed2.pbs,/eagle/lc-mpi/Zhiqing/polaris_ebm/runs_long_k_scaling/runs/L1/L1_ddp_fullk_K400_s300k_seed2,immediate auto resume from latest known checkpoint
L2_ddp_fullk_K400_s500k_seed3,7159792.polaris-pbs-01.hsn.cm.polaris.alcf.anl.gov,/eagle/lc-mpi/Zhiqing/polaris_ebm/runs_long_k_scaling/runs/L2/L2_ddp_fullk_K400_s500k_seed3/checkpoints/ckpt_step104999.pt,2026-05-16T14:28:26.445552+00:00,/eagle/lc-mpi/Zhiqing/polaris_ebm/runs_long_k_scaling/pbs/L2_ddp_fullk_K400_s500k_seed3.pbs,/eagle/lc-mpi/Zhiqing/polaris_ebm/runs_long_k_scaling/runs/L2/L2_ddp_fullk_K400_s500k_seed3,immediate auto resume from latest known checkpoint
L1_ddp_fullk_K400_s300k_seed1,7159793.polaris-pbs-01.hsn.cm.polaris.alcf.anl.gov,/eagle/lc-mpi/Zhiqing/polaris_ebm/runs_long_k_scaling/runs/L1/L1_ddp_fullk_K400_s300k_seed1/checkpoints/ckpt_step159999.pt,2026-05-16T14:43:27.336495+00:00,/eagle/lc-mpi/Zhiqing/polaris_ebm/runs_long_k_scaling/pbs/L1_ddp_fullk_K400_s300k_seed1.pbs,/eagle/lc-mpi/Zhiqing/polaris_ebm/runs_long_k_scaling/runs/L1/L1_ddp_fullk_K400_s300k_seed1,immediate auto resume from latest known checkpoint
L1_ddp_fullk_K400_s300k_seed2,7159794.polaris-pbs-01.hsn.cm.polaris.alcf.anl.gov,/eagle/lc-mpi/Zhiqing/polaris_ebm/runs_long_k_scaling/runs/L1/L1_ddp_fullk_K400_s300k_seed2/checkpoints/ckpt_step209999.pt,2026-05-16T14:43:27.778634+00:00,/eagle/lc-mpi/Zhiqing/polaris_ebm/runs_long_k_scaling/pbs/L1_ddp_fullk_K400_s300k_seed2.pbs,/eagle/lc-mpi/Zhiqing/polaris_ebm/runs_long_k_scaling/runs/L1/L1_ddp_fullk_K400_s300k_seed2,immediate auto resume from latest known checkpoint
L2_ddp_fullk_K400_s500k_seed3,7159795.polaris-pbs-01.hsn.cm.polaris.alcf.anl.gov,/eagle/lc-mpi/Zhiqing/polaris_ebm/runs_long_k_scaling/runs/L2/L2_ddp_fullk_K400_s500k_seed3/checkpoints/ckpt_step104999.pt,2026-05-16T14:43:28.359002+00:00,/eagle/lc-mpi/Zhiqing/polaris_ebm/runs_long_k_scaling/pbs/L2_ddp_fullk_K400_s500k_seed3.pbs,/eagle/lc-mpi/Zhiqing/polaris_ebm/runs_long_k_scaling/runs/L2/L2_ddp_fullk_K400_s500k_seed3,immediate auto resume from latest known checkpoint
L1_ddp_fullk_K400_s300k_seed1,7159819.polaris-pbs-01.hsn.cm.polaris.alcf.anl.gov,/eagle/lc-mpi/Zhiqing/polaris_ebm/runs_long_k_scaling/runs/L1/L1_ddp_fullk_K400_s300k_seed1/checkpoints/ckpt_step159999.pt,2026-05-16T14:58:29.348557+00:00,/eagle/lc-mpi/Zhiqing/polaris_ebm/runs_long_k_scaling/pbs/L1_ddp_fullk_K400_s300k_seed1.pbs,/eagle/lc-mpi/Zhiqing/polaris_ebm/runs_long_k_scaling/runs/L1/L1_ddp_fullk_K400_s300k_seed1,immediate auto resume from latest known checkpoint
L1_ddp_fullk_K400_s300k_seed2,7159820.polaris-pbs-01.hsn.cm.polaris.alcf.anl.gov,/eagle/lc-mpi/Zhiqing/polaris_ebm/runs_long_k_scaling/runs/L1/L1_ddp_fullk_K400_s300k_seed2/checkpoints/ckpt_step209999.pt,2026-05-16T14:58:29.899502+00:00,/eagle/lc-mpi/Zhiqing/polaris_ebm/runs_long_k_scaling/pbs/L1_ddp_fullk_K400_s300k_seed2.pbs,/eagle/lc-mpi/Zhiqing/polaris_ebm/runs_long_k_scaling/runs/L1/L1_ddp_fullk_K400_s300k_seed2,immediate auto resume from latest known checkpoint
L2_ddp_fullk_K400_s500k_seed3,7159821.polaris-pbs-01.hsn.cm.polaris.alcf.anl.gov,/eagle/lc-mpi/Zhiqing/polaris_ebm/runs_long_k_scaling/runs/L2/L2_ddp_fullk_K400_s500k_seed3/checkpoints/ckpt_step104999.pt,2026-05-16T14:58:30.623350+00:00,/eagle/lc-mpi/Zhiqing/polaris_ebm/runs_long_k_scaling/pbs/L2_ddp_fullk_K400_s500k_seed3.pbs,/eagle/lc-mpi/Zhiqing/polaris_ebm/runs_long_k_scaling/runs/L2/L2_ddp_fullk_K400_s500k_seed3,immediate auto resume from latest known checkpoint
L1_ddp_fullk_K400_s300k_seed1,7159825.polaris-pbs-01.hsn.cm.polaris.alcf.anl.gov,/eagle/lc-mpi/Zhiqing/polaris_ebm/runs_long_k_scaling/runs/L1/L1_ddp_fullk_K400_s300k_seed1/checkpoints/ckpt_step159999.pt,2026-05-16T15:13:31.635978+00:00,/eagle/lc-mpi/Zhiqing/polaris_ebm/runs_long_k_scaling/pbs/L1_ddp_fullk_K400_s300k_seed1.pbs,/eagle/lc-mpi/Zhiqing/polaris_ebm/runs_long_k_scaling/runs/L1/L1_ddp_fullk_K400_s300k_seed1,immediate auto resume from latest known checkpoint
L1_ddp_fullk_K400_s300k_seed2,7159826.polaris-pbs-01.hsn.cm.polaris.alcf.anl.gov,/eagle/lc-mpi/Zhiqing/polaris_ebm/runs_long_k_scaling/runs/L1/L1_ddp_fullk_K400_s300k_seed2/checkpoints/ckpt_step209999.pt,2026-05-16T15:13:32.362246+00:00,/eagle/lc-mpi/Zhiqing/polaris_ebm/runs_long_k_scaling/pbs/L1_ddp_fullk_K400_s300k_seed2.pbs,/eagle/lc-mpi/Zhiqing/polaris_ebm/runs_long_k_scaling/runs/L1/L1_ddp_fullk_K400_s300k_seed2,immediate auto resume from latest known checkpoint
L2_ddp_fullk_K400_s500k_seed3,7159827.polaris-pbs-01.hsn.cm.polaris.alcf.anl.gov,/eagle/lc-mpi/Zhiqing/polaris_ebm/runs_long_k_scaling/runs/L2/L2_ddp_fullk_K400_s500k_seed3/checkpoints/ckpt_step104999.pt,2026-05-16T15:13:32.839550+00:00,/eagle/lc-mpi/Zhiqing/polaris_ebm/runs_long_k_scaling/pbs/L2_ddp_fullk_K400_s500k_seed3.pbs,/eagle/lc-mpi/Zhiqing/polaris_ebm/runs_long_k_scaling/runs/L2/L2_ddp_fullk_K400_s500k_seed3,immediate auto resume from latest known checkpoint
L1_ddp_fullk_K400_s300k_seed1,7159830.polaris-pbs-01.hsn.cm.polaris.alcf.anl.gov,/eagle/lc-mpi/Zhiqing/polaris_ebm/runs_long_k_scaling/runs/L1/L1_ddp_fullk_K400_s300k_seed1/checkpoints/ckpt_step159999.pt,2026-05-16T15:28:33.531355+00:00,/eagle/lc-mpi/Zhiqing/polaris_ebm/runs_long_k_scaling/pbs/L1_ddp_fullk_K400_s300k_seed1.pbs,/eagle/lc-mpi/Zhiqing/polaris_ebm/runs_long_k_scaling/runs/L1/L1_ddp_fullk_K400_s300k_seed1,immediate auto resume from latest known checkpoint
L1_ddp_fullk_K400_s300k_seed2,7159831.polaris-pbs-01.hsn.cm.polaris.alcf.anl.gov,/eagle/lc-mpi/Zhiqing/polaris_ebm/runs_long_k_scaling/runs/L1/L1_ddp_fullk_K400_s300k_seed2/checkpoints/ckpt_step209999.pt,2026-05-16T15:28:34.110852+00:00,/eagle/lc-mpi/Zhiqing/polaris_ebm/runs_long_k_scaling/pbs/L1_ddp_fullk_K400_s300k_seed2.pbs,/eagle/lc-mpi/Zhiqing/polaris_ebm/runs_long_k_scaling/runs/L1/L1_ddp_fullk_K400_s300k_seed2,immediate auto resume from latest known checkpoint
L2_ddp_fullk_K400_s500k_seed3,7159832.polaris-pbs-01.hsn.cm.polaris.alcf.anl.gov,/eagle/lc-mpi/Zhiqing/polaris_ebm/runs_long_k_scaling/runs/L2/L2_ddp_fullk_K400_s500k_seed3/checkpoints/ckpt_step104999.pt,2026-05-16T15:28:34.576387+00:00,/eagle/lc-mpi/Zhiqing/polaris_ebm/runs_long_k_scaling/pbs/L2_ddp_fullk_K400_s500k_seed3.pbs,/eagle/lc-mpi/Zhiqing/polaris_ebm/runs_long_k_scaling/runs/L2/L2_ddp_fullk_K400_s500k_seed3,immediate auto resume from latest known checkpoint
L1_ddp_fullk_K400_s300k_seed1,7159834.polaris-pbs-01.hsn.cm.polaris.alcf.anl.gov,/eagle/lc-mpi/Zhiqing/polaris_ebm/runs_long_k_scaling/runs/L1/L1_ddp_fullk_K400_s300k_seed1/checkpoints/ckpt_step159999.pt,2026-05-16T15:43:35.550372+00:00,/eagle/lc-mpi/Zhiqing/polaris_ebm/runs_long_k_scaling/pbs/L1_ddp_fullk_K400_s300k_seed1.pbs,/eagle/lc-mpi/Zhiqing/polaris_ebm/runs_long_k_scaling/runs/L1/L1_ddp_fullk_K400_s300k_seed1,immediate auto resume from latest known checkpoint
L1_ddp_fullk_K400_s300k_seed2,7159835.polaris-pbs-01.hsn.cm.polaris.alcf.anl.gov,/eagle/lc-mpi/Zhiqing/polaris_ebm/runs_long_k_scaling/runs/L1/L1_ddp_fullk_K400_s300k_seed2/checkpoints/ckpt_step209999.pt,2026-05-16T15:43:36.007607+00:00,/eagle/lc-mpi/Zhiqing/polaris_ebm/runs_long_k_scaling/pbs/L1_ddp_fullk_K400_s300k_seed2.pbs,/eagle/lc-mpi/Zhiqing/polaris_ebm/runs_long_k_scaling/runs/L1/L1_ddp_fullk_K400_s300k_seed2,immediate auto resume from latest known checkpoint
L2_ddp_fullk_K400_s500k_seed3,7159836.polaris-pbs-01.hsn.cm.polaris.alcf.anl.gov,/eagle/lc-mpi/Zhiqing/polaris_ebm/runs_long_k_scaling/runs/L2/L2_ddp_fullk_K400_s500k_seed3/checkpoints/ckpt_step104999.pt,2026-05-16T15:43:36.427920+00:00,/eagle/lc-mpi/Zhiqing/polaris_ebm/runs_long_k_scaling/pbs/L2_ddp_fullk_K400_s500k_seed3.pbs,/eagle/lc-mpi/Zhiqing/polaris_ebm/runs_long_k_scaling/runs/L2/L2_ddp_fullk_K400_s500k_seed3,immediate auto resume from latest known checkpoint
L1_ddp_fullk_K400_s300k_seed1,7159838.polaris-pbs-01.hsn.cm.polaris.alcf.anl.gov,/eagle/lc-mpi/Zhiqing/polaris_ebm/runs_long_k_scaling/runs/L1/L1_ddp_fullk_K400_s300k_seed1/checkpoints/ckpt_step159999.pt,2026-05-16T15:58:37.362519+00:00,/eagle/lc-mpi/Zhiqing/polaris_ebm/runs_long_k_scaling/pbs/L1_ddp_fullk_K400_s300k_seed1.pbs,/eagle/lc-mpi/Zhiqing/polaris_ebm/runs_long_k_scaling/runs/L1/L1_ddp_fullk_K400_s300k_seed1,immediate auto resume from latest known checkpoint
L1_ddp_fullk_K400_s300k_seed2,7159839.polaris-pbs-01.hsn.cm.polaris.alcf.anl.gov,/eagle/lc-mpi/Zhiqing/polaris_ebm/runs_long_k_scaling/runs/L1/L1_ddp_fullk_K400_s300k_seed2/checkpoints/ckpt_step209999.pt,2026-05-16T15:58:37.855414+00:00,/eagle/lc-mpi/Zhiqing/polaris_ebm/runs_long_k_scaling/pbs/L1_ddp_fullk_K400_s300k_seed2.pbs,/eagle/lc-mpi/Zhiqing/polaris_ebm/runs_long_k_scaling/runs/L1/L1_ddp_fullk_K400_s300k_seed2,immediate auto resume from latest known checkpoint
L2_ddp_fullk_K400_s500k_seed3,7159840.polaris-pbs-01.hsn.cm.polaris.alcf.anl.gov,/eagle/lc-mpi/Zhiqing/polaris_ebm/runs_long_k_scaling/runs/L2/L2_ddp_fullk_K400_s500k_seed3/checkpoints/ckpt_step104999.pt,2026-05-16T15:58:38.417067+00:00,/eagle/lc-mpi/Zhiqing/polaris_ebm/runs_long_k_scaling/pbs/L2_ddp_fullk_K400_s500k_seed3.pbs,/eagle/lc-mpi/Zhiqing/polaris_ebm/runs_long_k_scaling/runs/L2/L2_ddp_fullk_K400_s500k_seed3,immediate auto resume from latest known checkpoint
L1_ddp_fullk_K400_s300k_seed1,7159843.polaris-pbs-01.hsn.cm.polaris.alcf.anl.gov,/eagle/lc-mpi/Zhiqing/polaris_ebm/runs_long_k_scaling/runs/L1/L1_ddp_fullk_K400_s300k_seed1/checkpoints/ckpt_step159999.pt,2026-05-16T16:13:39.373439+00:00,/eagle/lc-mpi/Zhiqing/polaris_ebm/runs_long_k_scaling/pbs/L1_ddp_fullk_K400_s300k_seed1.pbs,/eagle/lc-mpi/Zhiqing/polaris_ebm/runs_long_k_scaling/runs/L1/L1_ddp_fullk_K400_s300k_seed1,immediate auto resume from latest known checkpoint
L1_ddp_fullk_K400_s300k_seed2,7159844.polaris-pbs-01.hsn.cm.polaris.alcf.anl.gov,/eagle/lc-mpi/Zhiqing/polaris_ebm/runs_long_k_scaling/runs/L1/L1_ddp_fullk_K400_s300k_seed2/checkpoints/ckpt_step209999.pt,2026-05-16T16:13:39.827459+00:00,/eagle/lc-mpi/Zhiqing/polaris_ebm/runs_long_k_scaling/pbs/L1_ddp_fullk_K400_s300k_seed2.pbs,/eagle/lc-mpi/Zhiqing/polaris_ebm/runs_long_k_scaling/runs/L1/L1_ddp_fullk_K400_s300k_seed2,immediate auto resume from latest known checkpoint
L2_ddp_fullk_K400_s500k_seed3,7159845.polaris-pbs-01.hsn.cm.polaris.alcf.anl.gov,/eagle/lc-mpi/Zhiqing/polaris_ebm/runs_long_k_scaling/runs/L2/L2_ddp_fullk_K400_s500k_seed3/checkpoints/ckpt_step104999.pt,2026-05-16T16:13:40.328470+00:00,/eagle/lc-mpi/Zhiqing/polaris_ebm/runs_long_k_scaling/pbs/L2_ddp_fullk_K400_s500k_seed3.pbs,/eagle/lc-mpi/Zhiqing/polaris_ebm/runs_long_k_scaling/runs/L2/L2_ddp_fullk_K400_s500k_seed3,immediate auto resume from latest known checkpoint
L1_ddp_fullk_K400_s300k_seed1,7159846.polaris-pbs-01.hsn.cm.polaris.alcf.anl.gov,/eagle/lc-mpi/Zhiqing/polaris_ebm/runs_long_k_scaling/runs/L1/L1_ddp_fullk_K400_s300k_seed1/checkpoints/ckpt_step159999.pt,2026-05-16T16:28:41.461507+00:00,/eagle/lc-mpi/Zhiqing/polaris_ebm/runs_long_k_scaling/pbs/L1_ddp_fullk_K400_s300k_seed1.pbs,/eagle/lc-mpi/Zhiqing/polaris_ebm/runs_long_k_scaling/runs/L1/L1_ddp_fullk_K400_s300k_seed1,immediate auto resume from latest known checkpoint
L1_ddp_fullk_K400_s300k_seed2,7159847.polaris-pbs-01.hsn.cm.polaris.alcf.anl.gov,/eagle/lc-mpi/Zhiqing/polaris_ebm/runs_long_k_scaling/runs/L1/L1_ddp_fullk_K400_s300k_seed2/checkpoints/ckpt_step209999.pt,2026-05-16T16:28:41.980433+00:00,/eagle/lc-mpi/Zhiqing/polaris_ebm/runs_long_k_scaling/pbs/L1_ddp_fullk_K400_s300k_seed2.pbs,/eagle/lc-mpi/Zhiqing/polaris_ebm/runs_long_k_scaling/runs/L1/L1_ddp_fullk_K400_s300k_seed2,immediate auto resume from latest known checkpoint
L2_ddp_fullk_K400_s500k_seed3,7159848.polaris-pbs-01.hsn.cm.polaris.alcf.anl.gov,/eagle/lc-mpi/Zhiqing/polaris_ebm/runs_long_k_scaling/runs/L2/L2_ddp_fullk_K400_s500k_seed3/checkpoints/ckpt_step104999.pt,2026-05-16T16:28:42.672269+00:00,/eagle/lc-mpi/Zhiqing/polaris_ebm/runs_long_k_scaling/pbs/L2_ddp_fullk_K400_s500k_seed3.pbs,/eagle/lc-mpi/Zhiqing/polaris_ebm/runs_long_k_scaling/runs/L2/L2_ddp_fullk_K400_s500k_seed3,immediate auto resume from latest known checkpoint
L1_ddp_fullk_K400_s300k_seed1,7159849.polaris-pbs-01.hsn.cm.polaris.alcf.anl.gov,/eagle/lc-mpi/Zhiqing/polaris_ebm/runs_long_k_scaling/runs/L1/L1_ddp_fullk_K400_s300k_seed1/checkpoints/ckpt_step159999.pt,2026-05-16T16:43:43.558514+00:00,/eagle/lc-mpi/Zhiqing/polaris_ebm/runs_long_k_scaling/pbs/L1_ddp_fullk_K400_s300k_seed1.pbs,/eagle/lc-mpi/Zhiqing/polaris_ebm/runs_long_k_scaling/runs/L1/L1_ddp_fullk_K400_s300k_seed1,immediate auto resume from latest known checkpoint
L1_ddp_fullk_K400_s300k_seed2,7159850.polaris-pbs-01.hsn.cm.polaris.alcf.anl.gov,/eagle/lc-mpi/Zhiqing/polaris_ebm/runs_long_k_scaling/runs/L1/L1_ddp_fullk_K400_s300k_seed2/checkpoints/ckpt_step209999.pt,2026-05-16T16:43:44.111992+00:00,/eagle/lc-mpi/Zhiqing/polaris_ebm/runs_long_k_scaling/pbs/L1_ddp_fullk_K400_s300k_seed2.pbs,/eagle/lc-mpi/Zhiqing/polaris_ebm/runs_long_k_scaling/runs/L1/L1_ddp_fullk_K400_s300k_seed2,immediate auto resume from latest known checkpoint
L2_ddp_fullk_K400_s500k_seed3,7159851.polaris-pbs-01.hsn.cm.polaris.alcf.anl.gov,/eagle/lc-mpi/Zhiqing/polaris_ebm/runs_long_k_scaling/runs/L2/L2_ddp_fullk_K400_s500k_seed3/checkpoints/ckpt_step104999.pt,2026-05-16T16:43:44.592747+00:00,/eagle/lc-mpi/Zhiqing/polaris_ebm/runs_long_k_scaling/pbs/L2_ddp_fullk_K400_s500k_seed3.pbs,/eagle/lc-mpi/Zhiqing/polaris_ebm/runs_long_k_scaling/runs/L2/L2_ddp_fullk_K400_s500k_seed3,immediate auto resume from latest known checkpoint
L1_ddp_fullk_K400_s300k_seed1,7159857.polaris-pbs-01.hsn.cm.polaris.alcf.anl.gov,/eagle/lc-mpi/Zhiqing/polaris_ebm/runs_long_k_scaling/runs/L1/L1_ddp_fullk_K400_s300k_seed1/checkpoints/ckpt_step159999.pt,2026-05-16T16:58:45.482434+00:00,/eagle/lc-mpi/Zhiqing/polaris_ebm/runs_long_k_scaling/pbs/L1_ddp_fullk_K400_s300k_seed1.pbs,/eagle/lc-mpi/Zhiqing/polaris_ebm/runs_long_k_scaling/runs/L1/L1_ddp_fullk_K400_s300k_seed1,immediate auto resume from latest known checkpoint
L1_ddp_fullk_K400_s300k_seed2,7159858.polaris-pbs-01.hsn.cm.polaris.alcf.anl.gov,/eagle/lc-mpi/Zhiqing/polaris_ebm/runs_long_k_scaling/runs/L1/L1_ddp_fullk_K400_s300k_seed2/checkpoints/ckpt_step209999.pt,2026-05-16T16:58:45.884560+00:00,/eagle/lc-mpi/Zhiqing/polaris_ebm/runs_long_k_scaling/pbs/L1_ddp_fullk_K400_s300k_seed2.pbs,/eagle/lc-mpi/Zhiqing/polaris_ebm/runs_long_k_scaling/runs/L1/L1_ddp_fullk_K400_s300k_seed2,immediate auto resume from latest known checkpoint
L2_ddp_fullk_K400_s500k_seed3,7159859.polaris-pbs-01.hsn.cm.polaris.alcf.anl.gov,/eagle/lc-mpi/Zhiqing/polaris_ebm/runs_long_k_scaling/runs/L2/L2_ddp_fullk_K400_s500k_seed3/checkpoints/ckpt_step104999.pt,2026-05-16T16:58:46.463487+00:00,/eagle/lc-mpi/Zhiqing/polaris_ebm/runs_long_k_scaling/pbs/L2_ddp_fullk_K400_s500k_seed3.pbs,/eagle/lc-mpi/Zhiqing/polaris_ebm/runs_long_k_scaling/runs/L2/L2_ddp_fullk_K400_s500k_seed3,immediate auto resume from latest known checkpoint
L1_ddp_fullk_K400_s300k_seed1,7159864.polaris-pbs-01.hsn.cm.polaris.alcf.anl.gov,/eagle/lc-mpi/Zhiqing/polaris_ebm/runs_long_k_scaling/runs/L1/L1_ddp_fullk_K400_s300k_seed1/checkpoints/ckpt_step159999.pt,2026-05-16T17:13:47.358025+00:00,/eagle/lc-mpi/Zhiqing/polaris_ebm/runs_long_k_scaling/pbs/L1_ddp_fullk_K400_s300k_seed1.pbs,/eagle/lc-mpi/Zhiqing/polaris_ebm/runs_long_k_scaling/runs/L1/L1_ddp_fullk_K400_s300k_seed1,immediate auto resume from latest known checkpoint
L1_ddp_fullk_K400_s300k_seed2,7159865.polaris-pbs-01.hsn.cm.polaris.alcf.anl.gov,/eagle/lc-mpi/Zhiqing/polaris_ebm/runs_long_k_scaling/runs/L1/L1_ddp_fullk_K400_s300k_seed2/checkpoints/ckpt_step209999.pt,2026-05-16T17:13:47.852836+00:00,/eagle/lc-mpi/Zhiqing/polaris_ebm/runs_long_k_scaling/pbs/L1_ddp_fullk_K400_s300k_seed2.pbs,/eagle/lc-mpi/Zhiqing/polaris_ebm/runs_long_k_scaling/runs/L1/L1_ddp_fullk_K400_s300k_seed2,immediate auto resume from latest known checkpoint
L2_ddp_fullk_K400_s500k_seed3,7159866.polaris-pbs-01.hsn.cm.polaris.alcf.anl.gov,/eagle/lc-mpi/Zhiqing/polaris_ebm/runs_long_k_scaling/runs/L2/L2_ddp_fullk_K400_s500k_seed3/checkpoints/ckpt_step104999.pt,2026-05-16T17:13:48.222174+00:00,/eagle/lc-mpi/Zhiqing/polaris_ebm/runs_long_k_scaling/pbs/L2_ddp_fullk_K400_s500k_seed3.pbs,/eagle/lc-mpi/Zhiqing/polaris_ebm/runs_long_k_scaling/runs/L2/L2_ddp_fullk_K400_s500k_seed3,immediate auto resume from latest known checkpoint
L1_ddp_fullk_K400_s300k_seed1,7159868.polaris-pbs-01.hsn.cm.polaris.alcf.anl.gov,/eagle/lc-mpi/Zhiqing/polaris_ebm/runs_long_k_scaling/runs/L1/L1_ddp_fullk_K400_s300k_seed1/checkpoints/ckpt_step159999.pt,2026-05-16T17:28:49.100975+00:00,/eagle/lc-mpi/Zhiqing/polaris_ebm/runs_long_k_scaling/pbs/L1_ddp_fullk_K400_s300k_seed1.pbs,/eagle/lc-mpi/Zhiqing/polaris_ebm/runs_long_k_scaling/runs/L1/L1_ddp_fullk_K400_s300k_seed1,immediate auto resume from latest known checkpoint
L1_ddp_fullk_K400_s300k_seed2,7159869.polaris-pbs-01.hsn.cm.polaris.alcf.anl.gov,/eagle/lc-mpi/Zhiqing/polaris_ebm/runs_long_k_scaling/runs/L1/L1_ddp_fullk_K400_s300k_seed2/checkpoints/ckpt_step209999.pt,2026-05-16T17:28:49.512072+00:00,/eagle/lc-mpi/Zhiqing/polaris_ebm/runs_long_k_scaling/pbs/L1_ddp_fullk_K400_s300k_seed2.pbs,/eagle/lc-mpi/Zhiqing/polaris_ebm/runs_long_k_scaling/runs/L1/L1_ddp_fullk_K400_s300k_seed2,immediate auto resume from latest known checkpoint
L2_ddp_fullk_K400_s500k_seed3,7159870.polaris-pbs-01.hsn.cm.polaris.alcf.anl.gov,/eagle/lc-mpi/Zhiqing/polaris_ebm/runs_long_k_scaling/runs/L2/L2_ddp_fullk_K400_s500k_seed3/checkpoints/ckpt_step104999.pt,2026-05-16T17:28:50.068471+00:00,/eagle/lc-mpi/Zhiqing/polaris_ebm/runs_long_k_scaling/pbs/L2_ddp_fullk_K400_s500k_seed3.pbs,/eagle/lc-mpi/Zhiqing/polaris_ebm/runs_long_k_scaling/runs/L2/L2_ddp_fullk_K400_s500k_seed3,immediate auto resume from latest known checkpoint
L1_ddp_fullk_K400_s300k_seed1,7159872.polaris-pbs-01.hsn.cm.polaris.alcf.anl.gov,/eagle/lc-mpi/Zhiqing/polaris_ebm/runs_long_k_scaling/runs/L1/L1_ddp_fullk_K400_s300k_seed1/checkpoints/ckpt_step159999.pt,2026-05-16T17:43:50.997964+00:00,/eagle/lc-mpi/Zhiqing/polaris_ebm/runs_long_k_scaling/pbs/L1_ddp_fullk_K400_s300k_seed1.pbs,/eagle/lc-mpi/Zhiqing/polaris_ebm/runs_long_k_scaling/runs/L1/L1_ddp_fullk_K400_s300k_seed1,immediate auto resume from latest known checkpoint
L1_ddp_fullk_K400_s300k_seed2,7159873.polaris-pbs-01.hsn.cm.polaris.alcf.anl.gov,/eagle/lc-mpi/Zhiqing/polaris_ebm/runs_long_k_scaling/runs/L1/L1_ddp_fullk_K400_s300k_seed2/checkpoints/ckpt_step209999.pt,2026-05-16T17:43:51.536334+00:00,/eagle/lc-mpi/Zhiqing/polaris_ebm/runs_long_k_scaling/pbs/L1_ddp_fullk_K400_s300k_seed2.pbs,/eagle/lc-mpi/Zhiqing/polaris_ebm/runs_long_k_scaling/runs/L1/L1_ddp_fullk_K400_s300k_seed2,immediate auto resume from latest known checkpoint
L2_ddp_fullk_K400_s500k_seed3,7159874.polaris-pbs-01.hsn.cm.polaris.alcf.anl.gov,/eagle/lc-mpi/Zhiqing/polaris_ebm/runs_long_k_scaling/runs/L2/L2_ddp_fullk_K400_s500k_seed3/checkpoints/ckpt_step104999.pt,2026-05-16T17:43:51.980874+00:00,/eagle/lc-mpi/Zhiqing/polaris_ebm/runs_long_k_scaling/pbs/L2_ddp_fullk_K400_s500k_seed3.pbs,/eagle/lc-mpi/Zhiqing/polaris_ebm/runs_long_k_scaling/runs/L2/L2_ddp_fullk_K400_s500k_seed3,immediate auto resume from latest known checkpoint
L1_ddp_fullk_K400_s300k_seed1,7159880.polaris-pbs-01.hsn.cm.polaris.alcf.anl.gov,/eagle/lc-mpi/Zhiqing/polaris_ebm/runs_long_k_scaling/runs/L1/L1_ddp_fullk_K400_s300k_seed1/checkpoints/ckpt_step159999.pt,2026-05-16T17:58:52.867187+00:00,/eagle/lc-mpi/Zhiqing/polaris_ebm/runs_long_k_scaling/pbs/L1_ddp_fullk_K400_s300k_seed1.pbs,/eagle/lc-mpi/Zhiqing/polaris_ebm/runs_long_k_scaling/runs/L1/L1_ddp_fullk_K400_s300k_seed1,immediate auto resume from latest known checkpoint
L1_ddp_fullk_K400_s300k_seed2,7159881.polaris-pbs-01.hsn.cm.polaris.alcf.anl.gov,/eagle/lc-mpi/Zhiqing/polaris_ebm/runs_long_k_scaling/runs/L1/L1_ddp_fullk_K400_s300k_seed2/checkpoints/ckpt_step209999.pt,2026-05-16T17:58:53.383425+00:00,/eagle/lc-mpi/Zhiqing/polaris_ebm/runs_long_k_scaling/pbs/L1_ddp_fullk_K400_s300k_seed2.pbs,/eagle/lc-mpi/Zhiqing/polaris_ebm/runs_long_k_scaling/runs/L1/L1_ddp_fullk_K400_s300k_seed2,immediate auto resume from latest known checkpoint
L2_ddp_fullk_K400_s500k_seed3,7159882.polaris-pbs-01.hsn.cm.polaris.alcf.anl.gov,/eagle/lc-mpi/Zhiqing/polaris_ebm/runs_long_k_scaling/runs/L2/L2_ddp_fullk_K400_s500k_seed3/checkpoints/ckpt_step104999.pt,2026-05-16T17:58:53.963781+00:00,/eagle/lc-mpi/Zhiqing/polaris_ebm/runs_long_k_scaling/pbs/L2_ddp_fullk_K400_s500k_seed3.pbs,/eagle/lc-mpi/Zhiqing/polaris_ebm/runs_long_k_scaling/runs/L2/L2_ddp_fullk_K400_s500k_seed3,immediate auto resume from latest known checkpoint
L1_ddp_fullk_K400_s300k_seed1,7159884.polaris-pbs-01.hsn.cm.polaris.alcf.anl.gov,/eagle/lc-mpi/Zhiqing/polaris_ebm/runs_long_k_scaling/runs/L1/L1_ddp_fullk_K400_s300k_seed1/checkpoints/ckpt_step159999.pt,2026-05-16T18:13:54.797817+00:00,/eagle/lc-mpi/Zhiqing/polaris_ebm/runs_long_k_scaling/pbs/L1_ddp_fullk_K400_s300k_seed1.pbs,/eagle/lc-mpi/Zhiqing/polaris_ebm/runs_long_k_scaling/runs/L1/L1_ddp_fullk_K400_s300k_seed1,immediate auto resume from latest known checkpoint
L1_ddp_fullk_K400_s300k_seed2,7159885.polaris-pbs-01.hsn.cm.polaris.alcf.anl.gov,/eagle/lc-mpi/Zhiqing/polaris_ebm/runs_long_k_scaling/runs/L1/L1_ddp_fullk_K400_s300k_seed2/checkpoints/ckpt_step209999.pt,2026-05-16T18:13:55.228434+00:00,/eagle/lc-mpi/Zhiqing/polaris_ebm/runs_long_k_scaling/pbs/L1_ddp_fullk_K400_s300k_seed2.pbs,/eagle/lc-mpi/Zhiqing/polaris_ebm/runs_long_k_scaling/runs/L1/L1_ddp_fullk_K400_s300k_seed2,immediate auto resume from latest known checkpoint
L2_ddp_fullk_K400_s500k_seed3,7159886.polaris-pbs-01.hsn.cm.polaris.alcf.anl.gov,/eagle/lc-mpi/Zhiqing/polaris_ebm/runs_long_k_scaling/runs/L2/L2_ddp_fullk_K400_s500k_seed3/checkpoints/ckpt_step104999.pt,2026-05-16T18:13:55.687992+00:00,/eagle/lc-mpi/Zhiqing/polaris_ebm/runs_long_k_scaling/pbs/L2_ddp_fullk_K400_s500k_seed3.pbs,/eagle/lc-mpi/Zhiqing/polaris_ebm/runs_long_k_scaling/runs/L2/L2_ddp_fullk_K400_s500k_seed3,immediate auto resume from latest known checkpoint
L1_ddp_fullk_K400_s300k_seed1,7159889.polaris-pbs-01.hsn.cm.polaris.alcf.anl.gov,/eagle/lc-mpi/Zhiqing/polaris_ebm/runs_long_k_scaling/runs/L1/L1_ddp_fullk_K400_s300k_seed1/checkpoints/ckpt_step159999.pt,2026-05-16T18:28:56.913972+00:00,/eagle/lc-mpi/Zhiqing/polaris_ebm/runs_long_k_scaling/pbs/L1_ddp_fullk_K400_s300k_seed1.pbs,/eagle/lc-mpi/Zhiqing/polaris_ebm/runs_long_k_scaling/runs/L1/L1_ddp_fullk_K400_s300k_seed1,immediate auto resume from latest known checkpoint
L1_ddp_fullk_K400_s300k_seed2,7159890.polaris-pbs-01.hsn.cm.polaris.alcf.anl.gov,/eagle/lc-mpi/Zhiqing/polaris_ebm/runs_long_k_scaling/runs/L1/L1_ddp_fullk_K400_s300k_seed2/checkpoints/ckpt_step209999.pt,2026-05-16T18:28:57.346358+00:00,/eagle/lc-mpi/Zhiqing/polaris_ebm/runs_long_k_scaling/pbs/L1_ddp_fullk_K400_s300k_seed2.pbs,/eagle/lc-mpi/Zhiqing/polaris_ebm/runs_long_k_scaling/runs/L1/L1_ddp_fullk_K400_s300k_seed2,immediate auto resume from latest known checkpoint
L2_ddp_fullk_K400_s500k_seed3,7159891.polaris-pbs-01.hsn.cm.polaris.alcf.anl.gov,/eagle/lc-mpi/Zhiqing/polaris_ebm/runs_long_k_scaling/runs/L2/L2_ddp_fullk_K400_s500k_seed3/checkpoints/ckpt_step104999.pt,2026-05-16T18:28:57.730904+00:00,/eagle/lc-mpi/Zhiqing/polaris_ebm/runs_long_k_scaling/pbs/L2_ddp_fullk_K400_s500k_seed3.pbs,/eagle/lc-mpi/Zhiqing/polaris_ebm/runs_long_k_scaling/runs/L2/L2_ddp_fullk_K400_s500k_seed3,immediate auto resume from latest known checkpoint
L1_ddp_fullk_K400_s300k_seed1,7159892.polaris-pbs-01.hsn.cm.polaris.alcf.anl.gov,/eagle/lc-mpi/Zhiqing/polaris_ebm/runs_long_k_scaling/runs/L1/L1_ddp_fullk_K400_s300k_seed1/checkpoints/ckpt_step159999.pt,2026-05-16T18:43:58.867183+00:00,/eagle/lc-mpi/Zhiqing/polaris_ebm/runs_long_k_scaling/pbs/L1_ddp_fullk_K400_s300k_seed1.pbs,/eagle/lc-mpi/Zhiqing/polaris_ebm/runs_long_k_scaling/runs/L1/L1_ddp_fullk_K400_s300k_seed1,immediate auto resume from latest known checkpoint
L1_ddp_fullk_K400_s300k_seed2,7159893.polaris-pbs-01.hsn.cm.polaris.alcf.anl.gov,/eagle/lc-mpi/Zhiqing/polaris_ebm/runs_long_k_scaling/runs/L1/L1_ddp_fullk_K400_s300k_seed2/checkpoints/ckpt_step209999.pt,2026-05-16T18:43:59.282577+00:00,/eagle/lc-mpi/Zhiqing/polaris_ebm/runs_long_k_scaling/pbs/L1_ddp_fullk_K400_s300k_seed2.pbs,/eagle/lc-mpi/Zhiqing/polaris_ebm/runs_long_k_scaling/runs/L1/L1_ddp_fullk_K400_s300k_seed2,immediate auto resume from latest known checkpoint
L2_ddp_fullk_K400_s500k_seed3,7159894.polaris-pbs-01.hsn.cm.polaris.alcf.anl.gov,/eagle/lc-mpi/Zhiqing/polaris_ebm/runs_long_k_scaling/runs/L2/L2_ddp_fullk_K400_s500k_seed3/checkpoints/ckpt_step104999.pt,2026-05-16T18:43:59.834955+00:00,/eagle/lc-mpi/Zhiqing/polaris_ebm/runs_long_k_scaling/pbs/L2_ddp_fullk_K400_s500k_seed3.pbs,/eagle/lc-mpi/Zhiqing/polaris_ebm/runs_long_k_scaling/runs/L2/L2_ddp_fullk_K400_s500k_seed3,immediate auto resume from latest known checkpoint
L1_ddp_fullk_K400_s300k_seed1,7159895.polaris-pbs-01.hsn.cm.polaris.alcf.anl.gov,/eagle/lc-mpi/Zhiqing/polaris_ebm/runs_long_k_scaling/runs/L1/L1_ddp_fullk_K400_s300k_seed1/checkpoints/ckpt_step159999.pt,2026-05-16T18:59:01.045303+00:00,/eagle/lc-mpi/Zhiqing/polaris_ebm/runs_long_k_scaling/pbs/L1_ddp_fullk_K400_s300k_seed1.pbs,/eagle/lc-mpi/Zhiqing/polaris_ebm/runs_long_k_scaling/runs/L1/L1_ddp_fullk_K400_s300k_seed1,immediate auto resume from latest known checkpoint
L1_ddp_fullk_K400_s300k_seed2,7159896.polaris-pbs-01.hsn.cm.polaris.alcf.anl.gov,/eagle/lc-mpi/Zhiqing/polaris_ebm/runs_long_k_scaling/runs/L1/L1_ddp_fullk_K400_s300k_seed2/checkpoints/ckpt_step209999.pt,2026-05-16T18:59:01.522759+00:00,/eagle/lc-mpi/Zhiqing/polaris_ebm/runs_long_k_scaling/pbs/L1_ddp_fullk_K400_s300k_seed2.pbs,/eagle/lc-mpi/Zhiqing/polaris_ebm/runs_long_k_scaling/runs/L1/L1_ddp_fullk_K400_s300k_seed2,immediate auto resume from latest known checkpoint
L2_ddp_fullk_K400_s500k_seed3,7159897.polaris-pbs-01.hsn.cm.polaris.alcf.anl.gov,/eagle/lc-mpi/Zhiqing/polaris_ebm/runs_long_k_scaling/runs/L2/L2_ddp_fullk_K400_s500k_seed3/checkpoints/ckpt_step104999.pt,2026-05-16T18:59:02.041745+00:00,/eagle/lc-mpi/Zhiqing/polaris_ebm/runs_long_k_scaling/pbs/L2_ddp_fullk_K400_s500k_seed3.pbs,/eagle/lc-mpi/Zhiqing/polaris_ebm/runs_long_k_scaling/runs/L2/L2_ddp_fullk_K400_s500k_seed3,immediate auto resume from latest known checkpoint
L1_ddp_fullk_K400_s300k_seed1,7159900.polaris-pbs-01.hsn.cm.polaris.alcf.anl.gov,/eagle/lc-mpi/Zhiqing/polaris_ebm/runs_long_k_scaling/runs/L1/L1_ddp_fullk_K400_s300k_seed1/checkpoints/ckpt_step159999.pt,2026-05-16T19:14:03.208049+00:00,/eagle/lc-mpi/Zhiqing/polaris_ebm/runs_long_k_scaling/pbs/L1_ddp_fullk_K400_s300k_seed1.pbs,/eagle/lc-mpi/Zhiqing/polaris_ebm/runs_long_k_scaling/runs/L1/L1_ddp_fullk_K400_s300k_seed1,immediate auto resume from latest known checkpoint
L1_ddp_fullk_K400_s300k_seed2,7159901.polaris-pbs-01.hsn.cm.polaris.alcf.anl.gov,/eagle/lc-mpi/Zhiqing/polaris_ebm/runs_long_k_scaling/runs/L1/L1_ddp_fullk_K400_s300k_seed2/checkpoints/ckpt_step209999.pt,2026-05-16T19:14:03.796508+00:00,/eagle/lc-mpi/Zhiqing/polaris_ebm/runs_long_k_scaling/pbs/L1_ddp_fullk_K400_s300k_seed2.pbs,/eagle/lc-mpi/Zhiqing/polaris_ebm/runs_long_k_scaling/runs/L1/L1_ddp_fullk_K400_s300k_seed2,immediate auto resume from latest known checkpoint
L2_ddp_fullk_K400_s500k_seed3,7159902.polaris-pbs-01.hsn.cm.polaris.alcf.anl.gov,/eagle/lc-mpi/Zhiqing/polaris_ebm/runs_long_k_scaling/runs/L2/L2_ddp_fullk_K400_s500k_seed3/checkpoints/ckpt_step104999.pt,2026-05-16T19:14:04.460523+00:00,/eagle/lc-mpi/Zhiqing/polaris_ebm/runs_long_k_scaling/pbs/L2_ddp_fullk_K400_s500k_seed3.pbs,/eagle/lc-mpi/Zhiqing/polaris_ebm/runs_long_k_scaling/runs/L2/L2_ddp_fullk_K400_s500k_seed3,immediate auto resume from latest known checkpoint
L1_ddp_fullk_K400_s300k_seed1,7159903.polaris-pbs-01.hsn.cm.polaris.alcf.anl.gov,/eagle/lc-mpi/Zhiqing/polaris_ebm/runs_long_k_scaling/runs/L1/L1_ddp_fullk_K400_s300k_seed1/checkpoints/ckpt_step159999.pt,2026-05-16T19:29:05.434544+00:00,/eagle/lc-mpi/Zhiqing/polaris_ebm/runs_long_k_scaling/pbs/L1_ddp_fullk_K400_s300k_seed1.pbs,/eagle/lc-mpi/Zhiqing/polaris_ebm/runs_long_k_scaling/runs/L1/L1_ddp_fullk_K400_s300k_seed1,immediate auto resume from latest known checkpoint
L1_ddp_fullk_K400_s300k_seed2,7159904.polaris-pbs-01.hsn.cm.polaris.alcf.anl.gov,/eagle/lc-mpi/Zhiqing/polaris_ebm/runs_long_k_scaling/runs/L1/L1_ddp_fullk_K400_s300k_seed2/checkpoints/ckpt_step209999.pt,2026-05-16T19:29:05.869690+00:00,/eagle/lc-mpi/Zhiqing/polaris_ebm/runs_long_k_scaling/pbs/L1_ddp_fullk_K400_s300k_seed2.pbs,/eagle/lc-mpi/Zhiqing/polaris_ebm/runs_long_k_scaling/runs/L1/L1_ddp_fullk_K400_s300k_seed2,immediate auto resume from latest known checkpoint
L2_ddp_fullk_K400_s500k_seed3,7159905.polaris-pbs-01.hsn.cm.polaris.alcf.anl.gov,/eagle/lc-mpi/Zhiqing/polaris_ebm/runs_long_k_scaling/runs/L2/L2_ddp_fullk_K400_s500k_seed3/checkpoints/ckpt_step104999.pt,2026-05-16T19:29:06.213681+00:00,/eagle/lc-mpi/Zhiqing/polaris_ebm/runs_long_k_scaling/pbs/L2_ddp_fullk_K400_s500k_seed3.pbs,/eagle/lc-mpi/Zhiqing/polaris_ebm/runs_long_k_scaling/runs/L2/L2_ddp_fullk_K400_s500k_seed3,immediate auto resume from latest known checkpoint
L1_ddp_fullk_K400_s300k_seed1,7159909.polaris-pbs-01.hsn.cm.polaris.alcf.anl.gov,/eagle/lc-mpi/Zhiqing/polaris_ebm/runs_long_k_scaling/runs/L1/L1_ddp_fullk_K400_s300k_seed1/checkpoints/ckpt_step159999.pt,2026-05-16T19:44:07.184184+00:00,/eagle/lc-mpi/Zhiqing/polaris_ebm/runs_long_k_scaling/pbs/L1_ddp_fullk_K400_s300k_seed1.pbs,/eagle/lc-mpi/Zhiqing/polaris_ebm/runs_long_k_scaling/runs/L1/L1_ddp_fullk_K400_s300k_seed1,immediate auto resume from latest known checkpoint
L1_ddp_fullk_K400_s300k_seed2,7159910.polaris-pbs-01.hsn.cm.polaris.alcf.anl.gov,/eagle/lc-mpi/Zhiqing/polaris_ebm/runs_long_k_scaling/runs/L1/L1_ddp_fullk_K400_s300k_seed2/checkpoints/ckpt_step209999.pt,2026-05-16T19:44:07.663707+00:00,/eagle/lc-mpi/Zhiqing/polaris_ebm/runs_long_k_scaling/pbs/L1_ddp_fullk_K400_s300k_seed2.pbs,/eagle/lc-mpi/Zhiqing/polaris_ebm/runs_long_k_scaling/runs/L1/L1_ddp_fullk_K400_s300k_seed2,immediate auto resume from latest known checkpoint
L2_ddp_fullk_K400_s500k_seed3,7159911.polaris-pbs-01.hsn.cm.polaris.alcf.anl.gov,/eagle/lc-mpi/Zhiqing/polaris_ebm/runs_long_k_scaling/runs/L2/L2_ddp_fullk_K400_s500k_seed3/checkpoints/ckpt_step104999.pt,2026-05-16T19:44:08.051223+00:00,/eagle/lc-mpi/Zhiqing/polaris_ebm/runs_long_k_scaling/pbs/L2_ddp_fullk_K400_s500k_seed3.pbs,/eagle/lc-mpi/Zhiqing/polaris_ebm/runs_long_k_scaling/runs/L2/L2_ddp_fullk_K400_s500k_seed3,immediate auto resume from latest known checkpoint
L1_ddp_fullk_K400_s300k_seed1,7159920.polaris-pbs-01.hsn.cm.polaris.alcf.anl.gov,/eagle/lc-mpi/Zhiqing/polaris_ebm/runs_long_k_scaling/runs/L1/L1_ddp_fullk_K400_s300k_seed1/checkpoints/ckpt_step159999.pt,2026-05-16T19:59:09.050030+00:00,/eagle/lc-mpi/Zhiqing/polaris_ebm/runs_long_k_scaling/pbs/L1_ddp_fullk_K400_s300k_seed1.pbs,/eagle/lc-mpi/Zhiqing/polaris_ebm/runs_long_k_scaling/runs/L1/L1_ddp_fullk_K400_s300k_seed1,immediate auto resume from latest known checkpoint
L1_ddp_fullk_K400_s300k_seed2,7159921.polaris-pbs-01.hsn.cm.polaris.alcf.anl.gov,/eagle/lc-mpi/Zhiqing/polaris_ebm/runs_long_k_scaling/runs/L1/L1_ddp_fullk_K400_s300k_seed2/checkpoints/ckpt_step209999.pt,2026-05-16T19:59:09.498617+00:00,/eagle/lc-mpi/Zhiqing/polaris_ebm/runs_long_k_scaling/pbs/L1_ddp_fullk_K400_s300k_seed2.pbs,/eagle/lc-mpi/Zhiqing/polaris_ebm/runs_long_k_scaling/runs/L1/L1_ddp_fullk_K400_s300k_seed2,immediate auto resume from latest known checkpoint
L2_ddp_fullk_K400_s500k_seed3,7159922.polaris-pbs-01.hsn.cm.polaris.alcf.anl.gov,/eagle/lc-mpi/Zhiqing/polaris_ebm/runs_long_k_scaling/runs/L2/L2_ddp_fullk_K400_s500k_seed3/checkpoints/ckpt_step104999.pt,2026-05-16T19:59:09.966670+00:00,/eagle/lc-mpi/Zhiqing/polaris_ebm/runs_long_k_scaling/pbs/L2_ddp_fullk_K400_s500k_seed3.pbs,/eagle/lc-mpi/Zhiqing/polaris_ebm/runs_long_k_scaling/runs/L2/L2_ddp_fullk_K400_s500k_seed3,immediate auto resume from latest known checkpoint
L1_ddp_fullk_K400_s300k_seed1,7159928.polaris-pbs-01.hsn.cm.polaris.alcf.anl.gov,/eagle/lc-mpi/Zhiqing/polaris_ebm/runs_long_k_scaling/runs/L1/L1_ddp_fullk_K400_s300k_seed1/checkpoints/ckpt_step159999.pt,2026-05-16T20:14:10.879478+00:00,/eagle/lc-mpi/Zhiqing/polaris_ebm/runs_long_k_scaling/pbs/L1_ddp_fullk_K400_s300k_seed1.pbs,/eagle/lc-mpi/Zhiqing/polaris_ebm/runs_long_k_scaling/runs/L1/L1_ddp_fullk_K400_s300k_seed1,immediate auto resume from latest known checkpoint
L1_ddp_fullk_K400_s300k_seed2,7159929.polaris-pbs-01.hsn.cm.polaris.alcf.anl.gov,/eagle/lc-mpi/Zhiqing/polaris_ebm/runs_long_k_scaling/runs/L1/L1_ddp_fullk_K400_s300k_seed2/checkpoints/ckpt_step209999.pt,2026-05-16T20:14:11.338253+00:00,/eagle/lc-mpi/Zhiqing/polaris_ebm/runs_long_k_scaling/pbs/L1_ddp_fullk_K400_s300k_seed2.pbs,/eagle/lc-mpi/Zhiqing/polaris_ebm/runs_long_k_scaling/runs/L1/L1_ddp_fullk_K400_s300k_seed2,immediate auto resume from latest known checkpoint
L2_ddp_fullk_K400_s500k_seed3,7159930.polaris-pbs-01.hsn.cm.polaris.alcf.anl.gov,/eagle/lc-mpi/Zhiqing/polaris_ebm/runs_long_k_scaling/runs/L2/L2_ddp_fullk_K400_s500k_seed3/checkpoints/ckpt_step104999.pt,2026-05-16T20:14:11.776144+00:00,/eagle/lc-mpi/Zhiqing/polaris_ebm/runs_long_k_scaling/pbs/L2_ddp_fullk_K400_s500k_seed3.pbs,/eagle/lc-mpi/Zhiqing/polaris_ebm/runs_long_k_scaling/runs/L2/L2_ddp_fullk_K400_s500k_seed3,immediate auto resume from latest known checkpoint
L1_ddp_fullk_K400_s300k_seed1,7159939.polaris-pbs-01.hsn.cm.polaris.alcf.anl.gov,/eagle/lc-mpi/Zhiqing/polaris_ebm/runs_long_k_scaling/runs/L1/L1_ddp_fullk_K400_s300k_seed1/checkpoints/ckpt_step159999.pt,2026-05-16T20:29:12.663062+00:00,/eagle/lc-mpi/Zhiqing/polaris_ebm/runs_long_k_scaling/pbs/L1_ddp_fullk_K400_s300k_seed1.pbs,/eagle/lc-mpi/Zhiqing/polaris_ebm/runs_long_k_scaling/runs/L1/L1_ddp_fullk_K400_s300k_seed1,immediate auto resume from latest known checkpoint
L1_ddp_fullk_K400_s300k_seed2,7159940.polaris-pbs-01.hsn.cm.polaris.alcf.anl.gov,/eagle/lc-mpi/Zhiqing/polaris_ebm/runs_long_k_scaling/runs/L1/L1_ddp_fullk_K400_s300k_seed2/checkpoints/ckpt_step209999.pt,2026-05-16T20:29:13.183496+00:00,/eagle/lc-mpi/Zhiqing/polaris_ebm/runs_long_k_scaling/pbs/L1_ddp_fullk_K400_s300k_seed2.pbs,/eagle/lc-mpi/Zhiqing/polaris_ebm/runs_long_k_scaling/runs/L1/L1_ddp_fullk_K400_s300k_seed2,immediate auto resume from latest known checkpoint
L2_ddp_fullk_K400_s500k_seed3,7159941.polaris-pbs-01.hsn.cm.polaris.alcf.anl.gov,/eagle/lc-mpi/Zhiqing/polaris_ebm/runs_long_k_scaling/runs/L2/L2_ddp_fullk_K400_s500k_seed3/checkpoints/ckpt_step104999.pt,2026-05-16T20:29:13.847291+00:00,/eagle/lc-mpi/Zhiqing/polaris_ebm/runs_long_k_scaling/pbs/L2_ddp_fullk_K400_s500k_seed3.pbs,/eagle/lc-mpi/Zhiqing/polaris_ebm/runs_long_k_scaling/runs/L2/L2_ddp_fullk_K400_s500k_seed3,immediate auto resume from latest known checkpoint
L1_ddp_fullk_K400_s300k_seed1,7159947.polaris-pbs-01.hsn.cm.polaris.alcf.anl.gov,/eagle/lc-mpi/Zhiqing/polaris_ebm/runs_long_k_scaling/runs/L1/L1_ddp_fullk_K400_s300k_seed1/checkpoints/ckpt_step159999.pt,2026-05-16T20:44:14.727705+00:00,/eagle/lc-mpi/Zhiqing/polaris_ebm/runs_long_k_scaling/pbs/L1_ddp_fullk_K400_s300k_seed1.pbs,/eagle/lc-mpi/Zhiqing/polaris_ebm/runs_long_k_scaling/runs/L1/L1_ddp_fullk_K400_s300k_seed1,immediate auto resume from latest known checkpoint
L1_ddp_fullk_K400_s300k_seed2,7159948.polaris-pbs-01.hsn.cm.polaris.alcf.anl.gov,/eagle/lc-mpi/Zhiqing/polaris_ebm/runs_long_k_scaling/runs/L1/L1_ddp_fullk_K400_s300k_seed2/checkpoints/ckpt_step209999.pt,2026-05-16T20:44:15.200474+00:00,/eagle/lc-mpi/Zhiqing/polaris_ebm/runs_long_k_scaling/pbs/L1_ddp_fullk_K400_s300k_seed2.pbs,/eagle/lc-mpi/Zhiqing/polaris_ebm/runs_long_k_scaling/runs/L1/L1_ddp_fullk_K400_s300k_seed2,immediate auto resume from latest known checkpoint
L2_ddp_fullk_K400_s500k_seed3,7159949.polaris-pbs-01.hsn.cm.polaris.alcf.anl.gov,/eagle/lc-mpi/Zhiqing/polaris_ebm/runs_long_k_scaling/runs/L2/L2_ddp_fullk_K400_s500k_seed3/checkpoints/ckpt_step104999.pt,2026-05-16T20:44:15.803651+00:00,/eagle/lc-mpi/Zhiqing/polaris_ebm/runs_long_k_scaling/pbs/L2_ddp_fullk_K400_s500k_seed3.pbs,/eagle/lc-mpi/Zhiqing/polaris_ebm/runs_long_k_scaling/runs/L2/L2_ddp_fullk_K400_s500k_seed3,immediate auto resume from latest known checkpoint
L1_ddp_fullk_K400_s300k_seed1,7159955.polaris-pbs-01.hsn.cm.polaris.alcf.anl.gov,/eagle/lc-mpi/Zhiqing/polaris_ebm/runs_long_k_scaling/runs/L1/L1_ddp_fullk_K400_s300k_seed1/checkpoints/ckpt_step159999.pt,2026-05-16T20:59:16.676924+00:00,/eagle/lc-mpi/Zhiqing/polaris_ebm/runs_long_k_scaling/pbs/L1_ddp_fullk_K400_s300k_seed1.pbs,/eagle/lc-mpi/Zhiqing/polaris_ebm/runs_long_k_scaling/runs/L1/L1_ddp_fullk_K400_s300k_seed1,immediate auto resume from latest known checkpoint
L1_ddp_fullk_K400_s300k_seed2,7159956.polaris-pbs-01.hsn.cm.polaris.alcf.anl.gov,/eagle/lc-mpi/Zhiqing/polaris_ebm/runs_long_k_scaling/runs/L1/L1_ddp_fullk_K400_s300k_seed2/checkpoints/ckpt_step209999.pt,2026-05-16T20:59:17.129592+00:00,/eagle/lc-mpi/Zhiqing/polaris_ebm/runs_long_k_scaling/pbs/L1_ddp_fullk_K400_s300k_seed2.pbs,/eagle/lc-mpi/Zhiqing/polaris_ebm/runs_long_k_scaling/runs/L1/L1_ddp_fullk_K400_s300k_seed2,immediate auto resume from latest known checkpoint
L2_ddp_fullk_K400_s500k_seed3,7159957.polaris-pbs-01.hsn.cm.polaris.alcf.anl.gov,/eagle/lc-mpi/Zhiqing/polaris_ebm/runs_long_k_scaling/runs/L2/L2_ddp_fullk_K400_s500k_seed3/checkpoints/ckpt_step104999.pt,2026-05-16T20:59:17.483313+00:00,/eagle/lc-mpi/Zhiqing/polaris_ebm/runs_long_k_scaling/pbs/L2_ddp_fullk_K400_s500k_seed3.pbs,/eagle/lc-mpi/Zhiqing/polaris_ebm/runs_long_k_scaling/runs/L2/L2_ddp_fullk_K400_s500k_seed3,immediate auto resume from latest known checkpoint
L1_ddp_fullk_K400_s300k_seed1,7159959.polaris-pbs-01.hsn.cm.polaris.alcf.anl.gov,/eagle/lc-mpi/Zhiqing/polaris_ebm/runs_long_k_scaling/runs/L1/L1_ddp_fullk_K400_s300k_seed1/checkpoints/ckpt_step159999.pt,2026-05-16T21:14:18.731897+00:00,/eagle/lc-mpi/Zhiqing/polaris_ebm/runs_long_k_scaling/pbs/L1_ddp_fullk_K400_s300k_seed1.pbs,/eagle/lc-mpi/Zhiqing/polaris_ebm/runs_long_k_scaling/runs/L1/L1_ddp_fullk_K400_s300k_seed1,immediate auto resume from latest known checkpoint
L1_ddp_fullk_K400_s300k_seed2,7159960.polaris-pbs-01.hsn.cm.polaris.alcf.anl.gov,/eagle/lc-mpi/Zhiqing/polaris_ebm/runs_long_k_scaling/runs/L1/L1_ddp_fullk_K400_s300k_seed2/checkpoints/ckpt_step209999.pt,2026-05-16T21:14:19.303028+00:00,/eagle/lc-mpi/Zhiqing/polaris_ebm/runs_long_k_scaling/pbs/L1_ddp_fullk_K400_s300k_seed2.pbs,/eagle/lc-mpi/Zhiqing/polaris_ebm/runs_long_k_scaling/runs/L1/L1_ddp_fullk_K400_s300k_seed2,immediate auto resume from latest known checkpoint
L2_ddp_fullk_K400_s500k_seed3,7159961.polaris-pbs-01.hsn.cm.polaris.alcf.anl.gov,/eagle/lc-mpi/Zhiqing/polaris_ebm/runs_long_k_scaling/runs/L2/L2_ddp_fullk_K400_s500k_seed3/checkpoints/ckpt_step104999.pt,2026-05-16T21:14:19.921170+00:00,/eagle/lc-mpi/Zhiqing/polaris_ebm/runs_long_k_scaling/pbs/L2_ddp_fullk_K400_s500k_seed3.pbs,/eagle/lc-mpi/Zhiqing/polaris_ebm/runs_long_k_scaling/runs/L2/L2_ddp_fullk_K400_s500k_seed3,immediate auto resume from latest known checkpoint
L1_ddp_fullk_K400_s300k_seed1,7159962.polaris-pbs-01.hsn.cm.polaris.alcf.anl.gov,/eagle/lc-mpi/Zhiqing/polaris_ebm/runs_long_k_scaling/runs/L1/L1_ddp_fullk_K400_s300k_seed1/checkpoints/ckpt_step159999.pt,2026-05-16T21:29:20.878163+00:00,/eagle/lc-mpi/Zhiqing/polaris_ebm/runs_long_k_scaling/pbs/L1_ddp_fullk_K400_s300k_seed1.pbs,/eagle/lc-mpi/Zhiqing/polaris_ebm/runs_long_k_scaling/runs/L1/L1_ddp_fullk_K400_s300k_seed1,immediate auto resume from latest known checkpoint
L1_ddp_fullk_K400_s300k_seed2,7159963.polaris-pbs-01.hsn.cm.polaris.alcf.anl.gov,/eagle/lc-mpi/Zhiqing/polaris_ebm/runs_long_k_scaling/runs/L1/L1_ddp_fullk_K400_s300k_seed2/checkpoints/ckpt_step209999.pt,2026-05-16T21:29:21.819306+00:00,/eagle/lc-mpi/Zhiqing/polaris_ebm/runs_long_k_scaling/pbs/L1_ddp_fullk_K400_s300k_seed2.pbs,/eagle/lc-mpi/Zhiqing/polaris_ebm/runs_long_k_scaling/runs/L1/L1_ddp_fullk_K400_s300k_seed2,immediate auto resume from latest known checkpoint
L2_ddp_fullk_K400_s500k_seed3,7159964.polaris-pbs-01.hsn.cm.polaris.alcf.anl.gov,/eagle/lc-mpi/Zhiqing/polaris_ebm/runs_long_k_scaling/runs/L2/L2_ddp_fullk_K400_s500k_seed3/checkpoints/ckpt_step104999.pt,2026-05-16T21:29:22.477446+00:00,/eagle/lc-mpi/Zhiqing/polaris_ebm/runs_long_k_scaling/pbs/L2_ddp_fullk_K400_s500k_seed3.pbs,/eagle/lc-mpi/Zhiqing/polaris_ebm/runs_long_k_scaling/runs/L2/L2_ddp_fullk_K400_s500k_seed3,immediate auto resume from latest known checkpoint
L1_ddp_fullk_K400_s300k_seed1,7159965.polaris-pbs-01.hsn.cm.polaris.alcf.anl.gov,/eagle/lc-mpi/Zhiqing/polaris_ebm/runs_long_k_scaling/runs/L1/L1_ddp_fullk_K400_s300k_seed1/checkpoints/ckpt_step159999.pt,2026-05-16T21:44:23.419088+00:00,/eagle/lc-mpi/Zhiqing/polaris_ebm/runs_long_k_scaling/pbs/L1_ddp_fullk_K400_s300k_seed1.pbs,/eagle/lc-mpi/Zhiqing/polaris_ebm/runs_long_k_scaling/runs/L1/L1_ddp_fullk_K400_s300k_seed1,immediate auto resume from latest known checkpoint
L1_ddp_fullk_K400_s300k_seed2,7159966.polaris-pbs-01.hsn.cm.polaris.alcf.anl.gov,/eagle/lc-mpi/Zhiqing/polaris_ebm/runs_long_k_scaling/runs/L1/L1_ddp_fullk_K400_s300k_seed2/checkpoints/ckpt_step209999.pt,2026-05-16T21:44:23.812070+00:00,/eagle/lc-mpi/Zhiqing/polaris_ebm/runs_long_k_scaling/pbs/L1_ddp_fullk_K400_s300k_seed2.pbs,/eagle/lc-mpi/Zhiqing/polaris_ebm/runs_long_k_scaling/runs/L1/L1_ddp_fullk_K400_s300k_seed2,immediate auto resume from latest known checkpoint
L2_ddp_fullk_K400_s500k_seed3,7159967.polaris-pbs-01.hsn.cm.polaris.alcf.anl.gov,/eagle/lc-mpi/Zhiqing/polaris_ebm/runs_long_k_scaling/runs/L2/L2_ddp_fullk_K400_s500k_seed3/checkpoints/ckpt_step104999.pt,2026-05-16T21:44:24.187476+00:00,/eagle/lc-mpi/Zhiqing/polaris_ebm/runs_long_k_scaling/pbs/L2_ddp_fullk_K400_s500k_seed3.pbs,/eagle/lc-mpi/Zhiqing/polaris_ebm/runs_long_k_scaling/runs/L2/L2_ddp_fullk_K400_s500k_seed3,immediate auto resume from latest known checkpoint
L1_ddp_fullk_K400_s300k_seed1,7159969.polaris-pbs-01.hsn.cm.polaris.alcf.anl.gov,/eagle/lc-mpi/Zhiqing/polaris_ebm/runs_long_k_scaling/runs/L1/L1_ddp_fullk_K400_s300k_seed1/checkpoints/ckpt_step159999.pt,2026-05-16T21:59:25.372333+00:00,/eagle/lc-mpi/Zhiqing/polaris_ebm/runs_long_k_scaling/pbs/L1_ddp_fullk_K400_s300k_seed1.pbs,/eagle/lc-mpi/Zhiqing/polaris_ebm/runs_long_k_scaling/runs/L1/L1_ddp_fullk_K400_s300k_seed1,immediate auto resume from latest known checkpoint
L1_ddp_fullk_K400_s300k_seed2,7159970.polaris-pbs-01.hsn.cm.polaris.alcf.anl.gov,/eagle/lc-mpi/Zhiqing/polaris_ebm/runs_long_k_scaling/runs/L1/L1_ddp_fullk_K400_s300k_seed2/checkpoints/ckpt_step209999.pt,2026-05-16T21:59:25.916138+00:00,/eagle/lc-mpi/Zhiqing/polaris_ebm/runs_long_k_scaling/pbs/L1_ddp_fullk_K400_s300k_seed2.pbs,/eagle/lc-mpi/Zhiqing/polaris_ebm/runs_long_k_scaling/runs/L1/L1_ddp_fullk_K400_s300k_seed2,immediate auto resume from latest known checkpoint
L2_ddp_fullk_K400_s500k_seed3,7159971.polaris-pbs-01.hsn.cm.polaris.alcf.anl.gov,/eagle/lc-mpi/Zhiqing/polaris_ebm/runs_long_k_scaling/runs/L2/L2_ddp_fullk_K400_s500k_seed3/checkpoints/ckpt_step104999.pt,2026-05-16T21:59:26.440435+00:00,/eagle/lc-mpi/Zhiqing/polaris_ebm/runs_long_k_scaling/pbs/L2_ddp_fullk_K400_s500k_seed3.pbs,/eagle/lc-mpi/Zhiqing/polaris_ebm/runs_long_k_scaling/runs/L2/L2_ddp_fullk_K400_s500k_seed3,immediate auto resume from latest known checkpoint
L1_ddp_fullk_K400_s300k_seed1,7159979.polaris-pbs-01.hsn.cm.polaris.alcf.anl.gov,/eagle/lc-mpi/Zhiqing/polaris_ebm/runs_long_k_scaling/runs/L1/L1_ddp_fullk_K400_s300k_seed1/checkpoints/ckpt_step159999.pt,2026-05-16T22:14:27.346499+00:00,/eagle/lc-mpi/Zhiqing/polaris_ebm/runs_long_k_scaling/pbs/L1_ddp_fullk_K400_s300k_seed1.pbs,/eagle/lc-mpi/Zhiqing/polaris_ebm/runs_long_k_scaling/runs/L1/L1_ddp_fullk_K400_s300k_seed1,immediate auto resume from latest known checkpoint
L1_ddp_fullk_K400_s300k_seed2,7159980.polaris-pbs-01.hsn.cm.polaris.alcf.anl.gov,/eagle/lc-mpi/Zhiqing/polaris_ebm/runs_long_k_scaling/runs/L1/L1_ddp_fullk_K400_s300k_seed2/checkpoints/ckpt_step209999.pt,2026-05-16T22:14:27.887474+00:00,/eagle/lc-mpi/Zhiqing/polaris_ebm/runs_long_k_scaling/pbs/L1_ddp_fullk_K400_s300k_seed2.pbs,/eagle/lc-mpi/Zhiqing/polaris_ebm/runs_long_k_scaling/runs/L1/L1_ddp_fullk_K400_s300k_seed2,immediate auto resume from latest known checkpoint
L2_ddp_fullk_K400_s500k_seed3,7159981.polaris-pbs-01.hsn.cm.polaris.alcf.anl.gov,/eagle/lc-mpi/Zhiqing/polaris_ebm/runs_long_k_scaling/runs/L2/L2_ddp_fullk_K400_s500k_seed3/checkpoints/ckpt_step104999.pt,2026-05-16T22:14:28.342525+00:00,/eagle/lc-mpi/Zhiqing/polaris_ebm/runs_long_k_scaling/pbs/L2_ddp_fullk_K400_s500k_seed3.pbs,/eagle/lc-mpi/Zhiqing/polaris_ebm/runs_long_k_scaling/runs/L2/L2_ddp_fullk_K400_s500k_seed3,immediate auto resume from latest known checkpoint
L1_ddp_fullk_K400_s300k_seed1,7159982.polaris-pbs-01.hsn.cm.polaris.alcf.anl.gov,/eagle/lc-mpi/Zhiqing/polaris_ebm/runs_long_k_scaling/runs/L1/L1_ddp_fullk_K400_s300k_seed1/checkpoints/ckpt_step159999.pt,2026-05-16T22:29:29.237936+00:00,/eagle/lc-mpi/Zhiqing/polaris_ebm/runs_long_k_scaling/pbs/L1_ddp_fullk_K400_s300k_seed1.pbs,/eagle/lc-mpi/Zhiqing/polaris_ebm/runs_long_k_scaling/runs/L1/L1_ddp_fullk_K400_s300k_seed1,immediate auto resume from latest known checkpoint
L1_ddp_fullk_K400_s300k_seed2,7159983.polaris-pbs-01.hsn.cm.polaris.alcf.anl.gov,/eagle/lc-mpi/Zhiqing/polaris_ebm/runs_long_k_scaling/runs/L1/L1_ddp_fullk_K400_s300k_seed2/checkpoints/ckpt_step209999.pt,2026-05-16T22:29:29.653516+00:00,/eagle/lc-mpi/Zhiqing/polaris_ebm/runs_long_k_scaling/pbs/L1_ddp_fullk_K400_s300k_seed2.pbs,/eagle/lc-mpi/Zhiqing/polaris_ebm/runs_long_k_scaling/runs/L1/L1_ddp_fullk_K400_s300k_seed2,immediate auto resume from latest known checkpoint
L2_ddp_fullk_K400_s500k_seed3,7159984.polaris-pbs-01.hsn.cm.polaris.alcf.anl.gov,/eagle/lc-mpi/Zhiqing/polaris_ebm/runs_long_k_scaling/runs/L2/L2_ddp_fullk_K400_s500k_seed3/checkpoints/ckpt_step104999.pt,2026-05-16T22:29:30.186162+00:00,/eagle/lc-mpi/Zhiqing/polaris_ebm/runs_long_k_scaling/pbs/L2_ddp_fullk_K400_s500k_seed3.pbs,/eagle/lc-mpi/Zhiqing/polaris_ebm/runs_long_k_scaling/runs/L2/L2_ddp_fullk_K400_s500k_seed3,immediate auto resume from latest known checkpoint
L1_ddp_fullk_K400_s300k_seed1,7159986.polaris-pbs-01.hsn.cm.polaris.alcf.anl.gov,/eagle/lc-mpi/Zhiqing/polaris_ebm/runs_long_k_scaling/runs/L1/L1_ddp_fullk_K400_s300k_seed1/checkpoints/ckpt_step159999.pt,2026-05-16T22:44:31.477267+00:00,/eagle/lc-mpi/Zhiqing/polaris_ebm/runs_long_k_scaling/pbs/L1_ddp_fullk_K400_s300k_seed1.pbs,/eagle/lc-mpi/Zhiqing/polaris_ebm/runs_long_k_scaling/runs/L1/L1_ddp_fullk_K400_s300k_seed1,immediate auto resume from latest known checkpoint
L1_ddp_fullk_K400_s300k_seed2,7159987.polaris-pbs-01.hsn.cm.polaris.alcf.anl.gov,/eagle/lc-mpi/Zhiqing/polaris_ebm/runs_long_k_scaling/runs/L1/L1_ddp_fullk_K400_s300k_seed2/checkpoints/ckpt_step209999.pt,2026-05-16T22:44:31.889890+00:00,/eagle/lc-mpi/Zhiqing/polaris_ebm/runs_long_k_scaling/pbs/L1_ddp_fullk_K400_s300k_seed2.pbs,/eagle/lc-mpi/Zhiqing/polaris_ebm/runs_long_k_scaling/runs/L1/L1_ddp_fullk_K400_s300k_seed2,immediate auto resume from latest known checkpoint
L2_ddp_fullk_K400_s500k_seed3,7159988.polaris-pbs-01.hsn.cm.polaris.alcf.anl.gov,/eagle/lc-mpi/Zhiqing/polaris_ebm/runs_long_k_scaling/runs/L2/L2_ddp_fullk_K400_s500k_seed3/checkpoints/ckpt_step104999.pt,2026-05-16T22:44:32.491620+00:00,/eagle/lc-mpi/Zhiqing/polaris_ebm/runs_long_k_scaling/pbs/L2_ddp_fullk_K400_s500k_seed3.pbs,/eagle/lc-mpi/Zhiqing/polaris_ebm/runs_long_k_scaling/runs/L2/L2_ddp_fullk_K400_s500k_seed3,immediate auto resume from latest known checkpoint
L1_ddp_fullk_K400_s300k_seed1,7160007.polaris-pbs-01.hsn.cm.polaris.alcf.anl.gov,/eagle/lc-mpi/Zhiqing/polaris_ebm/runs_long_k_scaling/runs/L1/L1_ddp_fullk_K400_s300k_seed1/checkpoints/ckpt_step159999.pt,2026-05-16T22:59:33.419169+00:00,/eagle/lc-mpi/Zhiqing/polaris_ebm/runs_long_k_scaling/pbs/L1_ddp_fullk_K400_s300k_seed1.pbs,/eagle/lc-mpi/Zhiqing/polaris_ebm/runs_long_k_scaling/runs/L1/L1_ddp_fullk_K400_s300k_seed1,immediate auto resume from latest known checkpoint
L1_ddp_fullk_K400_s300k_seed2,7160008.polaris-pbs-01.hsn.cm.polaris.alcf.anl.gov,/eagle/lc-mpi/Zhiqing/polaris_ebm/runs_long_k_scaling/runs/L1/L1_ddp_fullk_K400_s300k_seed2/checkpoints/ckpt_step209999.pt,2026-05-16T22:59:33.920562+00:00,/eagle/lc-mpi/Zhiqing/polaris_ebm/runs_long_k_scaling/pbs/L1_ddp_fullk_K400_s300k_seed2.pbs,/eagle/lc-mpi/Zhiqing/polaris_ebm/runs_long_k_scaling/runs/L1/L1_ddp_fullk_K400_s300k_seed2,immediate auto resume from latest known checkpoint
L2_ddp_fullk_K400_s500k_seed3,7160009.polaris-pbs-01.hsn.cm.polaris.alcf.anl.gov,/eagle/lc-mpi/Zhiqing/polaris_ebm/runs_long_k_scaling/runs/L2/L2_ddp_fullk_K400_s500k_seed3/checkpoints/ckpt_step104999.pt,2026-05-16T22:59:34.328263+00:00,/eagle/lc-mpi/Zhiqing/polaris_ebm/runs_long_k_scaling/pbs/L2_ddp_fullk_K400_s500k_seed3.pbs,/eagle/lc-mpi/Zhiqing/polaris_ebm/runs_long_k_scaling/runs/L2/L2_ddp_fullk_K400_s500k_seed3,immediate auto resume from latest known checkpoint
L1_ddp_fullk_K400_s300k_seed1,7160014.polaris-pbs-01.hsn.cm.polaris.alcf.anl.gov,/eagle/lc-mpi/Zhiqing/polaris_ebm/runs_long_k_scaling/runs/L1/L1_ddp_fullk_K400_s300k_seed1/checkpoints/ckpt_step159999.pt,2026-05-16T23:14:35.197183+00:00,/eagle/lc-mpi/Zhiqing/polaris_ebm/runs_long_k_scaling/pbs/L1_ddp_fullk_K400_s300k_seed1.pbs,/eagle/lc-mpi/Zhiqing/polaris_ebm/runs_long_k_scaling/runs/L1/L1_ddp_fullk_K400_s300k_seed1,immediate auto resume from latest known checkpoint
L1_ddp_fullk_K400_s300k_seed2,7160015.polaris-pbs-01.hsn.cm.polaris.alcf.anl.gov,/eagle/lc-mpi/Zhiqing/polaris_ebm/runs_long_k_scaling/runs/L1/L1_ddp_fullk_K400_s300k_seed2/checkpoints/ckpt_step209999.pt,2026-05-16T23:14:35.647646+00:00,/eagle/lc-mpi/Zhiqing/polaris_ebm/runs_long_k_scaling/pbs/L1_ddp_fullk_K400_s300k_seed2.pbs,/eagle/lc-mpi/Zhiqing/polaris_ebm/runs_long_k_scaling/runs/L1/L1_ddp_fullk_K400_s300k_seed2,immediate auto resume from latest known checkpoint
L2_ddp_fullk_K400_s500k_seed3,7160016.polaris-pbs-01.hsn.cm.polaris.alcf.anl.gov,/eagle/lc-mpi/Zhiqing/polaris_ebm/runs_long_k_scaling/runs/L2/L2_ddp_fullk_K400_s500k_seed3/checkpoints/ckpt_step104999.pt,2026-05-16T23:14:36.218061+00:00,/eagle/lc-mpi/Zhiqing/polaris_ebm/runs_long_k_scaling/pbs/L2_ddp_fullk_K400_s500k_seed3.pbs,/eagle/lc-mpi/Zhiqing/polaris_ebm/runs_long_k_scaling/runs/L2/L2_ddp_fullk_K400_s500k_seed3,immediate auto resume from latest known checkpoint
L1_ddp_fullk_K400_s300k_seed1,7160023.polaris-pbs-01.hsn.cm.polaris.alcf.anl.gov,/eagle/lc-mpi/Zhiqing/polaris_ebm/runs_long_k_scaling/runs/L1/L1_ddp_fullk_K400_s300k_seed1/checkpoints/ckpt_step159999.pt,2026-05-16T23:29:37.183087+00:00,/eagle/lc-mpi/Zhiqing/polaris_ebm/runs_long_k_scaling/pbs/L1_ddp_fullk_K400_s300k_seed1.pbs,/eagle/lc-mpi/Zhiqing/polaris_ebm/runs_long_k_scaling/runs/L1/L1_ddp_fullk_K400_s300k_seed1,immediate auto resume from latest known checkpoint
L1_ddp_fullk_K400_s300k_seed2,7160024.polaris-pbs-01.hsn.cm.polaris.alcf.anl.gov,/eagle/lc-mpi/Zhiqing/polaris_ebm/runs_long_k_scaling/runs/L1/L1_ddp_fullk_K400_s300k_seed2/checkpoints/ckpt_step209999.pt,2026-05-16T23:29:37.675773+00:00,/eagle/lc-mpi/Zhiqing/polaris_ebm/runs_long_k_scaling/pbs/L1_ddp_fullk_K400_s300k_seed2.pbs,/eagle/lc-mpi/Zhiqing/polaris_ebm/runs_long_k_scaling/runs/L1/L1_ddp_fullk_K400_s300k_seed2,immediate auto resume from latest known checkpoint
L2_ddp_fullk_K400_s500k_seed3,7160025.polaris-pbs-01.hsn.cm.polaris.alcf.anl.gov,/eagle/lc-mpi/Zhiqing/polaris_ebm/runs_long_k_scaling/runs/L2/L2_ddp_fullk_K400_s500k_seed3/checkpoints/ckpt_step104999.pt,2026-05-16T23:29:38.060275+00:00,/eagle/lc-mpi/Zhiqing/polaris_ebm/runs_long_k_scaling/pbs/L2_ddp_fullk_K400_s500k_seed3.pbs,/eagle/lc-mpi/Zhiqing/polaris_ebm/runs_long_k_scaling/runs/L2/L2_ddp_fullk_K400_s500k_seed3,immediate auto resume from latest known checkpoint
L1_ddp_fullk_K400_s300k_seed1,7160033.polaris-pbs-01.hsn.cm.polaris.alcf.anl.gov,/eagle/lc-mpi/Zhiqing/polaris_ebm/runs_long_k_scaling/runs/L1/L1_ddp_fullk_K400_s300k_seed1/checkpoints/ckpt_step159999.pt,2026-05-16T23:44:38.909284+00:00,/eagle/lc-mpi/Zhiqing/polaris_ebm/runs_long_k_scaling/pbs/L1_ddp_fullk_K400_s300k_seed1.pbs,/eagle/lc-mpi/Zhiqing/polaris_ebm/runs_long_k_scaling/runs/L1/L1_ddp_fullk_K400_s300k_seed1,immediate auto resume from latest known checkpoint
L1_ddp_fullk_K400_s300k_seed2,7160034.polaris-pbs-01.hsn.cm.polaris.alcf.anl.gov,/eagle/lc-mpi/Zhiqing/polaris_ebm/runs_long_k_scaling/runs/L1/L1_ddp_fullk_K400_s300k_seed2/checkpoints/ckpt_step209999.pt,2026-05-16T23:44:39.377955+00:00,/eagle/lc-mpi/Zhiqing/polaris_ebm/runs_long_k_scaling/pbs/L1_ddp_fullk_K400_s300k_seed2.pbs,/eagle/lc-mpi/Zhiqing/polaris_ebm/runs_long_k_scaling/runs/L1/L1_ddp_fullk_K400_s300k_seed2,immediate auto resume from latest known checkpoint
L2_ddp_fullk_K400_s500k_seed3,7160035.polaris-pbs-01.hsn.cm.polaris.alcf.anl.gov,/eagle/lc-mpi/Zhiqing/polaris_ebm/runs_long_k_scaling/runs/L2/L2_ddp_fullk_K400_s500k_seed3/checkpoints/ckpt_step104999.pt,2026-05-16T23:44:39.907148+00:00,/eagle/lc-mpi/Zhiqing/polaris_ebm/runs_long_k_scaling/pbs/L2_ddp_fullk_K400_s500k_seed3.pbs,/eagle/lc-mpi/Zhiqing/polaris_ebm/runs_long_k_scaling/runs/L2/L2_ddp_fullk_K400_s500k_seed3,immediate auto resume from latest known checkpoint
L1_ddp_fullk_K400_s300k_seed1,7160043.polaris-pbs-01.hsn.cm.polaris.alcf.anl.gov,/eagle/lc-mpi/Zhiqing/polaris_ebm/runs_long_k_scaling/runs/L1/L1_ddp_fullk_K400_s300k_seed1/checkpoints/ckpt_step159999.pt,2026-05-16T23:59:40.531641+00:00,/eagle/lc-mpi/Zhiqing/polaris_ebm/runs_long_k_scaling/pbs/L1_ddp_fullk_K400_s300k_seed1.pbs,/eagle/lc-mpi/Zhiqing/polaris_ebm/runs_long_k_scaling/runs/L1/L1_ddp_fullk_K400_s300k_seed1,immediate auto resume from latest known checkpoint
L1_ddp_fullk_K400_s300k_seed2,7160044.polaris-pbs-01.hsn.cm.polaris.alcf.anl.gov,/eagle/lc-mpi/Zhiqing/polaris_ebm/runs_long_k_scaling/runs/L1/L1_ddp_fullk_K400_s300k_seed2/checkpoints/ckpt_step209999.pt,2026-05-16T23:59:40.973122+00:00,/eagle/lc-mpi/Zhiqing/polaris_ebm/runs_long_k_scaling/pbs/L1_ddp_fullk_K400_s300k_seed2.pbs,/eagle/lc-mpi/Zhiqing/polaris_ebm/runs_long_k_scaling/runs/L1/L1_ddp_fullk_K400_s300k_seed2,immediate auto resume from latest known checkpoint
L2_ddp_fullk_K400_s500k_seed3,7160045.polaris-pbs-01.hsn.cm.polaris.alcf.anl.gov,/eagle/lc-mpi/Zhiqing/polaris_ebm/runs_long_k_scaling/runs/L2/L2_ddp_fullk_K400_s500k_seed3/checkpoints/ckpt_step104999.pt,2026-05-16T23:59:41.497082+00:00,/eagle/lc-mpi/Zhiqing/polaris_ebm/runs_long_k_scaling/pbs/L2_ddp_fullk_K400_s500k_seed3.pbs,/eagle/lc-mpi/Zhiqing/polaris_ebm/runs_long_k_scaling/runs/L2/L2_ddp_fullk_K400_s500k_seed3,immediate auto resume from latest known checkpoint
L1_ddp_fullk_K400_s300k_seed1,7160053.polaris-pbs-01.hsn.cm.polaris.alcf.anl.gov,/eagle/lc-mpi/Zhiqing/polaris_ebm/runs_long_k_scaling/runs/L1/L1_ddp_fullk_K400_s300k_seed1/checkpoints/ckpt_step159999.pt,2026-05-17T00:14:42.383793+00:00,/eagle/lc-mpi/Zhiqing/polaris_ebm/runs_long_k_scaling/pbs/L1_ddp_fullk_K400_s300k_seed1.pbs,/eagle/lc-mpi/Zhiqing/polaris_ebm/runs_long_k_scaling/runs/L1/L1_ddp_fullk_K400_s300k_seed1,immediate auto resume from latest known checkpoint
L1_ddp_fullk_K400_s300k_seed2,7160054.polaris-pbs-01.hsn.cm.polaris.alcf.anl.gov,/eagle/lc-mpi/Zhiqing/polaris_ebm/runs_long_k_scaling/runs/L1/L1_ddp_fullk_K400_s300k_seed2/checkpoints/ckpt_step209999.pt,2026-05-17T00:14:43.074199+00:00,/eagle/lc-mpi/Zhiqing/polaris_ebm/runs_long_k_scaling/pbs/L1_ddp_fullk_K400_s300k_seed2.pbs,/eagle/lc-mpi/Zhiqing/polaris_ebm/runs_long_k_scaling/runs/L1/L1_ddp_fullk_K400_s300k_seed2,immediate auto resume from latest known checkpoint
L2_ddp_fullk_K400_s500k_seed3,7160055.polaris-pbs-01.hsn.cm.polaris.alcf.anl.gov,/eagle/lc-mpi/Zhiqing/polaris_ebm/runs_long_k_scaling/runs/L2/L2_ddp_fullk_K400_s500k_seed3/checkpoints/ckpt_step104999.pt,2026-05-17T00:14:43.491642+00:00,/eagle/lc-mpi/Zhiqing/polaris_ebm/runs_long_k_scaling/pbs/L2_ddp_fullk_K400_s500k_seed3.pbs,/eagle/lc-mpi/Zhiqing/polaris_ebm/runs_long_k_scaling/runs/L2/L2_ddp_fullk_K400_s500k_seed3,immediate auto resume from latest known checkpoint
L1_ddp_fullk_K400_s300k_seed1,7160061.polaris-pbs-01.hsn.cm.polaris.alcf.anl.gov,/eagle/lc-mpi/Zhiqing/polaris_ebm/runs_long_k_scaling/runs/L1/L1_ddp_fullk_K400_s300k_seed1/checkpoints/ckpt_step159999.pt,2026-05-17T00:29:44.347485+00:00,/eagle/lc-mpi/Zhiqing/polaris_ebm/runs_long_k_scaling/pbs/L1_ddp_fullk_K400_s300k_seed1.pbs,/eagle/lc-mpi/Zhiqing/polaris_ebm/runs_long_k_scaling/runs/L1/L1_ddp_fullk_K400_s300k_seed1,immediate auto resume from latest known checkpoint
L1_ddp_fullk_K400_s300k_seed2,7160062.polaris-pbs-01.hsn.cm.polaris.alcf.anl.gov,/eagle/lc-mpi/Zhiqing/polaris_ebm/runs_long_k_scaling/runs/L1/L1_ddp_fullk_K400_s300k_seed2/checkpoints/ckpt_step209999.pt,2026-05-17T00:29:44.844432+00:00,/eagle/lc-mpi/Zhiqing/polaris_ebm/runs_long_k_scaling/pbs/L1_ddp_fullk_K400_s300k_seed2.pbs,/eagle/lc-mpi/Zhiqing/polaris_ebm/runs_long_k_scaling/runs/L1/L1_ddp_fullk_K400_s300k_seed2,immediate auto resume from latest known checkpoint
L2_ddp_fullk_K400_s500k_seed3,7160063.polaris-pbs-01.hsn.cm.polaris.alcf.anl.gov,/eagle/lc-mpi/Zhiqing/polaris_ebm/runs_long_k_scaling/runs/L2/L2_ddp_fullk_K400_s500k_seed3/checkpoints/ckpt_step104999.pt,2026-05-17T00:29:45.290978+00:00,/eagle/lc-mpi/Zhiqing/polaris_ebm/runs_long_k_scaling/pbs/L2_ddp_fullk_K400_s500k_seed3.pbs,/eagle/lc-mpi/Zhiqing/polaris_ebm/runs_long_k_scaling/runs/L2/L2_ddp_fullk_K400_s500k_seed3,immediate auto resume from latest known checkpoint
L1_ddp_fullk_K400_s300k_seed1,7160068.polaris-pbs-01.hsn.cm.polaris.alcf.anl.gov,/eagle/lc-mpi/Zhiqing/polaris_ebm/runs_long_k_scaling/runs/L1/L1_ddp_fullk_K400_s300k_seed1/checkpoints/ckpt_step159999.pt,2026-05-17T00:44:46.194604+00:00,/eagle/lc-mpi/Zhiqing/polaris_ebm/runs_long_k_scaling/pbs/L1_ddp_fullk_K400_s300k_seed1.pbs,/eagle/lc-mpi/Zhiqing/polaris_ebm/runs_long_k_scaling/runs/L1/L1_ddp_fullk_K400_s300k_seed1,immediate auto resume from latest known checkpoint
L1_ddp_fullk_K400_s300k_seed2,7160069.polaris-pbs-01.hsn.cm.polaris.alcf.anl.gov,/eagle/lc-mpi/Zhiqing/polaris_ebm/runs_long_k_scaling/runs/L1/L1_ddp_fullk_K400_s300k_seed2/checkpoints/ckpt_step209999.pt,2026-05-17T00:44:46.661610+00:00,/eagle/lc-mpi/Zhiqing/polaris_ebm/runs_long_k_scaling/pbs/L1_ddp_fullk_K400_s300k_seed2.pbs,/eagle/lc-mpi/Zhiqing/polaris_ebm/runs_long_k_scaling/runs/L1/L1_ddp_fullk_K400_s300k_seed2,immediate auto resume from latest known checkpoint
L2_ddp_fullk_K400_s500k_seed3,7160070.polaris-pbs-01.hsn.cm.polaris.alcf.anl.gov,/eagle/lc-mpi/Zhiqing/polaris_ebm/runs_long_k_scaling/runs/L2/L2_ddp_fullk_K400_s500k_seed3/checkpoints/ckpt_step104999.pt,2026-05-17T00:44:47.262859+00:00,/eagle/lc-mpi/Zhiqing/polaris_ebm/runs_long_k_scaling/pbs/L2_ddp_fullk_K400_s500k_seed3.pbs,/eagle/lc-mpi/Zhiqing/polaris_ebm/runs_long_k_scaling/runs/L2/L2_ddp_fullk_K400_s500k_seed3,immediate auto resume from latest known checkpoint
L1_ddp_fullk_K400_s300k_seed1,7160072.polaris-pbs-01.hsn.cm.polaris.alcf.anl.gov,/eagle/lc-mpi/Zhiqing/polaris_ebm/runs_long_k_scaling/runs/L1/L1_ddp_fullk_K400_s300k_seed1/checkpoints/ckpt_step159999.pt,2026-05-17T00:59:48.148464+00:00,/eagle/lc-mpi/Zhiqing/polaris_ebm/runs_long_k_scaling/pbs/L1_ddp_fullk_K400_s300k_seed1.pbs,/eagle/lc-mpi/Zhiqing/polaris_ebm/runs_long_k_scaling/runs/L1/L1_ddp_fullk_K400_s300k_seed1,immediate auto resume from latest known checkpoint
L1_ddp_fullk_K400_s300k_seed2,7160073.polaris-pbs-01.hsn.cm.polaris.alcf.anl.gov,/eagle/lc-mpi/Zhiqing/polaris_ebm/runs_long_k_scaling/runs/L1/L1_ddp_fullk_K400_s300k_seed2/checkpoints/ckpt_step209999.pt,2026-05-17T00:59:48.664392+00:00,/eagle/lc-mpi/Zhiqing/polaris_ebm/runs_long_k_scaling/pbs/L1_ddp_fullk_K400_s300k_seed2.pbs,/eagle/lc-mpi/Zhiqing/polaris_ebm/runs_long_k_scaling/runs/L1/L1_ddp_fullk_K400_s300k_seed2,immediate auto resume from latest known checkpoint
L2_ddp_fullk_K400_s500k_seed3,7160074.polaris-pbs-01.hsn.cm.polaris.alcf.anl.gov,/eagle/lc-mpi/Zhiqing/polaris_ebm/runs_long_k_scaling/runs/L2/L2_ddp_fullk_K400_s500k_seed3/checkpoints/ckpt_step104999.pt,2026-05-17T00:59:49.055438+00:00,/eagle/lc-mpi/Zhiqing/polaris_ebm/runs_long_k_scaling/pbs/L2_ddp_fullk_K400_s500k_seed3.pbs,/eagle/lc-mpi/Zhiqing/polaris_ebm/runs_long_k_scaling/runs/L2/L2_ddp_fullk_K400_s500k_seed3,immediate auto resume from latest known checkpoint
L1_ddp_fullk_K400_s300k_seed1,7160077.polaris-pbs-01.hsn.cm.polaris.alcf.anl.gov,/eagle/lc-mpi/Zhiqing/polaris_ebm/runs_long_k_scaling/runs/L1/L1_ddp_fullk_K400_s300k_seed1/checkpoints/ckpt_step159999.pt,2026-05-17T01:14:49.956785+00:00,/eagle/lc-mpi/Zhiqing/polaris_ebm/runs_long_k_scaling/pbs/L1_ddp_fullk_K400_s300k_seed1.pbs,/eagle/lc-mpi/Zhiqing/polaris_ebm/runs_long_k_scaling/runs/L1/L1_ddp_fullk_K400_s300k_seed1,immediate auto resume from latest known checkpoint
L1_ddp_fullk_K400_s300k_seed2,7160078.polaris-pbs-01.hsn.cm.polaris.alcf.anl.gov,/eagle/lc-mpi/Zhiqing/polaris_ebm/runs_long_k_scaling/runs/L1/L1_ddp_fullk_K400_s300k_seed2/checkpoints/ckpt_step209999.pt,2026-05-17T01:14:50.390022+00:00,/eagle/lc-mpi/Zhiqing/polaris_ebm/runs_long_k_scaling/pbs/L1_ddp_fullk_K400_s300k_seed2.pbs,/eagle/lc-mpi/Zhiqing/polaris_ebm/runs_long_k_scaling/runs/L1/L1_ddp_fullk_K400_s300k_seed2,immediate auto resume from latest known checkpoint
L2_ddp_fullk_K400_s500k_seed3,7160079.polaris-pbs-01.hsn.cm.polaris.alcf.anl.gov,/eagle/lc-mpi/Zhiqing/polaris_ebm/runs_long_k_scaling/runs/L2/L2_ddp_fullk_K400_s500k_seed3/checkpoints/ckpt_step104999.pt,2026-05-17T01:14:50.851643+00:00,/eagle/lc-mpi/Zhiqing/polaris_ebm/runs_long_k_scaling/pbs/L2_ddp_fullk_K400_s500k_seed3.pbs,/eagle/lc-mpi/Zhiqing/polaris_ebm/runs_long_k_scaling/runs/L2/L2_ddp_fullk_K400_s500k_seed3,immediate auto resume from latest known checkpoint
L1_ddp_fullk_K400_s300k_seed1,7160081.polaris-pbs-01.hsn.cm.polaris.alcf.anl.gov,/eagle/lc-mpi/Zhiqing/polaris_ebm/runs_long_k_scaling/runs/L1/L1_ddp_fullk_K400_s300k_seed1/checkpoints/ckpt_step159999.pt,2026-05-17T01:29:51.735650+00:00,/eagle/lc-mpi/Zhiqing/polaris_ebm/runs_long_k_scaling/pbs/L1_ddp_fullk_K400_s300k_seed1.pbs,/eagle/lc-mpi/Zhiqing/polaris_ebm/runs_long_k_scaling/runs/L1/L1_ddp_fullk_K400_s300k_seed1,immediate auto resume from latest known checkpoint
L1_ddp_fullk_K400_s300k_seed2,7160082.polaris-pbs-01.hsn.cm.polaris.alcf.anl.gov,/eagle/lc-mpi/Zhiqing/polaris_ebm/runs_long_k_scaling/runs/L1/L1_ddp_fullk_K400_s300k_seed2/checkpoints/ckpt_step209999.pt,2026-05-17T01:29:52.183849+00:00,/eagle/lc-mpi/Zhiqing/polaris_ebm/runs_long_k_scaling/pbs/L1_ddp_fullk_K400_s300k_seed2.pbs,/eagle/lc-mpi/Zhiqing/polaris_ebm/runs_long_k_scaling/runs/L1/L1_ddp_fullk_K400_s300k_seed2,immediate auto resume from latest known checkpoint
L2_ddp_fullk_K400_s500k_seed3,7160083.polaris-pbs-01.hsn.cm.polaris.alcf.anl.gov,/eagle/lc-mpi/Zhiqing/polaris_ebm/runs_long_k_scaling/runs/L2/L2_ddp_fullk_K400_s500k_seed3/checkpoints/ckpt_step104999.pt,2026-05-17T01:29:52.592010+00:00,/eagle/lc-mpi/Zhiqing/polaris_ebm/runs_long_k_scaling/pbs/L2_ddp_fullk_K400_s500k_seed3.pbs,/eagle/lc-mpi/Zhiqing/polaris_ebm/runs_long_k_scaling/runs/L2/L2_ddp_fullk_K400_s500k_seed3,immediate auto resume from latest known checkpoint
L1_ddp_fullk_K400_s300k_seed1,7160089.polaris-pbs-01.hsn.cm.polaris.alcf.anl.gov,/eagle/lc-mpi/Zhiqing/polaris_ebm/runs_long_k_scaling/runs/L1/L1_ddp_fullk_K400_s300k_seed1/checkpoints/ckpt_step159999.pt,2026-05-17T01:44:53.531242+00:00,/eagle/lc-mpi/Zhiqing/polaris_ebm/runs_long_k_scaling/pbs/L1_ddp_fullk_K400_s300k_seed1.pbs,/eagle/lc-mpi/Zhiqing/polaris_ebm/runs_long_k_scaling/runs/L1/L1_ddp_fullk_K400_s300k_seed1,immediate auto resume from latest known checkpoint
L1_ddp_fullk_K400_s300k_seed2,7160090.polaris-pbs-01.hsn.cm.polaris.alcf.anl.gov,/eagle/lc-mpi/Zhiqing/polaris_ebm/runs_long_k_scaling/runs/L1/L1_ddp_fullk_K400_s300k_seed2/checkpoints/ckpt_step209999.pt,2026-05-17T01:44:54.022495+00:00,/eagle/lc-mpi/Zhiqing/polaris_ebm/runs_long_k_scaling/pbs/L1_ddp_fullk_K400_s300k_seed2.pbs,/eagle/lc-mpi/Zhiqing/polaris_ebm/runs_long_k_scaling/runs/L1/L1_ddp_fullk_K400_s300k_seed2,immediate auto resume from latest known checkpoint
L2_ddp_fullk_K400_s500k_seed3,7160091.polaris-pbs-01.hsn.cm.polaris.alcf.anl.gov,/eagle/lc-mpi/Zhiqing/polaris_ebm/runs_long_k_scaling/runs/L2/L2_ddp_fullk_K400_s500k_seed3/checkpoints/ckpt_step104999.pt,2026-05-17T01:44:54.624553+00:00,/eagle/lc-mpi/Zhiqing/polaris_ebm/runs_long_k_scaling/pbs/L2_ddp_fullk_K400_s500k_seed3.pbs,/eagle/lc-mpi/Zhiqing/polaris_ebm/runs_long_k_scaling/runs/L2/L2_ddp_fullk_K400_s500k_seed3,immediate auto resume from latest known checkpoint
L1_ddp_fullk_K400_s300k_seed1,7160094.polaris-pbs-01.hsn.cm.polaris.alcf.anl.gov,/eagle/lc-mpi/Zhiqing/polaris_ebm/runs_long_k_scaling/runs/L1/L1_ddp_fullk_K400_s300k_seed1/checkpoints/ckpt_step159999.pt,2026-05-17T01:59:56.182672+00:00,/eagle/lc-mpi/Zhiqing/polaris_ebm/runs_long_k_scaling/pbs/L1_ddp_fullk_K400_s300k_seed1.pbs,/eagle/lc-mpi/Zhiqing/polaris_ebm/runs_long_k_scaling/runs/L1/L1_ddp_fullk_K400_s300k_seed1,immediate auto resume from latest known checkpoint
L1_ddp_fullk_K400_s300k_seed2,7160095.polaris-pbs-01.hsn.cm.polaris.alcf.anl.gov,/eagle/lc-mpi/Zhiqing/polaris_ebm/runs_long_k_scaling/runs/L1/L1_ddp_fullk_K400_s300k_seed2/checkpoints/ckpt_step209999.pt,2026-05-17T01:59:56.705221+00:00,/eagle/lc-mpi/Zhiqing/polaris_ebm/runs_long_k_scaling/pbs/L1_ddp_fullk_K400_s300k_seed2.pbs,/eagle/lc-mpi/Zhiqing/polaris_ebm/runs_long_k_scaling/runs/L1/L1_ddp_fullk_K400_s300k_seed2,immediate auto resume from latest known checkpoint
L2_ddp_fullk_K400_s500k_seed3,7160096.polaris-pbs-01.hsn.cm.polaris.alcf.anl.gov,/eagle/lc-mpi/Zhiqing/polaris_ebm/runs_long_k_scaling/runs/L2/L2_ddp_fullk_K400_s500k_seed3/checkpoints/ckpt_step104999.pt,2026-05-17T01:59:57.052198+00:00,/eagle/lc-mpi/Zhiqing/polaris_ebm/runs_long_k_scaling/pbs/L2_ddp_fullk_K400_s500k_seed3.pbs,/eagle/lc-mpi/Zhiqing/polaris_ebm/runs_long_k_scaling/runs/L2/L2_ddp_fullk_K400_s500k_seed3,immediate auto resume from latest known checkpoint
L1_ddp_fullk_K400_s300k_seed1,7160120.polaris-pbs-01.hsn.cm.polaris.alcf.anl.gov,/eagle/lc-mpi/Zhiqing/polaris_ebm/runs_long_k_scaling/runs/L1/L1_ddp_fullk_K400_s300k_seed1/checkpoints/ckpt_step159999.pt,2026-05-17T02:14:58.209941+00:00,/eagle/lc-mpi/Zhiqing/polaris_ebm/runs_long_k_scaling/pbs/L1_ddp_fullk_K400_s300k_seed1.pbs,/eagle/lc-mpi/Zhiqing/polaris_ebm/runs_long_k_scaling/runs/L1/L1_ddp_fullk_K400_s300k_seed1,immediate auto resume from latest known checkpoint
L1_ddp_fullk_K400_s300k_seed2,7160121.polaris-pbs-01.hsn.cm.polaris.alcf.anl.gov,/eagle/lc-mpi/Zhiqing/polaris_ebm/runs_long_k_scaling/runs/L1/L1_ddp_fullk_K400_s300k_seed2/checkpoints/ckpt_step209999.pt,2026-05-17T02:14:58.851442+00:00,/eagle/lc-mpi/Zhiqing/polaris_ebm/runs_long_k_scaling/pbs/L1_ddp_fullk_K400_s300k_seed2.pbs,/eagle/lc-mpi/Zhiqing/polaris_ebm/runs_long_k_scaling/runs/L1/L1_ddp_fullk_K400_s300k_seed2,immediate auto resume from latest known checkpoint
L2_ddp_fullk_K400_s500k_seed3,7160122.polaris-pbs-01.hsn.cm.polaris.alcf.anl.gov,/eagle/lc-mpi/Zhiqing/polaris_ebm/runs_long_k_scaling/runs/L2/L2_ddp_fullk_K400_s500k_seed3/checkpoints/ckpt_step104999.pt,2026-05-17T02:14:59.295785+00:00,/eagle/lc-mpi/Zhiqing/polaris_ebm/runs_long_k_scaling/pbs/L2_ddp_fullk_K400_s500k_seed3.pbs,/eagle/lc-mpi/Zhiqing/polaris_ebm/runs_long_k_scaling/runs/L2/L2_ddp_fullk_K400_s500k_seed3,immediate auto resume from latest known checkpoint
L2_ddp_fullk_K400_s500k_seed2,7160264.polaris-pbs-01.hsn.cm.polaris.alcf.anl.gov,/eagle/lc-mpi/Zhiqing/polaris_ebm/runs_long_k_scaling/runs/L2/L2_ddp_fullk_K400_s500k_seed2/checkpoints/ckpt_step349999.pt,2026-05-17T14:15:29.353903+00:00,/eagle/lc-mpi/Zhiqing/polaris_ebm/runs_long_k_scaling/pbs/L2_ddp_fullk_K400_s500k_seed2.pbs,/eagle/lc-mpi/Zhiqing/polaris_ebm/runs_long_k_scaling/runs/L2/L2_ddp_fullk_K400_s500k_seed2,immediate auto resume from latest known checkpoint
L1_ddp_fullk_K400_s300k_seed3,7160445.polaris-pbs-01.hsn.cm.polaris.alcf.anl.gov,/eagle/lc-mpi/Zhiqing/polaris_ebm/runs_long_k_scaling/runs/L1/L1_ddp_fullk_K400_s300k_seed3/checkpoints/ckpt_step269999.pt,2026-05-17T20:30:43.787480+00:00,/eagle/lc-mpi/Zhiqing/polaris_ebm/runs_long_k_scaling/pbs/L1_ddp_fullk_K400_s300k_seed3.pbs,/eagle/lc-mpi/Zhiqing/polaris_ebm/runs_long_k_scaling/runs/L1/L1_ddp_fullk_K400_s300k_seed3,immediate auto resume from latest known checkpoint
L2_ddp_fullk_K400_s500k_seed1,7160573.polaris-pbs-01.hsn.cm.polaris.alcf.anl.gov,/eagle/lc-mpi/Zhiqing/polaris_ebm/runs_long_k_scaling/runs/L2/L2_ddp_fullk_K400_s500k_seed1/checkpoints/ckpt_step359999.pt,2026-05-17T21:15:45.554702+00:00,/eagle/lc-mpi/Zhiqing/polaris_ebm/runs_long_k_scaling/pbs/L2_ddp_fullk_K400_s500k_seed1.pbs,/eagle/lc-mpi/Zhiqing/polaris_ebm/runs_long_k_scaling/runs/L2/L2_ddp_fullk_K400_s500k_seed1,immediate auto resume from latest known checkpoint
L1_ddp_fullk_K400_s300k_seed1,7161561.polaris-pbs-01.hsn.cm.polaris.alcf.anl.gov,/eagle/lc-mpi/Zhiqing/polaris_ebm/runs_long_k_scaling/runs/L1/L1_ddp_fullk_K400_s300k_seed1/checkpoints/ckpt_step154999.pt,2026-05-20T05:12:50.974427+00:00,/eagle/lc-mpi/Zhiqing/polaris_ebm/runs_long_k_scaling/pbs/L1_ddp_fullk_K400_s300k_seed1.pbs,/eagle/lc-mpi/Zhiqing/polaris_ebm/runs_long_k_scaling/runs/L1/L1_ddp_fullk_K400_s300k_seed1,immediate auto resume from latest known checkpoint
L1_ddp_fullk_K400_s300k_seed2,7161562.polaris-pbs-01.hsn.cm.polaris.alcf.anl.gov,/eagle/lc-mpi/Zhiqing/polaris_ebm/runs_long_k_scaling/runs/L1/L1_ddp_fullk_K400_s300k_seed2/checkpoints/ckpt_step204999.pt,2026-05-20T05:12:51.535235+00:00,/eagle/lc-mpi/Zhiqing/polaris_ebm/runs_long_k_scaling/pbs/L1_ddp_fullk_K400_s300k_seed2.pbs,/eagle/lc-mpi/Zhiqing/polaris_ebm/runs_long_k_scaling/runs/L1/L1_ddp_fullk_K400_s300k_seed2,immediate auto resume from latest known checkpoint
L2_ddp_fullk_K400_s500k_seed3,7161563.polaris-pbs-01.hsn.cm.polaris.alcf.anl.gov,/eagle/lc-mpi/Zhiqing/polaris_ebm/runs_long_k_scaling/runs/L2/L2_ddp_fullk_K400_s500k_seed3/checkpoints/ckpt_step99999.pt,2026-05-20T05:12:51.965766+00:00,/eagle/lc-mpi/Zhiqing/polaris_ebm/runs_long_k_scaling/pbs/L2_ddp_fullk_K400_s500k_seed3.pbs,/eagle/lc-mpi/Zhiqing/polaris_ebm/runs_long_k_scaling/runs/L2/L2_ddp_fullk_K400_s500k_seed3,immediate auto resume from latest known checkpoint
L1_ddp_fullk_K400_s300k_seed1,7162842.polaris-pbs-01.hsn.cm.polaris.alcf.anl.gov,/eagle/lc-mpi/Zhiqing/polaris_ebm/runs_long_k_scaling/runs/L1/L1_ddp_fullk_K400_s300k_seed1/checkpoints/ckpt_step174999.pt,2026-05-21T03:04:29.867366+00:00,/eagle/lc-mpi/Zhiqing/polaris_ebm/runs_long_k_scaling/pbs/L1_ddp_fullk_K400_s300k_seed1.pbs,/eagle/lc-mpi/Zhiqing/polaris_ebm/runs_long_k_scaling/runs/L1/L1_ddp_fullk_K400_s300k_seed1,immediate auto resume from latest known checkpoint
L1_ddp_fullk_K400_s300k_seed2,7162843.polaris-pbs-01.hsn.cm.polaris.alcf.anl.gov,/eagle/lc-mpi/Zhiqing/polaris_ebm/runs_long_k_scaling/runs/L1/L1_ddp_fullk_K400_s300k_seed2/checkpoints/ckpt_step224999.pt,2026-05-21T03:04:30.271374+00:00,/eagle/lc-mpi/Zhiqing/polaris_ebm/runs_long_k_scaling/pbs/L1_ddp_fullk_K400_s300k_seed2.pbs,/eagle/lc-mpi/Zhiqing/polaris_ebm/runs_long_k_scaling/runs/L1/L1_ddp_fullk_K400_s300k_seed2,immediate auto resume from latest known checkpoint
L2_ddp_fullk_K400_s500k_seed1,7162844.polaris-pbs-01.hsn.cm.polaris.alcf.anl.gov,/eagle/lc-mpi/Zhiqing/polaris_ebm/runs_long_k_scaling/runs/L2/L2_ddp_fullk_K400_s500k_seed1/checkpoints/ckpt_step414999.pt,2026-05-21T03:04:30.594946+00:00,/eagle/lc-mpi/Zhiqing/polaris_ebm/runs_long_k_scaling/pbs/L2_ddp_fullk_K400_s500k_seed1.pbs,/eagle/lc-mpi/Zhiqing/polaris_ebm/runs_long_k_scaling/runs/L2/L2_ddp_fullk_K400_s500k_seed1,immediate auto resume from latest known checkpoint
L2_ddp_fullk_K400_s500k_seed2,7162845.polaris-pbs-01.hsn.cm.polaris.alcf.anl.gov,/eagle/lc-mpi/Zhiqing/polaris_ebm/runs_long_k_scaling/runs/L2/L2_ddp_fullk_K400_s500k_seed2/checkpoints/ckpt_step404999.pt,2026-05-21T03:04:31.022098+00:00,/eagle/lc-mpi/Zhiqing/polaris_ebm/runs_long_k_scaling/pbs/L2_ddp_fullk_K400_s500k_seed2.pbs,/eagle/lc-mpi/Zhiqing/polaris_ebm/runs_long_k_scaling/runs/L2/L2_ddp_fullk_K400_s500k_seed2,immediate auto resume from latest known checkpoint
L2_ddp_fullk_K400_s500k_seed3,7162846.polaris-pbs-01.hsn.cm.polaris.alcf.anl.gov,/eagle/lc-mpi/Zhiqing/polaris_ebm/runs_long_k_scaling/runs/L2/L2_ddp_fullk_K400_s500k_seed3/checkpoints/ckpt_step99999.pt,2026-05-21T03:04:31.462776+00:00,/eagle/lc-mpi/Zhiqing/polaris_ebm/runs_long_k_scaling/pbs/L2_ddp_fullk_K400_s500k_seed3.pbs,/eagle/lc-mpi/Zhiqing/polaris_ebm/runs_long_k_scaling/runs/L2/L2_ddp_fullk_K400_s500k_seed3,immediate auto resume from latest known checkpoint
L1_ddp_fullk_K400_s300k_seed1,7164334.polaris-pbs-01.hsn.cm.polaris.alcf.anl.gov,/eagle/lc-mpi/Zhiqing/polaris_ebm/runs_long_k_scaling/runs/L1/L1_ddp_fullk_K400_s300k_seed1/checkpoints/ckpt_step174999.pt,2026-05-21T21:48:18.439487+00:00,/eagle/lc-mpi/Zhiqing/polaris_ebm/runs_long_k_scaling/pbs/L1_ddp_fullk_K400_s300k_seed1.pbs,/eagle/lc-mpi/Zhiqing/polaris_ebm/runs_long_k_scaling/runs/L1/L1_ddp_fullk_K400_s300k_seed1,immediate auto resume from latest known checkpoint
L1_ddp_fullk_K400_s300k_seed2,7164335.polaris-pbs-01.hsn.cm.polaris.alcf.anl.gov,/eagle/lc-mpi/Zhiqing/polaris_ebm/runs_long_k_scaling/runs/L1/L1_ddp_fullk_K400_s300k_seed2/checkpoints/ckpt_step224999.pt,2026-05-21T21:48:18.823862+00:00,/eagle/lc-mpi/Zhiqing/polaris_ebm/runs_long_k_scaling/pbs/L1_ddp_fullk_K400_s300k_seed2.pbs,/eagle/lc-mpi/Zhiqing/polaris_ebm/runs_long_k_scaling/runs/L1/L1_ddp_fullk_K400_s300k_seed2,immediate auto resume from latest known checkpoint
L2_ddp_fullk_K400_s500k_seed1,7164336.polaris-pbs-01.hsn.cm.polaris.alcf.anl.gov,/eagle/lc-mpi/Zhiqing/polaris_ebm/runs_long_k_scaling/runs/L2/L2_ddp_fullk_K400_s500k_seed1/checkpoints/ckpt_step414999.pt,2026-05-21T21:48:19.275358+00:00,/eagle/lc-mpi/Zhiqing/polaris_ebm/runs_long_k_scaling/pbs/L2_ddp_fullk_K400_s500k_seed1.pbs,/eagle/lc-mpi/Zhiqing/polaris_ebm/runs_long_k_scaling/runs/L2/L2_ddp_fullk_K400_s500k_seed1,immediate auto resume from latest known checkpoint
L2_ddp_fullk_K400_s500k_seed2,7164337.polaris-pbs-01.hsn.cm.polaris.alcf.anl.gov,/eagle/lc-mpi/Zhiqing/polaris_ebm/runs_long_k_scaling/runs/L2/L2_ddp_fullk_K400_s500k_seed2/checkpoints/ckpt_step404999.pt,2026-05-21T21:48:19.668278+00:00,/eagle/lc-mpi/Zhiqing/polaris_ebm/runs_long_k_scaling/pbs/L2_ddp_fullk_K400_s500k_seed2.pbs,/eagle/lc-mpi/Zhiqing/polaris_ebm/runs_long_k_scaling/runs/L2/L2_ddp_fullk_K400_s500k_seed2,immediate auto resume from latest known checkpoint
L2_ddp_fullk_K400_s500k_seed3,7164338.polaris-pbs-01.hsn.cm.polaris.alcf.anl.gov,/eagle/lc-mpi/Zhiqing/polaris_ebm/runs_long_k_scaling/runs/L2/L2_ddp_fullk_K400_s500k_seed3/checkpoints/ckpt_step99999.pt,2026-05-21T21:48:20.035651+00:00,/eagle/lc-mpi/Zhiqing/polaris_ebm/runs_long_k_scaling/pbs/L2_ddp_fullk_K400_s500k_seed3.pbs,/eagle/lc-mpi/Zhiqing/polaris_ebm/runs_long_k_scaling/runs/L2/L2_ddp_fullk_K400_s500k_seed3,immediate auto resume from latest known checkpoint
L1_ddp_fullk_K400_s300k_seed1,7167815.polaris-pbs-01.hsn.cm.polaris.alcf.anl.gov,/eagle/lc-mpi/Zhiqing/polaris_ebm/runs_long_k_scaling/runs/L1/L1_ddp_fullk_K400_s300k_seed1/checkpoints/ckpt_step254999.pt,2026-05-24T12:36:17.622548+00:00,/eagle/lc-mpi/Zhiqing/polaris_ebm/runs_long_k_scaling/pbs/L1_ddp_fullk_K400_s300k_seed1.pbs,/eagle/lc-mpi/Zhiqing/polaris_ebm/runs_long_k_scaling/runs/L1/L1_ddp_fullk_K400_s300k_seed1,immediate auto resume from latest known checkpoint
L2_ddp_fullk_K400_s500k_seed1,7167915.polaris-pbs-01.hsn.cm.polaris.alcf.anl.gov,/eagle/lc-mpi/Zhiqing/polaris_ebm/runs_long_k_scaling/runs/L2/L2_ddp_fullk_K400_s500k_seed1/checkpoints/ckpt_step494999.pt,2026-05-24T13:36:20.166600+00:00,/eagle/lc-mpi/Zhiqing/polaris_ebm/runs_long_k_scaling/pbs/L2_ddp_fullk_K400_s500k_seed1.pbs,/eagle/lc-mpi/Zhiqing/polaris_ebm/runs_long_k_scaling/runs/L2/L2_ddp_fullk_K400_s500k_seed1,immediate auto resume from latest known checkpoint
L2_ddp_fullk_K400_s500k_seed2,7167984.polaris-pbs-01.hsn.cm.polaris.alcf.anl.gov,/eagle/lc-mpi/Zhiqing/polaris_ebm/runs_long_k_scaling/runs/L2/L2_ddp_fullk_K400_s500k_seed2/checkpoints/ckpt_step489999.pt,2026-05-24T14:15:13.273718+00:00,/eagle/lc-mpi/Zhiqing/polaris_ebm/runs_long_k_scaling/pbs/L2_ddp_fullk_K400_s500k_seed2.pbs,/eagle/lc-mpi/Zhiqing/polaris_ebm/runs_long_k_scaling/runs/L2/L2_ddp_fullk_K400_s500k_seed2,immediate auto resume from latest known checkpoint
L2_ddp_fullk_K400_s500k_seed3,7168103.polaris-pbs-01.hsn.cm.polaris.alcf.anl.gov,/eagle/lc-mpi/Zhiqing/polaris_ebm/runs_long_k_scaling/runs/L2/L2_ddp_fullk_K400_s500k_seed3/checkpoints/ckpt_step179999.pt,2026-05-24T15:21:24.051707+00:00,/eagle/lc-mpi/Zhiqing/polaris_ebm/runs_long_k_scaling/pbs/L2_ddp_fullk_K400_s500k_seed3.pbs,/eagle/lc-mpi/Zhiqing/polaris_ebm/runs_long_k_scaling/runs/L2/L2_ddp_fullk_K400_s500k_seed3,immediate auto resume from latest known checkpoint
L2_ddp_fullk_K400_s500k_seed3,7171569.polaris-pbs-01.hsn.cm.polaris.alcf.anl.gov,/eagle/lc-mpi/Zhiqing/polaris_ebm/runs_long_k_scaling/runs/L2/L2_ddp_fullk_K400_s500k_seed3/checkpoints/ckpt_step219999.pt,2026-05-26T03:37:50.127624+00:00,/eagle/lc-mpi/Zhiqing/polaris_ebm/runs_long_k_scaling/pbs/L2_ddp_fullk_K400_s500k_seed3.pbs,/eagle/lc-mpi/Zhiqing/polaris_ebm/runs_long_k_scaling/runs/L2/L2_ddp_fullk_K400_s500k_seed3,immediate auto resume from latest known checkpoint
L2_ddp_fullk_K400_s500k_seed3,7171657.polaris-pbs-01.hsn.cm.polaris.alcf.anl.gov,/eagle/lc-mpi/Zhiqing/polaris_ebm/runs_long_k_scaling/runs/L2/L2_ddp_fullk_K400_s500k_seed3/checkpoints/ckpt_step219999.pt,2026-05-26T04:52:38.715793+00:00,/eagle/lc-mpi/Zhiqing/polaris_ebm/runs_long_k_scaling/pbs/L2_ddp_fullk_K400_s500k_seed3.pbs,/eagle/lc-mpi/Zhiqing/polaris_ebm/runs_long_k_scaling/runs/L2/L2_ddp_fullk_K400_s500k_seed3,immediate auto resume from latest known checkpoint
L2_ddp_fullk_K400_s500k_seed3,7172258.polaris-pbs-01.hsn.cm.polaris.alcf.anl.gov,/eagle/lc-mpi/Zhiqing/polaris_ebm/runs_long_k_scaling/runs/L2/L2_ddp_fullk_K400_s500k_seed3/checkpoints/ckpt_step244999.pt,2026-05-26T18:38:24.754965+00:00,/eagle/lc-mpi/Zhiqing/polaris_ebm/runs_long_k_scaling/pbs/L2_ddp_fullk_K400_s500k_seed3.pbs,/eagle/lc-mpi/Zhiqing/polaris_ebm/runs_long_k_scaling/runs/L2/L2_ddp_fullk_K400_s500k_seed3,immediate auto resume from latest known checkpoint
L2_ddp_fullk_K400_s500k_seed3,7172501.polaris-pbs-01.hsn.cm.polaris.alcf.anl.gov,/eagle/lc-mpi/Zhiqing/polaris_ebm/runs_long_k_scaling/runs/L2/L2_ddp_fullk_K400_s500k_seed3/checkpoints/ckpt_step244999.pt,2026-05-26T22:27:30.702633+00:00,/eagle/lc-mpi/Zhiqing/polaris_ebm/runs_long_k_scaling/pbs/L2_ddp_fullk_K400_s500k_seed3.pbs,/eagle/lc-mpi/Zhiqing/polaris_ebm/runs_long_k_scaling/runs/L2/L2_ddp_fullk_K400_s500k_seed3,immediate auto resume from latest known checkpoint
L2_ddp_fullk_K400_s500k_seed3,7172597.polaris-pbs-01.hsn.cm.polaris.alcf.anl.gov,/eagle/lc-mpi/Zhiqing/polaris_ebm/runs_long_k_scaling/runs/L2/L2_ddp_fullk_K400_s500k_seed3/checkpoints/ckpt_step244999.pt,2026-05-26T23:51:48.619391+00:00,/eagle/lc-mpi/Zhiqing/polaris_ebm/runs_long_k_scaling/pbs/L2_ddp_fullk_K400_s500k_seed3.pbs,/eagle/lc-mpi/Zhiqing/polaris_ebm/runs_long_k_scaling/runs/L2/L2_ddp_fullk_K400_s500k_seed3,immediate auto resume from latest known checkpoint
L2_ddp_fullk_K400_s500k_seed3,7172617.polaris-pbs-01.hsn.cm.polaris.alcf.anl.gov,/eagle/lc-mpi/Zhiqing/polaris_ebm/runs_long_k_scaling/runs/L2/L2_ddp_fullk_K400_s500k_seed3/checkpoints/ckpt_step244999.pt,2026-05-27T00:09:39.423216+00:00,/eagle/lc-mpi/Zhiqing/polaris_ebm/runs_long_k_scaling/pbs/L2_ddp_fullk_K400_s500k_seed3.pbs,/eagle/lc-mpi/Zhiqing/polaris_ebm/runs_long_k_scaling/runs/L2/L2_ddp_fullk_K400_s500k_seed3,immediate auto resume from latest known checkpoint
